site,file_offset,target,access,width,data_register,ida_function
0x001001B8,0x0012E1B8,0xA8037F8E,load,1,10,0x0010018C:sub_10018C
0x001001D4,0x0012E1D4,0xA8037F8E,load,1,13,0x0010018C:sub_10018C
0x001001F0,0x0012E1F0,0xA8037F8E,load,1,10,0x0010018C:sub_10018C
0x00100274,0x0012E274,0xA8036801,store,1,12,0x00100234:sub_100234
0x00100280,0x0012E280,0xA8036870,store,1,12,0x00100234:sub_100234
0x00100284,0x0012E284,0xA8036864,load,1,8,0x00100234:sub_100234
0x00100290,0x0012E290,0xA8036864,store,1,1,0x00100234:sub_100234
0x001002A0,0x0012E2A0,0xA8036864,load,1,9,0x00100234:sub_100234
0x001002B8,0x0012E2B8,0xA8036864,load,1,12,0x00100234:sub_100234
0x001002C0,0x0012E2C0,0xA8036864,store,1,1,0x00100234:sub_100234
0x001002D4,0x0012E2D4,0xA8036860,load,1,13,0x001002CC:sub_1002CC
0x00100304,0x0012E304,0xA8036866,load,1,1,0x001002CC:sub_1002CC
0x00100324,0x0012E324,0xA8036866,store,1,8,0x001002CC:sub_1002CC
0x001003A8,0x0012E3A8,0xA8036867,load,1,13,0x001002CC:sub_1002CC
0x00100404,0x0012E404,0xA8036872,store,1,0,0x001002CC:sub_1002CC
0x00100468,0x0012E468,0xA8036864,load,1,17,0x001002CC:sub_1002CC
0x001004B8,0x0012E4B8,0xA8037F68,load,4,15,0x001002CC:sub_1002CC
0x0010051C,0x0012E51C,0xA8037EF9,load,1,13,0x001002CC:sub_1002CC
0x0010052C,0x0012E52C,0xA8037EF9,store,1,12,0x001002CC:sub_1002CC
0x001005C8,0x0012E5C8,0xA8036864,load,1,8,0x001002CC:sub_1002CC
0x001005D0,0x0012E5D0,0xA8036864,store,1,1,0x001002CC:sub_1002CC
0x00100708,0x0012E708,0xA8036862,load,2,20,0x001002CC:sub_1002CC
0x00100710,0x0012E710,0xA8036862,load,2,16,0x001002CC:sub_1002CC
0x00100718,0x0012E718,0xA8036862,store,2,1,0x001002CC:sub_1002CC
0x00100720,0x0012E720,0xA8036862,load,2,13,0x001002CC:sub_1002CC
0x0010072C,0x0012E72C,0xA8036862,store,2,18,0x001002CC:sub_1002CC
0x00100788,0x0012E788,0xA8037F8E,load,1,27,0x001002CC:sub_1002CC
0x00100860,0x0012E860,0xA8037F8E,load,1,10,0x001002CC:sub_1002CC
0x001008FC,0x0012E8FC,0xA8037F8E,load,1,15,0x001002CC:sub_1002CC
0x001009B4,0x0012E9B4,0xA8037F8E,load,1,10,0x001002CC:sub_1002CC
0x00100A90,0x0012EA90,0xA8037F8E,load,1,10,0x001002CC:sub_1002CC
0x00100B88,0x0012EB88,0xA8037F8E,load,1,1,0x001002CC:sub_1002CC
0x00100C60,0x0012EC60,0xA8037F8E,load,1,10,0x001002CC:sub_1002CC
0x00100E64,0x0012EE64,0xA8037F8E,load,1,9,0x001002CC:sub_1002CC
0x00100EFC,0x0012EEFC,0xA8036862,load,2,13,0x001002CC:sub_1002CC
0x00100F0C,0x0012EF0C,0xA8036862,store,2,15,0x001002CC:sub_1002CC
0x00100F14,0x0012EF14,0xA8036864,load,1,15,0x001002CC:sub_1002CC
0x00100F1C,0x0012EF1C,0xA8036864,store,1,10,0x001002CC:sub_1002CC
0x00100FF0,0x0012EFF0,0xA8036864,load,1,20,0x001002CC:sub_1002CC
0x00100FF8,0x0012EFF8,0xA8036864,store,1,18,0x001002CC:sub_1002CC
0x00101044,0x0012F044,0xA8037F8E,load,1,24,0x001002CC:sub_1002CC
0x00101230,0x0012F230,0xA8036864,load,1,11,0x001002CC:sub_1002CC
0x00101238,0x0012F238,0xA8036864,store,1,23,0x001002CC:sub_1002CC
0x001012E8,0x0012F2E8,0xA8036864,store,1,0,0x001002CC:sub_1002CC
0x001013D4,0x0012F3D4,0xA8036860,load,1,1,
0x001013EC,0x0012F3EC,0xA8037FC0,load,4,13,
0x00101404,0x0012F404,0xA8034000,store,1,11,
0x00101408,0x0012F408,0xA8034001,store,1,11,
0x0010140C,0x0012F40C,0xA8034003,store,1,11,
0x00101410,0x0012F410,0xA8034002,store,1,11,
0x0010148C,0x0012F48C,0xA8036860,load,1,1,
0x001014A0,0x0012F4A0,0xA8036860,load,1,9,
0x001014AC,0x0012F4AC,0xA8036860,store,1,8,
0x001014F4,0x0012F4F4,0xA8037FC0,load,4,16,
0x00101514,0x0012F514,0xA8034000,store,1,9,
0x00101518,0x0012F518,0xA8034001,store,1,9,
0x0010151C,0x0012F51C,0xA8034003,store,1,9,
0x00101520,0x0012F520,0xA8034002,store,1,9,
0x001016B0,0x0012F6B0,0xA8037F8E,load,1,13,0x00101538:sub_101538
0x001016C8,0x0012F6C8,0xA8037F8F,store,1,8,0x00101538:sub_101538
0x001016DC,0x0012F6DC,0xA8036865,load,1,9,0x00101538:sub_101538
0x001016E8,0x0012F6E8,0xA8036865,store,1,1,0x00101538:sub_101538
0x001016F0,0x0012F6F0,0xA8037F68,load,4,13,0x00101538:sub_101538
0x00101708,0x0012F708,0xA8037F68,store,4,8,0x00101538:sub_101538
0x00101734,0x0012F734,0xA8036865,load,1,24,0x00101538:sub_101538
0x00101740,0x0012F740,0xA8036865,store,1,1,0x00101538:sub_101538
0x00101750,0x0012F750,0xA8037F8D,load,1,8,0x00101538:sub_101538
0x0010177C,0x0012F77C,0xA8037F8D,store,1,8,0x00101538:sub_101538
0x00101798,0x0012F798,0xA8036865,load,1,10,0x00101538:sub_101538
0x001017A4,0x0012F7A4,0xA8036865,store,1,1,0x00101538:sub_101538
0x001017B4,0x0012F7B4,0xA8036862,load,2,25,0x00101538:sub_101538
0x001017C0,0x0012F7C0,0xA8036862,store,2,13,0x00101538:sub_101538
0x001017E0,0x0012F7E0,0xA8036862,load,2,11,0x00101538:sub_101538
0x001017EC,0x0012F7EC,0xA8036862,store,2,1,0x00101538:sub_101538
0x001017FC,0x0012F7FC,0xA8036862,load,2,10,0x00101538:sub_101538
0x00101808,0x0012F808,0xA8036862,store,2,1,0x00101538:sub_101538
0x00101818,0x0012F818,0xA8036862,load,2,1,0x00101538:sub_101538
0x00101824,0x0012F824,0xA8036862,store,2,1,0x00101538:sub_101538
0x0010182C,0x0012F82C,0xA8037F68,load,4,13,0x00101538:sub_101538
0x00101848,0x0012F848,0xA8037F68,store,4,1,0x00101538:sub_101538
0x00101864,0x0012F864,0xA8036865,load,1,11,0x00101538:sub_101538
0x00101870,0x0012F870,0xA8036865,store,1,1,0x00101538:sub_101538
0x001018B0,0x0012F8B0,0xA8037EF9,load,1,9,0x00101538:sub_101538
0x001018EC,0x0012F8EC,0xA8037EF9,load,1,24,0x00101538:sub_101538
0x0010195C,0x0012F95C,0xA8037F68,load,4,10,0x00101538:sub_101538
0x001019AC,0x0012F9AC,0xA8036862,load,2,24,0x00101538:sub_101538
0x001019B8,0x0012F9B8,0xA8036862,store,2,1,0x00101538:sub_101538
0x001019C0,0x0012F9C0,0xA8036862,load,2,11,0x00101538:sub_101538
0x001019D4,0x0012F9D4,0xA8037F8E,load,1,13,0x00101538:sub_101538
0x00101A14,0x0012FA14,0xA8036862,load,2,13,0x00101538:sub_101538
0x00101A24,0x0012FA24,0xA8036862,store,2,9,0x00101538:sub_101538
0x00101A2C,0x0012FA2C,0xA8036862,load,2,13,0x00101538:sub_101538
0x00101A3C,0x0012FA3C,0xA8036862,store,2,9,0x00101538:sub_101538
0x00101A44,0x0012FA44,0xA8036862,load,2,8,0x00101538:sub_101538
0x00101A50,0x0012FA50,0xA8036862,store,2,1,0x00101538:sub_101538
0x00101A58,0x0012FA58,0xA8036862,load,2,25,0x00101538:sub_101538
0x00101A64,0x0012FA64,0xA8036862,store,2,1,0x00101538:sub_101538
0x00101A6C,0x0012FA6C,0xA8036862,load,2,15,0x00101538:sub_101538
0x00101A78,0x0012FA78,0xA8036862,store,2,1,0x00101538:sub_101538
0x00101A80,0x0012FA80,0xA8037EF9,load,1,11,0x00101538:sub_101538
0x00101AAC,0x0012FAAC,0xA8037F91,store,1,8,0x00101538:sub_101538
0x00101AB4,0x0012FAB4,0xA8036862,load,2,11,0x00101538:sub_101538
0x00101AC0,0x0012FAC0,0xA8036862,store,2,1,0x00101538:sub_101538
0x00101AC8,0x0012FAC8,0xA8036862,load,2,10,0x00101538:sub_101538
0x00101AD4,0x0012FAD4,0xA8036862,store,2,1,0x00101538:sub_101538
0x00101ADC,0x0012FADC,0xA8036862,load,2,11,0x00101538:sub_101538
0x00101AFC,0x0012FAFC,0xA8037F8E,load,1,15,0x00101538:sub_101538
0x00101B30,0x0012FB30,0xA8036862,load,2,24,0x00101538:sub_101538
0x00101B3C,0x0012FB3C,0xA8036862,store,2,1,0x00101538:sub_101538
0x00101B44,0x0012FB44,0xA8037EF9,load,1,11,0x00101538:sub_101538
0x00101B68,0x0012FB68,0xA8037F8D,store,1,8,0x00101538:sub_101538
0x00101B80,0x0012FB80,0xA8037F90,store,1,8,0x00101538:sub_101538
0x00101C3C,0x0012FC3C,0xA8036860,load,1,1,0x00101C1C:sub_101C1C
0x00101C50,0x0012FC50,0xA8036862,load,2,1,0x00101C1C:sub_101C1C
0x00101C70,0x0012FC70,0xA8037F68,load,4,16,0x00101C1C:sub_101C1C
0x00101CCC,0x0012FCCC,0xA803686C,store,1,0,0x00101C1C:sub_101C1C
0x00101D28,0x0012FD28,0xA8036865,load,1,1,0x00101C1C:sub_101C1C
0x00101D60,0x0012FD60,0xA8036865,store,1,0,0x00101C1C:sub_101C1C
0x00101DE4,0x0012FDE4,0xA803686D,load,1,10,0x00101C1C:sub_101C1C
0x00101E10,0x0012FE10,0xA803686D,load,1,13,0x00101C1C:sub_101C1C
0x00101E1C,0x0012FE1C,0xA803686D,store,1,11,0x00101C1C:sub_101C1C
0x00101E78,0x0012FE78,0xA8036862,load,2,8,0x00101E74:sub_101E74
0x00101E90,0x0012FE90,0xA8036862,load,2,8,0x00101E8C:sub_101E8C
0x00101EA4,0x0012FEA4,0xA8036860,load,1,8,0x00101EA0:sub_101EA0
0x00101EBC,0x0012FEBC,0xA8037FA8,load,1,13,0x00101EB0:sub_101EB0
0x00101EC0,0x0012FEC0,0xA8037FA6,load,1,18,0x00101EB0:sub_101EB0
0x00102024,0x00130024,0xA8037FA8,load,1,13,0x00102018:sub_102018
0x0010202C,0x0013002C,0xA8037FA6,load,1,15,0x00102018:sub_102018
0x00102048,0x00130048,0xA8037FA7,load,1,18,0x00102018:sub_102018
0x00102164,0x00130164,0xA803A410,load,4,11,0x00102154:sub_102154
0x001023E8,0x001303E8,0xA803A410,load,4,11,
0x0010257C,0x0013057C,0xA8037F68,load,4,1,0x0010251C:sub_10251C
0x0010259C,0x0013059C,0xA8037F8E,load,1,13,0x0010251C:sub_10251C
0x001025C0,0x001305C0,0xA8037FBB,load,1,13,0x0010251C:sub_10251C
0x001028B4,0x001308B4,0xA8037F74,load,1,13,0x00102854:sub_102854
0x001028C8,0x001308C8,0xA8037F8E,load,1,11,0x00102854:sub_102854
0x00102900,0x00130900,0xA8037F8E,load,1,16,0x00102854:sub_102854
0x00102960,0x00130960,0xA803A410,load,4,11,0x0010294C:sub_10294C
0x001029AC,0x001309AC,0xA803B21E,load,1,24,0x0010294C:sub_10294C
0x001029E8,0x001309E8,0xA803B21E,load,1,9,0x0010294C:sub_10294C
0x00102A08,0x00130A08,0xA8037D2C,load,4,9,0x0010294C:sub_10294C
0x00102A8C,0x00130A8C,0xA8037D2C,load,4,9,0x0010294C:sub_10294C
0x00102BD0,0x00130BD0,0xA8037F74,load,1,19,0x0010294C:sub_10294C
0x00102BE4,0x00130BE4,0xA8037FA4,load,4,1,0x0010294C:sub_10294C
0x00102BF8,0x00130BF8,0xA8037F8E,load,1,13,0x0010294C:sub_10294C
0x00102CB4,0x00130CB4,0xA803A410,load,4,11,0x00102CA0:sub_102CA0
0x00102E6C,0x00130E6C,0xA8037F74,load,1,24,0x00102CA0:sub_102CA0
0x00102E80,0x00130E80,0xA8037FA4,load,4,13,0x00102CA0:sub_102CA0
0x00102E94,0x00130E94,0xA8037F8E,load,1,10,0x00102CA0:sub_102CA0
0x00102F3C,0x00130F3C,0xA8036878,load,2,9,0x00102F2C:sub_102F2C
0x00102F44,0x00130F44,0xA8036878,store,2,8,0x00102F2C:sub_102F2C
0x00102FC8,0x00130FC8,0xA8036878,load,2,9,0x00102FB8:sub_102FB8
0x00102FD0,0x00130FD0,0xA8036878,store,2,8,0x00102FB8:sub_102FB8
0x00103190,0x00131190,0xA8037F68,load,4,12,0x00103064:sub_103064
0x00103270,0x00131270,0xA8037F8D,store,1,8,0x00103064:sub_103064
0x00103328,0x00131328,0xA8037EF8,load,1,9,0x00103310:sub_103310
0x00103334,0x00131334,0xA8037EF8,store,1,1,0x00103310:sub_103310
0x00103340,0x00131340,0xA8037EF9,store,1,0,0x00103310:sub_103310
0x001035E8,0x001315E8,0xA8037EF8,load,1,8,0x001035D0:sub_1035D0
0x001035F4,0x001315F4,0xA803B21E,load,1,10,0x001035D0:sub_1035D0
0x001035FC,0x001315FC,0xA8037EF8,store,1,13,0x001035D0:sub_1035D0
0x00103600,0x00131600,0xA8037EF9,store,1,0,0x001035D0:sub_1035D0
0x00103680,0x00131680,0xA8037D2C,load,4,9,0x001035D0:sub_1035D0
0x001038E8,0x001318E8,0xA8037F70,load,4,13,0x00103894:sub_103894
0x001038F8,0x001318F8,0xA8037F70,store,4,0,0x00103894:sub_103894
0x00103C98,0x00131C98,0xA8037F76,load,1,13,0x00103B8C:sub_103B8C
0x00103CEC,0x00131CEC,0xA8036893,load,1,8,0x00103B8C:sub_103B8C
0x00103CF4,0x00131CF4,0xA8036893,store,1,13,0x00103B8C:sub_103B8C
0x00103D04,0x00131D04,0xA8036893,load,1,8,0x00103D00:sub_103D00
0x00103D10,0x00131D10,0xA8036893,store,1,13,0x00103D00:sub_103D00
0x00103D20,0x00131D20,0xA8036893,load,1,8,0x00103D1C:sub_103D1C
0x00103D2C,0x00131D2C,0xA8036893,store,1,13,0x00103D1C:sub_103D1C
0x00103D3C,0x00131D3C,0xA8036893,load,1,8,0x00103D38:sub_103D38
0x00103D48,0x00131D48,0xA8036893,store,1,13,0x00103D38:sub_103D38
0x00103D58,0x00131D58,0xA8036893,load,1,8,0x00103D54:sub_103D54
0x00103D64,0x00131D64,0xA8036893,store,1,13,0x00103D54:sub_103D54
0x00103D74,0x00131D74,0xA8036893,load,1,8,0x00103D70:sub_103D70
0x00103D80,0x00131D80,0xA8036893,store,1,13,0x00103D70:sub_103D70
0x00103D90,0x00131D90,0xA8036893,load,1,8,0x00103D8C:sub_103D8C
0x00103D9C,0x00131D9C,0xA8036893,store,1,13,0x00103D8C:sub_103D8C
0x00103F0C,0x00131F0C,0xA8036894,store,1,16,0x00103DBC:sub_103DBC
0x00103F20,0x00131F20,0xA8036894,load,1,1,0x00103DBC:sub_103DBC
0x00104058,0x00132058,0xA8036894,store,1,20,0x00103DBC:sub_103DBC
0x00104074,0x00132074,0xA8036894,load,1,23,0x00103DBC:sub_103DBC
0x00104234,0x00132234,0xA8036894,store,1,12,0x00103DBC:sub_103DBC
0x00104250,0x00132250,0xA8036894,load,1,17,0x00103DBC:sub_103DBC
0x00104268,0x00132268,0xA8036894,store,1,20,0x00103DBC:sub_103DBC
0x001042D8,0x001322D8,0xA8036894,store,1,21,0x00103DBC:sub_103DBC
0x001042EC,0x001322EC,0xA8036894,load,1,9,0x00103DBC:sub_103DBC
0x00104304,0x00132304,0xA8036894,store,1,13,0x00103DBC:sub_103DBC
0x001043E0,0x001323E0,0xA8036894,store,1,16,0x00103DBC:sub_103DBC
0x001043F4,0x001323F4,0xA8036894,load,1,8,0x00103DBC:sub_103DBC
0x0010440C,0x0013240C,0xA8036894,store,1,13,0x00103DBC:sub_103DBC
0x00104770,0x00132770,0xA8036899,load,1,12,0x00104728:sub_104728
0x001047A4,0x001327A4,0xA8036899,store,1,8,0x00104728:sub_104728
0x001047A8,0x001327A8,0xA8036899,store,1,11,0x00104728:sub_104728
0x001047C0,0x001327C0,0xA8036898,store,1,0,0x001047B4:sub_1047B4
0x001047C8,0x001327C8,0xA8036899,store,1,0,0x001047B4:sub_1047B4
0x001047E4,0x001327E4,0xA8036899,load,1,1,0x001047B4:sub_1047B4
0x001047F0,0x001327F0,0xA8036898,load,1,8,0x001047B4:sub_1047B4
0x001048F0,0x001328F0,0xA80368D0,load,2,8,0x00104884:sub_104884
0x00104900,0x00132900,0xA80368D2,load,1,13,0x00104884:sub_104884
0x00104914,0x00132914,0xA80368D0,store,2,8,0x00104884:sub_104884
0x00104928,0x00132928,0xA80368D4,load,4,11,0x00104884:sub_104884
0x00104934,0x00132934,0xA80368D2,store,1,0,0x00104884:sub_104884
0x00104938,0x00132938,0xA80368D2,store,1,17,0x00104884:sub_104884
0x001049E4,0x001329E4,0xA80368CA,load,2,16,0x00104884:sub_104884
0x001049FC,0x001329FC,0xA80368D4,store,4,12,0x00104884:sub_104884
0x00104A0C,0x00132A0C,0xA80368C8,load,2,18,0x00104884:sub_104884
0x00104A30,0x00132A30,0xA80368B0,load,2,8,0x00104884:sub_104884
0x00104A64,0x00132A64,0xA80368CE,store,2,0,0x00104884:sub_104884
0x00104ACC,0x00132ACC,0xA80368CE,load,2,8,0x00104884:sub_104884
0x00104AD8,0x00132AD8,0xA80368D4,load,4,1,0x00104884:sub_104884
0x00104AF8,0x00132AF8,0xA80368CE,store,2,0,0x00104884:sub_104884
0x00104AFC,0x00132AFC,0xA80368D4,store,4,0,0x00104884:sub_104884
0x00104B38,0x00132B38,0xA8034008,load,2,12,0x00104884:sub_104884
0x00104B3C,0x00132B3C,0xA803400E,store,2,12,0x00104884:sub_104884
0x00104B4C,0x00132B4C,0xA803400C,load,2,11,0x00104884:sub_104884
0x00104B58,0x00132B58,0xA803400E,store,2,11,0x00104884:sub_104884
0x00104B68,0x00132B68,0xA80340CE,load,2,18,0x00104884:sub_104884
0x00104B88,0x00132B88,0xA803400E,load,2,15,0x00104884:sub_104884
0x00104BAC,0x00132BAC,0xA803400E,load,2,16,0x00104884:sub_104884
0x00104C34,0x00132C34,0xA803400E,load,2,15,0x00104884:sub_104884
0x00104C48,0x00132C48,0xA803400A,load,2,11,0x00104884:sub_104884
0x00104C4C,0x00132C4C,0xA803400E,store,2,11,0x00104884:sub_104884
0x00104CF0,0x00132CF0,0xA80368CC,load,2,25,0x00104C60:sub_104C60
0x00104CFC,0x00132CFC,0xA80368CC,store,2,29,0x00104C60:sub_104C60
0x00104D14,0x00132D14,0xA80368CC,store,2,0,0x00104C60:sub_104C60
0x00104D34,0x00132D34,0xA80368CC,store,2,29,0x00104C60:sub_104C60
0x00104DD0,0x00132DD0,0xA80368CA,load,2,25,0x00104D40:sub_104D40
0x00104DDC,0x00132DDC,0xA80368CA,store,2,29,0x00104D40:sub_104D40
0x00104DF4,0x00132DF4,0xA80368CA,store,2,0,0x00104D40:sub_104D40
0x00104E14,0x00132E14,0xA80368CA,store,2,29,0x00104D40:sub_104D40
0x00104EB4,0x00132EB4,0xA80368C8,load,2,12,0x00104E20:sub_104E20
0x00104EC0,0x00132EC0,0xA80368C8,store,2,13,0x00104E20:sub_104E20
0x00104ED4,0x00132ED4,0xA80368C8,store,2,0,0x00104E20:sub_104E20
0x00104EE4,0x00132EE4,0xA80368C8,load,2,10,0x00104E20:sub_104E20
0x00104F88,0x00132F88,0xA80368B0,load,2,25,0x00104EF8:sub_104EF8
0x00104F94,0x00132F94,0xA80368B0,store,2,29,0x00104EF8:sub_104EF8
0x00104FAC,0x00132FAC,0xA80368B0,store,2,0,0x00104EF8:sub_104EF8
0x00104FCC,0x00132FCC,0xA80368B0,store,2,29,0x00104EF8:sub_104EF8
0x00104FE0,0x00132FE0,0xA803400C,store,2,8,0x00104FD8:sub_104FD8
0x00104FEC,0x00132FEC,0xA803400A,store,2,8,0x00104FE4:sub_104FE4
0x00104FF8,0x00132FF8,0xA8034008,store,2,8,0x00104FF0:sub_104FF0
0x001050FC,0x001330FC,0xA80368DA,store,2,0,0x001050A4:sub_1050A4
0x00105104,0x00133104,0xA80368DC,store,2,0,0x001050A4:sub_1050A4
0x00105118,0x00133118,0xA80368DE,store,2,26,0x001050A4:sub_1050A4
0x00105164,0x00133164,0xA80368DC,load,2,16,0x001050A4:sub_1050A4
0x0010517C,0x0013317C,0xA80368DC,store,2,11,0x001050A4:sub_1050A4
0x00105200,0x00133200,0xA80368DA,load,2,1,0x001050A4:sub_1050A4
0x00105214,0x00133214,0xA80368DA,store,2,15,0x001050A4:sub_1050A4
0x00105218,0x00133218,0xA80368D8,store,2,13,0x001050A4:sub_1050A4
0x0010529C,0x0013329C,0xA8034010,load,1,8,0x00105238:sub_105238
0x00105434,0x00133434,0xA80368E6,store,2,8,0x0010542C:sub_10542C
0x00105440,0x00133440,0xA80368E0,load,4,1,0x00105438:sub_105438
0x00105470,0x00133470,0xA80368E0,store,4,0,0x00105438:sub_105438
0x00105498,0x00133498,0xA8037F8D,store,1,8,0x00105438:sub_105438
0x001054AC,0x001334AC,0xA8037F8F,store,1,8,0x00105438:sub_105438
0x001054D0,0x001334D0,0xA8037F90,store,1,8,0x00105438:sub_105438
0x001054E8,0x001334E8,0xA8037F91,store,1,8,0x00105438:sub_105438
0x00105558,0x00133558,0xA8037EF9,load,1,16,0x00105500:sub_105500
0x001055B0,0x001335B0,0xA80368E0,load,4,11,0x00105500:sub_105500
0x001055D4,0x001335D4,0xA80368E4,store,2,8,0x00105500:sub_105500
0x00105640,0x00133640,0xA80368E0,load,4,25,0x00105500:sub_105500
0x001056D0,0x001336D0,0xA80368E0,store,4,13,0x001056B8:sub_1056B8
0x001056F8,0x001336F8,0xA80368E0,store,4,0,0x001056B8:sub_1056B8
0x0010572C,0x0013372C,0xA80368E0,load,4,1,0x00105724:sub_105724
0x0010573C,0x0013373C,0xA80368E2,load,2,11,0x00105724:sub_105724
0x0010574C,0x0013374C,0xA80368E0,store,4,10,0x00105724:sub_105724
0x0010575C,0x0013375C,0xA80368E2,load,2,11,0x00105724:sub_105724
0x00105760,0x00133760,0xA80368E0,load,4,12,0x00105724:sub_105724
0x00105780,0x00133780,0xA80368E0,load,4,1,0x00105724:sub_105724
0x00105790,0x00133790,0xA80368E2,load,2,12,0x00105724:sub_105724
0x001057A4,0x001337A4,0xA80368E0,store,4,10,0x00105724:sub_105724
0x001057B4,0x001337B4,0xA80368E2,load,2,12,0x00105724:sub_105724
0x001057B8,0x001337B8,0xA80368E0,load,4,13,0x00105724:sub_105724
0x001057D8,0x001337D8,0xA80368E0,store,4,13,0x00105724:sub_105724
0x001057F8,0x001337F8,0xA80368E0,store,4,13,0x00105724:sub_105724
0x00105818,0x00133818,0xA80368E0,load,4,1,0x00105724:sub_105724
0x00105828,0x00133828,0xA80368E2,load,2,8,0x00105724:sub_105724
0x00105848,0x00133848,0xA80368E0,store,4,13,0x00105724:sub_105724
0x00105884,0x00133884,0xA80368E0,load,4,1,0x00105724:sub_105724
0x00105894,0x00133894,0xA80368E2,load,2,8,0x00105724:sub_105724
0x001058B4,0x001338B4,0xA80368E0,store,4,13,0x00105724:sub_105724
0x001058F0,0x001338F0,0xA80368E0,store,4,13,0x00105724:sub_105724
0x00105910,0x00133910,0xA80368E0,store,4,13,0x00105724:sub_105724
0x00105930,0x00133930,0xA80368E0,load,4,1,0x00105724:sub_105724
0x00105940,0x00133940,0xA80368E2,load,2,8,0x00105724:sub_105724
0x00105960,0x00133960,0xA80368E0,store,4,13,0x00105724:sub_105724
0x0010599C,0x0013399C,0xA80368E0,load,4,1,0x00105724:sub_105724
0x001059AC,0x001339AC,0xA80368E2,load,2,8,0x00105724:sub_105724
0x001059CC,0x001339CC,0xA80368E0,store,4,13,0x00105724:sub_105724
0x00105A08,0x00133A08,0xA80368E0,store,4,13,0x00105724:sub_105724
0x00105A28,0x00133A28,0xA80368E0,store,4,13,0x00105724:sub_105724
0x00105A48,0x00133A48,0xA80368E0,load,4,1,0x00105724:sub_105724
0x00105A58,0x00133A58,0xA80368E2,load,2,8,0x00105724:sub_105724
0x00105A78,0x00133A78,0xA80368E0,store,4,13,0x00105724:sub_105724
0x00105AB4,0x00133AB4,0xA80368E0,load,4,1,0x00105724:sub_105724
0x00105AC4,0x00133AC4,0xA80368E2,load,2,8,0x00105724:sub_105724
0x00105AE4,0x00133AE4,0xA80368E0,store,4,13,0x00105724:sub_105724
0x00105B20,0x00133B20,0xA80368E0,store,4,13,0x00105724:sub_105724
0x00105B40,0x00133B40,0xA80368E0,store,4,13,0x00105724:sub_105724
0x00105B60,0x00133B60,0xA80368E0,load,4,1,0x00105724:sub_105724
0x00105B70,0x00133B70,0xA80368E2,load,2,8,0x00105724:sub_105724
0x00105B90,0x00133B90,0xA80368E0,store,4,13,0x00105724:sub_105724
0x00105BCC,0x00133BCC,0xA80368E0,load,4,1,0x00105724:sub_105724
0x00105BDC,0x00133BDC,0xA80368E2,load,2,8,0x00105724:sub_105724
0x00105BFC,0x00133BFC,0xA80368E0,store,4,13,0x00105724:sub_105724
0x00105C38,0x00133C38,0xA80368E0,store,4,13,0x00105724:sub_105724
0x00105C58,0x00133C58,0xA80368E0,store,4,13,0x00105724:sub_105724
0x00105C78,0x00133C78,0xA80368E0,load,4,9,0x00105724:sub_105724
0x00105C90,0x00133C90,0xA80368E2,load,2,8,0x00105724:sub_105724
0x00105CFC,0x00133CFC,0xA80368E0,load,4,9,0x00105724:sub_105724
0x00105D14,0x00133D14,0xA80368E2,load,2,8,0x00105724:sub_105724
0x00105D84,0x00133D84,0xA80368E0,store,4,1,0x00105724:sub_105724
0x00105D98,0x00133D98,0xA80368E0,load,4,12,0x00105724:sub_105724
0x00105D9C,0x00133D9C,0xA80368E2,load,2,12,0x00105724:sub_105724
0x00105E00,0x00133E00,0xA80368E0,store,4,13,0x00105724:sub_105724
0x00105E20,0x00133E20,0xA80368E0,load,4,9,0x00105724:sub_105724
0x00105E38,0x00133E38,0xA80368E2,load,2,8,0x00105724:sub_105724
0x00105EA0,0x00133EA0,0xA80368E0,load,4,9,0x00105724:sub_105724
0x00105EB8,0x00133EB8,0xA80368E2,load,2,8,0x00105724:sub_105724
0x00105F20,0x00133F20,0xA80368E0,store,4,13,0x00105724:sub_105724
0x00105F44,0x00133F44,0xA80368E0,store,4,13,
0x00105F68,0x00133F68,0xA80368E0,store,4,13,
0x00105F84,0x00133F84,0xA80368E0,store,4,13,
0x00105FA8,0x00133FA8,0xA80368E0,store,4,13,
0x00105FC4,0x00133FC4,0xA80368E0,store,4,13,
0x00105FE8,0x00133FE8,0xA80368E0,store,4,13,
0x00106004,0x00134004,0xA80368E0,store,4,13,
0x00106028,0x00134028,0xA80368E0,store,4,13,
0x00106044,0x00134044,0xA80368E0,store,4,13,
0x00106068,0x00134068,0xA80368E0,store,4,13,
0x00106084,0x00134084,0xA80368E0,store,4,13,
0x001060A8,0x001340A8,0xA80368E0,store,4,13,
0x001060C4,0x001340C4,0xA80368E0,store,4,13,
0x001060E8,0x001340E8,0xA80368E0,store,4,13,
0x00106104,0x00134104,0xA80368E0,store,4,13,
0x00106128,0x00134128,0xA80368E0,store,4,13,
0x00106144,0x00134144,0xA80368E0,store,4,13,
0x00106168,0x00134168,0xA80368E0,store,4,13,
0x00106184,0x00134184,0xA80368E0,store,4,13,
0x001061A8,0x001341A8,0xA80368E0,store,4,13,
0x001061C4,0x001341C4,0xA80368E0,store,4,13,
0x001061E8,0x001341E8,0xA80368E0,store,4,13,
0x00106204,0x00134204,0xA80368E0,store,4,13,
0x00106228,0x00134228,0xA80368E0,store,4,13,
0x00106244,0x00134244,0xA80368E0,store,4,13,
0x00106268,0x00134268,0xA80368E0,store,4,13,
0x00106284,0x00134284,0xA80368E0,store,4,13,
0x001062A8,0x001342A8,0xA80368E0,store,4,13,
0x001062C4,0x001342C4,0xA80368E0,store,4,13,
0x001062E8,0x001342E8,0xA80368E0,store,4,13,
0x00106304,0x00134304,0xA80368E0,store,4,13,
0x00106328,0x00134328,0xA80368E0,store,4,13,
0x00106344,0x00134344,0xA80368E0,store,4,13,
0x00106368,0x00134368,0xA80368E0,store,4,13,
0x00106384,0x00134384,0xA80368E0,store,4,13,
0x001063A8,0x001343A8,0xA80368E0,store,4,13,
0x001063C4,0x001343C4,0xA80368E0,store,4,13,
0x001063E8,0x001343E8,0xA80368E0,store,4,13,
0x00106404,0x00134404,0xA80368E0,store,4,13,
0x00106428,0x00134428,0xA80368E0,store,4,13,
0x00106450,0x00134450,0xA80368E0,store,4,13,
0x00106468,0x00134468,0xA80368E0,store,4,13,
0x00106484,0x00134484,0xA80368E0,store,4,13,
0x001064A8,0x001344A8,0xA80368E0,store,4,13,
0x001064D8,0x001344D8,0xA8037F8D,store,1,8,
0x001064DC,0x001344DC,0xA80368E0,store,4,13,
0x00106504,0x00134504,0xA80368E0,store,4,13,
0x0010651C,0x0013451C,0xA80368E0,store,4,13,
0x00106538,0x00134538,0xA80368E0,store,4,13,
0x0010655C,0x0013455C,0xA80368E0,store,4,13,
0x00106578,0x00134578,0xA80368E0,store,4,13,
0x0010659C,0x0013459C,0xA80368E0,store,4,13,
0x001065B8,0x001345B8,0xA80368E0,store,4,13,
0x001065DC,0x001345DC,0xA80368E0,store,4,13,
0x00106604,0x00134604,0xA80368E0,store,4,13,
0x0010661C,0x0013461C,0xA80368E0,store,4,13,
0x00106644,0x00134644,0xA80368E0,store,4,13,
0x0010666C,0x0013466C,0xA80368E0,store,4,13,
0x00106694,0x00134694,0xA80368E0,store,4,13,0x00106680:sub_106680
0x001066AC,0x001346AC,0xA80368E0,store,4,13,0x00106680:sub_106680
0x001066C8,0x001346C8,0xA80368E0,store,4,13,0x00106680:sub_106680
0x001066EC,0x001346EC,0xA80368E0,store,4,13,0x00106680:sub_106680
0x0010671C,0x0013471C,0xA8037F8F,store,1,8,0x00106680:sub_106680
0x00106720,0x00134720,0xA80368E0,store,4,13,0x00106680:sub_106680
0x00106748,0x00134748,0xA80368E0,store,4,13,0x00106680:sub_106680
0x00106760,0x00134760,0xA80368E0,store,4,13,0x00106680:sub_106680
0x00106790,0x00134790,0xA8037F90,store,1,8,0x00106680:sub_106680
0x00106794,0x00134794,0xA80368E0,store,4,13,0x00106680:sub_106680
0x001067BC,0x001347BC,0xA80368E0,store,4,13,0x00106680:sub_106680
0x001067D4,0x001347D4,0xA80368E0,store,4,13,0x00106680:sub_106680
0x00106804,0x00134804,0xA8037F91,store,1,8,0x00106680:sub_106680
0x00106808,0x00134808,0xA80368E0,store,4,13,0x00106680:sub_106680
0x00106830,0x00134830,0xA80368E0,store,4,13,0x00106680:sub_106680
0x00106848,0x00134848,0xA80368E0,store,4,13,0x00106680:sub_106680
0x00106864,0x00134864,0xA80368E0,store,4,13,0x00106680:sub_106680
0x00106888,0x00134888,0xA80368E0,store,4,13,0x00106680:sub_106680
0x001068A4,0x001348A4,0xA80368E0,store,4,13,0x00106680:sub_106680
0x001068C8,0x001348C8,0xA80368E0,store,4,0,0x00106680:sub_106680
0x001068D4,0x001348D4,0xA80368E0,store,4,13,
0x001068F0,0x001348F0,0xA80368E0,store,4,13,
0x0010690C,0x0013490C,0xA80368E0,store,4,13,
0x00106924,0x00134924,0xA80368E0,store,4,0,
0x00106940,0x00134940,0xA80368E0,store,4,13,
0x00106958,0x00134958,0xA80368E0,store,4,0,
0x00106974,0x00134974,0xA80368E0,store,4,13,
0x00106994,0x00134994,0xA80368E0,store,4,0,
0x001069AC,0x001349AC,0xA80368E0,load,4,11,0x001069A4:sub_1069A4
0x00106A18,0x00134A18,0xA80368E4,load,2,8,0x001069A4:sub_1069A4
0x00106A28,0x00134A28,0xA80368E6,load,2,11,0x001069A4:sub_1069A4
0x00106ADC,0x00134ADC,0xA80368E4,store,2,8,0x001069A4:sub_1069A4
0x00106AE8,0x00134AE8,0xA80368E4,load,2,8,0x001069A4:sub_1069A4
0x00106B14,0x00134B14,0xA80368E4,store,2,8,0x001069A4:sub_1069A4
0x00106B20,0x00134B20,0xA80368E4,load,2,8,0x001069A4:sub_1069A4
0x00106B44,0x00134B44,0xA80368E4,load,2,8,0x001069A4:sub_1069A4
0x00106B8C,0x00134B8C,0xA80368E4,load,2,8,0x001069A4:sub_1069A4
0x00106BA4,0x00134BA4,0xA80368E6,load,2,13,0x001069A4:sub_1069A4
0x00106BCC,0x00134BCC,0xA80368E4,load,2,8,0x001069A4:sub_1069A4
0x00106BF4,0x00134BF4,0xA80368E4,load,2,8,0x001069A4:sub_1069A4
0x00106C04,0x00134C04,0xA80368E6,load,2,15,0x001069A4:sub_1069A4
0x00106C44,0x00134C44,0xA8037F91,store,1,8,0x001069A4:sub_1069A4
0x00106C6C,0x00134C6C,0xA8037F91,store,1,8,0x001069A4:sub_1069A4
0x00106C84,0x00134C84,0xA8037F8F,store,1,8,0x001069A4:sub_1069A4
0x00106C9C,0x00134C9C,0xA8037F8F,store,1,8,0x001069A4:sub_1069A4
0x00106CB4,0x00134CB4,0xA8037F90,store,1,8,0x001069A4:sub_1069A4
0x00106CCC,0x00134CCC,0xA8037F8D,store,1,8,0x001069A4:sub_1069A4
0x00106CE4,0x00134CE4,0xA8037F8D,store,1,8,0x001069A4:sub_1069A4
0x00106CFC,0x00134CFC,0xA8037F90,store,1,8,0x001069A4:sub_1069A4
0x00106D30,0x00134D30,0xA8037F8E,load,1,13,
0x00106D44,0x00134D44,0xA80368E0,store,4,13,
0x00106DA8,0x00134DA8,0xA80368E0,store,4,13,
0x00106DE0,0x00134DE0,0xA80368E0,store,4,13,0x00106DC0:sub_106DC0
0x00106E00,0x00134E00,0xA80368E0,store,4,13,
0x00106E1C,0x00134E1C,0xA80368E0,store,4,13,
0x00106E38,0x00134E38,0xA80368E0,store,4,13,
0x00106E58,0x00134E58,0xA80368E0,store,4,13,
0x00106E68,0x00134E68,0xA80368E0,store,4,13,
0x00106E78,0x00134E78,0xA80368E0,store,4,13,
0x00106E88,0x00134E88,0xA80368E0,store,4,13,
0x00106E98,0x00134E98,0xA80368E0,store,4,13,
0x00106EA8,0x00134EA8,0xA80368E0,store,4,13,
0x00106EB8,0x00134EB8,0xA80368E0,store,4,13,
0x00106EC8,0x00134EC8,0xA80368E0,store,4,13,
0x00106ED8,0x00134ED8,0xA80368E0,store,4,13,
0x00106EE8,0x00134EE8,0xA80368E0,store,4,13,
0x00106EF8,0x00134EF8,0xA80368E0,store,4,13,
0x00106F08,0x00134F08,0xA80368E0,store,4,13,
0x00106F18,0x00134F18,0xA80368E0,store,4,13,
0x00106F28,0x00134F28,0xA80368E0,store,4,13,
0x00106F34,0x00134F34,0xA80368EC,store,4,8,
0x00106F3C,0x00134F3C,0xA80368F0,store,4,9,
0x00106F5C,0x00134F5C,0xA80368EC,store,4,13,0x00106F40:sub_106F40
0x00106F74,0x00134F74,0xA80368EC,store,4,1,0x00106F40:sub_106F40
0x00106F84,0x00134F84,0xA80368F0,store,4,8,0x00106F40:sub_106F40
0x00106FA8,0x00134FA8,0xA80368EC,store,4,9,0x00106F88:sub_106F88
0x00106FAC,0x00134FAC,0xA80368F0,store,4,13,0x00106F88:sub_106F88
0x00106FB0,0x00134FB0,0xA80368E8,store,1,27,0x00106F88:sub_106F88
0x001070C4,0x001350C4,0xA80368F0,store,4,26,0x00106F88:sub_106F88
0x001070C8,0x001350C8,0xA80368EC,store,4,16,0x00106F88:sub_106F88
0x0010711C,0x0013511C,0xA80368F0,load,4,9,0x00106F88:sub_106F88
0x00107160,0x00135160,0xA80368EC,load,4,9,0x00106F88:sub_106F88
0x00107240,0x00135240,0xA80368EC,load,4,8,0x00106F88:sub_106F88
0x0010728C,0x0013528C,0xA80368F0,store,4,0,0x00106F88:sub_106F88
0x001072A0,0x001352A0,0xA80368EC,store,4,10,0x00106F88:sub_106F88
0x001072A4,0x001352A4,0xA80368F0,store,4,9,0x00106F88:sub_106F88
0x00107310,0x00135310,0xA80368EC,load,4,9,0x00106F88:sub_106F88
0x00107364,0x00135364,0xA80368F0,store,4,25,0x00106F88:sub_106F88
0x00107368,0x00135368,0xA80368EC,store,4,16,0x00106F88:sub_106F88
0x00107394,0x00135394,0xA80368EC,load,4,9,0x00106F88:sub_106F88
0x00107678,0x00135678,0xA803691A,store,1,13,0x00107650:sub_107650
0x001076AC,0x001356AC,0xA803691A,store,1,13,0x00107684:sub_107684
0x0010772C,0x0013572C,0xA8037F8E,load,1,13,
0x001079B8,0x001359B8,0xA8037F77,load,1,18,0x001079AC:sub_1079AC
0x00108430,0x00136430,0xA8037F68,load,4,12,0x001083A8:sub_1083A8
0x001084BC,0x001364BC,0xA803691A,store,1,24,0x001083A8:sub_1083A8
0x001084EC,0x001364EC,0xA803691A,load,1,11,0x001084E4:sub_1084E4
0x0010857C,0x0013657C,0xA803691A,load,1,11,0x0010853C:sub_10853C
0x00108668,0x00136668,0xA803691A,load,1,11,0x001085CC:sub_1085CC
0x0010871C,0x0013671C,0xA8037F68,load,4,12,0x001086EC:sub_1086EC
0x0010873C,0x0013673C,0xA8037F68,load,4,9,0x001086EC:sub_1086EC
0x001087C4,0x001367C4,0xA803691A,load,1,1,0x001087BC:sub_1087BC
0x001087EC,0x001367EC,0xA8037F8E,load,1,9,0x001087BC:sub_1087BC
0x0010882C,0x0013682C,0xA8037F8E,load,1,11,0x001087BC:sub_1087BC
0x00108850,0x00136850,0xA8037F8E,load,1,9,0x001087BC:sub_1087BC
0x00108884,0x00136884,0xA8037F80,load,1,10,0x001087BC:sub_1087BC
0x00108910,0x00136910,0xA8036918,load,1,8,0x0010890C:sub_10890C
0x0010891C,0x0013691C,0xA8036918,store,1,13,0x0010890C:sub_10890C
0x0010892C,0x0013692C,0xA8036918,load,1,8,0x00108928:sub_108928
0x00108934,0x00136934,0xA8036918,store,1,13,0x00108928:sub_108928
0x00108944,0x00136944,0xA8036918,load,1,8,0x00108940:sub_108940
0x00108950,0x00136950,0xA8036918,store,1,13,0x00108940:sub_108940
0x00108960,0x00136960,0xA8036918,load,1,8,0x0010895C:sub_10895C
0x0010896C,0x0013696C,0xA8036918,store,1,13,0x0010895C:sub_10895C
0x00108984,0x00136984,0xA8036918,load,1,15,0x00108978:sub_108978
0x00108998,0x00136998,0xA8036918,load,1,1,0x00108978:sub_108978
0x00108A84,0x00136A84,0xA8037F77,load,1,8,0x00108978:sub_108978
0x00108AD4,0x00136AD4,0xA8037F7D,load,1,9,0x00108A9C:sub_108A9C
0x00108AD8,0x00136AD8,0xA8037F7C,load,1,8,0x00108A9C:sub_108A9C
0x00108D78,0x00136D78,0xA8037F77,load,1,28,0x00108D6C:sub_108D6C
0x00108DE4,0x00136DE4,0xA8037F77,load,1,17,0x00108DD0:sub_108DD0
0x00108E14,0x00136E14,0xA8037F7D,load,1,9,0x00108DD0:sub_108DD0
0x00108FBC,0x00136FBC,0xA803691A,store,1,24,0x00108DD0:sub_108DD0
0x001095F0,0x001375F0,0xA803691C,load,2,8,0x001095E0:sub_1095E0
0x001095F4,0x001375F4,0xA803691E,load,2,9,0x001095E0:sub_1095E0
0x00109628,0x00137628,0xA8037F77,load,1,24,0x001095E0:sub_1095E0
0x00109630,0x00137630,0xA803691A,load,1,13,0x001095E0:sub_1095E0
0x0010964C,0x0013764C,0xA8037F78,load,1,10,0x001095E0:sub_1095E0
0x00109710,0x00137710,0xA803691A,load,1,13,0x001095E0:sub_1095E0
0x00109838,0x00137838,0xA8037F77,load,1,16,0x001097C0:sub_1097C0
0x00109884,0x00137884,0xA803691A,load,1,13,0x001097C0:sub_1097C0
0x001099CC,0x001379CC,0xA8037F77,load,1,24,0x001099B8:sub_1099B8
0x001099D4,0x001379D4,0xA803691A,load,1,13,0x001099B8:sub_1099B8
0x001099F0,0x001379F0,0xA8037F79,load,1,10,0x001099B8:sub_1099B8
0x00109AB4,0x00137AB4,0xA803691A,load,1,13,0x001099B8:sub_1099B8
0x00109BDC,0x00137BDC,0xA8037F77,load,1,16,0x00109B64:sub_109B64
0x00109C28,0x00137C28,0xA803691A,load,1,13,0x00109B64:sub_109B64
0x00109D68,0x00137D68,0xA8037F77,load,1,17,0x00109D5C:sub_109D5C
0x00109F1C,0x00137F1C,0xA8037F77,load,1,16,0x00109EF0:sub_109EF0
0x0010A2FC,0x001382FC,0xA8037F77,load,1,17,0x0010A2F0:sub_10A2F0
0x0010A494,0x00138494,0xA8037F77,load,1,17,0x0010A488:sub_10A488
0x0010A650,0x00138650,0xA8037FB9,load,1,13,0x0010A644:sub_10A644
0x0010A65C,0x0013865C,0xA8037F77,load,1,17,0x0010A644:sub_10A644
0x0010A864,0x00138864,0xA8037F77,load,1,17,0x0010A850:sub_10A850
0x0010A868,0x00138868,0xA8037F80,load,1,26,0x0010A850:sub_10A850
0x0010ABA0,0x00138BA0,0xA8037F77,load,1,24,0x0010AB10:sub_10AB10
0x0010ABB0,0x00138BB0,0xA8037F81,load,1,10,0x0010AB10:sub_10AB10
0x0010ABC0,0x00138BC0,0xA8037F81,load,1,10,0x0010AB10:sub_10AB10
0x0010AD0C,0x00138D0C,0xA8037F77,load,1,17,0x0010AC94:sub_10AC94
0x0010AE08,0x00138E08,0xA8037F77,load,1,24,0x0010ADF4:sub_10ADF4
0x0010AE18,0x00138E18,0xA8037F82,load,1,10,0x0010ADF4:sub_10ADF4
0x0010AE28,0x00138E28,0xA8037F82,load,1,10,0x0010ADF4:sub_10ADF4
0x0010AF74,0x00138F74,0xA8037F77,load,1,17,0x0010AEFC:sub_10AEFC
0x0010B070,0x00139070,0xA8037F77,load,1,24,0x0010B05C:sub_10B05C
0x0010B080,0x00139080,0xA8037F83,load,1,10,0x0010B05C:sub_10B05C
0x0010B090,0x00139090,0xA8037F83,load,1,10,0x0010B05C:sub_10B05C
0x0010B1DC,0x001391DC,0xA8037F77,load,1,17,0x0010B164:sub_10B164
0x0010B2D8,0x001392D8,0xA8037F77,load,1,24,0x0010B2C4:sub_10B2C4
0x0010B2E8,0x001392E8,0xA8037F7C,load,1,10,0x0010B2C4:sub_10B2C4
0x0010B2F8,0x001392F8,0xA8037F7C,load,1,10,0x0010B2C4:sub_10B2C4
0x0010B444,0x00139444,0xA8037F77,load,1,17,0x0010B3CC:sub_10B3CC
0x0010B540,0x00139540,0xA8037F77,load,1,24,0x0010B52C:sub_10B52C
0x0010B550,0x00139550,0xA8037F7D,load,1,10,0x0010B52C:sub_10B52C
0x0010B560,0x00139560,0xA8037F7D,load,1,10,0x0010B52C:sub_10B52C
0x0010B6AC,0x001396AC,0xA8037F77,load,1,17,0x0010B634:sub_10B634
0x0010B7A8,0x001397A8,0xA8037F77,load,1,24,0x0010B794:sub_10B794
0x0010B7AC,0x001397AC,0xA8037F7E,load,1,12,0x0010B794:sub_10B794
0x0010B928,0x00139928,0xA8037F77,load,1,17,0x0010B8B0:sub_10B8B0
0x0010BA38,0x00139A38,0xA8037F77,load,1,24,0x0010BA24:sub_10BA24
0x0010BA3C,0x00139A3C,0xA8037F7B,load,1,1,0x0010BA24:sub_10BA24
0x0010BBC4,0x00139BC4,0xA8037F77,load,1,17,0x0010BB4C:sub_10BB4C
0x0010BCD4,0x00139CD4,0xA8037F77,load,1,16,0x0010BCCC:sub_10BCCC
0x0010BF90,0x00139F90,0xA8037F77,load,1,17,0x0010BF84:sub_10BF84
0x0010C124,0x0013A124,0xA8037F77,load,1,17,0x0010C118:sub_10C118
0x0010C2E0,0x0013A2E0,0xA8037F77,load,1,17,0x0010C2D4:sub_10C2D4
0x0010C474,0x0013A474,0xA8037F77,load,1,16,0x0010C468:sub_10C468
0x0010C658,0x0013A658,0xA8037F77,load,1,17,0x0010C650:sub_10C650
0x0010C808,0x0013A808,0xA8037F77,load,1,16,0x0010C7E0:sub_10C7E0
0x0010CA20,0x0013AA20,0xA8037F77,load,1,17,0x0010C988:sub_10C988
0x0010CBC4,0x0013ABC4,0xA8037F77,load,1,16,0x0010CB3C:sub_10CB3C
0x0010CDB0,0x0013ADB0,0xA8037F77,load,1,16,0x0010CDA4:sub_10CDA4
0x0010CFB4,0x0013AFB4,0xA8037F77,load,1,26,0x0010CFA8:sub_10CFA8
0x0010CFD4,0x0013AFD4,0xA8037FA0,load,4,11,0x0010CFA8:sub_10CFA8
0x0010D20C,0x0013B20C,0xA8037F77,load,1,17,0x0010D200:sub_10D200
0x0010D3D8,0x0013B3D8,0xA8037F77,load,1,17,0x0010D3C8:sub_10D3C8
0x0010D3F4,0x0013B3F4,0xA8037FA1,load,1,18,0x0010D3C8:sub_10D3C8
0x0010D800,0x0013B800,0xA8037F7D,load,1,9,0x0010D7C0:sub_10D7C0
0x0010D804,0x0013B804,0xA8037F7C,load,1,8,0x0010D7C0:sub_10D7C0
0x0010DAC0,0x0013BAC0,0xA8037F77,load,1,24,0x0010D7C0:sub_10D7C0
0x0010DAC8,0x0013BAC8,0xA803691A,load,1,13,0x0010D7C0:sub_10D7C0
0x0010DAE4,0x0013BAE4,0xA8037F7F,load,1,10,0x0010D7C0:sub_10D7C0
0x0010DBA8,0x0013BBA8,0xA803691A,load,1,13,0x0010D7C0:sub_10D7C0
0x0010DC68,0x0013BC68,0xA8037F77,load,1,16,0x0010DC58:sub_10DC58
0x0010DDD8,0x0013BDD8,0xA8037F77,load,1,17,0x0010DD64:sub_10DD64
0x0010DEDC,0x0013BEDC,0xA8037F77,load,1,16,0x0010DECC:sub_10DECC
0x0010E04C,0x0013C04C,0xA8037F77,load,1,17,0x0010DFD8:sub_10DFD8
0x0010E150,0x0013C150,0xA8037F77,load,1,16,0x0010E140:sub_10E140
0x0010E2C0,0x0013C2C0,0xA8037F77,load,1,17,0x0010E24C:sub_10E24C
0x0010E3C4,0x0013C3C4,0xA8037F77,load,1,16,0x0010E3B4:sub_10E3B4
0x0010E534,0x0013C534,0xA8037F77,load,1,17,0x0010E4C0:sub_10E4C0
0x0010E64C,0x0013C64C,0xA8037F77,load,1,16,0x0010E628:sub_10E628
0x0010E8EC,0x0013C8EC,0xA8037F77,load,1,25,0x0010E8DC:sub_10E8DC
0x0010E8F8,0x0013C8F8,0xA8037F8D,load,1,8,0x0010E8DC:sub_10E8DC
0x0010E904,0x0013C904,0xA8037F8F,load,1,8,0x0010E8DC:sub_10E8DC
0x0010E90C,0x0013C90C,0xA8037F90,load,1,8,0x0010E8DC:sub_10E8DC
0x0010E914,0x0013C914,0xA8037F91,load,1,8,0x0010E8DC:sub_10E8DC
0x0010EAE0,0x0013CAE0,0xA8037F77,load,1,16,0x0010EAD4:sub_10EAD4
0x0010ED3C,0x0013CD3C,0xA8037F77,load,1,16,0x0010ED2C:sub_10ED2C
0x0010EF3C,0x0013CF3C,0xA803691A,store,1,13,0x0010EEAC:sub_10EEAC
0x0010EF40,0x0013CF40,0xA8037F77,load,1,17,0x0010EEAC:sub_10EEAC
0x0010F22C,0x0013D22C,0xA803691A,store,1,13,0x0010EEAC:sub_10EEAC
0x0010F230,0x0013D230,0xA8037F77,load,1,18,0x0010EEAC:sub_10EEAC
0x0010F52C,0x0013D52C,0xA803691A,load,1,13,0x0010F528:sub_10F528
0x0010F608,0x0013D608,0xA803691A,load,1,10,0x0010F55C:sub_10F55C
0x0010F640,0x0013D640,0xA8036918,load,1,15,0x0010F55C:sub_10F55C
0x0010F64C,0x0013D64C,0xA8036918,store,1,12,0x0010F55C:sub_10F55C
0x0010F6E4,0x0013D6E4,0xA8037F8E,load,1,13,0x0010F6C4:sub_10F6C4
0x0010F790,0x0013D790,0xA803691A,store,1,13,0x0010F768:sub_10F768
0x0010F7F4,0x0013D7F4,0xA803691A,store,1,13,0x0010F7CC:sub_10F7CC
0x0010F858,0x0013D858,0xA803691A,store,1,13,0x0010F830:sub_10F830
0x0010F88C,0x0013D88C,0xA803691C,store,2,24,0x0010F864:sub_10F864
0x0010F8B4,0x0013D8B4,0xA803691E,store,2,8,0x0010F864:sub_10F864
0x0010F910,0x0013D910,0xA803691C,store,2,13,0x0010F864:sub_10F864
0x0010F938,0x0013D938,0xA803691E,store,2,10,0x0010F864:sub_10F864
0x0010F958,0x0013D958,0xA8037F68,load,4,13,0x0010F864:sub_10F864
0x0010F9C4,0x0013D9C4,0xA803691C,store,2,24,0x0010F864:sub_10F864
0x0010F9EC,0x0013D9EC,0xA803691E,store,2,8,0x0010F864:sub_10F864
0x0010FA30,0x0013DA30,0xA803691C,store,2,24,0x0010F864:sub_10F864
0x0010FA58,0x0013DA58,0xA803691E,store,2,8,0x0010F864:sub_10F864
0x0010FA80,0x0013DA80,0xA8037F78,load,1,1,0x0010F864:sub_10F864
0x0010FA88,0x0013DA88,0xA8037F78,store,1,9,0x0010F864:sub_10F864
0x0010FA9C,0x0013DA9C,0xA8037F78,load,1,10,0x0010F864:sub_10F864
0x0010FAB4,0x0013DAB4,0xA8037F78,store,1,11,0x0010F864:sub_10F864
0x0010FAB8,0x0013DAB8,0xA803691A,load,1,13,0x0010F864:sub_10F864
0x0010FB64,0x0013DB64,0xA8036918,load,1,10,0x0010F864:sub_10F864
0x0010FBEC,0x0013DBEC,0xA8036918,load,1,10,0x0010F864:sub_10F864
0x0010FBF4,0x0013DBF4,0xA8036918,store,1,1,0x0010F864:sub_10F864
0x0010FC0C,0x0013DC0C,0xA8037F78,load,1,1,0x0010FC00:sub_10FC00
0x0010FC14,0x0013DC14,0xA8037F78,store,1,9,0x0010FC00:sub_10FC00
0x0010FC28,0x0013DC28,0xA8037F78,load,1,10,0x0010FC00:sub_10FC00
0x0010FC3C,0x0013DC3C,0xA8037F78,store,1,0,0x0010FC00:sub_10FC00
0x0010FC40,0x0013DC40,0xA803691A,load,1,13,0x0010FC00:sub_10FC00
0x0010FCEC,0x0013DCEC,0xA8036918,load,1,1,0x0010FC00:sub_10FC00
0x0010FD74,0x0013DD74,0xA8036918,load,1,1,0x0010FC00:sub_10FC00
0x0010FD7C,0x0013DD7C,0xA8036918,store,1,8,0x0010FC00:sub_10FC00
0x0010FD94,0x0013DD94,0xA8037F79,load,1,13,0x0010FD88:sub_10FD88
0x0010FDB4,0x0013DDB4,0xA8037F79,store,1,8,0x0010FD88:sub_10FD88
0x0010FDB8,0x0013DDB8,0xA803691A,load,1,9,0x0010FD88:sub_10FD88
0x0010FDC4,0x0013DDC4,0xA8037F79,store,1,12,0x0010FD88:sub_10FD88
0x0010FE64,0x0013DE64,0xA8036918,load,1,1,0x0010FD88:sub_10FD88
0x0010FEF0,0x0013DEF0,0xA8036918,load,1,1,0x0010FD88:sub_10FD88
0x0010FEF8,0x0013DEF8,0xA8036918,store,1,13,0x0010FD88:sub_10FD88
0x0010FF10,0x0013DF10,0xA8037F79,load,1,13,0x0010FF04:sub_10FF04
0x0010FF2C,0x0013DF2C,0xA803691A,load,1,8,0x0010FF04:sub_10FF04
0x0010FF38,0x0013DF38,0xA8037F79,store,1,0,0x0010FF04:sub_10FF04
0x001101B4,0x0013E1B4,0xA8037F7F,load,1,13,0x001101A8:sub_1101A8
0x001101D4,0x0013E1D4,0xA8037F7F,store,1,8,0x001101A8:sub_1101A8
0x001101D8,0x0013E1D8,0xA803691A,load,1,9,0x001101A8:sub_1101A8
0x001101E4,0x0013E1E4,0xA8037F7F,store,1,12,0x001101A8:sub_1101A8
0x00110280,0x0013E280,0xA8036918,load,1,1,0x001101A8:sub_1101A8
0x0011028C,0x0013E28C,0xA8036918,store,1,13,0x001101A8:sub_1101A8
0x00110328,0x0013E328,0xA8037F7F,load,1,13,0x0011031C:sub_11031C
0x00110344,0x0013E344,0xA8037F7F,store,1,0,0x0011031C:sub_11031C
0x00110348,0x0013E348,0xA803691A,load,1,8,0x0011031C:sub_11031C
0x00110354,0x0013E354,0xA8037F7F,store,1,12,0x0011031C:sub_11031C
0x00110480,0x0013E480,0xA8036918,load,1,13,0x0011031C:sub_11031C
0x00110488,0x0013E488,0xA8036918,store,1,17,0x0011031C:sub_11031C
0x001104A0,0x0013E4A0,0xA8037FB3,load,1,12,0x00110494:sub_110494
0x001104D0,0x0013E4D0,0xA8037FB3,store,1,12,0x00110494:sub_110494
0x001104E0,0x0013E4E0,0xA8036918,load,1,8,0x00110494:sub_110494
0x001104E8,0x0013E4E8,0xA8036918,store,1,1,0x00110494:sub_110494
0x00110500,0x0013E500,0xA8037FB3,load,1,12,0x001104F4:sub_1104F4
0x00110530,0x0013E530,0xA8037FB3,store,1,12,0x001104F4:sub_1104F4
0x00110540,0x0013E540,0xA8036918,load,1,8,0x001104F4:sub_1104F4
0x00110548,0x0013E548,0xA8036918,store,1,1,0x001104F4:sub_1104F4
0x00110560,0x0013E560,0xA8037F76,load,1,12,0x00110554:sub_110554
0x0011058C,0x0013E58C,0xA8037F76,store,1,12,0x00110554:sub_110554
0x0011059C,0x0013E59C,0xA8036918,load,1,8,0x00110554:sub_110554
0x001105A4,0x0013E5A4,0xA8036918,store,1,1,0x00110554:sub_110554
0x001105BC,0x0013E5BC,0xA8037F76,load,1,12,0x001105B0:sub_1105B0
0x001105E8,0x0013E5E8,0xA8037F76,store,1,12,0x001105B0:sub_1105B0
0x001105F8,0x0013E5F8,0xA8036918,load,1,8,0x001105B0:sub_1105B0
0x00110600,0x0013E600,0xA8036918,store,1,1,0x001105B0:sub_1105B0
0x00110618,0x0013E618,0xA8037FA4,load,4,10,0x0011060C:sub_11060C
0x00110674,0x0013E674,0xA8036918,load,1,8,0x0011060C:sub_11060C
0x0011067C,0x0013E67C,0xA8036918,store,1,1,0x0011060C:sub_11060C
0x00110694,0x0013E694,0xA8037FA4,load,4,10,0x00110688:sub_110688
0x001106F0,0x0013E6F0,0xA8036918,load,1,8,0x00110688:sub_110688
0x001106F8,0x0013E6F8,0xA8036918,store,1,1,0x00110688:sub_110688
0x00110710,0x0013E710,0xA8037FA4,load,4,10,0x00110704:sub_110704
0x0011076C,0x0013E76C,0xA8036918,load,1,8,0x00110704:sub_110704
0x00110774,0x0013E774,0xA8036918,store,1,1,0x00110704:sub_110704
0x0011078C,0x0013E78C,0xA8037FA4,load,4,10,0x00110780:sub_110780
0x001107E8,0x0013E7E8,0xA8036918,load,1,8,0x00110780:sub_110780
0x001107F0,0x0013E7F0,0xA8036918,store,1,1,0x00110780:sub_110780
0x00110808,0x0013E808,0xA8037F70,load,4,13,0x001107FC:sub_1107FC
0x00110818,0x0013E818,0xA8037F70,store,4,13,0x001107FC:sub_1107FC
0x0011081C,0x0013E81C,0xA8037F70,store,4,0,0x001107FC:sub_1107FC
0x00110834,0x0013E834,0xA8036918,load,1,10,0x001107FC:sub_1107FC
0x0011083C,0x0013E83C,0xA8036918,store,1,9,0x001107FC:sub_1107FC
0x00110854,0x0013E854,0xA8037F70,load,4,13,0x00110848:sub_110848
0x00110864,0x0013E864,0xA8037F70,store,4,13,0x00110848:sub_110848
0x0011086C,0x0013E86C,0xA8037F70,store,4,8,0x00110848:sub_110848
0x00110884,0x0013E884,0xA8036918,load,1,11,0x00110848:sub_110848
0x0011088C,0x0013E88C,0xA8036918,store,1,10,0x00110848:sub_110848
0x001108A4,0x0013E8A4,0xA8037F70,load,4,13,0x00110898:sub_110898
0x001108B4,0x0013E8B4,0xA8037F70,store,4,13,0x00110898:sub_110898
0x001108B8,0x0013E8B8,0xA8037F70,store,4,0,0x00110898:sub_110898
0x001108D0,0x0013E8D0,0xA8036918,load,1,10,0x00110898:sub_110898
0x001108D8,0x0013E8D8,0xA8036918,store,1,9,0x00110898:sub_110898
0x001108EC,0x0013E8EC,0xA8037FC2,load,1,13,
0x00110900,0x0013E900,0xA8037FC2,store,1,13,
0x00110908,0x0013E908,0xA8037FC2,store,1,1,
0x00110938,0x0013E938,0xA8037FC2,load,1,13,
0x0011094C,0x0013E94C,0xA8037FC2,store,1,13,
0x00110950,0x0013E950,0xA8037FC2,store,1,0,
0x00110A10,0x0013EA10,0xA8036918,load,1,8,
0x00110A1C,0x0013EA1C,0xA8036918,store,1,12,
0x00110B94,0x0013EB94,0xA8036918,load,1,1,0x00110AE4:sub_110AE4
0x00110BA0,0x0013EBA0,0xA8036918,store,1,8,0x00110AE4:sub_110AE4
0x00110D1C,0x0013ED1C,0xA8036918,load,1,17,0x00110C68:sub_110C68
0x00110D28,0x0013ED28,0xA8036918,store,1,12,0x00110C68:sub_110C68
0x00110EA8,0x0013EEA8,0xA8036918,load,1,17,0x00110DF4:sub_110DF4
0x00110EB4,0x0013EEB4,0xA8036918,store,1,12,0x00110DF4:sub_110DF4
0x00111034,0x0013F034,0xA8036918,load,1,17,0x00110F80:sub_110F80
0x00111040,0x0013F040,0xA8036918,store,1,12,0x00110F80:sub_110F80
0x001111F0,0x0013F1F0,0xA8036918,load,1,10,0x0011110C:sub_11110C
0x001111FC,0x0013F1FC,0xA8036918,store,1,8,0x0011110C:sub_11110C
0x0011137C,0x0013F37C,0xA8036918,load,1,8,0x001112C8:sub_1112C8
0x00111388,0x0013F388,0xA8036918,store,1,12,0x001112C8:sub_1112C8
0x00111538,0x0013F538,0xA8036918,load,1,1,0x00111454:sub_111454
0x00111544,0x0013F544,0xA8036918,store,1,10,0x00111454:sub_111454
0x0011161C,0x0013F61C,0xA8037F80,load,1,13,0x00111610:sub_111610
0x0011163C,0x0013F63C,0xA8037F80,store,1,9,0x00111610:sub_111610
0x00111644,0x0013F644,0xA8037F80,store,1,13,0x00111610:sub_111610
0x00111654,0x0013F654,0xA8036918,load,1,12,0x00111610:sub_111610
0x0011165C,0x0013F65C,0xA8036918,store,1,11,0x00111610:sub_111610
0x00111674,0x0013F674,0xA8037F80,load,1,13,0x00111668:sub_111668
0x00111690,0x0013F690,0xA8037F80,store,1,0,0x00111668:sub_111668
0x00111698,0x0013F698,0xA8037F80,store,1,13,0x00111668:sub_111668
0x001116A8,0x0013F6A8,0xA8036918,load,1,11,0x00111668:sub_111668
0x001116B0,0x0013F6B0,0xA8036918,store,1,10,0x00111668:sub_111668
0x001116C8,0x0013F6C8,0xA8037F81,load,1,13,0x001116BC:sub_1116BC
0x001116DC,0x0013F6DC,0xA8037F81,store,1,13,0x001116BC:sub_1116BC
0x001116E8,0x0013F6E8,0xA8037F81,store,1,8,0x001116BC:sub_1116BC
0x00111788,0x0013F788,0xA8036918,load,1,15,0x001116BC:sub_1116BC
0x00111790,0x0013F790,0xA8036918,store,1,12,0x001116BC:sub_1116BC
0x001117A8,0x0013F7A8,0xA8037F81,load,1,13,0x0011179C:sub_11179C
0x001117BC,0x0013F7BC,0xA8037F81,store,1,13,0x0011179C:sub_11179C
0x001117C4,0x0013F7C4,0xA8037F81,store,1,0,0x0011179C:sub_11179C
0x001117E0,0x0013F7E0,0xA8037F81,load,1,10,0x0011179C:sub_11179C
0x00111864,0x0013F864,0xA8036918,load,1,12,0x0011179C:sub_11179C
0x0011186C,0x0013F86C,0xA8036918,store,1,11,0x0011179C:sub_11179C
0x00111884,0x0013F884,0xA8037F82,load,1,13,0x00111878:sub_111878
0x00111898,0x0013F898,0xA8037F82,store,1,13,0x00111878:sub_111878
0x001118A4,0x0013F8A4,0xA8037F82,store,1,8,0x00111878:sub_111878
0x00111944,0x0013F944,0xA8036918,load,1,15,0x00111878:sub_111878
0x0011194C,0x0013F94C,0xA8036918,store,1,12,0x00111878:sub_111878
0x00111964,0x0013F964,0xA8037F82,load,1,13,0x00111958:sub_111958
0x00111978,0x0013F978,0xA8037F82,store,1,13,0x00111958:sub_111958
0x00111980,0x0013F980,0xA8037F82,store,1,0,0x00111958:sub_111958
0x0011199C,0x0013F99C,0xA8037F82,load,1,10,0x00111958:sub_111958
0x00111A20,0x0013FA20,0xA8036918,load,1,12,0x00111958:sub_111958
0x00111A28,0x0013FA28,0xA8036918,store,1,11,0x00111958:sub_111958
0x00111A40,0x0013FA40,0xA8037F83,load,1,13,0x00111A34:sub_111A34
0x00111A54,0x0013FA54,0xA8037F83,store,1,13,0x00111A34:sub_111A34
0x00111A60,0x0013FA60,0xA8037F83,store,1,8,0x00111A34:sub_111A34
0x00111B00,0x0013FB00,0xA8036918,load,1,15,0x00111A34:sub_111A34
0x00111B08,0x0013FB08,0xA8036918,store,1,12,0x00111A34:sub_111A34
0x00111B20,0x0013FB20,0xA8037F83,load,1,13,0x00111B14:sub_111B14
0x00111B34,0x0013FB34,0xA8037F83,store,1,13,0x00111B14:sub_111B14
0x00111B3C,0x0013FB3C,0xA8037F83,store,1,0,0x00111B14:sub_111B14
0x00111B58,0x0013FB58,0xA8037F83,load,1,10,0x00111B14:sub_111B14
0x00111BDC,0x0013FBDC,0xA8036918,load,1,12,0x00111B14:sub_111B14
0x00111BE4,0x0013FBE4,0xA8036918,store,1,11,0x00111B14:sub_111B14
0x00111BFC,0x0013FBFC,0xA8037F7C,load,1,13,0x00111BF0:sub_111BF0
0x00111C10,0x0013FC10,0xA8037F7C,store,1,13,0x00111BF0:sub_111BF0
0x00111C1C,0x0013FC1C,0xA8037F7C,store,1,8,0x00111BF0:sub_111BF0
0x00111CBC,0x0013FCBC,0xA8036918,load,1,15,0x00111BF0:sub_111BF0
0x00111CC4,0x0013FCC4,0xA8036918,store,1,12,0x00111BF0:sub_111BF0
0x00111CDC,0x0013FCDC,0xA8037F7C,load,1,13,0x00111CD0:sub_111CD0
0x00111CF0,0x0013FCF0,0xA8037F7C,store,1,13,0x00111CD0:sub_111CD0
0x00111CF8,0x0013FCF8,0xA8037F7C,store,1,0,0x00111CD0:sub_111CD0
0x00111D14,0x0013FD14,0xA8037F7C,load,1,10,0x00111CD0:sub_111CD0
0x00111D98,0x0013FD98,0xA8036918,load,1,12,0x00111CD0:sub_111CD0
0x00111DA0,0x0013FDA0,0xA8036918,store,1,11,0x00111CD0:sub_111CD0
0x00111DB8,0x0013FDB8,0xA8037F7D,load,1,13,0x00111DAC:sub_111DAC
0x00111DCC,0x0013FDCC,0xA8037F7D,store,1,13,0x00111DAC:sub_111DAC
0x00111DD8,0x0013FDD8,0xA8037F7D,store,1,8,0x00111DAC:sub_111DAC
0x00111E78,0x0013FE78,0xA8036918,load,1,15,0x00111DAC:sub_111DAC
0x00111E80,0x0013FE80,0xA8036918,store,1,12,0x00111DAC:sub_111DAC
0x00111E98,0x0013FE98,0xA8037F7D,load,1,13,0x00111E8C:sub_111E8C
0x00111EAC,0x0013FEAC,0xA8037F7D,store,1,13,0x00111E8C:sub_111E8C
0x00111EB4,0x0013FEB4,0xA8037F7D,store,1,0,0x00111E8C:sub_111E8C
0x00111ED0,0x0013FED0,0xA8037F7D,load,1,10,0x00111E8C:sub_111E8C
0x00111F54,0x0013FF54,0xA8036918,load,1,12,0x00111E8C:sub_111E8C
0x00111F5C,0x0013FF5C,0xA8036918,store,1,11,0x00111E8C:sub_111E8C
0x00111F74,0x0013FF74,0xA8037F7E,load,1,13,0x00111F68:sub_111F68
0x00111F94,0x0013FF94,0xA8037F7E,store,1,8,0x00111F68:sub_111F68
0x00111FA4,0x0013FFA4,0xA8037F7E,store,1,13,0x00111F68:sub_111F68
0x00112048,0x00140048,0xA8036918,load,1,1,0x00111F68:sub_111F68
0x00112050,0x00140050,0xA8036918,store,1,13,0x00111F68:sub_111F68
0x00112068,0x00140068,0xA8037F7E,load,1,13,0x0011205C:sub_11205C
0x00112084,0x00140084,0xA8037F7E,store,1,0,0x0011205C:sub_11205C
0x00112094,0x00140094,0xA8037F7E,store,1,13,0x0011205C:sub_11205C
0x00112138,0x00140138,0xA8036918,load,1,13,0x0011205C:sub_11205C
0x00112140,0x00140140,0xA8036918,store,1,17,0x0011205C:sub_11205C
0x00112158,0x00140158,0xA8037F7B,load,1,13,0x0011214C:sub_11214C
0x00112178,0x00140178,0xA8037F7B,store,1,8,0x0011214C:sub_11214C
0x00112238,0x00140238,0xA8036918,load,1,9,0x0011214C:sub_11214C
0x00112240,0x00140240,0xA8036918,store,1,1,0x0011214C:sub_11214C
0x00112258,0x00140258,0xA8037F7B,load,1,13,0x0011224C:sub_11224C
0x00112278,0x00140278,0xA8037F7B,store,1,10,0x0011224C:sub_11224C
0x00112340,0x00140340,0xA8036918,load,1,12,0x0011224C:sub_11224C
0x00112348,0x00140348,0xA8036918,store,1,11,0x0011224C:sub_11224C
0x00112360,0x00140360,0xA8037FB9,load,1,13,0x00112354:sub_112354
0x0011236C,0x0014036C,0xA8037FBB,load,1,11,0x00112354:sub_112354
0x00112374,0x00140374,0xA8037FB9,store,1,8,0x00112354:sub_112354
0x00112378,0x00140378,0xA8037FBB,store,1,0,0x00112354:sub_112354
0x001123F0,0x001403F0,0xA8037FB9,load,1,13,0x00112354:sub_112354
0x00112404,0x00140404,0xA8037FBB,store,1,10,0x00112354:sub_112354
0x00112408,0x00140408,0xA8037FB9,store,1,9,0x00112354:sub_112354
0x0011241C,0x0014041C,0xA8037FBB,load,1,8,0x00112354:sub_112354
0x00112464,0x00140464,0xA8037F77,load,1,12,0x00112354:sub_112354
0x00112478,0x00140478,0xA8037F77,store,1,10,0x00112354:sub_112354
0x00112480,0x00140480,0xA8036918,load,1,8,0x00112354:sub_112354
0x00112488,0x00140488,0xA8036918,store,1,1,0x00112354:sub_112354
0x001124A0,0x001404A0,0xA8037F77,load,1,12,0x00112494:sub_112494
0x001124B4,0x001404B4,0xA8037F77,store,1,10,0x00112494:sub_112494
0x001124BC,0x001404BC,0xA8036918,load,1,8,0x00112494:sub_112494
0x001124C4,0x001404C4,0xA8036918,store,1,1,0x00112494:sub_112494
0x001124D8,0x001404D8,0xA8037F68,load,4,1,0x001124D0:sub_1124D0
0x001124F0,0x001404F0,0xA8037F68,store,4,12,0x001124D0:sub_1124D0
0x001124F4,0x001404F4,0xA8037F68,store,4,1,0x001124D0:sub_1124D0
0x0011250C,0x0014050C,0xA8036918,load,1,9,0x001124D0:sub_1124D0
0x00112514,0x00140514,0xA8036918,store,1,8,0x001124D0:sub_1124D0
0x00112528,0x00140528,0xA8037F68,load,4,1,0x00112520:sub_112520
0x00112540,0x00140540,0xA8037F68,store,4,12,0x00112520:sub_112520
0x00112544,0x00140544,0xA8037F68,store,4,1,0x00112520:sub_112520
0x0011255C,0x0014055C,0xA8036918,load,1,9,0x00112520:sub_112520
0x00112564,0x00140564,0xA8036918,store,1,8,0x00112520:sub_112520
0x00112588,0x00140588,0xA8037F8D,load,1,8,0x00112570:sub_112570
0x00112594,0x00140594,0xA8037F8F,load,1,8,0x00112570:sub_112570
0x0011259C,0x0014059C,0xA8037F90,load,1,8,0x00112570:sub_112570
0x001125A4,0x001405A4,0xA8037F91,load,1,8,0x00112570:sub_112570
0x0011263C,0x0014063C,0xA8037F8D,load,1,8,0x00112570:sub_112570
0x00112648,0x00140648,0xA8037F8F,load,1,8,0x00112570:sub_112570
0x00112650,0x00140650,0xA8037F90,load,1,8,0x00112570:sub_112570
0x00112654,0x00140654,0xA8037F91,load,1,8,0x00112570:sub_112570
0x001126D8,0x001406D8,0xA8037F87,load,1,12,0x00112570:sub_112570
0x00112794,0x00140794,0xA8036918,load,1,12,0x00112570:sub_112570
0x0011279C,0x0014079C,0xA8036918,store,1,13,0x00112570:sub_112570
0x001127B4,0x001407B4,0xA8037F87,load,1,12,0x001127A8:sub_1127A8
0x00112868,0x00140868,0xA8036918,load,1,13,0x001127A8:sub_1127A8
0x00112870,0x00140870,0xA8036918,store,1,1,0x001127A8:sub_1127A8
0x00112884,0x00140884,0xA8037F68,load,4,1,0x0011287C:sub_11287C
0x0011289C,0x0014089C,0xA8037F68,store,4,12,0x0011287C:sub_11287C
0x001128A0,0x001408A0,0xA8037F68,store,4,1,0x0011287C:sub_11287C
0x001128B8,0x001408B8,0xA8036918,load,1,9,0x0011287C:sub_11287C
0x001128C0,0x001408C0,0xA8036918,store,1,8,0x0011287C:sub_11287C
0x001128D4,0x001408D4,0xA8037F68,load,4,1,0x001128CC:sub_1128CC
0x001128EC,0x001408EC,0xA8037F68,store,4,12,0x001128CC:sub_1128CC
0x001128F0,0x001408F0,0xA8037F68,store,4,1,0x001128CC:sub_1128CC
0x00112908,0x00140908,0xA8036918,load,1,9,0x001128CC:sub_1128CC
0x00112910,0x00140910,0xA8036918,store,1,8,0x001128CC:sub_1128CC
0x00112928,0x00140928,0xA8037F88,load,1,12,0x0011291C:sub_11291C
0x0011293C,0x0014093C,0xA8037F88,store,1,10,0x0011291C:sub_11291C
0x0011294C,0x0014094C,0xA8036918,load,1,8,0x0011291C:sub_11291C
0x00112954,0x00140954,0xA8036918,store,1,1,0x0011291C:sub_11291C
0x0011296C,0x0014096C,0xA8037F88,load,1,12,0x00112960:sub_112960
0x00112980,0x00140980,0xA8037F88,store,1,10,0x00112960:sub_112960
0x00112990,0x00140990,0xA8036918,load,1,8,0x00112960:sub_112960
0x00112998,0x00140998,0xA8036918,store,1,1,0x00112960:sub_112960
0x001129A8,0x001409A8,0xA8036919,load,1,8,
0x001129B0,0x001409B0,0xA8036919,store,1,1,
0x001129CC,0x001409CC,0xA8036919,load,1,8,
0x001129D4,0x001409D4,0xA8036919,store,1,1,
0x001129F4,0x001409F4,0xA8037F8C,load,1,12,
0x00112A18,0x00140A18,0xA8037F8C,store,1,12,
0x00112A38,0x00140A38,0xA8037F8C,load,1,12,
0x00112A5C,0x00140A5C,0xA8037F8C,store,1,12,
0x00112A8C,0x00140A8C,0xA8037FAD,load,1,8,
0x00112A90,0x00140A90,0xA8037F6C,load,4,13,
0x00112B0C,0x00140B0C,0xA8036918,load,1,13,
0x00112B14,0x00140B14,0xA8036918,store,1,10,
0x00112B38,0x00140B38,0xA8037FAD,load,1,8,0x00112B20:sub_112B20
0x00112B3C,0x00140B3C,0xA8037F6C,load,4,12,0x00112B20:sub_112B20
0x00112BC0,0x00140BC0,0xA8036918,load,1,16,0x00112B20:sub_112B20
0x00112BC8,0x00140BC8,0xA8036918,store,1,17,0x00112B20:sub_112B20
0x00112BE0,0x00140BE0,0xA8037F68,load,4,1,0x00112BD4:sub_112BD4
0x00112BF8,0x00140BF8,0xA8037F8E,load,1,16,0x00112BD4:sub_112BD4
0x00112DA4,0x00140DA4,0xA8036918,load,1,11,0x00112BD4:sub_112BD4
0x00112DAC,0x00140DAC,0xA8036918,store,1,17,0x00112BD4:sub_112BD4
0x00112DC4,0x00140DC4,0xA8037F68,load,4,1,0x00112DB8:sub_112DB8
0x00112DDC,0x00140DDC,0xA8037F8E,load,1,16,0x00112DB8:sub_112DB8
0x00112F88,0x00140F88,0xA8036918,load,1,11,0x00112DB8:sub_112DB8
0x00112F90,0x00140F90,0xA8036918,store,1,17,0x00112DB8:sub_112DB8
0x00112FB4,0x00140FB4,0xA8037F8D,load,1,8,0x00112F9C:sub_112F9C
0x00112FBC,0x00140FBC,0xA8037F8F,load,1,8,0x00112F9C:sub_112F9C
0x00112FC8,0x00140FC8,0xA8037F90,load,1,8,0x00112F9C:sub_112F9C
0x00112FD0,0x00140FD0,0xA8037F91,load,1,8,0x00112F9C:sub_112F9C
0x0011306C,0x0014106C,0xA8037F8D,load,1,8,0x00112F9C:sub_112F9C
0x00113074,0x00141074,0xA8037F8F,load,1,8,0x00112F9C:sub_112F9C
0x00113080,0x00141080,0xA8037F90,load,1,8,0x00112F9C:sub_112F9C
0x00113084,0x00141084,0xA8037F91,load,1,8,0x00112F9C:sub_112F9C
0x0011310C,0x0014110C,0xA8037F9F,load,1,12,0x00112F9C:sub_112F9C
0x00113138,0x00141138,0xA8037F9F,store,1,12,0x00112F9C:sub_112F9C
0x00113164,0x00141164,0xA8036918,load,1,10,0x00112F9C:sub_112F9C
0x0011316C,0x0014116C,0xA8036918,store,1,9,0x00112F9C:sub_112F9C
0x00113184,0x00141184,0xA8037F9F,load,1,12,0x00113178:sub_113178
0x001131B0,0x001411B0,0xA8037F9F,store,1,12,0x00113178:sub_113178
0x001131DC,0x001411DC,0xA8036918,load,1,10,0x00113178:sub_113178
0x001131E4,0x001411E4,0xA8036918,store,1,9,0x00113178:sub_113178
0x001131FC,0x001411FC,0xA8037FA0,load,4,12,0x001131F0:sub_1131F0
0x0011321C,0x0014121C,0xA8037FA0,store,4,13,0x001131F0:sub_1131F0
0x0011322C,0x0014122C,0xA8037F8E,load,1,1,0x001131F0:sub_1131F0
0x00113248,0x00141248,0xA8036918,load,1,9,0x001131F0:sub_1131F0
0x00113250,0x00141250,0xA8036918,store,1,8,0x001131F0:sub_1131F0
0x00113268,0x00141268,0xA8037FA0,load,4,12,0x0011325C:sub_11325C
0x00113288,0x00141288,0xA8037FA0,store,4,13,0x0011325C:sub_11325C
0x00113298,0x00141298,0xA8037F8E,load,1,1,0x0011325C:sub_11325C
0x001132B4,0x001412B4,0xA8036918,load,1,9,0x0011325C:sub_11325C
0x001132BC,0x001412BC,0xA8036918,store,1,8,0x0011325C:sub_11325C
0x001132D4,0x001412D4,0xA8037FA0,load,4,9,0x001132C8:sub_1132C8
0x00113338,0x00141338,0xA8036918,load,1,11,0x001132C8:sub_1132C8
0x00113340,0x00141340,0xA8036918,store,1,1,0x001132C8:sub_1132C8
0x00113358,0x00141358,0xA8037FA0,load,4,9,0x0011334C:sub_11334C
0x001133BC,0x001413BC,0xA8036918,load,1,11,0x0011334C:sub_11334C
0x001133C4,0x001413C4,0xA8036918,store,1,1,0x0011334C:sub_11334C
0x001133E0,0x001413E0,0xA8037F8D,load,1,8,0x001133D0:sub_1133D0
0x0011345C,0x0014145C,0xA8037F8D,load,1,8,0x001133D0:sub_1133D0
0x001134E0,0x001414E0,0xA8037F89,load,1,12,0x001134D4:sub_1134D4
0x00113510,0x00141510,0xA8037F89,store,1,12,0x001134D4:sub_1134D4
0x00113548,0x00141548,0xA8036918,load,1,8,0x001134D4:sub_1134D4
0x00113550,0x00141550,0xA8036918,store,1,1,0x001134D4:sub_1134D4
0x00113568,0x00141568,0xA8037F89,load,1,12,0x0011355C:sub_11355C
0x00113598,0x00141598,0xA8037F89,store,1,12,0x0011355C:sub_11355C
0x001135D0,0x001415D0,0xA8036918,load,1,8,0x0011355C:sub_11355C
0x001135D8,0x001415D8,0xA8036918,store,1,1,0x0011355C:sub_11355C
0x001135F4,0x001415F4,0xA8036918,load,1,8,0x001135E4:sub_1135E4
0x001135FC,0x001415FC,0xA8036918,store,1,1,0x001135E4:sub_1135E4
0x00113618,0x00141618,0xA8036918,load,1,8,0x00113608:sub_113608
0x00113620,0x00141620,0xA8036918,store,1,1,0x00113608:sub_113608
0x00113648,0x00141648,0xA8036918,load,1,8,0x0011362C:sub_11362C
0x00113650,0x00141650,0xA8036918,store,1,1,0x0011362C:sub_11362C
0x0011366C,0x0014166C,0xA8036918,load,1,8,0x0011365C:sub_11365C
0x00113674,0x00141674,0xA8036918,store,1,1,0x0011365C:sub_11365C
0x00113690,0x00141690,0xA8036918,load,1,8,0x00113680:sub_113680
0x00113698,0x00141698,0xA8036918,store,1,1,0x00113680:sub_113680
0x001136B4,0x001416B4,0xA8036918,load,1,8,0x001136A4:sub_1136A4
0x001136BC,0x001416BC,0xA8036918,store,1,1,0x001136A4:sub_1136A4
0x001136D0,0x001416D0,0xA8036919,load,1,13,0x001136C8:sub_1136C8
0x001136E0,0x001416E0,0xA8037F77,load,1,18,0x001136C8:sub_1136C8
0x0011379C,0x0014179C,0xA8036918,load,1,17,0x001136C8:sub_1136C8
0x001137A4,0x001417A4,0xA8036918,store,1,15,0x001136C8:sub_1136C8
0x001137D0,0x001417D0,0xA8036918,load,1,8,0x001136C8:sub_1136C8
0x001137F4,0x001417F4,0xA8036918,load,1,8,0x001137E4:sub_1137E4
0x001137FC,0x001417FC,0xA8036918,store,1,1,0x001137E4:sub_1137E4
0x00113818,0x00141818,0xA8036918,load,1,8,0x00113808:sub_113808
0x00113820,0x00141820,0xA8036918,store,1,1,0x00113808:sub_113808
0x001139E4,0x001419E4,0xA8037FC6,load,2,11,0x001139BC:sub_1139BC
0x00113A44,0x00141A44,0xA8037F78,load,1,8,0x00113A3C:sub_113A3C
0x00113A54,0x00141A54,0xA8037F78,store,1,8,0x00113A3C:sub_113A3C
0x00113A74,0x00141A74,0xA8037F79,load,1,8,0x00113A6C:sub_113A6C
0x00113A84,0x00141A84,0xA8037F79,store,1,8,0x00113A6C:sub_113A6C
0x00113AA4,0x00141AA4,0xA8037FB8,load,1,10,0x00113A6C:sub_113A6C
0x00113ABC,0x00141ABC,0xA8037FB8,store,1,10,0x00113A6C:sub_113A6C
0x0011400C,0x0014200C,0xA8037F80,load,1,13,0x00114004:sub_114004
0x00114020,0x00142020,0xA8037F80,store,1,13,0x00114004:sub_114004
0x001140AC,0x001420AC,0xA8037F7A,load,1,8,
0x001140BC,0x001420BC,0xA8037F7A,store,1,8,
0x001140DC,0x001420DC,0xA8037F81,load,1,9,0x001140D4:sub_1140D4
0x001140F0,0x001420F0,0xA8037F81,store,1,9,0x001140D4:sub_1140D4
0x00114110,0x00142110,0xA8037F82,load,1,9,0x00114108:sub_114108
0x00114124,0x00142124,0xA8037F82,store,1,9,0x00114108:sub_114108
0x00114144,0x00142144,0xA8037F83,load,1,9,0x0011413C:sub_11413C
0x00114158,0x00142158,0xA8037F83,store,1,9,0x0011413C:sub_11413C
0x00114178,0x00142178,0xA8037F84,load,1,9,0x0011413C:sub_11413C
0x0011418C,0x0014218C,0xA8037F84,store,1,9,0x0011413C:sub_11413C
0x001141AC,0x001421AC,0xA8037F85,load,1,9,0x0011413C:sub_11413C
0x001141C0,0x001421C0,0xA8037F85,store,1,9,0x0011413C:sub_11413C
0x001141E0,0x001421E0,0xA8037F86,load,1,9,0x0011413C:sub_11413C
0x001141F4,0x001421F4,0xA8037F86,store,1,9,0x0011413C:sub_11413C
0x00114214,0x00142214,0xA8037F7C,load,1,9,0x0011420C:sub_11420C
0x00114218,0x00142218,0xA8037F7D,load,1,1,0x0011420C:sub_11420C
0x00114268,0x00142268,0xA8037F7E,load,1,8,0x00114260:sub_114260
0x00114278,0x00142278,0xA8037F7E,store,1,8,0x00114260:sub_114260
0x00114294,0x00142294,0xA8037F7B,load,1,8,0x00114290:sub_114290
0x001142C0,0x001422C0,0xA8037F75,load,1,13,0x00114290:sub_114290
0x001142E4,0x001422E4,0xA8037F75,store,1,13,0x00114290:sub_114290
0x00114380,0x00142380,0xA8037F68,load,4,8,0x0011437C:sub_11437C
0x001143A8,0x001423A8,0xA8037F68,store,4,1,0x0011437C:sub_11437C
0x001143F4,0x001423F4,0xA8037FB3,load,1,1,0x001143F0:sub_1143F0
0x001144AC,0x001424AC,0xA8037F88,load,1,12,0x001144A4:sub_1144A4
0x001144BC,0x001424BC,0xA8037F88,store,1,12,0x001144A4:sub_1144A4
0x001144C8,0x001424C8,0xA8037F88,store,1,12,0x001144A4:sub_1144A4
0x00114534,0x00142534,0xA8037F7F,load,1,8,0x00114530:sub_114530
0x0011459C,0x0014259C,0xA8037F85,store,1,13,0x00114530:sub_114530
0x001145A0,0x001425A0,0xA8037F86,store,1,12,0x00114530:sub_114530
0x001145A4,0x001425A4,0xA8037F78,store,1,11,0x00114530:sub_114530
0x001145A8,0x001425A8,0xA8037F79,store,1,10,0x00114530:sub_114530
0x001145AC,0x001425AC,0xA8037F81,store,1,9,0x00114530:sub_114530
0x001145B0,0x001425B0,0xA8037F82,store,1,8,0x00114530:sub_114530
0x001145B4,0x001425B4,0xA8037F83,store,1,15,0x00114530:sub_114530
0x0011478C,0x0014278C,0xA8037F89,load,1,8,0x00114788:sub_114788
0x001147BC,0x001427BC,0xA8037F76,load,1,1,0x001147B0:sub_1147B0
0x001147DC,0x001427DC,0xA8037F76,store,1,1,0x001147B0:sub_1147B0
0x001147E4,0x001427E4,0xA8037F76,load,1,1,0x001147B0:sub_1147B0
0x001147F4,0x001427F4,0xA8037F89,load,1,24,0x001147B0:sub_1147B0
0x0011482C,0x0014282C,0xA8037FA4,load,1,9,0x00114828:sub_114828
0x0011484C,0x0014284C,0xA8037FA4,load,2,9,0x00114848:sub_114848
0x0011486C,0x0014286C,0xA8037F68,load,4,8,0x00114868:sub_114868
0x001148B4,0x001428B4,0xA8037F91,load,1,9,0x00114888:sub_114888
0x001148C0,0x001428C0,0xA8037F8F,load,1,9,0x00114888:sub_114888
0x001148D8,0x001428D8,0xA8037F90,load,1,9,0x00114888:sub_114888
0x00114914,0x00142914,0xA8037F8D,load,1,9,0x00114904:sub_114904
0x00114938,0x00142938,0xA8037F6C,load,4,13,0x00114904:sub_114904
0x00114A28,0x00142A28,0xA8037F74,load,1,1,0x00114A00:sub_114A00
0x00114A90,0x00142A90,0xA8037FA4,load,4,8,0x00114A00:sub_114A00
0x00114B20,0x00142B20,0xA8037F6C,load,4,8,0x00114A00:sub_114A00
0x00114B40,0x00142B40,0xA8037F6C,load,4,8,0x00114A00:sub_114A00
0x00114B6C,0x00142B6C,0xA8037F8E,load,1,11,0x00114B60:sub_114B60
0x00114B88,0x00142B88,0xA8037FB9,load,1,9,0x00114B60:sub_114B60
0x00114B9C,0x00142B9C,0xA8037FBB,load,1,10,0x00114B60:sub_114B60
0x00114BA0,0x00142BA0,0xA8037FBA,load,1,11,0x00114B60:sub_114B60
0x00114D18,0x00142D18,0xA8037FBD,load,1,13,0x00114D14:sub_114D14
0x00114D4C,0x00142D4C,0xA8037F6C,load,4,8,0x00114D14:sub_114D14
0x00114D6C,0x00142D6C,0xA8037F6C,load,4,8,0x00114D14:sub_114D14
0x00114D8C,0x00142D8C,0xA8037FBE,load,1,9,0x00114D14:sub_114D14
0x00114DA8,0x00142DA8,0xA8037FBF,load,1,9,0x00114D14:sub_114D14
0x00114DC4,0x00142DC4,0xA8037FC0,load,1,9,0x00114D14:sub_114D14
0x00114DE0,0x00142DE0,0xA8037FC1,load,1,9,0x00114D14:sub_114D14
0x00114F10,0x00142F10,0xA8037F68,load,4,17,0x00114DF8:sub_114DF8
0x00115184,0x00143184,0xA8037F8E,load,1,1,0x00114DF8:sub_114DF8
0x001151EC,0x001431EC,0xA8037F8E,load,1,12,0x00114DF8:sub_114DF8
0x00115214,0x00143214,0xA8037FA1,load,1,13,0x00114DF8:sub_114DF8
0x001154DC,0x001434DC,0xA8037F8E,load,1,1,0x00114DF8:sub_114DF8
0x00115D38,0x00143D38,0xA8037F8E,load,1,1,0x00115D30:sub_115D30
0x00115E7C,0x00143E7C,0xA8037F78,load,1,8,0x00115E54:sub_115E54
0x00115E8C,0x00143E8C,0xA8037F78,store,1,8,0x00115E54:sub_115E54
0x00115E98,0x00143E98,0xA8037F79,load,1,8,0x00115E54:sub_115E54
0x0011603C,0x0014403C,0xA8037F68,load,4,13,0x00115E54:sub_115E54
0x00116064,0x00144064,0xA8037F68,store,4,15,0x00115E54:sub_115E54
0x001161A0,0x001441A0,0xA8037F89,load,1,8,0x00115E54:sub_115E54
0x001161B8,0x001441B8,0xA8037FA4,load,1,17,0x00115E54:sub_115E54
0x001161C8,0x001441C8,0xA8037F81,load,1,9,0x00115E54:sub_115E54
0x001161D8,0x001441D8,0xA8037F81,store,1,9,0x00115E54:sub_115E54
0x00116784,0x00144784,0xA803B222,load,1,8,0x00116498:sub_116498
0x00116810,0x00144810,0xA8036920,store,1,0,0x00116498:sub_116498
0x0011684C,0x0014484C,0xA803B222,load,1,25,0x00116498:sub_116498
0x001169F4,0x001449F4,0xA8037F8E,load,1,1,0x00116498:sub_116498
0x00116AD4,0x00144AD4,0xA8037D2C,load,4,9,0x00116498:sub_116498
0x00116D38,0x00144D38,0xA8037D2C,load,4,9,0x00116498:sub_116498
0x00116EBC,0x00144EBC,0xA8036920,load,1,8,0x00116EB4:sub_116EB4
0x00116F38,0x00144F38,0xA8037F8E,load,1,13,0x00116F2C:sub_116F2C
0x0011710C,0x0014510C,0xA8036962,store,1,12,
0x001179E8,0x001459E8,0xA803B21E,load,1,13,0x001179C8:sub_1179C8
0x00117A18,0x00145A18,0xA8037D2C,load,4,25,0x001179C8:sub_1179C8
0x00117A38,0x00145A38,0xA803B21E,load,1,13,0x001179C8:sub_1179C8
0x00117A84,0x00145A84,0xA803B21E,load,1,13,0x00117A64:sub_117A64
0x00117AB4,0x00145AB4,0xA8037D2C,load,4,25,0x00117A64:sub_117A64
0x00117AD4,0x00145AD4,0xA803B21E,load,1,13,0x00117A64:sub_117A64
0x00117C1C,0x00145C1C,0xA803B21E,load,1,13,0x00117C0C:sub_117C0C
0x00117C78,0x00145C78,0xA8037D2C,load,4,9,0x00117C0C:sub_117C0C
0x00117D70,0x00145D70,0xA803B21E,load,1,13,0x00117D64:sub_117D64
0x00117D9C,0x00145D9C,0xA803B21E,load,1,9,0x00117D64:sub_117D64
0x00117DC0,0x00145DC0,0xA8037D2C,load,4,25,0x00117D64:sub_117D64
0x00117DD4,0x00145DD4,0xA8037D2C,load,4,9,0x00117D64:sub_117D64
0x00117E04,0x00145E04,0xA803B21E,load,1,13,0x00117DE4:sub_117DE4
0x00117E24,0x00145E24,0xA8037D2C,load,4,9,0x00117DE4:sub_117DE4
0x00117E30,0x00145E30,0xA803B21E,load,1,9,0x00117DE4:sub_117DE4
0x00117E50,0x00145E50,0xA8037D2C,load,4,25,0x00117DE4:sub_117DE4
0x001180EC,0x001460EC,0xA803B21E,load,1,13,0x001180E8:sub_1180E8
0x00118124,0x00146124,0xA8037D2C,load,4,9,0x001180E8:sub_1180E8
0x0011817C,0x0014617C,0xA803B21E,load,1,13,0x00118148:sub_118148
0x001181AC,0x001461AC,0xA8037D2C,load,4,25,0x00118148:sub_118148
0x00118230,0x00146230,0xA803B21E,load,1,13,
0x00118254,0x00146254,0xA8037D2C,load,4,9,
0x00118314,0x00146314,0xA8036984,store,1,12,0x001182E8:sub_1182E8
0x0011831C,0x0014631C,0xA8034090,store,1,25,0x001182E8:sub_1182E8
0x00118320,0x00146320,0xA8034091,store,1,24,0x001182E8:sub_1182E8
0x001183C0,0x001463C0,0xA8036984,store,1,13,0x001183B4:sub_1183B4
0x00118414,0x00146414,0xA8036984,store,1,0,0x0011840C:sub_11840C
0x00118458,0x00146458,0xA8034091,load,1,8,0x00118418:sub_118418
0x00118464,0x00146464,0xA8034090,load,1,8,0x0011845C:sub_11845C
0x001184B0,0x001464B0,0xA8036984,load,1,8,0x001184A8:sub_1184A8
0x001184C4,0x001464C4,0xA8034093,load,1,24,0x001184A8:sub_1184A8
0x001184E8,0x001464E8,0xA8036984,load,1,8,0x001184A8:sub_1184A8
0x00118588,0x00146588,0xA8034091,load,1,24,0x001184A8:sub_1184A8
0x0011859C,0x0014659C,0xA8036984,load,1,8,0x00118594:sub_118594
0x001185B0,0x001465B0,0xA8034093,load,1,24,0x00118594:sub_118594
0x001185D4,0x001465D4,0xA8036984,load,1,8,0x00118594:sub_118594
0x00118674,0x00146674,0xA8034091,load,1,24,0x00118594:sub_118594
0x00118688,0x00146688,0xA8036984,load,1,8,0x00118680:sub_118680
0x0011869C,0x0014669C,0xA8034093,load,1,24,0x00118680:sub_118680
0x001186C0,0x001466C0,0xA8036984,load,1,8,0x00118680:sub_118680
0x00118764,0x00146764,0xA8034091,load,1,24,0x00118680:sub_118680
0x00118778,0x00146778,0xA8036984,load,1,8,0x00118770:sub_118770
0x0011878C,0x0014678C,0xA8034093,load,1,24,0x00118770:sub_118770
0x001187B0,0x001467B0,0xA8036984,load,1,8,0x00118770:sub_118770
0x00118854,0x00146854,0xA8034091,load,1,24,0x00118770:sub_118770
0x00118924,0x00146924,0xA8034093,store,1,24,0x00118918:sub_118918
0x00118928,0x00146928,0xA8034092,store,1,25,0x00118918:sub_118918
0x00118960,0x00146960,0xA8037F7D,load,1,9,0x00118918:sub_118918
0x00118964,0x00146964,0xA8037F7C,load,1,8,0x00118918:sub_118918
0x00118A28,0x00146A28,0xA8034092,store,1,24,0x001189D4:sub_1189D4
0x00118A2C,0x00146A2C,0xA8034093,store,1,25,0x001189D4:sub_1189D4
0x00118A64,0x00146A64,0xA8037F7D,load,1,9,0x001189D4:sub_1189D4
0x00118A68,0x00146A68,0xA8037F7C,load,1,8,0x001189D4:sub_1189D4
0x00118AB0,0x00146AB0,0xA8034093,load,1,8,0x00118A90:sub_118A90
0x00118B2C,0x00146B2C,0xA8036985,load,1,15,
0x00118BC0,0x00146BC0,0xA803A458,load,1,13,
0x00118BE4,0x00146BE4,0xA803A450,load,1,26,
0x00118BF0,0x00146BF0,0xA8036985,load,1,13,
0x00118D30,0x00146D30,0xA803A450,load,1,26,
0x00118D34,0x00146D34,0xA803A458,load,1,11,
0x00118D50,0x00146D50,0xA8036985,load,1,13,
0x00118DA4,0x00146DA4,0xA803A450,load,1,12,
0x00118DB0,0x00146DB0,0xA803A458,load,1,9,
0x00118DC8,0x00146DC8,0xA8036985,load,1,13,
0x00118E20,0x00146E20,0xA803A450,load,1,25,
0x00118E28,0x00146E28,0xA803A458,load,1,11,
0x00118E40,0x00146E40,0xA8036985,load,1,13,
0x00118E98,0x00146E98,0xA803A450,load,1,8,
0x00118EA0,0x00146EA0,0xA803A458,load,1,9,
0x00118EB8,0x00146EB8,0xA8036985,load,1,13,
0x00118F0C,0x00146F0C,0xA803A458,load,1,15,
0x00118F14,0x00146F14,0xA803A450,load,1,12,
0x00118F34,0x00146F34,0xA8036985,load,1,13,
0x00119044,0x00147044,0xA8034093,load,1,13,0x0011903C:sub_11903C
0x0011905C,0x0014705C,0xA8036984,load,1,8,0x0011903C:sub_11903C
0x00119070,0x00147070,0xA8036984,load,1,8,0x0011903C:sub_11903C
0x0011908C,0x0014708C,0xA8036984,load,1,8,0x0011903C:sub_11903C
0x00119110,0x00147110,0xA8034093,load,1,9,
0x0011911C,0x0014711C,0xA8036984,load,1,8,
0x001191AC,0x001471AC,0xA8034093,load,1,13,
0x00119204,0x00147204,0xA8036984,load,1,8,
0x00119218,0x00147218,0xA8036984,load,1,8,
0x0011922C,0x0014722C,0xA8036984,load,1,8,
0x0011925C,0x0014725C,0xA8034093,load,1,18,
0x00119288,0x00147288,0xA8036984,load,1,8,
0x001192B0,0x001472B0,0xA8036984,load,1,8,
0x001192BC,0x001472BC,0xA8036984,load,1,8,
0x00119394,0x00147394,0xA8034093,load,1,13,
0x001193AC,0x001473AC,0xA8036984,load,1,8,
0x001193C0,0x001473C0,0xA8036984,load,1,8,
0x001193D8,0x001473D8,0xA8036984,load,1,8,
0x00119408,0x00147408,0xA8034093,load,1,13,0x00119400:sub_119400
0x0011945C,0x0014745C,0xA8036984,load,1,8,0x00119400:sub_119400
0x00119470,0x00147470,0xA8036984,load,1,8,0x00119400:sub_119400
0x00119474,0x00147474,0xA8036984,load,1,24,0x00119400:sub_119400
0x0011948C,0x0014748C,0xA8036984,load,1,8,0x00119400:sub_119400
0x001194A0,0x001474A0,0xA8036984,load,1,8,0x00119400:sub_119400
0x001194A4,0x001474A4,0xA8036984,load,1,24,0x00119400:sub_119400
0x001194C0,0x001474C0,0xA8034093,load,1,13,0x001194B8:sub_1194B8
0x001194EC,0x001474EC,0xA8036984,load,1,8,0x001194B8:sub_1194B8
0x00119500,0x00147500,0xA8036984,load,1,8,0x001194B8:sub_1194B8
0x0011950C,0x0014750C,0xA8036984,load,1,8,0x001194B8:sub_1194B8
0x00119510,0x00147510,0xA8036984,load,1,8,0x001194B8:sub_1194B8
0x00119520,0x00147520,0xA8036984,load,1,24,0x001194B8:sub_1194B8
0x00119788,0x00147788,0xA8036985,store,1,24,0x0011977C:sub_11977C
0x001198CC,0x001478CC,0xA8036984,load,1,8,
0x001198F4,0x001478F4,0xA8036984,load,1,8,
0x00119900,0x00147900,0xA8036984,load,1,8,
0x00119A44,0x00147A44,0xA8036984,store,1,13,
0x00119A64,0x00147A64,0xA8036984,load,1,8,0x00119A58:sub_119A58
0x00119A74,0x00147A74,0xA8036984,load,1,8,0x00119A58:sub_119A58
0x00119A78,0x00147A78,0xA8036984,load,1,8,0x00119A58:sub_119A58
0x00119B68,0x00147B68,0xA8036984,load,1,8,
0x00119B78,0x00147B78,0xA8036984,load,1,8,
0x00119B84,0x00147B84,0xA8036984,load,1,8,
0x00119C4C,0x00147C4C,0xA8036984,load,1,10,0x00119C30:sub_119C30
0x00119C64,0x00147C64,0xA8036984,load,1,10,0x00119C30:sub_119C30
0x00119C74,0x00147C74,0xA8036984,load,1,26,0x00119C30:sub_119C30
0x00119D08,0x00147D08,0xA8034093,load,1,18,0x00119C84:sub_119C84
0x00119E20,0x00147E20,0xA8036984,load,1,8,0x00119C84:sub_119C84
0x00119E34,0x00147E34,0xA8036984,load,1,8,0x00119C84:sub_119C84
0x00119E40,0x00147E40,0xA8036984,load,1,8,0x00119C84:sub_119C84
0x00119EE8,0x00147EE8,0xA8034093,load,1,19,0x00119E74:sub_119E74
0x00119F70,0x00147F70,0xA8036984,load,1,8,0x00119E74:sub_119E74
0x00119FE0,0x00147FE0,0xA8037B9D,load,1,8,0x00119E74:sub_119E74
0x0011A05C,0x0014805C,0xA8036984,load,1,8,0x00119E74:sub_119E74
0x0011A11C,0x0014811C,0xA8034093,load,1,18,0x0011A0AC:sub_11A0AC
0x0011A194,0x00148194,0xA8036984,load,1,8,0x0011A0AC:sub_11A0AC
0x0011A210,0x00148210,0xA8036984,load,1,8,0x0011A0AC:sub_11A0AC
0x0011A224,0x00148224,0xA8036984,load,1,8,0x0011A0AC:sub_11A0AC
0x0011A230,0x00148230,0xA8036984,load,1,8,0x0011A0AC:sub_11A0AC
0x0011A2D8,0x001482D8,0xA8034093,load,1,19,0x0011A264:sub_11A264
0x0011A598,0x00148598,0xA8036984,load,1,8,0x0011A4BC:sub_11A4BC
0x0011A59C,0x0014859C,0xA8036984,load,1,8,0x0011A4BC:sub_11A4BC
0x0011A5A8,0x001485A8,0xA8036984,load,1,8,0x0011A4BC:sub_11A4BC
0x0011BFB4,0x00149FB4,0xA8036988,store,1,27,0x0011BDD0:sub_11BDD0
0x0011D930,0x0014B930,0xA803B224,load,1,13,0x0011D8C4:sub_11D8C4
0x0011D974,0x0014B974,0xA8037D2C,load,4,9,0x0011D8C4:sub_11D8C4
0x0011DA40,0x0014BA40,0xA803B21E,load,1,12,
0x0011DA60,0x0014BA60,0xA8037D2C,load,4,9,
0x0011DA7C,0x0014BA7C,0xA803B21E,load,1,8,
0x0011DA9C,0x0014BA9C,0xA8037D2C,load,4,9,
0x0011DAB8,0x0014BAB8,0xA803B21E,load,1,9,
0x0011DAD8,0x0014BAD8,0xA8037D2C,load,4,9,
0x0011DAF4,0x0014BAF4,0xA803B21E,load,1,10,
0x0011DB04,0x0014BB04,0xA8037D2C,load,4,9,
0x0011DB30,0x0014BB30,0xA803B21E,load,1,13,
0x0011DB48,0x0014BB48,0xA8037D2C,load,4,9,
0x0011DB6C,0x0014BB6C,0xA803B21E,load,1,8,
0x0011DB80,0x0014BB80,0xA8037D2C,load,4,9,
0x0011DBA8,0x0014BBA8,0xA803B21E,load,1,9,
0x0011DBBC,0x0014BBBC,0xA8037D2C,load,4,9,
0x0011DDC8,0x0014BDC8,0xA803B225,load,1,13,0x0011DDA4:sub_11DDA4
0x0011DE30,0x0014BE30,0xA8037F87,store,1,0,0x0011DE08:sub_11DE08
0x0011DE40,0x0014BE40,0xA8037F87,store,1,13,0x0011DE08:sub_11DE08
0x0011DE50,0x0014BE50,0xA8037F87,store,1,13,0x0011DE08:sub_11DE08
0x0011DE60,0x0014BE60,0xA8037F87,store,1,13,0x0011DE08:sub_11DE08
0x0011DE70,0x0014BE70,0xA8037F87,store,1,13,0x0011DE08:sub_11DE08
0x0011DE80,0x0014BE80,0xA8037F87,store,1,13,0x0011DE08:sub_11DE08
0x0011DE90,0x0014BE90,0xA8037F87,store,1,13,0x0011DE08:sub_11DE08
0x0011DEA0,0x0014BEA0,0xA8037F87,store,1,13,0x0011DE08:sub_11DE08
0x0011DEB0,0x0014BEB0,0xA8037F87,store,1,13,0x0011DE08:sub_11DE08
0x0011DEC0,0x0014BEC0,0xA8037F87,store,1,13,0x0011DE08:sub_11DE08
0x0011DECC,0x0014BECC,0xA8037F87,store,1,13,0x0011DE08:sub_11DE08
0x0011E2D8,0x0014C2D8,0xA803B21E,load,1,15,0x0011E2A8:sub_11E2A8
0x0011E300,0x0014C300,0xA8037D2C,load,4,9,0x0011E2A8:sub_11E2A8
0x0011E354,0x0014C354,0xA803B21E,load,1,13,0x0011E320:sub_11E320
0x0011E378,0x0014C378,0xA8037D2C,load,4,9,0x0011E320:sub_11E320
0x0011E3D8,0x0014C3D8,0xA803B21E,load,1,13,0x0011E3A4:sub_11E3A4
0x0011E3FC,0x0014C3FC,0xA8037D2C,load,4,9,0x0011E3A4:sub_11E3A4
0x0011E45C,0x0014C45C,0xA803B21E,load,1,13,0x0011E428:sub_11E428
0x0011E480,0x0014C480,0xA8037D2C,load,4,9,0x0011E428:sub_11E428
0x0011E4E0,0x0014C4E0,0xA803B21E,load,1,13,0x0011E4AC:sub_11E4AC
0x0011E504,0x0014C504,0xA8037D2C,load,4,9,0x0011E4AC:sub_11E4AC
0x0011E564,0x0014C564,0xA803B21E,load,1,13,0x0011E530:sub_11E530
0x0011E588,0x0014C588,0xA8037D2C,load,4,9,0x0011E530:sub_11E530
0x0011E5D0,0x0014C5D0,0xA8037F8E,store,1,0,0x0011E5B4:sub_11E5B4
0x0011E6F4,0x0014C6F4,0xA8037F8E,store,1,8,0x0011E5B4:sub_11E5B4
0x0011E710,0x0014C710,0xA8037F8E,store,1,1,0x0011E5B4:sub_11E5B4
0x0011E720,0x0014C720,0xA8037F9F,store,1,1,0x0011E5B4:sub_11E5B4
0x0011E898,0x0014C898,0xA8037F9F,store,1,1,0x0011E808:sub_11E808
0x0011E8B4,0x0014C8B4,0xA8037F8E,load,1,13,0x0011E808:sub_11E808
0x0011E95C,0x0014C95C,0xA8037FA0,load,4,8,0x0011E93C:sub_11E93C
0x0011E970,0x0014C970,0xA8037FA0,store,4,1,0x0011E93C:sub_11E93C
0x0011E988,0x0014C988,0xA8037F8E,load,1,24,0x0011E93C:sub_11E93C
0x0011E9B0,0x0014C9B0,0xA8037FA0,load,4,13,0x0011E93C:sub_11E93C
0x0011E9C4,0x0014C9C4,0xA8037FA0,store,4,15,0x0011E93C:sub_11E93C
0x0011E9E4,0x0014C9E4,0xA8037F8E,load,1,24,0x0011E93C:sub_11E93C
0x0011EA4C,0x0014CA4C,0xA8037FA0,load,4,9,0x0011E93C:sub_11E93C
0x0011EA64,0x0014CA64,0xA8037FA0,store,4,15,0x0011E93C:sub_11E93C
0x0011EAC4,0x0014CAC4,0xA803AD20,load,1,1,0x0011EAC0:sub_11EAC0
0x0011EB7C,0x0014CB7C,0xA803B21E,load,1,13,0x0011EB44:sub_11EB44
0x0011EBB4,0x0014CBB4,0xA8037D2C,load,4,9,0x0011EB44:sub_11EB44
0x0011EC38,0x0014CC38,0xA803B21E,load,1,13,0x0011EBCC:sub_11EBCC
0x0011EC58,0x0014CC58,0xA8037D2C,load,4,9,0x0011EBCC:sub_11EBCC
0x0011ED94,0x0014CD94,0xA803B21E,load,1,13,0x0011ED60:sub_11ED60
0x0011EDCC,0x0014CDCC,0xA8037D2C,load,4,9,0x0011ED60:sub_11ED60
0x0011EE34,0x0014CE34,0xA803B21E,load,1,13,0x0011EDFC:sub_11EDFC
0x0011EE90,0x0014CE90,0xA803AD5A,load,1,8,0x0011EDFC:sub_11EDFC
0x0011EEDC,0x0014CEDC,0xA8037D2C,load,4,9,0x0011EDFC:sub_11EDFC
0x0011EFB8,0x0014CFB8,0xA803B21E,load,1,13,0x0011EF80:sub_11EF80
0x0011F034,0x0014D034,0xA8037D2C,load,4,9,0x0011EF80:sub_11EF80
0x0011F0A4,0x0014D0A4,0xA803B21E,load,1,13,0x0011F06C:sub_11F06C
0x0011F118,0x0014D118,0xA8037D2C,load,4,9,0x0011F06C:sub_11F06C
0x0011F1DC,0x0014D1DC,0xA803B21E,load,1,13,0x0011F1A4:sub_11F1A4
0x0011F310,0x0014D310,0xA803B21E,load,1,16,0x0011F1A4:sub_11F1A4
0x0011F32C,0x0014D32C,0xA8037D2C,load,4,9,0x0011F1A4:sub_11F1A4
0x0011F408,0x0014D408,0xA8037D2C,load,4,9,0x0011F1A4:sub_11F1A4
0x0011F474,0x0014D474,0xA803B21E,load,1,13,0x0011F43C:sub_11F43C
0x0011F4F0,0x0014D4F0,0xA803B21E,load,1,12,0x0011F43C:sub_11F43C
0x0011F568,0x0014D568,0xA803B21E,load,1,13,0x0011F43C:sub_11F43C
0x0011F5A4,0x0014D5A4,0xA803B21E,load,1,15,0x0011F43C:sub_11F43C
0x0011F63C,0x0014D63C,0xA803B21E,load,1,17,0x0011F43C:sub_11F43C
0x0011F654,0x0014D654,0xA8037D2C,load,4,25,0x0011F43C:sub_11F43C
0x0011F6D8,0x0014D6D8,0xA8037D2C,load,4,9,0x0011F43C:sub_11F43C
0x0011F704,0x0014D704,0xA8037D2C,load,4,9,0x0011F43C:sub_11F43C
0x0011F73C,0x0014D73C,0xA8037D2C,load,4,9,0x0011F43C:sub_11F43C
0x0011F884,0x0014D884,0xA803AF76,load,2,11,0x0011F868:sub_11F868
0x0011F888,0x0014D888,0xA803AF74,load,2,10,0x0011F868:sub_11F868
0x0011FA98,0x0014DA98,0xA80369A5,store,1,13,0x0011F9B0:sub_11F9B0
0x0011FAF4,0x0014DAF4,0xA80369A6,store,1,8,0x0011F9B0:sub_11F9B0
0x0011FB08,0x0014DB08,0xA80369A7,store,1,8,0x0011F9B0:sub_11F9B0
0x0011FB1C,0x0014DB1C,0xA80369A8,store,1,8,0x0011F9B0:sub_11F9B0
0x0011FB30,0x0014DB30,0xA80369AD,store,1,8,0x0011F9B0:sub_11F9B0
0x0011FBA4,0x0014DBA4,0xA80369A3,store,1,8,0x0011F9B0:sub_11F9B0
0x0011FBB8,0x0014DBB8,0xA80369A4,store,1,8,0x0011F9B0:sub_11F9B0
0x0011FBCC,0x0014DBCC,0xA80369A2,store,1,8,0x0011F9B0:sub_11F9B0
0x0011FBEC,0x0014DBEC,0xA80369A9,store,1,8,0x0011F9B0:sub_11F9B0
0x0011FEAC,0x0014DEAC,0xA80369AB,store,1,9,0x0011F9B0:sub_11F9B0
0x0011FF08,0x0014DF08,0xA80369AA,store,1,10,0x0011F9B0:sub_11F9B0
0x0011FFA8,0x0014DFA8,0xA80369AA,load,1,10,0x0011F9B0:sub_11F9B0
0x0011FFB4,0x0014DFB4,0xA80369A3,load,1,10,0x0011F9B0:sub_11F9B0
0x0011FFC8,0x0014DFC8,0xA80369A2,load,1,10,0x0011F9B0:sub_11F9B0
0x0011FFE8,0x0014DFE8,0xA80369A4,load,1,10,0x0011F9B0:sub_11F9B0
0x0012000C,0x0014E00C,0xA80369A9,load,1,10,0x0011F9B0:sub_11F9B0
0x00120058,0x0014E058,0xA80369A5,load,1,12,0x0011F9B0:sub_11F9B0
0x00120064,0x0014E064,0xA80369A5,store,1,0,0x0011F9B0:sub_11F9B0
0x0012006C,0x0014E06C,0xA80369A6,load,1,10,0x0011F9B0:sub_11F9B0
0x00120080,0x0014E080,0xA80369A7,load,1,10,0x0011F9B0:sub_11F9B0
0x00120094,0x0014E094,0xA80369A8,load,1,10,0x0011F9B0:sub_11F9B0
0x001200A8,0x0014E0A8,0xA80369AD,load,1,10,0x0011F9B0:sub_11F9B0
0x001200BC,0x0014E0BC,0xA80369AB,load,1,15,0x0011F9B0:sub_11F9B0
0x001200D0,0x0014E0D0,0xA80369AC,load,1,15,0x0011F9B0:sub_11F9B0
0x0012014C,0x0014E14C,0xA803AF76,load,2,11,0x0011F9B0:sub_11F9B0
0x00120154,0x0014E154,0xA803AF74,load,2,10,0x0011F9B0:sub_11F9B0
0x00120590,0x0014E590,0xA80369AC,store,1,10,0x0011F9B0:sub_11F9B0
0x001205C8,0x0014E5C8,0xA803699C,load,1,13,
0x001205E4,0x0014E5E4,0xA803699C,store,1,13,
0x00120600,0x0014E600,0xA803699C,load,1,9,0x001205E8:sub_1205E8
0x00120604,0x0014E604,0xA803699C,store,1,0,0x001205E8:sub_1205E8
0x00120618,0x0014E618,0xA80369A1,load,1,8,
0x00120644,0x0014E644,0xA803699C,load,1,15,0x0012061C:sub_12061C
0x0012065C,0x0014E65C,0xA803699C,store,1,1,0x0012061C:sub_12061C
0x00120698,0x0014E698,0xA803699E,load,2,8,0x00120690:sub_120690
0x001206A4,0x0014E6A4,0xA803699E,load,2,12,0x0012069C:sub_12069C
0x001206BC,0x0014E6BC,0xA803699E,store,2,8,0x001206B4:sub_1206B4
0x001206C8,0x0014E6C8,0xA80369A0,load,2,8,0x001206C0:sub_1206C0
0x00120754,0x0014E754,0xA803699E,store,2,0,0x001206F4:sub_1206F4
0x00120758,0x0014E758,0xA80369A0,store,2,0,0x001206F4:sub_1206F4
0x0012075C,0x0014E75C,0xA803699C,store,1,0,0x001206F4:sub_1206F4
0x00120760,0x0014E760,0xA8036999,store,1,0,0x001206F4:sub_1206F4
0x00120764,0x0014E764,0xA8036998,store,1,0,0x001206F4:sub_1206F4
0x00120768,0x0014E768,0xA8036990,store,2,0,0x001206F4:sub_1206F4
0x0012076C,0x0014E76C,0xA8038041,store,1,0,0x001206F4:sub_1206F4
0x00120770,0x0014E770,0xA8038040,store,1,0,0x001206F4:sub_1206F4
0x00120774,0x0014E774,0xA8038160,store,1,0,0x001206F4:sub_1206F4
0x00120778,0x0014E778,0xA803699B,store,1,0,0x001206F4:sub_1206F4
0x00120828,0x0014E828,0xA8038041,store,1,0,0x00120790:sub_120790
0x00120830,0x0014E830,0xA8038043,store,1,0,0x00120790:sub_120790
0x00120834,0x0014E834,0xA8038042,store,1,0,0x00120790:sub_120790
0x00120838,0x0014E838,0xA8036998,store,1,0,0x00120790:sub_120790
0x0012083C,0x0014E83C,0xA803699E,store,2,0,0x00120790:sub_120790
0x00120840,0x0014E840,0xA80369A0,store,2,0,0x00120790:sub_120790
0x00120844,0x0014E844,0xA803699C,store,1,0,0x00120790:sub_120790
0x00120848,0x0014E848,0xA8036999,store,1,0,0x00120790:sub_120790
0x0012084C,0x0014E84C,0xA8036990,store,2,0,0x00120790:sub_120790
0x00120854,0x0014E854,0xA8038160,store,1,0,0x00120790:sub_120790
0x00120CF4,0x0014ECF4,0xA803B21F,load,1,12,0x00120BC0:sub_120BC0
0x00120EE4,0x0014EEE4,0xA8037D2C,load,4,9,0x00120BC0:sub_120BC0
0x001213B0,0x0014F3B0,0xA803B21F,load,1,13,0x00121328:sub_121328
0x00121408,0x0014F408,0xA803B21F,load,1,16,0x00121328:sub_121328
0x001214B8,0x0014F4B8,0xA8037D2C,load,4,9,0x00121328:sub_121328
0x001218C4,0x0014F8C4,0xA803B21F,load,1,13,0x001218A8:sub_1218A8
0x00121960,0x0014F960,0xA803B21F,load,1,8,0x001218A8:sub_1218A8
0x00121984,0x0014F984,0xA803B21F,load,1,21,0x001218A8:sub_1218A8
0x00121A8C,0x0014FA8C,0xA8037D2C,load,4,9,0x001218A8:sub_1218A8
0x00121AD0,0x0014FAD0,0xA8037D2C,load,4,9,0x001218A8:sub_1218A8
0x00121B1C,0x0014FB1C,0xA8037D2C,load,4,9,0x001218A8:sub_1218A8
0x00121B60,0x0014FB60,0xA8037D2C,load,4,9,0x001218A8:sub_1218A8
0x00121BB0,0x0014FBB0,0xA8037D2C,load,4,9,0x001218A8:sub_1218A8
0x00121D38,0x0014FD38,0xA80369B2,load,2,8,0x00121D14:sub_121D14
0x00121D44,0x0014FD44,0xA80369B0,load,2,8,0x00121D3C:sub_121D3C
0x00121D58,0x0014FD58,0xA80369B0,store,2,25,0x00121D48:sub_121D48
0x00121D5C,0x0014FD5C,0xA80369B2,store,2,24,0x00121D48:sub_121D48
0x00121D8C,0x0014FD8C,0xA80369B2,store,2,8,0x00121D84:sub_121D84
0x00121DAC,0x0014FDAC,0xA80369B0,store,2,8,0x00121DA4:sub_121DA4
0x00121E0C,0x0014FE0C,0xA8037F4A,load,2,8,0x00121DEC:sub_121DEC
0x00121E88,0x0014FE88,0xA803A4A0,load,4,9,0x00121DEC:sub_121DEC
0x00121EA0,0x0014FEA0,0xA803A4DC,load,4,15,0x00121DEC:sub_121DEC
0x0012201C,0x0015001C,0xA803B21F,load,1,1,0x00122010:sub_122010
0x00122140,0x00150140,0xA8034094,load,1,1,0x00122128:sub_122128
0x00122158,0x00150158,0xA8034094,store,1,8,0x00122128:sub_122128
0x0012273C,0x0015073C,0xA803B21E,load,1,9,
0x00122760,0x00150760,0xA803B21E,load,1,13,
0x00122778,0x00150778,0xA803B21E,load,1,13,
0x00122788,0x00150788,0xA8037D2C,load,4,9,
0x001227C4,0x001507C4,0xA8037D2C,load,4,9,
0x00122894,0x00150894,0xA803B21E,load,1,9,
0x00122904,0x00150904,0xA8037D2C,load,4,9,
0x00122974,0x00150974,0xA8037D2C,load,4,9,
0x0012299C,0x0015099C,0xA8037F8D,store,1,8,
0x001229B8,0x001509B8,0xA8037F90,store,1,8,
0x00122A54,0x00150A54,0xA803B21E,load,1,9,0x001229F8:sub_1229F8
0x00122AB8,0x00150AB8,0xA8037D2C,load,4,9,0x001229F8:sub_1229F8
0x00122AE4,0x00150AE4,0xA8037D2C,load,4,9,0x001229F8:sub_1229F8
0x00122B4C,0x00150B4C,0xA8037D2C,load,4,9,0x001229F8:sub_1229F8
0x00122BE4,0x00150BE4,0xA803B21E,load,1,15,0x00122B74:sub_122B74
0x00122C38,0x00150C38,0xA8037D2C,load,4,9,0x00122B74:sub_122B74
0x00122C90,0x00150C90,0xA803B21E,load,1,13,0x00122C60:sub_122C60
0x00122CBC,0x00150CBC,0xA8037D2C,load,4,9,0x00122C60:sub_122C60
0x00122D18,0x00150D18,0xA803B21E,load,1,13,0x00122CE8:sub_122CE8
0x00122D44,0x00150D44,0xA8037D2C,load,4,9,0x00122CE8:sub_122CE8
0x00122DA0,0x00150DA0,0xA803B21E,load,1,13,0x00122D70:sub_122D70
0x00122DCC,0x00150DCC,0xA8037D2C,load,4,9,0x00122D70:sub_122D70
0x00122E28,0x00150E28,0xA803B21E,load,1,13,0x00122DF8:sub_122DF8
0x00122E54,0x00150E54,0xA8037D2C,load,4,9,0x00122DF8:sub_122DF8
0x00122EB0,0x00150EB0,0xA803B21E,load,1,13,0x00122E80:sub_122E80
0x00122EDC,0x00150EDC,0xA8037D2C,load,4,9,0x00122E80:sub_122E80
0x00122F34,0x00150F34,0xA803B21E,load,1,9,0x00122F08:sub_122F08
0x00122F58,0x00150F58,0xA803B21E,load,1,13,0x00122F08:sub_122F08
0x00122F70,0x00150F70,0xA803B21E,load,1,13,0x00122F08:sub_122F08
0x00122F80,0x00150F80,0xA8037D2C,load,4,9,0x00122F08:sub_122F08
0x00122FBC,0x00150FBC,0xA8037D2C,load,4,9,0x00122F08:sub_122F08
0x0012303C,0x0015103C,0xA803B21E,load,1,9,0x00123010:sub_123010
0x00123060,0x00151060,0xA803B21E,load,1,13,0x00123010:sub_123010
0x00123078,0x00151078,0xA803B21E,load,1,13,0x00123010:sub_123010
0x00123088,0x00151088,0xA8037D2C,load,4,9,0x00123010:sub_123010
0x001230C4,0x001510C4,0xA8037D2C,load,4,9,0x00123010:sub_123010
0x001231C8,0x001511C8,0xA803B21E,load,1,9,0x0012319C:sub_12319C
0x00123250,0x00151250,0xA803B21E,load,1,13,0x0012319C:sub_12319C
0x00123260,0x00151260,0xA8037D2C,load,4,9,0x0012319C:sub_12319C
0x001232A4,0x001512A4,0xA8037D2C,load,4,9,0x0012319C:sub_12319C
0x00123388,0x00151388,0xA803B21E,load,1,9,0x0012336C:sub_12336C
0x001233D4,0x001513D4,0xA8037D2C,load,4,9,0x0012336C:sub_12336C
0x00123410,0x00151410,0xA8037D2C,load,4,9,0x0012336C:sub_12336C
0x00123488,0x00151488,0xA803B21E,load,1,9,0x0012345C:sub_12345C
0x001234AC,0x001514AC,0xA803B21E,load,1,13,0x0012345C:sub_12345C
0x001234C4,0x001514C4,0xA803B21E,load,1,13,0x0012345C:sub_12345C
0x001234D4,0x001514D4,0xA8037D2C,load,4,9,0x0012345C:sub_12345C
0x00123510,0x00151510,0xA8037D2C,load,4,9,0x0012345C:sub_12345C
0x00123690,0x00151690,0xA803B21E,load,1,24,0x00123620:sub_123620
0x0012369C,0x0015169C,0xA803B21E,load,1,13,0x00123620:sub_123620
0x001236BC,0x001516BC,0xA803B21E,load,1,26,0x00123620:sub_123620
0x001236FC,0x001516FC,0xA8037D2C,load,4,9,0x00123620:sub_123620
0x00123720,0x00151720,0xA8037D2C,load,4,9,0x00123620:sub_123620
0x00123744,0x00151744,0xA8037D2C,load,4,9,0x00123620:sub_123620
0x00123760,0x00151760,0xA803B21E,load,1,9,0x00123620:sub_123620
0x0012377C,0x0015177C,0xA8037D2C,load,4,25,0x00123620:sub_123620
0x001237C8,0x001517C8,0xA8037BD1,store,1,12,0x0012379C:sub_12379C
0x001237D0,0x001517D0,0xA8037BD0,store,1,13,0x0012379C:sub_12379C
0x001237D8,0x001517D8,0xA8037BD0,store,1,12,0x0012379C:sub_12379C
0x00123AF0,0x00151AF0,0xA803B21E,load,1,9,0x00123AC4:sub_123AC4
0x00123B58,0x00151B58,0xA803B21E,load,1,13,0x00123AC4:sub_123AC4
0x00123B68,0x00151B68,0xA8037D2C,load,4,9,0x00123AC4:sub_123AC4
0x00123BC0,0x00151BC0,0xA8037D2C,load,4,9,0x00123AC4:sub_123AC4
0x00123F30,0x00151F30,0xA8037F90,load,1,11,0x00123EF0:sub_123EF0
0x00123F40,0x00151F40,0xA8037F91,load,1,12,0x00123EF0:sub_123EF0
0x0012418C,0x0015218C,0xA803B0D4,load,4,8,0x00124184:sub_124184
0x001241A4,0x001521A4,0xA803B21E,load,1,11,0x00124184:sub_124184
0x001241D0,0x001521D0,0xA8037D2C,load,4,9,0x00124184:sub_124184
0x001241F0,0x001521F0,0xA803B0D4,load,4,8,0x001241E8:sub_1241E8
0x00124208,0x00152208,0xA803B21E,load,1,11,0x001241E8:sub_1241E8
0x00124234,0x00152234,0xA8037D2C,load,4,9,0x001241E8:sub_1241E8
0x00124254,0x00152254,0xA803B0D4,load,4,8,0x0012424C:sub_12424C
0x0012426C,0x0015226C,0xA803B21E,load,1,11,0x0012424C:sub_12424C
0x00124298,0x00152298,0xA8037D2C,load,4,9,0x0012424C:sub_12424C
0x001242B8,0x001522B8,0xA803B0D4,load,4,8,0x001242B0:sub_1242B0
0x001242D0,0x001522D0,0xA803B21E,load,1,11,0x001242B0:sub_1242B0
0x001242FC,0x001522FC,0xA8037D2C,load,4,9,0x001242B0:sub_1242B0
0x00124318,0x00152318,0xA803B0D4,load,4,12,0x00124314:sub_124314
0x00124330,0x00152330,0xA803B0D4,store,4,1,0x00124314:sub_124314
0x00124834,0x00152834,0xA803B21E,load,1,13,0x00124804:sub_124804
0x0012489C,0x0015289C,0xA8037D2C,load,4,9,0x00124804:sub_124804
0x001248CC,0x001528CC,0xA803B229,load,1,13,0x001248BC:sub_1248BC
0x00124900,0x00152900,0xA803B229,load,1,13,0x001248F0:sub_1248F0
0x001249A4,0x001529A4,0xA803B0D4,load,4,24,0x00124924:sub_124924
0x001249B0,0x001529B0,0xA803B0D4,store,4,16,0x00124924:sub_124924
0x001249C0,0x001529C0,0xA803B0D4,load,4,11,0x00124924:sub_124924
0x001249CC,0x001529CC,0xA803B0D4,store,4,13,0x00124924:sub_124924
0x00124A58,0x00152A58,0xA803B225,load,1,13,0x00124A20:sub_124A20
0x00124A74,0x00152A74,0xA8037D2C,load,4,25,0x00124A20:sub_124A20
0x00124C00,0x00152C00,0xA80395AC,load,4,1,0x00124BC8:sub_124BC8
0x00124C24,0x00152C24,0xA8039570,store,4,15,0x00124BC8:sub_124BC8
0x00124C34,0x00152C34,0xA8039574,store,4,11,0x00124BC8:sub_124BC8
0x00124D54,0x00152D54,0xA803957C,load,4,9,0x00124D40:sub_124D40
0x00124D58,0x00152D58,0xA8039582,load,2,11,0x00124D40:sub_124D40
0x00124D68,0x00152D68,0xA803957E,load,2,10,0x00124D40:sub_124D40
0x00124D6C,0x00152D6C,0xA8039580,load,4,11,0x00124D40:sub_124D40
0x00124D7C,0x00152D7C,0xA803957C,load,4,15,0x00124D40:sub_124D40
0x00124DD4,0x00152DD4,0xA803957C,load,4,13,0x00124DC4:sub_124DC4
0x00124DDC,0x00152DDC,0xA8039582,load,2,11,0x00124DC4:sub_124DC4
0x00124DE0,0x00152DE0,0xA803957E,load,2,10,0x00124DC4:sub_124DC4
0x00124E0C,0x00152E0C,0xA803958C,load,4,9,0x00124DF8:sub_124DF8
0x00124E10,0x00152E10,0xA8039592,load,2,11,0x00124DF8:sub_124DF8
0x00124E20,0x00152E20,0xA803958E,load,2,10,0x00124DF8:sub_124DF8
0x00124E24,0x00152E24,0xA8039590,load,4,11,0x00124DF8:sub_124DF8
0x00124E34,0x00152E34,0xA803958C,load,4,15,0x00124DF8:sub_124DF8
0x00124E8C,0x00152E8C,0xA803958C,load,4,13,0x00124E7C:sub_124E7C
0x00124E94,0x00152E94,0xA8039592,load,2,11,0x00124E7C:sub_124E7C
0x00124E98,0x00152E98,0xA803958E,load,2,10,0x00124E7C:sub_124E7C
0x00124EC4,0x00152EC4,0xA8039584,load,4,9,0x00124E7C:sub_124E7C
0x00124EC8,0x00152EC8,0xA803958A,load,2,11,0x00124E7C:sub_124E7C
0x00124ED8,0x00152ED8,0xA8039586,load,2,10,0x00124E7C:sub_124E7C
0x00124EDC,0x00152EDC,0xA8039588,load,4,11,0x00124E7C:sub_124E7C
0x00124EEC,0x00152EEC,0xA8039584,load,4,15,0x00124E7C:sub_124E7C
0x00124F44,0x00152F44,0xA8039588,load,4,1,0x00124F34:sub_124F34
0x00124F68,0x00152F68,0xA803B21E,load,1,9,0x00124F34:sub_124F34
0x00124FA0,0x00152FA0,0xA8037D2C,load,4,9,0x00124F34:sub_124F34
0x00124FCC,0x00152FCC,0xA8037D2C,load,4,9,0x00124F34:sub_124F34
0x00124FF4,0x00152FF4,0xA8037D2C,load,4,25,0x00124F34:sub_124F34
0x00125020,0x00153020,0xA803959C,load,4,9,0x0012500C:sub_12500C
0x00125024,0x00153024,0xA80395A2,load,2,11,0x0012500C:sub_12500C
0x00125034,0x00153034,0xA803959E,load,2,10,0x0012500C:sub_12500C
0x00125038,0x00153038,0xA80395A0,load,4,11,0x0012500C:sub_12500C
0x00125048,0x00153048,0xA803959C,load,4,15,0x0012500C:sub_12500C
0x001250A0,0x001530A0,0xA803959C,load,4,13,0x00125090:sub_125090
0x001250A8,0x001530A8,0xA80395A2,load,2,11,0x00125090:sub_125090
0x001250AC,0x001530AC,0xA803959E,load,2,10,0x00125090:sub_125090
0x001250D8,0x001530D8,0xA80395A4,load,4,9,0x001250C4:sub_1250C4
0x001250DC,0x001530DC,0xA80395AA,load,2,11,0x001250C4:sub_1250C4
0x001250EC,0x001530EC,0xA80395A6,load,2,10,0x001250C4:sub_1250C4
0x001250F0,0x001530F0,0xA80395A8,load,4,11,0x001250C4:sub_1250C4
0x00125100,0x00153100,0xA80395A4,load,4,15,0x001250C4:sub_1250C4
0x00125158,0x00153158,0xA80395A4,load,4,13,0x00125148:sub_125148
0x00125160,0x00153160,0xA80395AA,load,2,11,0x00125148:sub_125148
0x00125164,0x00153164,0xA80395A6,load,2,10,0x00125148:sub_125148
0x0012527C,0x0015327C,0xA803ADC0,load,1,1,0x001251E4:sub_1251E4
0x00125298,0x00153298,0xA803ADC0,store,1,25,0x001251E4:sub_1251E4
0x0012529C,0x0015329C,0xA803ADC0,load,4,25,0x001251E4:sub_1251E4
0x001252A0,0x001532A0,0xA803ADC4,load,4,11,0x001251E4:sub_1251E4
0x001257DC,0x001537DC,0xA8039FB0,load,4,12,0x0012579C:sub_12579C
0x00125820,0x00153820,0xA8039FB0,load,4,13,0x0012579C:sub_12579C
0x001259AC,0x001539AC,0xA8039FB0,load,4,1,0x0012579C:sub_12579C
0x001259C0,0x001539C0,0xA8039FB0,store,4,1,0x0012579C:sub_12579C
0x00125A74,0x00153A74,0xA8039FB5,store,1,17,0x0012579C:sub_12579C
0x00125E90,0x00153E90,0xA80369BC,load,4,10,
0x00125E9C,0x00153E9C,0xA80369BC,store,4,1,
0x00125EA0,0x00153EA0,0xA80369BC,load,4,1,
0x00125EA8,0x00153EA8,0xA80369BC,store,4,12,
0x00125EB8,0x00153EB8,0xA80369BC,load,4,1,0x00125EB4:sub_125EB4
0x00125F08,0x00153F08,0xA80340A8,load,4,1,0x00125EC8:sub_125EC8
0x00125F58,0x00153F58,0xA80369BA,load,1,8,
0x00125F64,0x00153F64,0xA80369B9,load,1,8,
0x00125F90,0x00153F90,0xA80369B9,store,1,10,0x00125F68:sub_125F68
0x00126004,0x00154004,0xA80369BA,store,1,0,0x00125F68:sub_125F68
0x00126008,0x00154008,0xA80369B9,store,1,0,0x00125F68:sub_125F68
0x0012608C,0x0015408C,0xA80369BA,store,1,13,0x00125F68:sub_125F68
0x00126098,0x00154098,0xA80369B8,load,1,8,
0x001260A4,0x001540A4,0xA80369B4,load,4,8,
0x001260B0,0x001540B0,0xA80369B8,store,1,8,
0x001260C8,0x001540C8,0xA80369B8,store,1,0,
0x001260CC,0x001540CC,0xA80369B8,store,1,8,
0x001260D8,0x001540D8,0xA80369B4,store,4,9,
0x00127014,0x00155014,0xA80340B4,store,4,11,
0x0012701C,0x0015501C,0xA80340B4,load,4,8,
0x00127284,0x00155284,0xA80369D0,load,1,1,
0x00127298,0x00155298,0xA803A148,store,4,0,
0x001272C0,0x001552C0,0xA80369F4,store,4,0,
0x00127348,0x00155348,0xA80369D4,load,4,8,
0x0012735C,0x0015535C,0xA80369D0,load,1,1,
0x00127370,0x00155370,0xA80369D4,load,4,9,
0x00127384,0x00155384,0xA80369D8,load,4,15,
0x001273B8,0x001553B8,0xA80369D0,load,1,1,
0x001273DC,0x001553DC,0xA80369F0,store,4,25,
0x001273E4,0x001553E4,0xA80369F4,store,4,27,
0x00127438,0x00155438,0xA80369D0,load,1,13,
0x00127474,0x00155474,0xA80369D6,load,2,8,0x0012746C:sub_12746C
0x0012747C,0x0015547C,0xA80369D6,load,2,1,0x00127478:sub_127478
0x00127498,0x00155498,0xA80369C9,load,1,8,
0x001274A4,0x001554A4,0xA80369C9,store,1,0,
0x001274D0,0x001554D0,0xA8036A78,store,1,0,
0x001274D4,0x001554D4,0xA8036A79,store,1,0,
0x00127590,0x00155590,0xA8036A79,load,1,13,0x00127588:sub_127588
0x00127594,0x00155594,0xA8036A78,load,1,1,0x00127588:sub_127588
0x001275B0,0x001555B0,0xA8036A79,load,1,13,0x00127588:sub_127588
0x001275C0,0x001555C0,0xA8036A79,store,1,0,0x00127588:sub_127588
0x001275C4,0x001555C4,0xA8036A79,store,1,13,0x00127588:sub_127588
0x00127C2C,0x00155C2C,0xA8034141,store,1,8,0x00127C1C:sub_127C1C
0x00127C60,0x00155C60,0xA8034140,store,1,11,0x00127C1C:sub_127C1C
0x00127C88,0x00155C88,0xA8034140,store,1,0,0x00127C1C:sub_127C1C
0x00127C98,0x00155C98,0xA8034140,store,1,8,0x00127C1C:sub_127C1C
0x00127CDC,0x00155CDC,0xA8036E46,store,2,8,
0x00127CE4,0x00155CE4,0xA8036E44,store,2,9,
0x00127D0C,0x00155D0C,0xA8034141,load,1,9,
0x00127D2C,0x00155D2C,0xA8034140,load,1,12,
0x00127D44,0x00155D44,0xA8034141,load,1,8,
0x0012811C,0x0015611C,0xA8036E46,load,2,25,
0x00128154,0x00156154,0xA8036E44,load,2,18,
0x00128E9C,0x00156E9C,0xA8036E48,load,1,9,0x00128E7C:sub_128E7C
0x00128F48,0x00156F48,0xA8036E49,store,1,16,0x00128E7C:sub_128E7C
0x00128F6C,0x00156F6C,0xA8036E49,store,1,16,0x00128E7C:sub_128E7C
0x00128FCC,0x00156FCC,0xA8036E49,load,1,10,0x00128E7C:sub_128E7C
0x00128FFC,0x00156FFC,0xA8034141,load,1,22,0x00128FE8:sub_128FE8
0x00129084,0x00157084,0xA8036E4A,load,1,15,0x00128FE8:sub_128FE8
0x001290C4,0x001570C4,0xA8036E4E,load,2,8,0x00128FE8:sub_128FE8
0x001290DC,0x001570DC,0xA8036E4C,load,2,13,0x00128FE8:sub_128FE8
0x001290F0,0x001570F0,0xA8034140,load,1,11,0x00128FE8:sub_128FE8
0x00129200,0x00157200,0xA8036E4A,store,1,0,0x00128FE8:sub_128FE8
0x00129208,0x00157208,0xA8036E4E,store,2,0,0x00128FE8:sub_128FE8
0x00129218,0x00157218,0xA8036E4C,store,2,8,0x00128FE8:sub_128FE8
0x0012921C,0x0015721C,0xA8036E50,store,2,13,0x00128FE8:sub_128FE8
0x0012923C,0x0015723C,0xA8036E50,load,2,15,0x00128FE8:sub_128FE8
0x00129270,0x00157270,0xA8034140,load,1,1,0x00128FE8:sub_128FE8
0x00129360,0x00157360,0xA8036E4B,store,1,0,0x00128FE8:sub_128FE8
0x00129388,0x00157388,0xA8036E4B,load,1,9,0x00128FE8:sub_128FE8
0x001297DC,0x001577DC,0xA8036E3F,load,1,1,
0x001297E4,0x001577E4,0xA8036E3D,load,1,1,
0x00129828,0x00157828,0xA8036E3F,store,1,0,0x001297F0:sub_1297F0
0x00129830,0x00157830,0xA8036E3E,store,1,0,0x001297F0:sub_1297F0
0x0012983C,0x0015783C,0xA8036E3D,store,1,0,0x001297F0:sub_1297F0
0x00129840,0x00157840,0xA8036E3C,store,1,0,0x001297F0:sub_1297F0
0x001298A8,0x001578A8,0xA803A360,store,1,9,
0x001298B0,0x001578B0,0xA803A35E,store,2,8,
0x00129934,0x00157934,0xA803A360,store,1,10,0x001298B4:sub_1298B4
0x00129940,0x00157940,0xA803A35E,store,2,8,0x001298B4:sub_1298B4
0x00129A34,0x00157A34,0xA803A360,store,1,1,0x001298B4:sub_1298B4
0x00129A40,0x00157A40,0xA803A35E,store,2,9,0x001298B4:sub_1298B4
0x00129AC8,0x00157AC8,0xA803A360,store,1,1,0x001298B4:sub_1298B4
0x00129AD4,0x00157AD4,0xA803A35E,store,2,11,0x001298B4:sub_1298B4
0x00129B98,0x00157B98,0xA803A35C,load,1,27,0x00129B88:sub_129B88
0x00129B9C,0x00157B9C,0xA803A35D,load,1,25,0x00129B88:sub_129B88
0x00129BA8,0x00157BA8,0xA803A35A,load,2,26,0x00129B88:sub_129B88
0x00129BAC,0x00157BAC,0xA803A358,load,2,1,0x00129B88:sub_129B88
0x00129DF4,0x00157DF4,0xA803A35A,store,2,25,0x00129D64:sub_129D64
0x00129DF8,0x00157DF8,0xA803A358,store,2,24,0x00129D64:sub_129D64
0x00129E48,0x00157E48,0xA803A35D,store,1,9,0x00129D64:sub_129D64
0x00129E50,0x00157E50,0xA803A35C,store,1,8,0x00129D64:sub_129D64
0x00129E68,0x00157E68,0xA803A354,load,1,13,0x00129E54:sub_129E54
0x00129E84,0x00157E84,0xA803A358,load,2,27,0x00129E54:sub_129E54
0x00129FE0,0x00157FE0,0xA803A355,load,1,15,0x00129E54:sub_129E54
0x00129FF0,0x00157FF0,0xA803A35A,load,2,16,0x00129E54:sub_129E54
0x0012A010,0x00158010,0xA803A355,load,1,21,0x00129E54:sub_129E54
0x0012A158,0x00158158,0xA803430C,store,2,11,0x0012A074:sub_12A074
0x0012A178,0x00158178,0xA803A363,load,1,8,
0x0012A17C,0x0015817C,0xA803A358,load,2,10,
0x0012A1F8,0x001581F8,0xA803A358,load,2,26,0x0012A1E8:sub_12A1E8
0x0012A344,0x00158344,0xA803430C,load,2,13,0x0012A340:sub_12A340
0x0012A538,0x00158538,0xA803A35C,store,1,8,
0x0012A53C,0x0015853C,0xA803A35D,store,1,9,
0x0012A638,0x00158638,0xA803430C,store,2,12,
0x0012A8C0,0x001588C0,0xA8036E54,store,4,11,
0x0012A8C4,0x001588C4,0xA8036E54,load,4,12,
0x0012A8F0,0x001588F0,0xA8036E54,store,4,0,
0x0012A8F4,0x001588F4,0xA8036E54,load,4,12,
0x0012AAD0,0x00158AD0,0xA8036E58,load,4,1,0x0012AAC8:sub_12AAC8
0x0012AB50,0x00158B50,0xD0067258,load,4,8,0x0012AAC8:sub_12AAC8
0x0012ADC4,0x00158DC4,0xA8034310,store,4,8,
0x0012AE60,0x00158E60,0xA8034310,load,4,11,
0x0012B05C,0x0015905C,0xA8036E58,store,4,1,0x0012B048:sub_12B048
0x0012B170,0x00159170,0xA8034314,load,4,8,0x0012B048:sub_12B048
0x0012B17C,0x0015917C,0xA8034314,load,4,8,0x0012B048:sub_12B048
0x0012B18C,0x0015918C,0xA8034314,load,4,1,0x0012B048:sub_12B048
0x0012DD5C,0x0015BD5C,0xA8036E5C,store,1,0,
0x0012DFFC,0x0015BFFC,0xA803A3EA,load,1,1,0x0012DFEC:sub_12DFEC
0x0012E02C,0x0015C02C,0xA803A3EA,store,1,8,0x0012DFEC:sub_12DFEC
0x0012E03C,0x0015C03C,0xA803A3EA,load,1,13,
0x0012E57C,0x0015C57C,0xA803A3EA,load,1,1,0x0012E574:sub_12E574
0x0012E7CC,0x0015C7CC,0xA803A3EA,load,1,13,
0x0012E8C8,0x0015C8C8,0xA803A3EA,load,1,8,0x0012E8C0:sub_12E8C0
0x0012EEC8,0x0015CEC8,0xA803A3EA,load,1,11,0x0012EEB4:sub_12EEB4
0x0012EFC8,0x0015CFC8,0xA803A3EA,load,1,10,0x0012EFB4:sub_12EFB4
0x0012F09C,0x0015D09C,0xA803A3EA,load,1,10,0x0012F088:sub_12F088
0x0012F354,0x0015D354,0xA803A3EA,load,1,9,0x0012F324:sub_12F324
0x0012F3D4,0x0015D3D4,0xA803A3EA,load,1,13,0x0012F3CC:sub_12F3CC
0x001302C8,0x0015E2C8,0xA8036E5D,load,1,29,0x001302C0:sub_1302C0
0x00130358,0x0015E358,0xA8036E5D,store,1,0,
0x00130E2C,0x0015EE2C,0xA8036E68,load,4,13,0x00130E28:sub_130E28
0x00130E38,0x0015EE38,0xA8036E64,load,4,8,0x00130E28:sub_130E28
0x00130E44,0x0015EE44,0xA8036E60,load,4,13,0x00130E28:sub_130E28
0x00130E60,0x0015EE60,0xA8036E6C,load,1,1,0x00130E50:sub_130E50
0x00130EA8,0x0015EEA8,0xA8036E78,store,4,12,0x00130E50:sub_130E50
0x00130EB0,0x0015EEB0,0xA8036E74,store,4,12,0x00130E50:sub_130E50
0x00130EB4,0x0015EEB4,0xA8036E70,store,4,12,0x00130E50:sub_130E50
0x00130EE0,0x0015EEE0,0xA8036E6C,store,1,0,0x00130E50:sub_130E50
0x00131130,0x0015F130,0xA8036E78,load,4,16,0x00130E50:sub_130E50
0x00131134,0x0015F134,0xA8036E74,load,4,9,0x00130E50:sub_130E50
0x00131150,0x0015F150,0xA8036E68,store,4,12,0x00130E50:sub_130E50
0x00131168,0x0015F168,0xA8036E60,store,4,9,0x00130E50:sub_130E50
0x00131170,0x0015F170,0xA8036E64,store,4,16,0x00130E50:sub_130E50
0x001312EC,0x0015F2EC,0xA8036E9D,store,1,24,0x0013126C:sub_13126C
0x001312F0,0x0015F2F0,0xA8036E9E,store,1,12,0x0013126C:sub_13126C
0x001312FC,0x0015F2FC,0xA8036E9C,store,1,24,0x0013126C:sub_13126C
0x00131370,0x0015F370,0xA8036E98,store,4,8,
0x001313AC,0x0015F3AC,0xA8036E94,load,1,1,0x00131374:sub_131374
0x00131438,0x0015F438,0xA8036E9C,store,1,10,0x00131374:sub_131374
0x0013152C,0x0015F52C,0xCF012294,store,1,0,0x00131374:sub_131374
0x001315D0,0x0015F5D0,0xA8036E94,load,1,15,0x00131374:sub_131374
0x001315DC,0x0015F5DC,0xA8036E94,store,1,1,0x00131374:sub_131374
0x00131630,0x0015F630,0xA8036E9D,store,1,9,0x00131374:sub_131374
0x00131638,0x0015F638,0xA8036E94,load,1,15,0x00131374:sub_131374
0x00131644,0x0015F644,0xA8036E94,store,1,1,0x00131374:sub_131374
0x00131790,0x0015F790,0xCF012294,store,1,0,0x00131374:sub_131374
0x001317A0,0x0015F7A0,0xA8036E94,load,1,13,0x00131374:sub_131374
0x001317B0,0x0015F7B0,0xA8036E9D,store,1,1,0x00131374:sub_131374
0x001317B8,0x0015F7B8,0xA8036E94,store,1,13,0x00131374:sub_131374
0x001317C0,0x0015F7C0,0xA8036E94,load,1,12,0x00131374:sub_131374
0x001317D0,0x0015F7D0,0xA8036E9E,store,1,17,0x00131374:sub_131374
0x001317D8,0x0015F7D8,0xA8036E94,store,1,13,0x00131374:sub_131374
0x0013190C,0x0015F90C,0xA8036E9D,load,1,8,0x00131904:sub_131904
0x00131918,0x0015F918,0xA8036E9E,load,1,8,
0x00131A9C,0x0015FA9C,0xA8036E90,load,1,12,
0x00131AA0,0x0015FAA0,0xA8036E91,load,1,8,
0x00131AA8,0x0015FAA8,0xA8036E92,load,1,13,
0x00131AB8,0x0015FAB8,0xA8036E93,load,1,1,
0x00131AD8,0x0015FAD8,0xA8036E9C,load,1,9,0x00131AC8:sub_131AC8
0x00131AEC,0x0015FAEC,0xA8036E91,store,1,0,0x00131AC8:sub_131AC8
0x00131AF0,0x0015FAF0,0xA8036E90,store,1,0,0x00131AC8:sub_131AC8
0x00131AF4,0x0015FAF4,0xA8036E93,store,1,0,0x00131AC8:sub_131AC8
0x00131B00,0x0015FB00,0xA8036E92,store,1,0,0x00131AC8:sub_131AC8
0x00131C84,0x0015FC84,0xA8036E9C,load,1,11,0x00131C6C:sub_131C6C
0x001322B8,0x001602B8,0xA8036EA0,store,1,8,
0x00132928,0x00160928,0xA803AF6C,load,4,10,0x0013289C:sub_13289C
0x00132B8C,0x00160B8C,0xA803AF6C,load,4,10,0x00132B00:sub_132B00
0x00135480,0x00163480,0xA8034324,store,1,8,
0x00135544,0x00163544,0xA8034325,load,1,11,0x00135484:sub_135484
0x00135660,0x00163660,0xA8034328,load,4,12,0x00135484:sub_135484
0x00135744,0x00163744,0xA803432C,load,1,11,0x00135730:sub_135730
0x001357E8,0x001637E8,0xA8034328,load,4,10,0x001357E0:sub_1357E0
0x00135804,0x00163804,0xA8034325,load,1,1,0x001357E0:sub_1357E0
0x00135874,0x00163874,0xA8034325,load,1,8,0x001357E0:sub_1357E0
0x00135880,0x00163880,0xA803432C,store,1,8,0x001357E0:sub_1357E0
0x00135C14,0x00163C14,0xA8034328,load,4,11,
0x00135C2C,0x00163C2C,0xA8034324,load,1,27,
0x00135C38,0x00163C38,0xA8034325,store,1,27,
0x00135CA8,0x00163CA8,0xA8034325,store,1,11,
0x00135CB8,0x00163CB8,0xA8034325,store,1,13,
0x00135CC4,0x00163CC4,0xA8034325,store,1,27,
0x00135DB4,0x00163DB4,0xA8034325,store,1,13,
0x00135DBC,0x00163DBC,0xA8034325,store,1,13,
0x00135EB8,0x00163EB8,0xA8034328,load,4,11,0x00135E94:sub_135E94
0x00135ED0,0x00163ED0,0xA8034324,load,1,27,0x00135E94:sub_135E94
0x00135ED8,0x00163ED8,0xA8034325,store,1,27,0x00135E94:sub_135E94
0x0013616C,0x0016416C,0xA8034325,store,1,11,0x00135E94:sub_135E94
0x0013617C,0x0016417C,0xA8034325,store,1,1,0x00135E94:sub_135E94
0x00136188,0x00164188,0xA8034325,store,1,27,0x00135E94:sub_135E94
0x00136284,0x00164284,0xA8034325,store,1,1,0x00135E94:sub_135E94
0x00136294,0x00164294,0xA8034328,store,4,10,0x00136290:sub_136290
0x001369A4,0x001649A4,0xA8037014,load,1,12,
0x001369E8,0x001649E8,0xA803A3F8,load,4,11,
0x00136A80,0x00164A80,0xA803A3F8,load,4,11,
0x00136AD8,0x00164AD8,0xA803A3F8,load,4,8,
0x00136B30,0x00164B30,0xA803A3F8,load,4,8,
0x00136B7C,0x00164B7C,0xA803A3F8,load,4,8,
0x00136BEC,0x00164BEC,0xA803A410,load,4,1,
0x00136C10,0x00164C10,0xA803A3F0,load,4,16,
0x00136C20,0x00164C20,0xA803A496,load,1,8,
0x00136C30,0x00164C30,0xA803A3F4,load,4,25,
0x00136F54,0x00164F54,0xA8037014,load,1,16,
0x001372C8,0x001652C8,0xA803A410,load,4,13,0x001372C0:sub_1372C0
0x00137508,0x00165508,0xA803A410,load,4,12,0x00137440:sub_137440
0x00137680,0x00165680,0xA803B21E,load,1,27,0x00137440:sub_137440
0x001376B0,0x001656B0,0xA8037D2C,load,4,9,0x00137440:sub_137440
0x001376DC,0x001656DC,0xA8037D2C,load,4,9,0x00137440:sub_137440
0x0013779C,0x0016579C,0xA803B21E,load,1,27,0x00137440:sub_137440
0x00137C80,0x00165C80,0xA803A410,load,4,17,
0x00137D10,0x00165D10,0xA803A410,load,4,1,
0x00137E28,0x00165E28,0xA803A410,load,4,10,
0x00138570,0x00166570,0xA8036EA2,store,1,8,0x00138558:sub_138558
0x00138584,0x00166584,0xA8036EA4,store,1,8,0x00138558:sub_138558
0x001385B8,0x001665B8,0xA8036EA3,store,1,8,0x00138558:sub_138558
0x001386A8,0x001666A8,0xA803A410,load,4,12,0x00138558:sub_138558
0x0013879C,0x0016679C,0xA803A410,load,4,13,0x00138784:sub_138784
0x00138B6C,0x00166B6C,0xA8036EA4,load,1,10,0x00138784:sub_138784
0x00138B80,0x00166B80,0xA8036EA2,load,1,10,0x00138784:sub_138784
0x00138BA8,0x00166BA8,0xA8036EA3,load,1,26,0x00138784:sub_138784
0x00138F34,0x00166F34,0xA803A410,load,4,13,0x00138E68:sub_138E68
0x001390A8,0x001670A8,0xA803B21E,load,1,13,0x00138FB8:sub_138FB8
0x0013911C,0x0016711C,0xA8037D2C,load,4,9,0x00138FB8:sub_138FB8
0x001391BC,0x001671BC,0xA803A410,load,4,13,
0x001391E0,0x001671E0,0xA803AF6C,load,4,12,
0x00139248,0x00167248,0xA803A410,load,4,12,0x00139238:sub_139238
0x0013932C,0x0016732C,0xA803AF6C,load,4,25,0x00139238:sub_139238
0x00139434,0x00167434,0xA803A410,load,4,1,0x001393E8:sub_1393E8
0x00139454,0x00167454,0xA803AF6C,load,4,24,0x001393E8:sub_1393E8
0x00139594,0x00167594,0xA803A410,load,4,10,0x001394AC:sub_1394AC
0x001395B0,0x001675B0,0xA803AF6C,load,4,9,0x001394AC:sub_1394AC
0x00139630,0x00167630,0xA803A410,load,4,13,0x001394AC:sub_1394AC
0x001396C0,0x001676C0,0xA803A3EC,store,4,18,0x001396B4:sub_1396B4
0x001396CC,0x001676CC,0xA803A3F0,store,4,9,0x001396B4:sub_1396B4
0x001396D4,0x001676D4,0xA803A3F4,store,4,12,0x001396B4:sub_1396B4
0x001396DC,0x001676DC,0xA803A3F8,store,4,8,0x001396B4:sub_1396B4
0x001396E4,0x001676E4,0xA803A3FC,store,4,1,0x001396B4:sub_1396B4
0x001396EC,0x001676EC,0xA803A400,store,4,13,0x001396B4:sub_1396B4
0x001396F4,0x001676F4,0xA803A404,store,4,17,0x001396B4:sub_1396B4
0x001396FC,0x001676FC,0xA803A408,store,4,16,0x001396B4:sub_1396B4
0x00139810,0x00167810,0xA803A410,load,4,13,0x001396B4:sub_1396B4
0x0013999C,0x0016799C,0xA803AF6C,load,4,9,0x001396B4:sub_1396B4
0x00139EFC,0x00167EFC,0xA803A414,store,4,12,0x00139EF4:sub_139EF4
0x00139F08,0x00167F08,0xA803A418,store,4,13,0x00139EF4:sub_139EF4
0x00139F10,0x00167F10,0xA803A41C,store,4,11,0x00139EF4:sub_139EF4
0x00139F18,0x00167F18,0xA803A420,store,4,12,0x00139EF4:sub_139EF4
0x00139F20,0x00167F20,0xA803A424,store,4,13,0x00139EF4:sub_139EF4
0x00139F28,0x00167F28,0xA803A428,store,4,11,0x00139EF4:sub_139EF4
0x00139F30,0x00167F30,0xA803A42C,store,4,12,0x00139EF4:sub_139EF4
0x00139F38,0x00167F38,0xA803A430,store,4,13,0x00139EF4:sub_139EF4
0x00139F40,0x00167F40,0xA803A434,store,4,11,0x00139EF4:sub_139EF4
0x00139F6C,0x00167F6C,0xA803A410,store,4,1,0x00139EF4:sub_139EF4
0x00139F80,0x00167F80,0xA8034330,load,2,8,
0x0013A208,0x00168208,0xA803A3EC,store,4,25,0x0013A1D4:sub_13A1D4
0x0013A214,0x00168214,0xA803A3F0,store,4,8,0x0013A1D4:sub_13A1D4
0x0013A21C,0x0016821C,0xA803A3F4,store,4,16,0x0013A1D4:sub_13A1D4
0x0013A224,0x00168224,0xA803A3F8,store,4,15,0x0013A1D4:sub_13A1D4
0x0013A22C,0x0016822C,0xA803A3FC,store,4,11,0x0013A1D4:sub_13A1D4
0x0013A234,0x00168234,0xA803A400,store,4,10,0x0013A1D4:sub_13A1D4
0x0013A23C,0x0016823C,0xA803A404,store,4,9,0x0013A1D4:sub_13A1D4
0x0013A244,0x00168244,0xA803A408,store,4,13,0x0013A1D4:sub_13A1D4
0x0013A26C,0x0016826C,0xA803A410,load,4,13,0x0013A1D4:sub_13A1D4
0x0013A8D8,0x001688D8,0xA8034332,store,1,12,
0x0013A8E4,0x001688E4,0xA8034333,store,1,13,
0x0013A8EC,0x001688EC,0xA8034334,store,1,12,
0x0013A8F4,0x001688F4,0xA8034335,store,1,13,
0x0013A900,0x00168900,0xA8034336,store,1,12,
0x0013A90C,0x0016890C,0xA8034336,store,1,9,
0x0013A914,0x00168914,0xA8034335,store,1,8,
0x0013A920,0x00168920,0xA8034334,store,1,8,
0x0013A92C,0x0016892C,0xA8034332,store,1,8,0x0013A924:sub_13A924
0x0013AADC,0x00168ADC,0xA8034337,load,1,12,0x0013AA04:sub_13AA04
0x0013AAEC,0x00168AEC,0xA8034337,store,1,12,0x0013AA04:sub_13AA04
0x0013ACBC,0x00168CBC,0xA803B21E,load,1,13,0x0013ACB4:sub_13ACB4
0x0013ACD8,0x00168CD8,0xA8036EAC,load,2,17,0x0013ACB4:sub_13ACB4
0x0013AD00,0x00168D00,0xA803A410,load,4,9,0x0013ACB4:sub_13ACB4
0x0013AD08,0x00168D08,0xA8036EAC,store,2,25,0x0013ACB4:sub_13ACB4
0x0013AE58,0x00168E58,0xA8036EA8,load,4,9,0x0013ACB4:sub_13ACB4
0x0013AEB0,0x00168EB0,0xA803A44C,store,2,16,0x0013ACB4:sub_13ACB4
0x0013B048,0x00169048,0xA8037D2C,load,4,9,0x0013ACB4:sub_13ACB4
0x0013CA3C,0x0016AA3C,0xA803A410,load,4,25,0x0013C818:sub_13C818
0x0013CA50,0x0016AA50,0xA803A410,load,4,11,0x0013C818:sub_13C818
0x0013CA68,0x0016AA68,0xA803A44C,load,2,9,0x0013C818:sub_13C818
0x0013CA90,0x0016AA90,0xA803B21E,load,1,18,0x0013C818:sub_13C818
0x0013CDB0,0x0016ADB0,0xA803B21E,load,1,26,0x0013C818:sub_13C818
0x0013CDD0,0x0016ADD0,0xA8037D2C,load,4,25,0x0013C818:sub_13C818
0x0013CDE4,0x0016ADE4,0xA8037D2C,load,4,25,0x0013C818:sub_13C818
0x0013CF88,0x0016AF88,0xA803A410,load,4,12,
0x0013E4A8,0x0016C4A8,0xA8036EB0,store,1,13,
0x0013E8E8,0x0016C8E8,0xA8036EB0,load,1,12,
0x0013EA80,0x0016CA80,0xCF01CCCC,store,4,13,
0x0013EA84,0x0016CA84,0xCF01CCD4,store,4,13,
0x0013EA88,0x0016CA88,0xCF01CD54,store,4,0,
0x0013EA8C,0x0016CA8C,0xCF01CD58,store,4,0,
0x0013EA90,0x0016CA90,0xCF01CD6C,store,4,0,
0x0013EA98,0x0016CA98,0xCF01CD80,store,4,13,
0x0013EA9C,0x0016CA9C,0xCF01CD84,store,4,0,
0x0013EAA0,0x0016CAA0,0xCF01CE78,store,4,0,
0x0013EAA4,0x0016CAA4,0xCF01CF0C,store,4,0,
0x0013EAA8,0x0016CAA8,0xCF01CC24,store,4,0,
0x0013EAAC,0x0016CAAC,0xCF01CC54,store,4,0,
0x0013EAB0,0x0016CAB0,0xCF01CE4C,store,4,0,
0x0013EAB4,0x0016CAB4,0xCF01CEC0,store,4,0,
0x0013EADC,0x0016CADC,0xCF01CCCC,store,4,13,0x0013EAD4:sub_13EAD4
0x0013EAE0,0x0016CAE0,0xCF01CCD4,store,4,13,0x0013EAD4:sub_13EAD4
0x0013EAE4,0x0016CAE4,0xCF01CD54,store,4,0,0x0013EAD4:sub_13EAD4
0x0013EAE8,0x0016CAE8,0xCF01CD58,store,4,0,0x0013EAD4:sub_13EAD4
0x0013EAEC,0x0016CAEC,0xCF01CD6C,store,4,0,0x0013EAD4:sub_13EAD4
0x0013EAF4,0x0016CAF4,0xCF01CD80,store,4,13,0x0013EAD4:sub_13EAD4
0x0013EAF8,0x0016CAF8,0xCF01CD84,store,4,0,0x0013EAD4:sub_13EAD4
0x0013EAFC,0x0016CAFC,0xCF01CE78,store,4,0,0x0013EAD4:sub_13EAD4
0x0013EB00,0x0016CB00,0xCF01CF0C,store,4,0,0x0013EAD4:sub_13EAD4
0x0013EB04,0x0016CB04,0xCF01CC24,store,4,0,0x0013EAD4:sub_13EAD4
0x0013EB08,0x0016CB08,0xCF01CC54,store,4,0,0x0013EAD4:sub_13EAD4
0x0013EB0C,0x0016CB0C,0xCF01CE4C,store,4,0,0x0013EAD4:sub_13EAD4
0x0013EB10,0x0016CB10,0xCF01CEC0,store,4,0,0x0013EAD4:sub_13EAD4
0x0013EBE8,0x0016CBE8,0xCF01CC70,store,4,17,
0x0013EBF4,0x0016CBF4,0xCF01CC70,load,4,20,
0x0013EBFC,0x0016CBFC,0xCF01CC70,store,4,16,
0x0013EC10,0x0016CC10,0xCF01CE60,store,4,21,
0x0013EC14,0x0016CC14,0xCF01CEA0,store,4,10,
0x0013F294,0x0016D294,0xCF01CF54,load,4,1,
0x0013F298,0x0016D298,0xCF01CF58,load,4,29,
0x0013F29C,0x0016D29C,0xCF01CF5C,load,4,1,
0x0013F2A0,0x0016D2A0,0xCF01CF60,load,4,29,
0x0013F2A4,0x0016D2A4,0xCF01CC80,load,4,28,
0x0013F2A8,0x0016D2A8,0xCF01CC84,load,4,27,
0x0013F2AC,0x0016D2AC,0xCF01CC88,load,4,26,
0x0013F2B0,0x0016D2B0,0xCF01CC8C,load,4,25,
0x0013F2B4,0x0016D2B4,0xCF01CC34,load,4,24,
0x0013F2B8,0x0016D2B8,0xCF01CC3C,load,4,15,
0x0013F2BC,0x0016D2BC,0xCF01CC44,load,4,13,
0x0013F2C0,0x0016D2C0,0xCF01CC4C,load,4,12,
0x0013F2C4,0x0016D2C4,0xCF01CF54,load,4,1,
0x0013F2C8,0x0016D2C8,0xCF01CF58,load,4,29,
0x0013F2CC,0x0016D2CC,0xCF01CF5C,load,4,1,
0x001400D8,0x0016E0D8,0xA8036EB4,load,1,9,0x001400D0:sub_1400D0
0x00140108,0x0016E108,0xA8036EB4,load,1,13,0x001400D0:sub_1400D0
0x0014026C,0x0016E26C,0xA8036EB8,store,4,12,0x001400D0:sub_1400D0
0x00140270,0x0016E270,0xA8036EBC,store,4,11,0x001400D0:sub_1400D0
0x001402E4,0x0016E2E4,0xA8036EB4,store,1,24,
0x001403F4,0x0016E3F4,0xCF01CF18,store,4,0,
0x001403F8,0x0016E3F8,0xCF01CF0C,store,4,0,
0x001403FC,0x0016E3FC,0xCF01CF10,store,4,0,
0x00140838,0x0016E838,0xC0050004,store,4,15,
0x00140844,0x0016E844,0xC0050008,store,4,9,
0x00140850,0x0016E850,0xC005000C,store,4,13,
0x0014085C,0x0016E85C,0xC0050010,store,4,8,
0x00140864,0x0016E864,0xC0050014,store,4,26,
0x001408BC,0x0016E8BC,0xC0050148,store,4,16,
0x001408C8,0x0016E8C8,0xC005014C,store,4,26,
0x001408D0,0x0016E8D0,0xC0050178,store,4,28,
0x001408D8,0x0016E8D8,0xC00501B8,store,4,17,
0x001408E0,0x0016E8E0,0xC00501F0,store,4,23,
0x001408E8,0x0016E8E8,0xC005032C,store,4,29,
0x00140F1C,0x0016EF1C,0xA8034338,load,1,13,0x00140F14:sub_140F14
0x00140F40,0x0016EF40,0xA8036EB4,store,1,24,0x00140F14:sub_140F14
0x00140F44,0x0016EF44,0xA8034338,store,1,24,0x00140F14:sub_140F14
0x00142184,0x00170184,0xA8034340,load,4,13,0x00142128:sub_142128
0x001421E8,0x001701E8,0xA803A410,load,4,9,0x00142128:sub_142128
0x001422A0,0x001702A0,0xA803433C,load,4,24,0x00142128:sub_142128
0x001423E0,0x001703E0,0xA8036EC0,load,1,9,0x00142398:sub_142398
0x00142408,0x00170408,0xA8036EC0,store,1,0,0x00142398:sub_142398
0x0014254C,0x0017054C,0xA803A410,load,4,13,0x00142510:sub_142510
0x00142600,0x00170600,0xA8034344,store,4,24,0x001425E8:sub_1425E8
0x00142604,0x00170604,0xA8034348,store,4,25,0x001425E8:sub_1425E8
0x0014262C,0x0017062C,0xA8034344,load,4,11,0x001425E8:sub_1425E8
0x00142814,0x00170814,0xA803433C,store,4,11,0x00142808:sub_142808
0x00142820,0x00170820,0xA8034340,store,4,9,0x00142808:sub_142808
0x00142828,0x00170828,0xA8034344,store,4,8,0x00142808:sub_142808
0x00142830,0x00170830,0xA8034348,store,4,13,0x00142808:sub_142808
0x00142A50,0x00170A50,0xCF012C0C,load,4,16,0x00142808:sub_142808
0x00142F8C,0x00170F8C,0xA803434C,load,2,1,0x00142F84:sub_142F84
0x001431D0,0x001711D0,0xA8036ED8,load,1,8,0x001431B4:sub_1431B4
0x001431E0,0x001711E0,0xA8036ED8,store,1,9,0x001431B4:sub_1431B4
0x001431E4,0x001711E4,0xA8036ED8,load,1,1,0x001431B4:sub_1431B4
0x001432F0,0x001712F0,0xA8036ED8,load,1,15,0x00143280:sub_143280
0x00143500,0x00171500,0xA8036ED8,load,1,10,0x00143280:sub_143280
0x00144BF0,0x00172BF0,0xA8036ED3,load,1,29,0x00144B40:sub_144B40
0x00144FD0,0x00172FD0,0xA8036ECA,load,2,27,0x00144F98:sub_144F98
0x00145008,0x00173008,0xA8036EE0,load,1,15,0x00144F98:sub_144F98
0x00149B8C,0x00177B8C,0xA8034354,load,4,13,0x00149B80:sub_149B80
0x00149D3C,0x00177D3C,0xA8034354,load,4,13,
0x0014A028,0x00178028,0xA8036EFC,store,2,13,0x00149F38:sub_149F38
0x0014A02C,0x0017802C,0xA8036EFC,load,2,13,0x00149F38:sub_149F38
0x0014A084,0x00178084,0xA8036EFC,store,2,1,0x00149F38:sub_149F38
0x0014A918,0x00178918,0xA8036EF8,load,4,1,0x0014A914:sub_14A914
0x0014A930,0x00178930,0xA8036EF8,load,4,12,
0x0014A940,0x00178940,0xA8036EF8,store,4,13,
0x0014A968,0x00178968,0xA8036EF8,load,4,13,0x0014A944:sub_14A944
0x0014AE94,0x00178E94,0xA8036EF8,load,4,12,0x0014AE8C:sub_14AE8C
0x0014AEA4,0x00178EA4,0xA8036EF8,store,4,13,0x0014AE8C:sub_14AE8C
0x0014B140,0x00179140,0xA8036F02,load,1,1,0x0014B138:sub_14B138
0x0014B154,0x00179154,0xA8036F00,load,2,8,0x0014B138:sub_14B138
0x0014B1A8,0x001791A8,0xA80343B0,load,1,1,0x0014B18C:sub_14B18C
0x0014B284,0x00179284,0xA8036F02,store,1,10,0x0014B260:sub_14B260
0x0014B2CC,0x001792CC,0xA8036F00,store,2,8,0x0014B260:sub_14B260
0x0014B62C,0x0017962C,0xA803A410,load,4,13,
0x0014B7DC,0x001797DC,0xA803A410,load,4,13,
0x0014BCC4,0x00179CC4,0xA803A410,load,4,1,0x0014BCBC:sub_14BCBC
0x0014C230,0x0017A230,0xA8036F10,store,4,8,
0x0014C5AC,0x0017A5AC,0xA803A495,store,1,0,0x0014C564:sub_14C564
0x0014C614,0x0017A614,0xA803A495,load,1,29,0x0014C60C:sub_14C60C
0x0014CA1C,0x0017AA1C,0xA803A495,load,1,8,0x0014CA14:sub_14CA14
0x0014D8F4,0x0017B8F4,0xA8036F0C,store,4,16,0x0014D81C:sub_14D81C
0x0014D910,0x0017B910,0xA8036F04,store,1,0,0x0014D81C:sub_14D81C
0x0014D9A4,0x0017B9A4,0xA8036F08,store,4,21,0x0014D81C:sub_14D81C
0x0014DB5C,0x0017BB5C,0xA80343B2,store,1,12,0x0014D81C:sub_14D81C
0x0014DBD0,0x0017BBD0,0xA80343B2,load,1,12,0x0014D81C:sub_14D81C
0x0014DBE4,0x0017BBE4,0xA803AF6C,load,4,9,0x0014D81C:sub_14D81C
0x0014DBFC,0x0017BBFC,0xCCCCCFB2,store,1,0,0x0014D81C:sub_14D81C
0x0014DC4C,0x0017BC4C,0xA8036F04,load,1,1,0x0014D81C:sub_14D81C
0x0014DC60,0x0017BC60,0xA8036F04,store,1,10,0x0014D81C:sub_14D81C
0x0014DD40,0x0017BD40,0xA8036F04,store,1,15,0x0014D81C:sub_14D81C
0x0014DEB4,0x0017BEB4,0xA80343B1,load,1,8,
0x0014DF40,0x0017BF40,0xA80343B1,store,1,0,0x0014DEB8:sub_14DEB8
0x0014E288,0x0017C288,0xA8036F0C,load,4,11,0x0014E284:sub_14E284
0x0014E3BC,0x0017C3BC,0xA803A495,load,1,16,0x0014E398:sub_14E398
0x0014E4B0,0x0017C4B0,0xA803A495,load,1,28,0x0014E398:sub_14E398
0x0014E650,0x0017C650,0xA803A495,load,1,8,0x0014E398:sub_14E398
0x0014E690,0x0017C690,0xA803A495,load,1,21,0x0014E398:sub_14E398
0x0014E6C0,0x0017C6C0,0xA803A495,load,1,26,0x0014E398:sub_14E398
0x0014E7CC,0x0017C7CC,0xA8036F0C,load,4,8,0x0014E398:sub_14E398
0x0014E7D4,0x0017C7D4,0xA8036F08,load,4,9,0x0014E398:sub_14E398
0x0014EB70,0x0017CB70,0xA8034314,load,4,10,0x0014E9F0:sub_14E9F0
0x0014EC64,0x0017CC64,0xA8034314,load,4,10,
0x0014ECAC,0x0017CCAC,0xA8034314,load,4,10,0x0014EC84:sub_14EC84
0x0014ECFC,0x0017CCFC,0xA8034314,load,4,10,
0x0014ED48,0x0017CD48,0xA8034314,load,4,10,
0x0014ED9C,0x0017CD9C,0xA8034314,load,4,10,
0x0014EDFC,0x0017CDFC,0xA8034314,load,4,10,
0x0014EEBC,0x0017CEBC,0xA8034314,load,4,10,
0x0014EF00,0x0017CF00,0xA8034314,load,4,10,
0x0014EF38,0x0017CF38,0xA8036FB8,load,4,1,
0x0014EF44,0x0017CF44,0xA8036FB8,load,4,8,
0x0014EF4C,0x0017CF4C,0xA8036FB8,store,4,1,
0x0014EF54,0x0017CF54,0xA8036FBB,load,1,24,
0x0014EF78,0x0017CF78,0xA8034314,load,4,10,
0x0014EFC4,0x0017CFC4,0xA8036F30,store,4,24,
0x0014EFD8,0x0017CFD8,0xA8034314,load,4,10,
0x0014F020,0x0017D020,0xA8036F2C,store,4,24,
0x0014F034,0x0017D034,0xA8034314,load,4,10,
0x0014F07C,0x0017D07C,0xA8036F1C,store,4,24,0x0014F054:sub_14F054
0x0014F090,0x0017D090,0xA8034314,load,4,10,0x0014F054:sub_14F054
0x0014F0D0,0x0017D0D0,0xA8036FB8,store,4,24,
0x0014F0E0,0x0017D0E0,0xA8034314,load,4,10,
0x0014F120,0x0017D120,0xA8036F28,store,4,24,
0x0014F130,0x0017D130,0xA8034314,load,4,10,
0x0014F164,0x0017D164,0xA8036F24,store,4,24,
0x0014F174,0x0017D174,0xA8034314,load,4,10,
0x0014F1A8,0x0017D1A8,0xA8036F24,load,4,1,
0x0014F1B4,0x0017D1B4,0xA8036F24,load,4,8,
0x0014F1BC,0x0017D1BC,0xA8036F24,store,4,1,
0x0014F1C4,0x0017D1C4,0xA8036F27,load,1,11,
0x0014F1D4,0x0017D1D4,0xA8034314,load,4,10,
0x0014F21C,0x0017D21C,0xA8036FB4,store,4,24,
0x0014F22C,0x0017D22C,0xA8034314,load,4,10,
0x0014F268,0x0017D268,0xA8036F28,load,4,8,
0x0014F274,0x0017D274,0xA8036F28,load,4,1,
0x0014F27C,0x0017D27C,0xA8036F28,store,4,1,
0x0014F284,0x0017D284,0xA8036F2B,load,1,24,
0x0014F2A8,0x0017D2A8,0xA8034314,load,4,10,
0x0014F2E0,0x0017D2E0,0xA8036F28,load,4,12,0x0014F2C8:sub_14F2C8
0x0014F300,0x0017D300,0xA8036F28,store,4,24,0x0014F2C8:sub_14F2C8
0x0014F318,0x0017D318,0xA8034314,load,4,10,0x0014F2C8:sub_14F2C8
0x0014F3AC,0x0017D3AC,0xA8036F28,load,4,12,0x0014F2C8:sub_14F2C8
0x0014F3D0,0x0017D3D0,0xA8036F28,store,4,8,0x0014F2C8:sub_14F2C8
0x0014F3D8,0x0017D3D8,0xA8034314,load,4,10,0x0014F2C8:sub_14F2C8
0x0014F404,0x0017D404,0xA8034314,load,4,10,0x0014F2C8:sub_14F2C8
0x0014F480,0x0017D480,0xA8036F18,store,4,12,
0x0014F490,0x0017D490,0xA8034314,load,4,10,
0x0014F4D4,0x0017D4D4,0xA8036F18,store,4,13,0x0014F4B0:sub_14F4B0
0x0014F4E0,0x0017D4E0,0xA8034314,load,4,10,0x0014F4B0:sub_14F4B0
0x0014F504,0x0017D504,0xA8034314,load,4,10,0x0014F4B0:sub_14F4B0
0x0014F870,0x0017D870,0xA8036FB8,load,4,13,
0x0014F890,0x0017D890,0xA8036FB8,store,4,12,
0x0014F89C,0x0017D89C,0xA8034314,load,4,10,
0x0014F8D4,0x0017D8D4,0xA8037000,load,4,1,
0x0014F8E4,0x0017D8E4,0xA803444C,load,4,8,
0x0014F8E8,0x0017D8E8,0xA8037008,store,4,24,
0x0014F8F0,0x0017D8F0,0xA8037004,store,4,25,
0x0014F904,0x0017D904,0xA8036F24,load,4,9,
0x0014F908,0x0017D908,0xA8036F24,load,4,10,
0x0014F938,0x0017D938,0xA8034314,load,4,10,
0x0014F958,0x0017D958,0xA8034450,load,4,19,
0x0014FA00,0x0017DA00,0xA8036F14,store,4,29,
0x0014FA1C,0x0017DA1C,0xA8036F74,store,4,19,
0x0014FA20,0x0017DA20,0xA8036F34,store,4,15,
0x0014FB78,0x0017DB78,0xA8036F14,store,4,17,
0x0014FC1C,0x0017DC1C,0xA8036F14,load,4,9,0x0014FC10:sub_14FC10
0x0014FC30,0x0017DC30,0xA8036F18,load,4,9,0x0014FC10:sub_14FC10
0x0014FC48,0x0017DC48,0xA8036F1C,load,4,9,0x0014FC10:sub_14FC10
0x0014FC58,0x0017DC58,0xA8036F20,load,4,9,0x0014FC10:sub_14FC10
0x0014FD5C,0x0017DD5C,0xA803700C,store,4,8,0x0014FC10:sub_14FC10
0x0014FD68,0x0017DD68,0xA8037010,load,4,13,
0x0014FD78,0x0017DD78,0xA803700C,load,4,12,
0x0014FE9C,0x0017DE9C,0xA8034314,load,4,10,
0x0014FF90,0x0017DF90,0xA8034314,load,4,10,
0x0014FFC4,0x0017DFC4,0xA8037010,store,4,0,0x0014FFB0:sub_14FFB0
0x0014FFC8,0x0017DFC8,0xA8037010,store,4,8,0x0014FFB0:sub_14FFB0
0x00150050,0x0017E050,0xA8037014,store,1,12,0x0014FFD4:sub_14FFD4
0x00150054,0x0017E054,0xA803AFA0,store,4,9,0x0014FFD4:sub_14FFD4
0x00150064,0x0017E064,0xA8034468,store,2,12,0x0014FFD4:sub_14FFD4
0x00150068,0x0017E068,0xA803AF70,store,4,8,0x0014FFD4:sub_14FFD4
0x0015006C,0x0017E06C,0xA803AF74,store,4,15,0x0014FFD4:sub_14FFD4
0x00150070,0x0017E070,0xA803AF78,store,4,16,0x0014FFD4:sub_14FFD4
0x00150074,0x0017E074,0xA803AF7C,store,4,17,0x0014FFD4:sub_14FFD4
0x00150078,0x0017E078,0xA803AF80,store,4,18,0x0014FFD4:sub_14FFD4
0x0015007C,0x0017E07C,0xA803AF84,store,4,19,0x0014FFD4:sub_14FFD4
0x00150080,0x0017E080,0xA803AF88,store,4,20,0x0014FFD4:sub_14FFD4
0x001500FC,0x0017E0FC,0xA803AFA0,store,4,10,0x0014FFD4:sub_14FFD4
0x00150100,0x0017E100,0xA8034468,store,2,12,0x0014FFD4:sub_14FFD4
0x00150104,0x0017E104,0xA803AF70,store,4,9,0x0014FFD4:sub_14FFD4
0x00150108,0x0017E108,0xA803AF74,store,4,8,0x0014FFD4:sub_14FFD4
0x0015010C,0x0017E10C,0xA803AF78,store,4,15,0x0014FFD4:sub_14FFD4
0x00150110,0x0017E110,0xA803AF7C,store,4,16,0x0014FFD4:sub_14FFD4
0x00150114,0x0017E114,0xA803AF80,store,4,17,0x0014FFD4:sub_14FFD4
0x00150118,0x0017E118,0xA803AF84,store,4,18,0x0014FFD4:sub_14FFD4
0x0015011C,0x0017E11C,0xA803AF88,store,4,19,0x0014FFD4:sub_14FFD4
0x00150120,0x0017E120,0xA803AF8C,store,4,20,0x0014FFD4:sub_14FFD4
0x00150124,0x0017E124,0xA803AF90,store,4,21,0x0014FFD4:sub_14FFD4
0x00150128,0x0017E128,0xA803AF94,store,4,22,0x0014FFD4:sub_14FFD4
0x00150258,0x0017E258,0xA8037016,load,1,9,0x00150150:sub_150150
0x00150260,0x0017E260,0xA8037015,load,1,10,0x00150150:sub_150150
0x0015026C,0x0017E26C,0xA8037015,store,1,10,0x00150150:sub_150150
0x00150880,0x0017E880,0xA803B21E,load,1,10,0x00150838:sub_150838
0x0015089C,0x0017E89C,0xA8037D2C,load,4,25,0x00150838:sub_150838
0x00150900,0x0017E900,0xA803B21E,load,1,10,
0x00150924,0x0017E924,0xA8037D2C,load,4,25,
0x00150D80,0x0017ED80,0xA8037016,load,1,1,0x00150D7C:sub_150D7C
0x00150D94,0x0017ED94,0xA8037015,load,1,1,0x00150D90:sub_150D90
0x00150E1C,0x0017EE1C,0xA8037016,load,1,13,0x00150DE0:sub_150DE0
0x00150E30,0x0017EE30,0xA8037016,store,1,25,0x00150DE0:sub_150DE0
0x00150EF8,0x0017EEF8,0xA8037015,load,1,9,0x00150EDC:sub_150EDC
0x00150F04,0x0017EF04,0xA8037015,store,1,8,0x00150EDC:sub_150EDC
0x00150F08,0x0017EF08,0xA8037015,load,1,12,0x00150EDC:sub_150EDC
0x00150F10,0x0017EF10,0xA8037015,store,1,10,0x00150EDC:sub_150EDC
0x00151454,0x0017F454,0xA8037017,load,1,13,0x00151434:sub_151434
0x0015146C,0x0017F46C,0xA8037017,store,1,8,0x00151434:sub_151434
0x001515AC,0x0017F5AC,0xA803701A,load,2,24,0x0015158C:sub_15158C
0x001515C4,0x0017F5C4,0xA803701A,store,2,1,0x0015158C:sub_15158C
0x001516E8,0x0017F6E8,0xA8037018,load,2,16,
0x00151700,0x0017F700,0xA8037018,store,2,1,
0x00151800,0x0017F800,0xA803701A,load,2,1,0x001517FC:sub_1517FC
0x00151814,0x0017F814,0xA803701A,load,2,1,0x00151810:sub_151810
0x00151844,0x0017F844,0xA803701A,load,2,1,0x00151840:sub_151840
0x00151880,0x0017F880,0xA8037018,load,2,1,0x0015187C:sub_15187C
0x00151894,0x0017F894,0xA8037018,load,2,1,0x00151890:sub_151890
0x001518C4,0x0017F8C4,0xA8037018,load,2,1,0x001518C0:sub_1518C0
0x0015194C,0x0017F94C,0xA8034479,load,1,9,0x001518FC:sub_1518FC
0x00151950,0x0017F950,0xA8034478,store,1,9,0x001518FC:sub_1518FC
0x00151958,0x0017F958,0xA803701D,load,1,8,0x001518FC:sub_1518FC
0x001519E4,0x0017F9E4,0xA803701E,store,1,1,0x001518FC:sub_1518FC
0x001519E8,0x0017F9E8,0xA803701E,load,1,9,0x001518FC:sub_1518FC
0x00151A08,0x0017FA08,0xA803701E,store,1,8,0x001518FC:sub_1518FC
0x00151A2C,0x0017FA2C,0xA803AFAC,load,1,13,0x00151A20:sub_151A20
0x00151A5C,0x0017FA5C,0xA803701C,load,1,13,0x00151A20:sub_151A20
0x00151A68,0x0017FA68,0xA8034479,store,1,9,0x00151A20:sub_151A20
0x00151A74,0x0017FA74,0xA803701D,store,1,1,0x00151A20:sub_151A20
0x00151A78,0x0017FA78,0xA8034479,load,1,13,0x00151A20:sub_151A20
0x00151A80,0x0017FA80,0xA803701D,load,1,1,0x00151A20:sub_151A20
0x00151A94,0x0017FA94,0xA8034478,load,1,1,0x00151A20:sub_151A20
0x00151AB4,0x0017FAB4,0xA8034478,store,1,1,0x00151A20:sub_151A20
0x00151AC0,0x0017FAC0,0xA8034478,load,1,9,0x00151A20:sub_151A20
0x00151AD0,0x0017FAD0,0xA803447B,load,1,10,0x00151A20:sub_151A20
0x00151AE4,0x0017FAE4,0xA803447A,load,1,12,0x00151A20:sub_151A20
0x00151B08,0x0017FB08,0xA803447A,store,1,12,0x00151A20:sub_151A20
0x00151BA0,0x0017FBA0,0xA803447B,load,1,10,0x00151A20:sub_151A20
0x00151BB4,0x0017FBB4,0xA803447A,load,1,12,0x00151A20:sub_151A20
0x00151C68,0x0017FC68,0xA803AFAC,load,1,10,0x00151C40:sub_151C40
0x00151C94,0x0017FC94,0xA8034479,store,1,15,0x00151C40:sub_151C40
0x00151C98,0x0017FC98,0xA8034479,load,1,9,0x00151C40:sub_151C40
0x00151CA8,0x0017FCA8,0xA8034478,store,1,9,0x00151C40:sub_151C40
0x00151CAC,0x0017FCAC,0xA803701D,store,1,12,0x00151C40:sub_151C40
0x00151D00,0x0017FD00,0xA803447B,load,1,8,0x00151C40:sub_151C40
0x00151D10,0x0017FD10,0xA803447A,load,1,12,0x00151C40:sub_151C40
0x00151D34,0x0017FD34,0xA803447A,store,1,12,0x00151C40:sub_151C40
0x00151E24,0x0017FE24,0xA803701C,store,1,18,0x00151C40:sub_151C40
0x00151EB4,0x0017FEB4,0xA803702A,store,2,0,
0x00151ED0,0x0017FED0,0xA803702A,load,2,13,
0x00151F38,0x0017FF38,0xA8037020,load,4,29,0x00151F30:sub_151F30
0x0015205C,0x0018005C,0xA803702A,load,2,9,0x00151FF8:sub_151FF8
0x00152074,0x00180074,0xA803702A,store,2,0,0x00151FF8:sub_151FF8
0x001520AC,0x001800AC,0xA8037020,load,4,11,0x00151FF8:sub_151FF8
0x001522B8,0x001802B8,0xA8037028,load,1,24,0x00151FF8:sub_151FF8
0x001522CC,0x001802CC,0xA8037024,load,4,11,0x00151FF8:sub_151FF8
0x0015246C,0x0018046C,0xA8037020,store,4,0,
0x0015249C,0x0018049C,0xA8037020,store,4,11,
0x001524C0,0x001804C0,0xA8037024,store,4,0,0x001524A0:sub_1524A0
0x001524C8,0x001804C8,0xA803702A,store,2,0,0x001524A0:sub_1524A0
0x0015250C,0x0018050C,0xA803AFAB,load,1,8,0x001524A0:sub_1524A0
0x00152538,0x00180538,0xA8037020,store,4,0,0x001524A0:sub_1524A0
0x00152570,0x00180570,0xA8037020,store,4,11,0x001524A0:sub_1524A0
0x001525D0,0x001805D0,0xA80370CA,store,2,11,0x001524A0:sub_1524A0
0x00152604,0x00180604,0xA80370C8,load,2,18,0x001524A0:sub_1524A0
0x0015261C,0x0018061C,0xA80370C8,store,2,0,0x001524A0:sub_1524A0
0x00152620,0x00180620,0xA80370C8,load,2,12,0x001524A0:sub_1524A0
0x00152648,0x00180648,0xA803702C,load,1,1,0x001524A0:sub_1524A0
0x0015265C,0x0018065C,0xA803702C,store,1,18,0x001524A0:sub_1524A0
0x00152704,0x00180704,0xA8037030,load,1,11,0x001524A0:sub_1524A0
0x00152718,0x00180718,0xA803702E,load,2,8,0x001524A0:sub_1524A0
0x00152738,0x00180738,0xA803702D,load,1,1,0x001524A0:sub_1524A0
0x00152784,0x00180784,0xA80370C8,load,2,18,0x001524A0:sub_1524A0
0x0015279C,0x0018079C,0xA80370C8,store,2,0,0x001524A0:sub_1524A0
0x001527A4,0x001807A4,0xA80370C8,load,2,12,0x001524A0:sub_1524A0
0x001527A8,0x001807A8,0xA80370CA,load,2,13,0x001524A0:sub_1524A0
0x001527CC,0x001807CC,0xA803702C,load,1,1,0x001524A0:sub_1524A0
0x001527E0,0x001807E0,0xA803702C,store,1,18,0x001524A0:sub_1524A0
0x00152834,0x00180834,0xA803702D,load,1,9,0x001524A0:sub_1524A0
0x00152844,0x00180844,0xA803702E,store,2,8,0x001524A0:sub_1524A0
0x00152850,0x00180850,0xA803702D,store,1,0,0x001524A0:sub_1524A0
0x0015285C,0x0018085C,0xA80370CA,store,2,0,0x001524A0:sub_1524A0
0x00152890,0x00180890,0xA80370C8,load,2,13,0x001524A0:sub_1524A0
0x001528A8,0x001808A8,0xA80370C8,store,2,0,0x001524A0:sub_1524A0
0x001528AC,0x001808AC,0xA80370C8,load,2,12,0x001524A0:sub_1524A0
0x001528D4,0x001808D4,0xA803702C,load,1,1,0x001524A0:sub_1524A0
0x001528E8,0x001808E8,0xA803702C,store,1,1,0x001524A0:sub_1524A0
0x00152A24,0x00180A24,0xA8037030,store,1,8,0x001524A0:sub_1524A0
0x00152A5C,0x00180A5C,0xA8037030,load,1,11,0x001524A0:sub_1524A0
0x00152A68,0x00180A68,0xA8037030,store,1,0,0x001524A0:sub_1524A0
0x00152BC4,0x00180BC4,0xA803ADC0,load,1,9,0x00152BAC:sub_152BAC
0x00152BD8,0x00180BD8,0xA803ADC0,store,1,13,0x00152BAC:sub_152BAC
0x00152BDC,0x00180BDC,0xA803ADC0,load,4,16,0x00152BAC:sub_152BAC
0x00152BE4,0x00180BE4,0xA803ADC4,load,1,18,0x00152BAC:sub_152BAC
0x00152BF0,0x00180BF0,0xA803ADC6,load,1,9,0x00152BAC:sub_152BAC
0x00152CE8,0x00180CE8,0xA803ADC0,load,1,18,0x00152CD8:sub_152CD8
0x00152CF4,0x00180CF4,0xA803ADC0,load,4,18,0x00152CD8:sub_152CD8
0x00152CFC,0x00180CFC,0xA803ADC4,load,4,17,0x00152CD8:sub_152CD8
0x00152DF0,0x00180DF0,0xA803ADC0,load,1,9,0x00152DE0:sub_152DE0
0x00152E0C,0x00180E0C,0xA803ADC0,load,4,18,0x00152DE0:sub_152DE0
0x00152EDC,0x00180EDC,0xA803ADC0,load,1,1,0x00152ECC:sub_152ECC
0x00152EF8,0x00180EF8,0xA803ADC5,load,1,16,0x00152ECC:sub_152ECC
0x00152FA4,0x00180FA4,0xA803ADC0,load,1,1,0x00152F94:sub_152F94
0x00152FC0,0x00180FC0,0xA803ADC6,load,1,16,0x00152F94:sub_152F94
0x001530D8,0x001810D8,0xA80370D0,load,1,9,
0x001530E4,0x001810E4,0xA80370D0,store,1,8,
0x001530E8,0x001810E8,0xA80370D0,load,1,9,
0x001530FC,0x001810FC,0xA80370D0,store,1,13,
0x0015317C,0x0018117C,0xA803ADC0,load,4,10,0x00153170:sub_153170
0x00153184,0x00181184,0xA803ADC0,load,1,1,0x00153170:sub_153170
0x00153190,0x00181190,0xA803ADC4,load,1,13,0x00153170:sub_153170
0x001531AC,0x001811AC,0xA803ADC6,load,1,9,0x00153170:sub_153170
0x001531B0,0x001811B0,0xA803ADC5,load,1,17,0x00153170:sub_153170
0x001532DC,0x001812DC,0xA803AD48,load,1,8,0x00153170:sub_153170
0x001533DC,0x001813DC,0xA803AD48,load,1,8,0x001533B4:sub_1533B4
0x001533F8,0x001813F8,0xA803AD5A,load,1,8,0x001533B4:sub_1533B4
0x00153430,0x00181430,0xA803ADA0,load,4,8,0x001533B4:sub_1533B4
0x00153444,0x00181444,0xA803ADA0,load,4,9,
0x00153728,0x00181728,0xA803AD2C,load,2,12,
0x00153730,0x00181730,0xA803AD2E,load,2,13,
0x00153738,0x00181738,0xA803AD30,load,2,10,
0x00153740,0x00181740,0xA803AD32,load,2,11,
0x001537C0,0x001817C0,0xA803AF73,load,1,13,0x001537A8:sub_1537A8
0x00153B20,0x00181B20,0xA803AF73,load,1,16,0x00153AC8:sub_153AC8
0x00153C4C,0x00181C4C,0xA803A530,load,4,1,0x00153C40:sub_153C40
0x00153C84,0x00181C84,0xA803A530,store,4,8,0x00153C40:sub_153C40
0x00153F34,0x00181F34,0xA803A554,load,4,11,0x00153C40:sub_153C40
0x00153F40,0x00181F40,0xA803A554,store,4,9,0x00153C40:sub_153C40
0x00154058,0x00182058,0xA803A54C,load,2,8,0x00154044:sub_154044
0x00154070,0x00182070,0xA803A54C,store,2,10,0x00154044:sub_154044
0x001540D4,0x001820D4,0xA803A496,load,1,13,0x001540CC:sub_1540CC
0x00154114,0x00182114,0xA80370E0,load,4,13,0x00154104:sub_154104
0x00154134,0x00182134,0xA80370E0,store,4,9,0x00154104:sub_154104
0x00154140,0x00182140,0xA80370E0,load,4,1,0x00154138:sub_154138
0x00154178,0x00182178,0xA80370E0,load,4,13,0x00154154:sub_154154
0x001541A8,0x001821A8,0xA8037870,load,4,1,0x00154154:sub_154154
0x00154DC4,0x00182DC4,0xA80370E0,load,4,25,
0x0015516C,0x0018316C,0xA8034454,load,4,9,0x0015508C:sub_15508C
0x00155170,0x00183170,0xA8034454,load,4,10,0x0015508C:sub_15508C
0x0015596C,0x0018396C,0xA803AFA4,load,4,22,0x001555E8:sub_1555E8
0x00155A08,0x00183A08,0xA8037858,load,4,1,0x001555E8:sub_1555E8
0x00155A28,0x00183A28,0xA803AFA4,load,4,19,0x001555E8:sub_1555E8
0x00155ABC,0x00183ABC,0xA803ADA7,load,1,1,
0x00155B44,0x00183B44,0xA803ADA7,load,1,1,0x00155B38:sub_155B38
0x00155B6C,0x00183B6C,0xA803ADA7,load,1,10,0x00155B38:sub_155B38
0x00155CFC,0x00183CFC,0xA803AFA4,load,4,15,0x00155B38:sub_155B38
0x00155D0C,0x00183D0C,0xA803AFA4,load,4,1,0x00155B38:sub_155B38
0x00155F8C,0x00183F8C,0xA803AB70,load,4,9,0x00155B38:sub_155B38
0x0015618C,0x0018418C,0xA803ADA7,load,1,1,0x00156184:sub_156184
0x001561C0,0x001841C0,0xA803ABD4,load,4,11,0x00156184:sub_156184
0x001561CC,0x001841CC,0xA803AB70,load,4,11,0x00156184:sub_156184
0x001561E4,0x001841E4,0xA803ABD4,store,4,15,0x00156184:sub_156184
0x001563D0,0x001843D0,0xA803AFA4,load,4,10,0x00156184:sub_156184
0x001563F0,0x001843F0,0xA803AD18,load,4,1,0x00156184:sub_156184
0x001563F8,0x001843F8,0xA803ACB4,load,4,10,0x00156184:sub_156184
0x00156414,0x00184414,0xA803AD18,store,4,15,0x00156184:sub_156184
0x001564CC,0x001844CC,0xA803ACB4,store,4,9,0x00156184:sub_156184
0x001564DC,0x001844DC,0xA803AD18,load,4,9,0x00156184:sub_156184
0x001564E4,0x001844E4,0xA803ACB4,load,4,10,0x00156184:sub_156184
0x00156500,0x00184500,0xA803AD18,store,4,18,0x00156184:sub_156184
0x00156588,0x00184588,0xA803ACAC,load,4,9,0x00156184:sub_156184
0x00156590,0x00184590,0xA803AC48,load,4,10,0x00156184:sub_156184
0x001565AC,0x001845AC,0xA803ACAC,store,4,18,0x00156184:sub_156184
0x00156674,0x00184674,0xA803ABD4,load,4,18,0x00156184:sub_156184
0x00156680,0x00184680,0xA803AB70,load,4,12,0x00156184:sub_156184
0x00156698,0x00184698,0xA803ABD4,store,4,15,0x00156184:sub_156184
0x001568B4,0x001848B4,0xA803ABD4,load,4,13,0x00156184:sub_156184
0x001568BC,0x001848BC,0xA803AB70,load,4,12,0x00156184:sub_156184
0x001568D8,0x001848D8,0xA803ABD4,store,4,9,0x00156184:sub_156184
0x00156B4C,0x00184B4C,0xA803ABD4,load,4,11,0x00156184:sub_156184
0x00156B54,0x00184B54,0xA803AB70,load,4,12,0x00156184:sub_156184
0x00156B70,0x00184B70,0xA803ABD4,store,4,19,0x00156184:sub_156184
0x001571AC,0x001851AC,0xA803AFD2,load,1,11,0x0015713C:sub_15713C
0x001574C4,0x001854C4,0xA803A496,load,1,17,0x0015713C:sub_15713C
0x00157600,0x00185600,0xA803AF78,load,4,15,0x0015713C:sub_15713C
0x0015762C,0x0018562C,0xA803786C,load,4,1,0x0015713C:sub_15713C
0x001577F0,0x001857F0,0xA803AFD3,load,1,1,0x0015713C:sub_15713C
0x00157924,0x00185924,0xA803AFD3,load,1,16,0x0015713C:sub_15713C
0x00157B24,0x00185B24,0xA803ADA7,load,1,18,0x0015713C:sub_15713C
0x00158000,0x00186000,0xA8037703,load,1,15,0x00157FEC:sub_157FEC
0x00158004,0x00186004,0xA803A355,load,1,10,0x00157FEC:sub_157FEC
0x0015800C,0x0018600C,0xA8037702,load,1,11,0x00157FEC:sub_157FEC
0x00158010,0x00186010,0xA803A354,load,1,25,0x00157FEC:sub_157FEC
0x00158034,0x00186034,0xA803430C,load,2,28,0x00157FEC:sub_157FEC
0x001580FC,0x001860FC,0xA803430C,load,2,29,0x001580F4:sub_1580F4
0x0015815C,0x0018615C,0xA8034744,load,1,1,0x00158154:sub_158154
0x00158188,0x00186188,0xA803430C,load,2,29,0x00158154:sub_158154
0x0015828C,0x0018628C,0xA803A5D0,store,4,1,
0x001582A8,0x001862A8,0xA803A5D0,store,4,1,
0x001582C0,0x001862C0,0xA803AF76,load,2,8,
0x001582C4,0x001862C4,0xA803AF74,load,2,13,
0x001582C8,0x001862C8,0xA80376FA,store,2,13,
0x001582D8,0x001862D8,0xA80376FC,store,2,8,
0x001582DC,0x001862DC,0xA8034744,store,1,12,
0x001582E8,0x001862E8,0xA80376FE,store,2,10,
0x001582F8,0x001862F8,0xA8037702,store,1,9,
0x001583B8,0x001863B8,0xA803753C,store,4,11,
0x001583C0,0x001863C0,0xA8037538,store,4,11,
0x001583D4,0x001863D4,0xA8037534,store,4,11,
0x001583EC,0x001863EC,0xA8037530,store,4,11,
0x001584D8,0x001864D8,0xA803AF76,load,2,18,
0x001584DC,0x001864DC,0xA803AF74,load,2,11,
0x001584E0,0x001864E0,0xA8034744,store,1,20,
0x001584F0,0x001864F0,0xA80376FA,store,2,11,
0x001584F4,0x001864F4,0xA80376FC,store,2,18,
0x00158504,0x00186504,0xA8037702,store,1,10,
0x00158508,0x00186508,0xA8037703,store,1,9,
0x00158510,0x00186510,0xA8037705,store,1,8,
0x001585B8,0x001865B8,0xA803A354,load,1,9,
0x001585BC,0x001865BC,0xA803A355,load,1,19,
0x001585E4,0x001865E4,0xA803430C,load,2,12,
0x001586B0,0x001866B0,0xA803A5D8,store,4,18,
0x001586C4,0x001866C4,0xA8037554,load,4,8,
0x001586D0,0x001866D0,0xA80376E4,load,4,8,
0x001586F0,0x001866F0,0xA803A5D4,store,4,12,
0x001586F4,0x001866F4,0xA803A5CC,store,4,10,
0x00158708,0x00186708,0xA803460C,store,4,19,
0x0015870C,0x0018670C,0xA8034630,store,4,19,
0x00158764,0x00186764,0xA803A5D0,store,4,16,
0x00158778,0x00186778,0xA803A5D0,store,4,1,
0x00158820,0x00186820,0xA8034744,load,1,13,0x00158818:sub_158818
0x00158840,0x00186840,0xA8037794,load,4,1,0x00158818:sub_158818
0x0015884C,0x0018684C,0xA8037794,store,4,0,0x00158818:sub_158818
0x00158858,0x00186858,0xA8037794,store,4,10,0x00158818:sub_158818
0x001588D4,0x001868D4,0xA803AF76,load,2,8,0x001588B0:sub_1588B0
0x001588D8,0x001868D8,0xA803AF74,load,2,9,0x001588B0:sub_1588B0
0x001588DC,0x001868DC,0xA8034744,store,1,13,0x001588B0:sub_1588B0
0x001588E8,0x001868E8,0xA80376FA,store,2,9,0x001588B0:sub_1588B0
0x001588EC,0x001868EC,0xA80376FC,store,2,8,0x001588B0:sub_1588B0
0x001588F8,0x001868F8,0xA80376FE,store,2,1,0x001588B0:sub_1588B0
0x001589B4,0x001869B4,0xA803A355,load,1,9,0x001588B0:sub_1588B0
0x001589BC,0x001869BC,0xA803A354,load,1,8,0x001588B0:sub_1588B0
0x001589D0,0x001869D0,0xA803A354,load,1,9,0x001588B0:sub_1588B0
0x001589D4,0x001869D4,0xA803A355,load,1,18,0x001588B0:sub_1588B0
0x001589FC,0x001869FC,0xA803430C,load,2,12,0x001588B0:sub_1588B0
0x00158ADC,0x00186ADC,0xA803A5D0,store,4,1,0x00158ABC:sub_158ABC
0x00158AF8,0x00186AF8,0xA803A5D0,store,4,1,0x00158ABC:sub_158ABC
0x00158B20,0x00186B20,0xA8037703,load,1,15,0x00158AFC:sub_158AFC
0x00158B24,0x00186B24,0xA803A355,load,1,18,0x00158AFC:sub_158AFC
0x00158B2C,0x00186B2C,0xA8037702,load,1,17,0x00158AFC:sub_158AFC
0x00158B30,0x00186B30,0xA803A354,load,1,9,0x00158AFC:sub_158AFC
0x00158B54,0x00186B54,0xA803430C,load,2,12,0x00158AFC:sub_158AFC
0x00158C44,0x00186C44,0xA8037554,store,4,25,0x00158C34:sub_158C34
0x00158C6C,0x00186C6C,0xA80376E4,load,4,8,0x00158C34:sub_158C34
0x00158C7C,0x00186C7C,0xA8034744,load,1,10,0x00158C34:sub_158C34
0x00158C84,0x00186C84,0xA8034740,load,4,11,0x00158C34:sub_158C34
0x00158CAC,0x00186CAC,0xA8034744,load,1,10,0x00158C34:sub_158C34
0x00158CB4,0x00186CB4,0xA8034738,load,4,11,0x00158C34:sub_158C34
0x00158CF8,0x00186CF8,0xA80376E4,store,4,0,0x00158C34:sub_158C34
0x00158D18,0x00186D18,0xA80376E4,store,4,8,0x00158C34:sub_158C34
0x00158D60,0x00186D60,0xA8034740,store,4,12,0x00158D1C:sub_158D1C
0x00158D64,0x00186D64,0xA8034744,load,1,11,0x00158D1C:sub_158D1C
0x00158D94,0x00186D94,0xA8034738,load,4,15,0x00158D1C:sub_158D1C
0x00158DBC,0x00186DBC,0xA8034740,load,4,1,
0x00158DD0,0x00186DD0,0xA80376E8,store,4,1,
0x00158DD4,0x00186DD4,0xA80376E8,store,4,9,
0x00158DE8,0x00186DE8,0xA8034708,load,4,12,0x00158DE0:sub_158DE0
0x00158DF8,0x00186DF8,0xA803473C,store,4,25,0x00158DE0:sub_158DE0
0x00158DFC,0x00186DFC,0xA8034708,store,4,25,0x00158DE0:sub_158DE0
0x00158E18,0x00186E18,0xA8034704,load,4,11,0x00158DE0:sub_158DE0
0x00158E1C,0x00186E1C,0xA8034700,load,4,10,0x00158DE0:sub_158DE0
0x00158E5C,0x00186E5C,0xA8037554,load,4,15,0x00158DE0:sub_158DE0
0x00158E94,0x00186E94,0xA8037554,load,4,15,0x00158DE0:sub_158DE0
0x00158EBC,0x00186EBC,0xA8034744,load,1,11,0x00158DE0:sub_158DE0
0x00158F18,0x00186F18,0xA8034740,load,4,15,0x00158DE0:sub_158DE0
0x00158F3C,0x00186F3C,0xA8034734,store,4,9,
0x00158F44,0x00186F44,0xA80376E4,store,4,9,
0x00158F64,0x00186F64,0xA80376D8,store,4,8,
0x00158F6C,0x00186F6C,0xA8034728,store,4,9,
0x00158F78,0x00186F78,0xA8034720,store,4,9,
0x00158F84,0x00186F84,0xA803471C,store,4,9,
0x00158F90,0x00186F90,0xA8034718,store,4,9,
0x00158F9C,0x00186F9C,0xA8034714,store,4,9,
0x00158FA8,0x00186FA8,0xA8034710,store,4,9,
0x00158FB4,0x00186FB4,0xA803470C,store,4,9,
0x00158FCC,0x00186FCC,0xA80346F4,store,4,9,0x00158FB8:sub_158FB8
0x00158FDC,0x00186FDC,0xA8034724,store,4,12,0x00158FB8:sub_158FB8
0x00158FE0,0x00186FE0,0xA8037548,store,4,0,0x00158FB8:sub_158FB8
0x00158FF8,0x00186FF8,0xA8034724,store,4,13,0x00158FB8:sub_158FB8
0x00159028,0x00187028,0xA803430E,store,1,13,0x00158FB8:sub_158FB8
0x0015902C,0x0018702C,0xA803430E,store,1,0,0x00158FB8:sub_158FB8
0x00159078,0x00187078,0xA803A5D8,store,4,1,
0x001590C4,0x001870C4,0xA8034704,load,4,13,
0x001590D8,0x001870D8,0xA8034708,store,4,12,
0x001590E8,0x001870E8,0xA8034708,load,4,13,
0x001590FC,0x001870FC,0xA8034704,store,4,12,
0x00159114,0x00187114,0xA8034708,load,4,9,0x00159108:sub_159108
0x00159118,0x00187118,0xA803473C,load,4,12,0x00159108:sub_159108
0x0015912C,0x0018712C,0xA8034700,store,4,11,0x00159108:sub_159108
0x00159130,0x00187130,0xA8034704,load,4,10,0x00159108:sub_159108
0x00159170,0x00187170,0xA8037554,load,4,15,0x00159108:sub_159108
0x00159198,0x00187198,0xA8034744,load,1,11,0x00159108:sub_159108
0x001591F8,0x001871F8,0xA8034740,load,4,15,0x00159108:sub_159108
0x00159230,0x00187230,0xA8034708,load,4,12,0x00159214:sub_159214
0x0015923C,0x0018723C,0xA8034700,store,4,10,0x00159214:sub_159214
0x00159248,0x00187248,0xA803473C,store,4,25,0x00159214:sub_159214
0x0015924C,0x0018724C,0xA8034708,store,4,25,0x00159214:sub_159214
0x0015925C,0x0018725C,0xA8034704,load,4,11,0x00159214:sub_159214
0x0015929C,0x0018729C,0xA8037554,load,4,25,0x00159214:sub_159214
0x001592C4,0x001872C4,0xA8034744,load,1,11,0x00159214:sub_159214
0x00159324,0x00187324,0xA8034740,load,4,10,0x00159214:sub_159214
0x00159358,0x00187358,0xA80346FC,store,4,13,
0x00159364,0x00187364,0xA80346F8,store,4,9,
0x001595AC,0x001875AC,0xA8037704,load,1,1,0x001595A8:sub_1595A8
0x001595F0,0x001875F0,0xA8037704,load,1,13,
0x00159624,0x00187624,0xA803754C,store,4,9,
0x0015962C,0x0018762C,0xA8037704,load,1,13,0x00159628:sub_159628
0x0015964C,0x0018764C,0xA8034748,load,4,9,0x00159628:sub_159628
0x00159678,0x00187678,0xA8034748,store,4,0,0x00159628:sub_159628
0x0015969C,0x0018769C,0xA80376DC,store,4,8,
0x001596A4,0x001876A4,0xA803472C,store,4,9,
0x001596B0,0x001876B0,0xA80376E0,store,4,9,
0x001596F0,0x001876F0,0xA803430C,load,2,1,0x001596E8:sub_1596E8
0x001597A4,0x001877A4,0xA803474C,store,4,24,0x001596E8:sub_1596E8
0x001597A8,0x001877A8,0xA803474C,load,4,26,0x001596E8:sub_1596E8
0x001597C8,0x001877C8,0xA803474C,load,4,24,0x001596E8:sub_1596E8
0x001597FC,0x001877FC,0xA803474C,store,4,0,0x001596E8:sub_1596E8
0x00159800,0x00187800,0xA803474C,load,4,24,0x001596E8:sub_1596E8
0x001598F4,0x001878F4,0xA803430C,load,2,15,0x001598E8:sub_1598E8
0x001598F8,0x001878F8,0xA803A354,load,1,13,0x001598E8:sub_1598E8
0x00159908,0x00187908,0xA803A355,load,1,19,0x001598E8:sub_1598E8
0x0015994C,0x0018794C,0xA803A154,load,2,12,0x001598E8:sub_1598E8
0x00159C4C,0x00187C4C,0xA8037798,store,4,11,
0x00159C58,0x00187C58,0xA8037798,store,4,0,
0x00159C60,0x00187C60,0xA8037798,load,4,8,
0x00159DFC,0x00187DFC,0xA80346F4,load,4,1,0x00159DF4:sub_159DF4
0x00159E20,0x00187E20,0xA8037544,load,4,15,0x00159DF4:sub_159DF4
0x00159E54,0x00187E54,0xA8037548,load,4,13,0x00159DF4:sub_159DF4
0x00159E68,0x00187E68,0xA803779C,load,4,13,0x00159DF4:sub_159DF4
0x00159E9C,0x00187E9C,0xA803779C,store,4,24,0x00159DF4:sub_159DF4
0x00159EA4,0x00187EA4,0xA80376F4,store,4,10,0x00159DF4:sub_159DF4
0x00159EB4,0x00187EB4,0xA80376F4,store,4,13,0x00159DF4:sub_159DF4
0x00159EC4,0x00187EC4,0xA803779C,load,4,24,0x00159DF4:sub_159DF4
0x00159ED8,0x00187ED8,0xA8034744,load,1,1,0x00159ED0:sub_159ED0
0x00159EFC,0x00187EFC,0xA8034744,load,1,29,0x00159ED0:sub_159ED0
0x00159F1C,0x00187F1C,0xA8034740,load,4,1,0x00159ED0:sub_159ED0
0x00159F20,0x00187F20,0xA80376E8,load,4,1,0x00159ED0:sub_159ED0
0x00159F4C,0x00187F4C,0xA8034744,load,1,27,0x00159F44:sub_159F44
0x00159F64,0x00187F64,0xA803460C,load,4,8,0x00159F44:sub_159F44
0x00159F98,0x00187F98,0xA803A5CC,load,4,26,0x00159F44:sub_159F44
0x00159FEC,0x00187FEC,0xA803A5CC,load,4,28,0x00159F44:sub_159F44
0x0015A0AC,0x001880AC,0xA803430C,load,2,1,0x0015A0A4:sub_15A0A4
0x0015A104,0x00188104,0xA8034630,load,4,13,0x0015A0A4:sub_15A0A4
0x0015A11C,0x0018811C,0xA803A5D4,load,4,8,0x0015A0A4:sub_15A0A4
0x0015A1C4,0x001881C4,0xA80346FC,load,4,29,0x0015A1BC:sub_15A1BC
0x0015A1F8,0x001881F8,0xA8034744,load,1,1,0x0015A1BC:sub_15A1BC
0x0015A22C,0x0018822C,0xA8034744,load,1,1,0x0015A1BC:sub_15A1BC
0x0015A2E8,0x001882E8,0xA8034744,load,1,1,
0x0015A2F0,0x001882F0,0xA8037550,store,4,0,
0x0015A318,0x00188318,0xA8037550,load,4,13,
0x0015A320,0x00188320,0xA8037550,store,4,1,
0x0015A340,0x00188340,0xA8034744,load,1,27,0x0015A338:sub_15A338
0x0015A354,0x00188354,0xA80346F8,load,4,29,0x0015A338:sub_15A338
0x0015A35C,0x0018835C,0xA8037550,load,4,1,0x0015A338:sub_15A338
0x0015A3E8,0x001883E8,0xA80377A0,store,4,8,0x0015A3C0:sub_15A3C0
0x0015A3F8,0x001883F8,0xA80377A0,load,4,13,0x0015A3C0:sub_15A3C0
0x0015A464,0x00188464,0xA80377A4,load,4,9,0x0015A444:sub_15A444
0x0015A488,0x00188488,0xA80377A4,load,4,24,0x0015A444:sub_15A444
0x0015A490,0x00188490,0xA80377A8,load,4,1,0x0015A444:sub_15A444
0x0015A4D0,0x001884D0,0xA80377A8,store,4,12,0x0015A444:sub_15A444
0x0015A55C,0x0018855C,0xA80345F0,load,4,28,0x0015A500:sub_15A500
0x0015A6E4,0x001886E4,0xA8037702,load,1,8,0x0015A6A4:sub_15A6A4
0x0015A6F4,0x001886F4,0xA8034744,load,1,1,0x0015A6A4:sub_15A6A4
0x0015A78C,0x0018878C,0xA8034744,load,1,12,0x0015A6A4:sub_15A6A4
0x0015A90C,0x0018890C,0xA8034744,load,1,25,0x0015A8F0:sub_15A8F0
0x0015A934,0x00188934,0xA8034744,load,1,29,0x0015A8F0:sub_15A8F0
0x0015A94C,0x0018894C,0xA8034744,load,1,1,0x0015A8F0:sub_15A8F0
0x0015A974,0x00188974,0xA803471C,load,4,29,0x0015A8F0:sub_15A8F0
0x0015A9FC,0x001889FC,0xA8034720,load,4,29,0x0015A8F0:sub_15A8F0
0x0015AA20,0x00188A20,0xA8034744,load,1,29,0x0015AA08:sub_15AA08
0x0015AA4C,0x00188A4C,0xA8034708,load,4,1,0x0015AA08:sub_15AA08
0x0015AA64,0x00188A64,0xA8034704,load,4,28,0x0015AA08:sub_15AA08
0x0015AA90,0x00188A90,0xA8034744,load,1,1,0x0015AA08:sub_15AA08
0x0015AABC,0x00188ABC,0xA8034714,load,4,29,0x0015AA08:sub_15AA08
0x0015AB04,0x00188B04,0xA8034704,load,4,28,0x0015AA08:sub_15AA08
0x0015AB5C,0x00188B5C,0xA8034718,load,4,29,0x0015AA08:sub_15AA08
0x0015AB7C,0x00188B7C,0xA8034750,store,4,13,
0x0015AB80,0x00188B80,0xA8034730,store,4,8,
0x0015AB84,0x00188B84,0xA8034730,load,4,13,
0x0015ABAC,0x00188BAC,0xA8034730,load,4,8,
0x0015ABC0,0x00188BC0,0xA8034750,load,4,11,
0x0015ABD8,0x00188BD8,0xA8034750,load,4,12,
0x0015ABE0,0x00188BE0,0xA803470C,load,4,12,
0x0015AC1C,0x00188C1C,0xA8034730,store,4,10,
0x0015AC2C,0x00188C2C,0xA803754C,load,4,1,
0x0015AC40,0x00188C40,0xA8034744,load,1,10,
0x0015AC50,0x00188C50,0xA803754C,load,4,1,
0x0015AC6C,0x00188C6C,0xA8034744,load,1,1,
0x0015AC88,0x00188C88,0xA803754C,load,4,1,
0x0015AC9C,0x00188C9C,0xA8034744,load,1,10,
0x0015ACAC,0x00188CAC,0xA803754C,load,4,1,
0x0015ACC8,0x00188CC8,0xA8034744,load,1,1,
0x0015ACE8,0x00188CE8,0xA8034744,load,1,1,0x0015ACE0:sub_15ACE0
0x0015AD0C,0x00188D0C,0xA8034744,load,1,28,0x0015ACE0:sub_15ACE0
0x0015AD80,0x00188D80,0xA803430C,load,2,1,0x0015AD68:sub_15AD68
0x0015ADA4,0x00188DA4,0xA803430C,load,2,29,0x0015AD68:sub_15AD68
0x0015ADBC,0x00188DBC,0xA803430C,load,2,26,0x0015AD68:sub_15AD68
0x0015ADE8,0x00188DE8,0xA803430C,load,2,29,0x0015AD68:sub_15AD68
0x0015AE40,0x00188E40,0xA8037798,store,4,9,0x0015AE00:sub_15AE00
0x0015AE44,0x00188E44,0xA8037798,load,4,11,0x0015AE00:sub_15AE00
0x0015AE50,0x00188E50,0xA803430C,load,2,10,0x0015AE00:sub_15AE00
0x0015AF04,0x00188F04,0xA803474C,load,4,13,0x0015AE00:sub_15AE00
0x0015AF0C,0x00188F0C,0xA803474C,store,4,0,0x0015AE00:sub_15AE00
0x0015AF20,0x00188F20,0xA803474C,store,4,15,0x0015AE00:sub_15AE00
0x0015AF24,0x00188F24,0xA803474C,load,4,13,0x0015AE00:sub_15AE00
0x0015AFD0,0x00188FD0,0xA80377A0,store,4,8,0x0015AE00:sub_15AE00
0x0015AFEC,0x00188FEC,0xA80377A0,load,4,1,0x0015AE00:sub_15AE00
0x0015B020,0x00189020,0xA8037798,store,4,0,0x0015AE00:sub_15AE00
0x0015B038,0x00189038,0xA803A220,load,2,8,0x0015AE00:sub_15AE00
0x0015B048,0x00189048,0xA803A226,load,2,16,0x0015AE00:sub_15AE00
0x0015B058,0x00189058,0xA803A280,load,2,17,0x0015AE00:sub_15AE00
0x0015B068,0x00189068,0xA803A286,load,2,18,0x0015AE00:sub_15AE00
0x0015B0C4,0x001890C4,0xA803A154,load,2,17,0x0015AE00:sub_15AE00
0x0015B0FC,0x001890FC,0xA803A154,load,2,9,0x0015AE00:sub_15AE00
0x0015B2EC,0x001892EC,0xA80376DC,load,4,1,0x0015B2E4:sub_15B2E4
0x0015B300,0x00189300,0xA8034744,load,1,25,0x0015B2E4:sub_15B2E4
0x0015B350,0x00189350,0xA803472C,load,4,1,0x0015B2E4:sub_15B2E4
0x0015B39C,0x0018939C,0xA803473C,load,4,13,0x0015B390:sub_15B390
0x0015B3A0,0x001893A0,0xA8034708,load,4,11,0x0015B390:sub_15B390
0x0015B3B0,0x001893B0,0xA8034700,load,4,1,0x0015B390:sub_15B390
0x0015B3BC,0x001893BC,0xA8034704,load,4,12,0x0015B390:sub_15B390
0x0015B3F0,0x001893F0,0xA8034744,load,1,11,0x0015B390:sub_15B390
0x0015B40C,0x0018940C,0xA80346F8,load,4,22,0x0015B390:sub_15B390
0x0015B410,0x00189410,0xA8037550,load,4,21,0x0015B390:sub_15B390
0x0015B46C,0x0018946C,0xA803754C,load,4,1,0x0015B390:sub_15B390
0x0015B57C,0x0018957C,0xA8034718,load,4,21,0x0015B390:sub_15B390
0x0015B58C,0x0018958C,0xA8034714,load,4,18,0x0015B390:sub_15B390
0x0015B67C,0x0018967C,0xA8034744,load,1,27,0x0015B674:sub_15B674
0x0015B69C,0x0018969C,0xA8034740,load,4,25,0x0015B674:sub_15B674
0x0015B6A4,0x001896A4,0xA80376E8,load,4,26,0x0015B674:sub_15B674
0x0015B740,0x00189740,0xA803754C,load,4,1,0x0015B674:sub_15B674
0x0015B7DC,0x001897DC,0xA80376DC,load,4,25,0x0015B674:sub_15B674
0x0015B814,0x00189814,0xA80376DC,load,4,25,0x0015B674:sub_15B674
0x0015B824,0x00189824,0xA803472C,load,4,26,0x0015B674:sub_15B674
0x0015B89C,0x0018989C,0xA803471C,load,4,11,0x0015B674:sub_15B674
0x0015B8A0,0x001898A0,0xA8034720,load,4,8,0x0015B674:sub_15B674
0x0015B97C,0x0018997C,0xA803430C,load,2,9,0x0015B974:sub_15B974
0x0015B988,0x00189988,0xA803430C,load,2,1,0x0015B974:sub_15B974
0x0015B9E0,0x001899E0,0xA8034630,load,4,13,0x0015B974:sub_15B974
0x0015B9F8,0x001899F8,0xA803A5D4,load,4,8,0x0015B974:sub_15B974
0x0015BA78,0x00189A78,0xA8034750,store,4,16,0x0015B974:sub_15B974
0x0015BA7C,0x00189A7C,0xA8034730,store,4,11,0x0015B974:sub_15B974
0x0015BA80,0x00189A80,0xA8034730,load,4,13,0x0015B974:sub_15B974
0x0015BAA8,0x00189AA8,0xA8034730,load,4,24,0x0015B974:sub_15B974
0x0015BAB8,0x00189AB8,0xA8034750,load,4,10,0x0015B974:sub_15B974
0x0015BAD0,0x00189AD0,0xA8034750,load,4,17,0x0015B974:sub_15B974
0x0015BAD8,0x00189AD8,0xA803470C,load,4,12,0x0015B974:sub_15B974
0x0015BB14,0x00189B14,0xA8034730,store,4,9,0x0015B974:sub_15B974
0x0015BBB8,0x00189BB8,0xA80377AC,load,4,9,0x0015BB50:sub_15BB50
0x0015BBE0,0x00189BE0,0xA80377AC,load,4,12,0x0015BB50:sub_15BB50
0x0015BBEC,0x00189BEC,0xA80377AC,store,4,9,0x0015BB50:sub_15BB50
0x0015BC00,0x00189C00,0xA803430C,load,2,11,0x0015BB50:sub_15BB50
0x0015BC38,0x00189C38,0xA803430C,load,2,9,0x0015BB50:sub_15BB50
0x0015BC48,0x00189C48,0xA803A354,load,1,13,0x0015BB50:sub_15BB50
0x0015BC90,0x00189C90,0xA803A354,load,1,13,0x0015BB50:sub_15BB50
0x0015BCC8,0x00189CC8,0xA803A354,load,1,9,0x0015BB50:sub_15BB50
0x0015BD14,0x00189D14,0xA8034744,load,1,16,0x0015BB50:sub_15BB50
0x0015BD48,0x00189D48,0xA8034744,load,1,13,0x0015BB50:sub_15BB50
0x0015BD58,0x00189D58,0xA8037703,load,1,8,0x0015BB50:sub_15BB50
0x0015BDF0,0x00189DF0,0xA8037703,load,1,1,0x0015BB50:sub_15BB50
0x0015BE88,0x00189E88,0xA8037703,load,1,12,0x0015BB50:sub_15BB50
0x0015BF40,0x00189F40,0xA8034730,load,4,9,0x0015BB50:sub_15BB50
0x0015BF5C,0x00189F5C,0xA8037550,load,4,9,0x0015BB50:sub_15BB50
0x0015BF80,0x00189F80,0xA8037554,load,4,9,0x0015BB50:sub_15BB50
0x0015BF94,0x00189F94,0xA8034740,load,4,9,0x0015BB50:sub_15BB50
0x0015BFA8,0x00189FA8,0xA803473C,load,4,9,0x0015BB50:sub_15BB50
0x0015BFC4,0x00189FC4,0xA8034708,load,4,9,0x0015BB50:sub_15BB50
0x0015BFD0,0x00189FD0,0xA8034704,load,4,9,0x0015BB50:sub_15BB50
0x0015BFE4,0x00189FE4,0xA8034700,load,4,9,0x0015BB50:sub_15BB50
0x0015BFF8,0x00189FF8,0xA8034738,load,4,9,0x0015BB50:sub_15BB50
0x0015C00C,0x0018A00C,0xA80346FC,load,4,9,0x0015BB50:sub_15BB50
0x0015C020,0x0018A020,0xA80346F8,load,4,9,0x0015BB50:sub_15BB50
0x0015C03C,0x0018A03C,0xA8034734,load,4,9,0x0015BB50:sub_15BB50
0x0015C048,0x0018A048,0xA8034730,load,4,9,0x0015BB50:sub_15BB50
0x0015C064,0x0018A064,0xA80376E4,load,4,9,0x0015BB50:sub_15BB50
0x0015C088,0x0018A088,0xA80346BC,load,4,9,0x0015BB50:sub_15BB50
0x0015C08C,0x0018A08C,0xA80346C0,load,4,10,0x0015BB50:sub_15BB50
0x0015C098,0x0018A098,0xA80346C4,load,4,9,0x0015BB50:sub_15BB50
0x0015C09C,0x0018A09C,0xA80346C8,load,4,10,0x0015BB50:sub_15BB50
0x0015C0A8,0x0018A0A8,0xA80346CC,load,4,9,0x0015BB50:sub_15BB50
0x0015C0AC,0x0018A0AC,0xA80346D0,load,4,10,0x0015BB50:sub_15BB50
0x0015C0B8,0x0018A0B8,0xA80346D4,load,4,9,0x0015BB50:sub_15BB50
0x0015C0BC,0x0018A0BC,0xA80346D8,load,4,10,0x0015BB50:sub_15BB50
0x0015C0F0,0x0018A0F0,0xA8034694,load,4,9,0x0015BB50:sub_15BB50
0x0015C0F4,0x0018A0F4,0xA8034698,load,4,10,0x0015BB50:sub_15BB50
0x0015C100,0x0018A100,0xA803469C,load,4,9,0x0015BB50:sub_15BB50
0x0015C104,0x0018A104,0xA80346A0,load,4,10,0x0015BB50:sub_15BB50
0x0015C110,0x0018A110,0xA80346A4,load,4,9,0x0015BB50:sub_15BB50
0x0015C114,0x0018A114,0xA80346A8,load,4,10,0x0015BB50:sub_15BB50
0x0015C120,0x0018A120,0xA80346AC,load,4,9,0x0015BB50:sub_15BB50
0x0015C124,0x0018A124,0xA80346B0,load,4,10,0x0015BB50:sub_15BB50
0x0015C158,0x0018A158,0xA803466C,load,4,9,0x0015BB50:sub_15BB50
0x0015C15C,0x0018A15C,0xA8034670,load,4,10,0x0015BB50:sub_15BB50
0x0015C168,0x0018A168,0xA8034674,load,4,9,0x0015BB50:sub_15BB50
0x0015C16C,0x0018A16C,0xA8034678,load,4,10,0x0015BB50:sub_15BB50
0x0015C178,0x0018A178,0xA803467C,load,4,9,0x0015BB50:sub_15BB50
0x0015C17C,0x0018A17C,0xA8034680,load,4,10,0x0015BB50:sub_15BB50
0x0015C188,0x0018A188,0xA8034684,load,4,9,0x0015BB50:sub_15BB50
0x0015C18C,0x0018A18C,0xA8034688,load,4,10,0x0015BB50:sub_15BB50
0x0015C1E4,0x0018A1E4,0xA8037554,load,4,13,0x0015C1D8:sub_15C1D8
0x0015C1E8,0x0018A1E8,0xA80377B8,load,4,1,0x0015C1D8:sub_15C1D8
0x0015C200,0x0018A200,0xA80377B8,store,4,13,0x0015C1D8:sub_15C1D8
0x0015C208,0x0018A208,0xA80377B4,store,4,0,0x0015C1D8:sub_15C1D8
0x0015C20C,0x0018A20C,0xA8037554,load,4,9,0x0015C1D8:sub_15C1D8
0x0015C224,0x0018A224,0xA80377B0,store,4,1,0x0015C1D8:sub_15C1D8
0x0015C228,0x0018A228,0xA80377B0,load,4,13,0x0015C1D8:sub_15C1D8
0x0015C22C,0x0018A22C,0xA80377B4,load,4,15,0x0015C1D8:sub_15C1D8
0x0015C268,0x0018A268,0xA803A5D0,load,4,12,0x0015C1D8:sub_15C1D8
0x0015C270,0x0018A270,0xA8034724,load,4,9,0x0015C1D8:sub_15C1D8
0x0015C29C,0x0018A29C,0xA803A5CC,store,4,8,
0x0015C2B0,0x0018A2B0,0xA803A5D4,store,4,13,
0x0015C2B4,0x0018A2B4,0xA8034630,store,4,11,
0x0015C2BC,0x0018A2BC,0xA803460C,store,4,11,
0x0015C2D4,0x0018A2D4,0xA803A5CC,store,4,8,
0x0015C2D8,0x0018A2D8,0xA803460C,store,4,12,
0x0015C2F0,0x0018A2F0,0xA803A5D4,store,4,8,
0x0015C2F4,0x0018A2F4,0xA8034630,store,4,12,
0x0015C308,0x0018A308,0xA8037554,load,4,1,0x0015C300:sub_15C300
0x0015C32C,0x0018A32C,0xA80377B8,load,4,19,0x0015C300:sub_15C300
0x0015C330,0x0018A330,0xA8037554,load,4,8,0x0015C300:sub_15C300
0x0015C344,0x0018A344,0xA80377B8,store,4,8,0x0015C300:sub_15C300
0x0015C34C,0x0018A34C,0xA80377B4,store,4,0,0x0015C300:sub_15C300
0x0015C368,0x0018A368,0xA80377B0,store,4,1,0x0015C300:sub_15C300
0x0015C36C,0x0018A36C,0xA80377B0,load,4,15,0x0015C300:sub_15C300
0x0015C370,0x0018A370,0xA80377B4,load,4,13,0x0015C300:sub_15C300
0x0015C3C8,0x0018A3C8,0xA803A5D8,load,4,27,0x0015C300:sub_15C300
0x0015C3E8,0x0018A3E8,0xA80376EF,load,1,26,0x0015C300:sub_15C300
0x0015C418,0x0018A418,0xA803A5CC,store,4,13,0x0015C300:sub_15C300
0x0015C41C,0x0018A41C,0xA803460C,store,4,11,0x0015C300:sub_15C300
0x0015C420,0x0018A420,0xA803A5D4,store,4,19,0x0015C300:sub_15C300
0x0015C424,0x0018A424,0xA8034630,store,4,11,0x0015C300:sub_15C300
0x0015C42C,0x0018A42C,0xA80376E0,load,4,9,0x0015C300:sub_15C300
0x0015C440,0x0018A440,0xA8034744,load,1,1,0x0015C300:sub_15C300
0x0015C448,0x0018A448,0xA8037550,store,4,0,0x0015C300:sub_15C300
0x0015C470,0x0018A470,0xA8037550,load,4,17,0x0015C300:sub_15C300
0x0015C478,0x0018A478,0xA8037550,store,4,16,0x0015C300:sub_15C300
0x0015C5CC,0x0018A5CC,0xA803430C,load,2,9,0x0015C300:sub_15C300
0x0015C6DC,0x0018A6DC,0xA8034750,store,4,20,0x0015C300:sub_15C300
0x0015C6E0,0x0018A6E0,0xA8034730,store,4,11,0x0015C300:sub_15C300
0x0015C6E4,0x0018A6E4,0xA8034730,load,4,13,0x0015C300:sub_15C300
0x0015C710,0x0018A710,0xA8034730,load,4,8,0x0015C300:sub_15C300
0x0015C738,0x0018A738,0xA8034724,load,4,9,0x0015C300:sub_15C300
0x0015C768,0x0018A768,0xA803A5D8,load,4,10,0x0015C300:sub_15C300
0x0015C7E8,0x0018A7E8,0xA803A5CC,store,4,17,0x0015C300:sub_15C300
0x0015C7EC,0x0018A7EC,0xA803460C,store,4,12,0x0015C300:sub_15C300
0x0015C7F0,0x0018A7F0,0xA803A5D4,store,4,8,0x0015C300:sub_15C300
0x0015C7F8,0x0018A7F8,0xA8034630,store,4,10,0x0015C300:sub_15C300
0x0015C800,0x0018A800,0xA8034750,load,4,10,0x0015C300:sub_15C300
0x0015C810,0x0018A810,0xA8034710,load,4,12,0x0015C300:sub_15C300
0x0015C834,0x0018A834,0xA8034750,store,4,10,0x0015C300:sub_15C300
0x0015C838,0x0018A838,0xA8034750,load,4,13,0x0015C300:sub_15C300
0x0015C84C,0x0018A84C,0xA8034730,store,4,9,0x0015C300:sub_15C300
0x0015C880,0x0018A880,0xA803470C,load,4,12,0x0015C300:sub_15C300
0x0015C920,0x0018A920,0xA8037554,load,4,13,0x0015C918:sub_15C918
0x0015C938,0x0018A938,0xA80377BC,store,4,0,0x0015C918:sub_15C918
0x0015C944,0x0018A944,0xA80377BC,load,4,11,0x0015C918:sub_15C918
0x0015C950,0x0018A950,0xA80377BC,store,4,10,0x0015C918:sub_15C918
0x0015CC08,0x0018AC08,0xA803753C,load,4,1,0x0015CC00:sub_15CC00
0x0015CC18,0x0018AC18,0xA8037554,load,4,13,0x0015CC00:sub_15CC00
0x0015CC2C,0x0018AC2C,0xA80377BC,store,4,0,0x0015CC00:sub_15CC00
0x0015CC48,0x0018AC48,0xA8037538,load,4,16,0x0015CC00:sub_15CC00
0x0015CC5C,0x0018AC5C,0xA8037534,load,4,1,0x0015CC00:sub_15CC00
0x0015CC70,0x0018AC70,0xA8037530,load,4,8,0x0015CC00:sub_15CC00
0x0015CC7C,0x0018AC7C,0xA8037530,store,4,0,0x0015CC00:sub_15CC00
0x0015CC84,0x0018AC84,0xA8037540,load,4,9,0x0015CC00:sub_15CC00
0x0015CC90,0x0018AC90,0xA8037540,store,4,11,0x0015CC00:sub_15CC00
0x0015CCFC,0x0018ACFC,0xA8037538,store,4,0,0x0015CC00:sub_15CC00
0x0015CE64,0x0018AE64,0xA80377C7,load,1,1,0x0015CE5C:sub_15CE5C
0x0015CE7C,0x0018AE7C,0xA80377C6,load,1,24,0x0015CE5C:sub_15CE5C
0x0015CEA8,0x0018AEA8,0xA80377C6,load,1,1,0x0015CE5C:sub_15CE5C
0x0015CED4,0x0018AED4,0xA80377CB,load,1,11,
0x0015CED8,0x0018AED8,0xA80377CA,load,1,13,
0x0015CFAC,0x0018AFAC,0xA80377C3,load,1,1,0x0015CFA4:sub_15CFA4
0x0015CFC4,0x0018AFC4,0xA80377C2,load,1,24,0x0015CFA4:sub_15CFA4
0x0015CFF0,0x0018AFF0,0xA80377C2,load,1,1,0x0015CFA4:sub_15CFA4
0x0015D120,0x0018B120,0xA803AFA4,load,4,13,0x0015D0EC:sub_15D0EC
0x0015D134,0x0018B134,0xA803ADA7,load,1,1,0x0015D0EC:sub_15D0EC
0x0015D454,0x0018B454,0xA803A6A0,store,1,1,0x0015D428:sub_15D428
0x0015D494,0x0018B494,0xA803A6A1,store,1,13,0x0015D428:sub_15D428
0x0015D508,0x0018B508,0xA803A5E0,store,1,1,0x0015D4DC:sub_15D4DC
0x0015D52C,0x0018B52C,0xA803A5E1,store,1,12,0x0015D4DC:sub_15D4DC
0x0015D544,0x0018B544,0xA803A5E1,store,1,12,0x0015D4DC:sub_15D4DC
0x0015D550,0x0018B550,0xA803A5E3,store,1,11,0x0015D4DC:sub_15D4DC
0x0015D554,0x0018B554,0xA803A5E2,store,1,0,0x0015D4DC:sub_15D4DC
0x0015D594,0x0018B594,0xA803A5E4,store,1,1,0x0015D4DC:sub_15D4DC
0x0015DBA4,0x0018BBA4,0xA803A68A,load,1,8,0x0015DB9C:sub_15DB9C
0x0015DBB0,0x0018BBB0,0xA803A606,load,1,27,0x0015DBA8:sub_15DBA8
0x0015DBBC,0x0018BBBC,0xA803A608,load,2,1,0x0015DBA8:sub_15DBA8
0x0015DBC4,0x0018BBC4,0xA803A608,load,2,29,0x0015DBA8:sub_15DBA8
0x0015DBF8,0x0018BBF8,0xA803A608,load,2,28,0x0015DBA8:sub_15DBA8
0x0015E618,0x0018C618,0xA80377C1,load,1,17,
0x0015E630,0x0018C630,0xA80377C1,store,1,0,
0x0015E634,0x0018C634,0xA80377C1,load,1,12,
0x0015E758,0x0018C758,0xA80377C1,load,1,1,
0x0015E76C,0x0018C76C,0xA80377C1,store,1,1,
0x0015E770,0x0018C770,0xA80377C1,store,1,0,
0x0015E788,0x0018C788,0xA80377C0,load,1,17,
0x0015E7A0,0x0018C7A0,0xA80377C0,store,1,0,
0x0015E7A4,0x0018C7A4,0xA80377C0,load,1,12,
0x0015E978,0x0018C978,0xA80377C8,load,2,12,
0x0015E9E0,0x0018C9E0,0xA80377C8,load,2,28,
0x0015EABC,0x0018CABC,0xA80369A0,load,2,29,
0x0015EB0C,0x0018CB0C,0xA8038160,store,1,10,
0x0015EC14,0x0018CC14,0xA8038160,load,1,1,0x0015EB44:sub_15EB44
0x0015EC90,0x0018CC90,0xA80369A0,load,2,13,0x0015EB44:sub_15EB44
0x0015ED2C,0x0018CD2C,0xA80377C8,load,2,11,0x0015EB44:sub_15EB44
0x0015EE34,0x0018CE34,0xA803A606,store,1,20,0x0015EB44:sub_15EB44
0x0015EE38,0x0018CE38,0xA803A68A,store,1,24,0x0015EB44:sub_15EB44
0x0015EE40,0x0018CE40,0xA803A608,store,2,15,0x0015EB44:sub_15EB44
0x0015EF78,0x0018CF78,0xA80377C6,store,1,16,0x0015EB44:sub_15EB44
0x0015EF80,0x0018CF80,0xA80377C7,store,1,9,0x0015EB44:sub_15EB44
0x0015F074,0x0018D074,0xA80377C2,store,1,21,0x0015EB44:sub_15EB44
0x0015F07C,0x0018D07C,0xA80377C3,store,1,18,0x0015EB44:sub_15EB44
0x0015F104,0x0018D104,0xA80377C0,load,1,18,0x0015F0F0:sub_15F0F0
0x0015F11C,0x0018D11C,0xA80377C0,store,1,0,0x0015F0F0:sub_15F0F0
0x0015F120,0x0018D120,0xA80377C0,load,1,12,0x0015F0F0:sub_15F0F0
0x0015F330,0x0018D330,0xA80377CB,load,1,12,
0x0015F338,0x0018D338,0xA80377CA,load,1,13,
0x0015F358,0x0018D358,0xA80377CA,load,1,13,
0x0015F41C,0x0018D41C,0xA80377C1,load,1,18,0x0015F3EC:sub_15F3EC
0x0015F434,0x0018D434,0xA80377C1,store,1,0,0x0015F3EC:sub_15F3EC
0x0015F438,0x0018D438,0xA80377C1,load,1,13,0x0015F3EC:sub_15F3EC
0x0015F554,0x0018D554,0xA80377CA,load,1,9,0x0015F3EC:sub_15F3EC
0x0015F55C,0x0018D55C,0xA80377CB,load,1,16,0x0015F3EC:sub_15F3EC
0x0015F890,0x0018D890,0xA80377C7,load,1,9,0x0015F654:sub_15F654
0x0015F8BC,0x0018D8BC,0xA80377C7,load,1,9,0x0015F654:sub_15F654
0x0015F8D0,0x0018D8D0,0xA80377C6,load,1,15,0x0015F654:sub_15F654
0x0015F8FC,0x0018D8FC,0xA80377C6,load,1,19,0x0015F654:sub_15F654
0x0015F9A8,0x0018D9A8,0xA80377C3,load,1,11,0x0015F93C:sub_15F93C
0x0015F9BC,0x0018D9BC,0xA80377C2,load,1,12,0x0015F93C:sub_15F93C
0x0015F9E4,0x0018D9E4,0xA80377C2,load,1,15,0x0015F93C:sub_15F93C
0x0015FA60,0x0018DA60,0xA80377CB,load,1,11,0x0015FA0C:sub_15FA0C
0x0015FA64,0x0018DA64,0xA80377CA,load,1,12,0x0015FA0C:sub_15FA0C
0x0015FAC4,0x0018DAC4,0xA80377CB,load,1,1,0x0015FA0C:sub_15FA0C
0x0015FAC8,0x0018DAC8,0xA80377CA,load,1,16,0x0015FA0C:sub_15FA0C
0x0015FAE0,0x0018DAE0,0xA80377CB,load,1,9,0x0015FA0C:sub_15FA0C
0x0015FAE4,0x0018DAE4,0xA80377CA,load,1,8,0x0015FA0C:sub_15FA0C
0x0015FBF4,0x0018DBF4,0xA80377CB,load,1,11,0x0015FB9C:sub_15FB9C
0x0015FBF8,0x0018DBF8,0xA80377CA,load,1,12,0x0015FB9C:sub_15FB9C
0x0015FF34,0x0018DF34,0xA80377CB,load,1,17,0x0015FDF8:sub_15FDF8
0x0016023C,0x0018E23C,0xA80377CA,load,1,9,
0x0016035C,0x0018E35C,0xA80377CB,load,1,11,0x001602CC:sub_1602CC
0x00160360,0x0018E360,0xA80377CA,load,1,12,0x001602CC:sub_1602CC
0x0016063C,0x0018E63C,0xA80377CB,load,1,11,0x00160560:sub_160560
0x00160640,0x0018E640,0xA80377CA,load,1,12,0x00160560:sub_160560
0x00160910,0x0018E910,0xA80377CB,load,1,11,0x0016088C:sub_16088C
0x00160914,0x0018E914,0xA80377CA,load,1,12,0x0016088C:sub_16088C
0x00160C1C,0x0018EC1C,0xA80377CB,load,1,11,0x00160B08:sub_160B08
0x00160C20,0x0018EC20,0xA80377CA,load,1,12,0x00160B08:sub_160B08
0x00160F48,0x0018EF48,0xA80377CB,load,1,11,0x00160F18:sub_160F18
0x00160F4C,0x0018EF4C,0xA80377CA,load,1,12,0x00160F18:sub_160F18
0x001610E4,0x0018F0E4,0xA80377CB,load,1,15,0x00160F18:sub_160F18
0x00161388,0x0018F388,0xA8034759,load,1,1,
0x0016138C,0x0018F38C,0xA8034758,load,1,13,
0x00161390,0x0018F390,0xA803475A,load,1,11,
0x00161398,0x0018F398,0xA803475B,load,1,1,
0x001613A4,0x0018F3A4,0xA803475C,load,1,11,
0x001613B0,0x0018F3B0,0xA803475D,load,1,9,
0x001613BC,0x0018F3BC,0xA803475E,load,1,12,
0x001613F4,0x0018F3F4,0xA803475F,load,1,8,
0x0016142C,0x0018F42C,0xA803475F,load,1,13,0x00161420:sub_161420
0x00162200,0x00190200,0xA80377D7,load,1,24,0x001621D8:sub_1621D8
0x001625F8,0x001905F8,0xA80377D4,load,4,13,0x001625C8:sub_1625C8
0x001625FC,0x001905FC,0xA80377D8,load,4,12,0x001625C8:sub_1625C8
0x001626B4,0x001906B4,0xA80377D7,load,1,24,0x00162688:sub_162688
0x001626FC,0x001906FC,0xA80377D7,load,1,1,0x001626C0:sub_1626C0
0x001627D0,0x001907D0,0xA80377D4,load,4,24,0x001627A8:sub_1627A8
0x001628B8,0x001908B8,0xA803A496,load,1,13,0x001628B0:sub_1628B0
0x0016293C,0x0019093C,0xA803AFD6,load,1,11,0x0016292C:sub_16292C
0x00162940,0x00190940,0xA803AFD4,load,1,13,0x0016292C:sub_16292C
0x00162944,0x00190944,0xA803AFD5,load,1,12,0x0016292C:sub_16292C
0x00162B90,0x00190B90,0xA80377D7,load,1,24,0x00162B64:sub_162B64
0x00162FD8,0x00190FD8,0xA80377CC,load,1,19,
0x00162FE8,0x00190FE8,0xA80377CC,store,1,27,
0x001630F0,0x001910F0,0xA8034759,load,1,1,
0x001630F4,0x001910F4,0xA8034758,load,1,13,
0x001630F8,0x001910F8,0xA803475A,load,1,11,
0x00163100,0x00191100,0xA803475B,load,1,1,
0x0016310C,0x0019110C,0xA803475C,load,1,11,
0x00163118,0x00191118,0xA803475D,load,1,9,
0x00163124,0x00191124,0xA803475E,load,1,12,
0x0016315C,0x0019115C,0xA803475F,load,1,8,
0x001633BC,0x001913BC,0xA80377E0,load,4,15,0x00163348:sub_163348
0x001633C0,0x001913C0,0xA80377D4,load,4,10,0x00163348:sub_163348
0x001633C4,0x001913C4,0xA80377D8,load,4,9,0x00163348:sub_163348
0x001633C8,0x001913C8,0xA80377DC,load,4,8,0x00163348:sub_163348
0x00163474,0x00191474,0xA80377D7,load,1,24,0x00163404:sub_163404
0x001635FC,0x001915FC,0xA8034760,load,1,1,0x001635F4:sub_1635F4
0x00163618,0x00191618,0xA8034760,store,1,24,0x001635F4:sub_1635F4
0x0016369C,0x0019169C,0xA8034768,store,1,8,0x0016367C:sub_16367C
0x001636A8,0x001916A8,0xA8034768,store,1,24,0x001636A0:sub_1636A0
0x00163708,0x00191708,0xA8034769,load,1,12,0x001636A0:sub_1636A0
0x0016370C,0x0019170C,0xA803476A,load,1,11,0x001636A0:sub_1636A0
0x00163718,0x00191718,0xA8034769,load,1,13,0x001636A0:sub_1636A0
0x00163730,0x00191730,0xA80377F1,load,1,11,0x001636A0:sub_1636A0
0x00163CD0,0x00191CD0,0xA8034774,store,2,8,0x00163CCC:sub_163CCC
0x00163CD8,0x00191CD8,0xA8034768,load,1,8,0x00163CCC:sub_163CCC
0x00163CF0,0x00191CF0,0xA8034776,store,2,8,0x00163CEC:sub_163CEC
0x00163CF8,0x00191CF8,0xA8034768,load,1,8,0x00163CEC:sub_163CEC
0x00163D10,0x00191D10,0xA8034778,store,2,8,0x00163D0C:sub_163D0C
0x00163D18,0x00191D18,0xA8034768,load,1,8,0x00163D0C:sub_163D0C
0x00163D34,0x00191D34,0xA8034774,store,2,8,0x00163D0C:sub_163D0C
0x00163D38,0x00191D38,0xA8034778,store,2,10,0x00163D0C:sub_163D0C
0x00163D40,0x00191D40,0xA8034776,store,2,9,0x00163D0C:sub_163D0C
0x00163D4C,0x00191D4C,0xA8034774,store,2,8,0x00163D44:sub_163D44
0x00163D54,0x00191D54,0xA8034778,store,2,10,0x00163D44:sub_163D44
0x00163D58,0x00191D58,0xA8034776,store,2,9,0x00163D44:sub_163D44
0x00163D5C,0x00191D5C,0xA8034768,load,1,8,0x00163D44:sub_163D44
0x00163D78,0x00191D78,0xA8034770,store,1,8,0x00163D44:sub_163D44
0x00163D7C,0x00191D7C,0xA8034772,store,1,10,0x00163D44:sub_163D44
0x00163D84,0x00191D84,0xA8034771,store,1,9,0x00163D44:sub_163D44
0x00163D90,0x00191D90,0xA80377F0,load,1,8,0x00163D88:sub_163D88
0x00163DB4,0x00191DB4,0xA8034770,store,1,24,0x00163D88:sub_163D88
0x00163DB8,0x00191DB8,0xA8034772,store,1,26,0x00163D88:sub_163D88
0x00163DC0,0x00191DC0,0xA8034771,store,1,25,0x00163D88:sub_163D88
0x00163DF4,0x00191DF4,0xA8034770,load,1,11,0x00163DE4:sub_163DE4
0x00163DF8,0x00191DF8,0xA80377F0,load,1,8,0x00163DE4:sub_163DE4
0x00163DFC,0x00191DFC,0xA8034771,load,1,16,0x00163DE4:sub_163DE4
0x00163E08,0x00191E08,0xA8034770,store,1,11,0x00163DE4:sub_163DE4
0x00163E10,0x00191E10,0xA8034772,store,1,24,0x00163DE4:sub_163DE4
0x00163E1C,0x00191E1C,0xA8034771,store,1,16,0x00163DE4:sub_163DE4
0x00163E50,0x00191E50,0xA8034770,load,1,11,0x00163E40:sub_163E40
0x00163E54,0x00191E54,0xA80377F0,load,1,8,0x00163E40:sub_163E40
0x00163E58,0x00191E58,0xA8034772,load,1,1,0x00163E40:sub_163E40
0x00163E64,0x00191E64,0xA8034770,store,1,11,0x00163E40:sub_163E40
0x00163E6C,0x00191E6C,0xA8034772,store,1,1,0x00163E40:sub_163E40
0x00163E78,0x00191E78,0xA8034771,store,1,24,0x00163E40:sub_163E40
0x00163EAC,0x00191EAC,0xA80377F0,load,1,8,0x00163E9C:sub_163E9C
0x00163EB0,0x00191EB0,0xA8034771,load,1,16,0x00163E9C:sub_163E9C
0x00163EB4,0x00191EB4,0xA8034772,load,1,1,0x00163E9C:sub_163E9C
0x00163EC0,0x00191EC0,0xA8034770,store,1,24,0x00163E9C:sub_163E9C
0x00163EC4,0x00191EC4,0xA8034772,store,1,1,0x00163E9C:sub_163E9C
0x00163ED4,0x00191ED4,0xA8034771,store,1,16,0x00163E9C:sub_163E9C
0x00163EFC,0x00191EFC,0xA80377F0,load,1,13,0x00163EF8:sub_163EF8
0x00163F28,0x00191F28,0xA803476A,store,1,8,0x00163EF8:sub_163EF8
0x00163F30,0x00191F30,0xA8034768,load,1,8,0x00163EF8:sub_163EF8
0x00163F48,0x00191F48,0xA80377F1,store,1,8,0x00163EF8:sub_163EF8
0x00163F50,0x00191F50,0xA8034768,load,1,8,0x00163EF8:sub_163EF8
0x00163F68,0x00191F68,0xA8034769,store,1,8,0x00163EF8:sub_163EF8
0x00163F70,0x00191F70,0xA8034768,load,1,8,0x00163EF8:sub_163EF8
0x00163F90,0x00191F90,0xA80377F0,load,1,1,0x00163F84:sub_163F84
0x00163FA4,0x00191FA4,0xA80377F0,store,1,1,0x00163F84:sub_163F84
0x00163FC0,0x00191FC0,0xA80377F0,load,1,8,0x00163FB0:sub_163FB0
0x00163FC8,0x00191FC8,0xA80377F0,store,1,1,0x00163FB0:sub_163FB0
0x00163FD8,0x00191FD8,0xA80377F0,load,1,1,0x00163FB0:sub_163FB0
0x00163FE0,0x00191FE0,0xA80377F0,store,1,13,0x00163FB0:sub_163FB0
0x00164028,0x00192028,0xA8037800,load,2,15,0x00163FF4:sub_163FF4
0x00164034,0x00192034,0xA8037800,store,2,8,0x00163FF4:sub_163FF4
0x001640D0,0x001920D0,0xA8037D2C,load,4,9,0x00163FF4:sub_163FF4
0x001640EC,0x001920EC,0xA803B21E,load,1,13,0x00163FF4:sub_163FF4
0x00164100,0x00192100,0xA8037D2C,load,4,9,0x00163FF4:sub_163FF4
0x0016414C,0x0019214C,0xA8037800,load,2,9,0x0016413C:sub_16413C
0x00164154,0x00192154,0xA8037800,store,2,8,0x0016413C:sub_16413C
0x00164424,0x00192424,0xA803B21E,load,1,17,0x00164368:sub_164368
0x00164454,0x00192454,0xA8037D2C,load,4,9,0x00164368:sub_164368
0x001649E8,0x001929E8,0xA8037854,load,4,24,
0x00164AF8,0x00192AF8,0xA803AFA4,load,4,12,
0x00164DA4,0x00192DA4,0xA803AF76,load,2,24,
0x00164FEC,0x00192FEC,0xA803AB70,load,4,25,0x00164FE0:sub_164FE0
0x0016500C,0x0019300C,0xA803ABD4,load,4,25,0x00164FE0:sub_164FE0
0x001654E0,0x001934E0,0xA803ABD4,load,4,11,0x001654D4:sub_1654D4
0x001654E4,0x001934E4,0xA803AC40,load,4,10,0x001654D4:sub_1654D4
0x001654E8,0x001934E8,0xA803ACAC,load,4,9,0x001654D4:sub_1654D4
0x001654EC,0x001934EC,0xA803AD18,load,4,13,0x001654D4:sub_1654D4
0x00165500,0x00193500,0xA803AD18,store,4,13,0x001654D4:sub_1654D4
0x00165504,0x00193504,0xA803ABD4,store,4,11,0x001654D4:sub_1654D4
0x00165508,0x00193508,0xA803AC40,store,4,10,0x001654D4:sub_1654D4
0x00165510,0x00193510,0xA803ACAC,store,4,9,0x001654D4:sub_1654D4
0x00165524,0x00193524,0xA803ABD4,load,4,11,0x00165514:sub_165514
0x00165528,0x00193528,0xA803AC40,load,4,10,0x00165514:sub_165514
0x0016552C,0x0019352C,0xA803ACAC,load,4,9,0x00165514:sub_165514
0x00165530,0x00193530,0xA803AD18,load,4,13,0x00165514:sub_165514
0x00165544,0x00193544,0xA803AD18,store,4,13,0x00165514:sub_165514
0x00165548,0x00193548,0xA803ABD4,store,4,11,0x00165514:sub_165514
0x0016554C,0x0019354C,0xA803AC40,store,4,10,0x00165514:sub_165514
0x00165554,0x00193554,0xA803ACAC,store,4,9,0x00165514:sub_165514
0x00165648,0x00193648,0xA8037864,load,4,1,0x00165634:sub_165634
0x00165658,0x00193658,0xA803AFA4,load,4,15,0x00165634:sub_165634
0x00165668,0x00193668,0xA803B21E,load,1,12,0x00165634:sub_165634
0x0016566C,0x0019366C,0xA803AFA4,store,4,13,0x00165634:sub_165634
0x001656A8,0x001936A8,0xA803AFA4,load,4,13,0x00165634:sub_165634
0x001656B8,0x001936B8,0xA803B21E,load,1,8,0x00165634:sub_165634
0x001656DC,0x001936DC,0xA803AFA4,store,4,10,0x00165634:sub_165634
0x001656E4,0x001936E4,0xA8037D2C,load,4,25,0x00165634:sub_165634
0x0016571C,0x0019371C,0xA8037D2C,load,4,9,0x00165634:sub_165634
0x00165734,0x00193734,0xA803ADA7,load,1,13,0x00165730:sub_165730
0x00165758,0x00193758,0xA803ABC0,load,2,12,0x00165750:sub_165750
0x00165778,0x00193778,0xA803AFA7,load,1,1,0x0016576C:sub_16576C
0x00165784,0x00193784,0xA803AFA8,load,4,19,0x0016576C:sub_16576C
0x00165790,0x00193790,0xA803AF76,load,2,17,0x0016576C:sub_16576C
0x00165798,0x00193798,0xA803AF74,load,2,11,0x0016576C:sub_16576C
0x001657BC,0x001937BC,0xA803AF76,load,2,13,0x0016576C:sub_16576C
0x001657C4,0x001937C4,0xA803AF74,load,2,8,0x0016576C:sub_16576C
0x0016586C,0x0019386C,0xA8037864,load,4,1,0x0016576C:sub_16576C
0x00165888,0x00193888,0xA803B21E,load,1,10,0x0016576C:sub_16576C
0x0016589C,0x0019389C,0xA8037860,load,4,1,0x0016576C:sub_16576C
0x001658B8,0x001938B8,0xA803B21E,load,1,17,0x0016576C:sub_16576C
0x001658CC,0x001938CC,0xA803ADA7,load,1,11,0x0016576C:sub_16576C
0x00165940,0x00193940,0xA803AF92,load,2,8,0x0016576C:sub_16576C
0x00165944,0x00193944,0xA803AF90,load,2,16,0x0016576C:sub_16576C
0x00165948,0x00193948,0xA803AF88,load,2,17,0x0016576C:sub_16576C
0x0016594C,0x0019394C,0xA803AF86,load,2,9,0x0016576C:sub_16576C
0x00165BAC,0x00193BAC,0xA8037D2C,load,4,9,0x0016576C:sub_16576C
0x00165BD8,0x00193BD8,0xA8037D2C,load,4,9,0x0016576C:sub_16576C
0x00165C8C,0x00193C8C,0xA803ADA7,load,1,13,
0x00165CB4,0x00193CB4,0xA803AFA7,load,1,13,0x00165C9C:sub_165C9C
0x00165E04,0x00193E04,0xA803AF82,load,2,12,0x00165C9C:sub_165C9C
0x00165E0C,0x00193E0C,0xA803ABB4,store,2,12,0x00165C9C:sub_165C9C
0x00165F64,0x00193F64,0xA803AFA4,load,4,11,0x00165F00:sub_165F00
0x00165F80,0x00193F80,0xA803AF90,load,2,12,0x00165F00:sub_165F00
0x00165F88,0x00193F88,0xA803AF86,load,2,11,0x00165F00:sub_165F00
0x001660AC,0x001940AC,0xA803AFA4,load,4,25,0x00165F00:sub_165F00
0x001660DC,0x001940DC,0xA803AC4A,load,2,8,0x00165F00:sub_165F00
0x001660EC,0x001940EC,0xA803AFA4,load,4,12,0x00165F00:sub_165F00
0x00166210,0x00194210,0xA8037802,load,1,17,0x00166208:sub_166208
0x001663D0,0x001943D0,0xA803AFC6,load,1,20,0x00166208:sub_166208
0x001663FC,0x001943FC,0xA803AFC7,load,1,8,0x00166208:sub_166208
0x00166BAC,0x00194BAC,0xA803AFA4,load,4,19,0x00166208:sub_166208
0x00166D38,0x00194D38,0xA8037848,load,4,1,0x00166208:sub_166208
0x00166E44,0x00194E44,0xA8037878,load,4,1,0x00166208:sub_166208
0x00166E78,0x00194E78,0xA803787C,load,4,12,0x00166208:sub_166208
0x001670BC,0x001950BC,0xA803AB70,load,4,19,0x00166208:sub_166208
0x001670D4,0x001950D4,0xA803AFA4,load,4,10,0x00166208:sub_166208
0x001670E8,0x001950E8,0xA8037868,load,4,1,0x00166208:sub_166208
0x00167104,0x00195104,0xA803AFA7,load,1,12,0x00166208:sub_166208
0x001677D0,0x001957D0,0xA8037804,load,1,9,0x0016779C:sub_16779C
0x001677F0,0x001957F0,0xA8037804,store,1,13,0x0016779C:sub_16779C
0x001677FC,0x001957FC,0xA8037803,load,1,23,0x0016779C:sub_16779C
0x00167808,0x00195808,0xA8037803,store,1,13,0x0016779C:sub_16779C
0x00167AB0,0x00195AB0,0xA8037804,load,1,15,0x0016779C:sub_16779C
0x00167AD0,0x00195AD0,0xA8037804,store,1,13,0x0016779C:sub_16779C
0x00167ADC,0x00195ADC,0xA8037803,load,1,27,0x0016779C:sub_16779C
0x00167AE8,0x00195AE8,0xA8037803,store,1,13,0x0016779C:sub_16779C
0x001684C8,0x001964C8,0xA8037804,load,1,1,0x001684C4:sub_1684C4
0x001684EC,0x001964EC,0xA8037803,load,1,1,0x001684E8:sub_1684E8
0x00168D90,0x00196D90,0xA8034788,store,1,0,0x001689FC:sub_1689FC
0x00168DFC,0x00196DFC,0xA8034782,load,2,8,0x001689FC:sub_1689FC
0x00168E40,0x00196E40,0xA8037809,load,1,1,0x00168E38:sub_168E38
0x00168E60,0x00196E60,0xA8034782,load,2,10,0x00168E38:sub_168E38
0x00168EE8,0x00196EE8,0xA8037809,load,1,1,0x00168EE0:sub_168EE0
0x00168EFC,0x00196EFC,0xA8037834,load,2,8,0x00168EE0:sub_168EE0
0x00168F20,0x00196F20,0xA8034782,load,2,10,0x00168EE0:sub_168EE0
0x0016906C,0x0019706C,0xA8034782,load,2,9,0x00168FA4:sub_168FA4
0x00169104,0x00197104,0xA8037809,load,1,11,0x00168FA4:sub_168FA4
0x00169484,0x00197484,0xA8037809,store,1,26,0x001692A0:sub_1692A0
0x00169494,0x00197494,0xA8037834,store,2,8,0x001692A0:sub_1692A0
0x001694A4,0x001974A4,0xA8037809,store,1,0,0x001692A0:sub_1692A0
0x00169534,0x00197534,0xA8034784,load,1,1,0x0016952C:sub_16952C
0x0016955C,0x0019755C,0xA803ADA7,load,1,13,0x0016952C:sub_16952C
0x0016956C,0x0019756C,0xA8034784,store,1,24,0x0016952C:sub_16952C
0x00169698,0x00197698,0xA803AD20,load,1,1,0x00169674:sub_169674
0x001696A8,0x001976A8,0xA803AD20,load,1,1,0x00169674:sub_169674
0x001696B4,0x001976B4,0xA8037838,store,1,0,0x00169674:sub_169674
0x001696B8,0x001976B8,0xA803AD20,load,1,1,0x00169674:sub_169674
0x00169714,0x00197714,0xFFFF8038,store,1,0,0x00169674:sub_169674
0x0016971C,0x0019771C,0xA803AD20,load,1,1,0x00169674:sub_169674
0x00169734,0x00197734,0xA803AD20,load,1,1,0x00169674:sub_169674
0x00169748,0x00197748,0xA803AD20,load,1,1,0x00169674:sub_169674
0x00169754,0x00197754,0xA803AD20,load,1,1,0x00169674:sub_169674
0x00169794,0x00197794,0xA803AD20,load,1,1,0x0016978C:sub_16978C
0x001697C0,0x001977C0,0xA803AD22,load,2,8,0x0016978C:sub_16978C
0x001697D4,0x001977D4,0xA803AF98,load,2,12,0x0016978C:sub_16978C
0x001697E4,0x001977E4,0xA803A496,load,1,10,0x0016978C:sub_16978C
0x001697F4,0x001977F4,0xA803AF6C,load,4,11,0x0016978C:sub_16978C
0x00169868,0x00197868,0xA803AF9C,load,2,13,0x0016978C:sub_16978C
0x00169884,0x00197884,0xA8037838,load,1,17,0x0016978C:sub_16978C
0x001698E0,0x001978E0,0xA803AFA0,load,2,18,0x0016978C:sub_16978C
0x00169938,0x00197938,0xA803A496,load,1,15,0x0016978C:sub_16978C
0x0016995C,0x0019795C,0xA803AD20,store,1,18,0x0016978C:sub_16978C
0x00169968,0x00197968,0xA803AD22,load,2,8,0x0016978C:sub_16978C
0x00169978,0x00197978,0xA803AF9A,load,2,11,0x0016978C:sub_16978C
0x00169988,0x00197988,0xA8037838,load,1,1,0x0016978C:sub_16978C
0x00169A18,0x00197A18,0xA803AF9E,load,2,10,0x0016978C:sub_16978C
0x00169A28,0x00197A28,0xA803A496,load,1,13,0x0016978C:sub_16978C
0x00169A74,0x00197A74,0xA803AD20,store,1,9,0x0016978C:sub_16978C
0x00169C54,0x00197C54,0xA803AD22,store,2,0,0x00169C44:sub_169C44
0x00169C5C,0x00197C5C,0xA803AD20,store,1,8,0x00169C44:sub_169C44
0x00169CE8,0x00197CE8,0xA803AD20,load,1,8,0x00169CE4:sub_169CE4
0x00169D00,0x00197D00,0xA803AD20,load,1,8,0x00169CFC:sub_169CFC
0x00169D44,0x00197D44,0xA8037839,load,1,13,
0x00169D4C,0x00197D4C,0xA8037839,store,1,8,
0x00169D60,0x00197D60,0xA803AD4A,load,2,1,
0x00169D64,0x00197D64,0xA803AD26,load,2,12,
0x00169D6C,0x00197D6C,0xA803AD38,load,2,11,
0x00169D80,0x00197D80,0xA803AD26,store,2,12,
0x00169D8C,0x00197D8C,0xA803AD4A,store,2,13,
0x00169D94,0x00197D94,0xA803AD38,store,2,11,
0x00169DD0,0x00197DD0,0xA803AD4A,load,2,1,
0x00169DD4,0x00197DD4,0xA803AD26,load,2,12,
0x00169E40,0x00197E40,0xA803AD4A,load,2,1,
0x00169E44,0x00197E44,0xA803AD26,load,2,12,
0x00169E4C,0x00197E4C,0xA803AD38,load,2,11,
0x00169E60,0x00197E60,0xA803AD26,store,2,12,
0x00169E6C,0x00197E6C,0xA803AD4A,store,2,13,
0x00169E74,0x00197E74,0xA803AD38,store,2,11,
0x00169EF8,0x00197EF8,0xA803AD4A,load,2,13,0x00169EC0:sub_169EC0
0x00169F04,0x00197F04,0xA803AD38,load,2,13,0x00169EC0:sub_169EC0
0x00169F10,0x00197F10,0xA803AD26,load,2,13,0x00169EC0:sub_169EC0
0x00169F68,0x00197F68,0xA803AD26,load,2,12,0x00169F20:sub_169F20
0x00169F7C,0x00197F7C,0xA803AD26,store,2,9,0x00169F20:sub_169F20
0x00169FF0,0x00197FF0,0xA803AD58,load,2,8,
0x00169FF8,0x00197FF8,0xA803AD46,load,2,8,
0x00169FFC,0x00197FFC,0xA803AD34,load,2,8,
0x0016A044,0x00198044,0xA803AD4F,load,1,8,
0x0016A04C,0x0019804C,0xA803AD3D,load,1,8,
0x0016A050,0x00198050,0xA803AD2B,load,1,8,
0x0016A564,0x00198564,0xA803AFA4,load,4,13,0x0016A524:sub_16A524
0x0016AE74,0x00198E74,0xA803AE24,store,2,8,0x0016AE6C:sub_16AE6C
0x0016B5AC,0x001995AC,0xA8037878,store,4,9,0x0016B580:sub_16B580
0x0016B5B8,0x001995B8,0xA803787C,store,4,9,0x0016B580:sub_16B580
0x0016B5C4,0x001995C4,0xA8037874,store,4,9,0x0016B580:sub_16B580
0x0016B5D0,0x001995D0,0xA8037870,store,4,9,0x0016B580:sub_16B580
0x0016B5DC,0x001995DC,0xA8037868,store,4,9,0x0016B580:sub_16B580
0x0016B5E8,0x001995E8,0xA803786C,store,4,9,0x0016B580:sub_16B580
0x0016B5F4,0x001995F4,0xA8037864,store,4,9,0x0016B580:sub_16B580
0x0016B600,0x00199600,0xA8037860,store,4,9,0x0016B580:sub_16B580
0x0016B60C,0x0019960C,0xA803785C,store,4,9,0x0016B580:sub_16B580
0x0016B618,0x00199618,0xA8037858,store,4,9,0x0016B580:sub_16B580
0x0016B624,0x00199624,0xA8037854,store,4,9,0x0016B580:sub_16B580
0x0016B630,0x00199630,0xA8037850,store,4,9,0x0016B580:sub_16B580
0x0016B63C,0x0019963C,0xA803784C,store,4,9,0x0016B580:sub_16B580
0x0016B648,0x00199648,0xA8037848,store,4,9,0x0016B580:sub_16B580
0x0016B654,0x00199654,0xA8037844,store,4,9,0x0016B580:sub_16B580
0x0016B660,0x00199660,0xA8037840,store,4,9,0x0016B580:sub_16B580
0x0016B668,0x00199668,0xA803783C,store,4,9,0x0016B580:sub_16B580
0x0016B714,0x00199714,0xA803AFBC,load,1,8,
0x0016B784,0x00199784,0xA8037880,load,1,10,
0x0016B864,0x00199864,0xA803AE00,load,1,11,
0x0016B868,0x00199868,0xA803ADFE,load,1,13,
0x0016B870,0x00199870,0xA803ADFF,load,1,12,
0x0016B87C,0x0019987C,0xA803ADFD,load,1,11,
0x0016B880,0x00199880,0xA803ADFB,load,1,13,
0x0016B888,0x00199888,0xA803ADFC,load,1,12,
0x0016B894,0x00199894,0xA803ADFA,load,1,11,
0x0016B898,0x00199898,0xA803ADF8,load,1,13,
0x0016B8A0,0x001998A0,0xA803ADF9,load,1,12,
0x0016B8AC,0x001998AC,0xA803ADF7,load,1,11,
0x0016B8B0,0x001998B0,0xA803ADF5,load,1,13,
0x0016B8B8,0x001998B8,0xA803ADF6,load,1,12,
0x0016B8C4,0x001998C4,0xA803ADF4,load,1,11,
0x0016B8C8,0x001998C8,0xA803ADF2,load,1,13,
0x0016B8D0,0x001998D0,0xA803ADF3,load,1,12,
0x0016B8DC,0x001998DC,0xA803ADF1,load,1,11,
0x0016B8E0,0x001998E0,0xA803ADEF,load,1,13,
0x0016B8E8,0x001998E8,0xA803ADF0,load,1,12,
0x0016B8F4,0x001998F4,0xA803ADEE,load,1,11,
0x0016B8F8,0x001998F8,0xA803ADEC,load,1,13,
0x0016B900,0x00199900,0xA803ADED,load,1,12,
0x0016B90C,0x0019990C,0xA803ADEB,load,1,11,
0x0016B910,0x00199910,0xA803ADE9,load,1,13,
0x0016B918,0x00199918,0xA803ADEA,load,1,12,
0x0016B924,0x00199924,0xA803ADE8,load,1,11,
0x0016B928,0x00199928,0xA803ADE6,load,1,13,
0x0016B930,0x00199930,0xA803ADE7,load,1,12,
0x0016BC30,0x00199C30,0xA803AFA4,load,4,12,0x0016BBE8:sub_16BBE8
0x0016BF68,0x00199F68,0xA803A5C1,load,1,8,0x0016BF64:sub_16BF64
0x0016BF7C,0x00199F7C,0xA803479C,load,1,8,0x0016BF74:sub_16BF74
0x0016BF88,0x00199F88,0xA803A5C1,load,1,13,0x0016BF80:sub_16BF80
0x0016BF94,0x00199F94,0xA803479C,store,1,8,0x0016BF80:sub_16BF80
0x0016BF9C,0x00199F9C,0xA803A5C1,store,1,13,0x0016BF80:sub_16BF80
0x0016BFA8,0x00199FA8,0xA803A5C0,load,1,8,0x0016BFA0:sub_16BFA0
0x0016CBA0,0x0019ABA0,0xA803AFA4,load,4,13,0x0016CB50:sub_16CB50
0x0016CBBC,0x0019ABBC,0xA803AFA4,store,4,1,0x0016CB50:sub_16CB50
0x0016CC2C,0x0019AC2C,0xA803ADA4,load,4,10,0x0016CB50:sub_16CB50
0x0016CC38,0x0019AC38,0xA803ADA0,load,4,26,0x0016CB50:sub_16CB50
0x0016CC9C,0x0019AC9C,0xA803AFD2,store,1,8,0x0016CB50:sub_16CB50
0x0016CCA8,0x0019ACA8,0xA803AFD3,store,1,8,0x0016CCA0:sub_16CCA0
0x0016D0F4,0x0019B0F4,0xA803AE12,load,1,1,0x0016CF78:sub_16CF78
0x0016D0FC,0x0019B0FC,0xA803AC3A,load,1,1,0x0016CF78:sub_16CF78
0x0016D254,0x0019B254,0xA803ADFF,load,1,1,0x0016D228:sub_16D228
0x0016D260,0x0019B260,0xA803AE00,load,1,1,0x0016D228:sub_16D228
0x0016D26C,0x0019B26C,0xA803ADFE,load,1,1,0x0016D228:sub_16D228
0x0016D278,0x0019B278,0xA803ADFD,load,1,1,0x0016D228:sub_16D228
0x0016D284,0x0019B284,0xA803ADFC,load,1,1,0x0016D228:sub_16D228
0x0016D290,0x0019B290,0xA803ADFB,load,1,1,0x0016D228:sub_16D228
0x0016D29C,0x0019B29C,0xA803ADFA,load,1,1,0x0016D228:sub_16D228
0x0016D2A8,0x0019B2A8,0xA803ADF9,load,1,1,0x0016D228:sub_16D228
0x0016D2B4,0x0019B2B4,0xA803ADF8,load,1,1,0x0016D228:sub_16D228
0x0016D2C0,0x0019B2C0,0xA803AE03,load,1,1,0x0016D228:sub_16D228
0x0016D2CC,0x0019B2CC,0xA803AE02,load,1,1,0x0016D228:sub_16D228
0x0016D2D8,0x0019B2D8,0xA803AE01,load,1,1,0x0016D228:sub_16D228
0x0016D2E4,0x0019B2E4,0xA803ADF7,load,1,1,0x0016D228:sub_16D228
0x0016D2F0,0x0019B2F0,0xA803ADF6,load,1,1,0x0016D228:sub_16D228
0x0016D2FC,0x0019B2FC,0xA803ADF5,load,1,1,0x0016D228:sub_16D228
0x0016D308,0x0019B308,0xA803ADF4,load,1,1,0x0016D228:sub_16D228
0x0016D314,0x0019B314,0xA803ADF3,load,1,1,0x0016D228:sub_16D228
0x0016D320,0x0019B320,0xA803ADF2,load,1,1,0x0016D228:sub_16D228
0x0016D32C,0x0019B32C,0xA803ADF1,load,1,1,0x0016D228:sub_16D228
0x0016D338,0x0019B338,0xA803ADF0,load,1,1,0x0016D228:sub_16D228
0x0016D344,0x0019B344,0xA803ADEF,load,1,1,0x0016D228:sub_16D228
0x0016D350,0x0019B350,0xA803ADEE,load,1,1,0x0016D228:sub_16D228
0x0016D35C,0x0019B35C,0xA803ADED,load,1,1,0x0016D228:sub_16D228
0x0016D368,0x0019B368,0xA803ADEC,load,1,1,0x0016D228:sub_16D228
0x0016D374,0x0019B374,0xA803ADEB,load,1,1,0x0016D228:sub_16D228
0x0016D380,0x0019B380,0xA803ADEA,load,1,1,0x0016D228:sub_16D228
0x0016D38C,0x0019B38C,0xA803ADE9,load,1,1,0x0016D228:sub_16D228
0x0016D398,0x0019B398,0xA803ADE8,load,1,1,0x0016D228:sub_16D228
0x0016D3A4,0x0019B3A4,0xA803ADE7,load,1,1,0x0016D228:sub_16D228
0x0016D3B0,0x0019B3B0,0xA803ADE6,load,1,1,0x0016D228:sub_16D228
0x0016D3BC,0x0019B3BC,0xA803ADE5,load,1,1,0x0016D228:sub_16D228
0x0016D3C8,0x0019B3C8,0xA803ADE4,load,1,1,0x0016D228:sub_16D228
0x0016D3D4,0x0019B3D4,0xA803ADE3,load,1,1,0x0016D228:sub_16D228
0x0016D3E0,0x0019B3E0,0xA803ADE2,load,1,1,0x0016D228:sub_16D228
0x0016D3EC,0x0019B3EC,0xA803ADE1,load,1,1,0x0016D228:sub_16D228
0x0016D3F4,0x0019B3F4,0xA803ADE0,load,1,1,0x0016D228:sub_16D228
0x0016D430,0x0019B430,0xA803AE00,store,1,9,0x0016D400:sub_16D400
0x0016D438,0x0019B438,0xA803AFAF,load,1,13,0x0016D400:sub_16D400
0x0016D458,0x0019B458,0xA803ADFF,store,1,9,0x0016D400:sub_16D400
0x0016D460,0x0019B460,0xA803AFAF,load,1,9,0x0016D400:sub_16D400
0x0016D48C,0x0019B48C,0xA803ADFE,store,1,9,0x0016D400:sub_16D400
0x0016D494,0x0019B494,0xA803AFAF,load,1,13,0x0016D400:sub_16D400
0x0016D4B4,0x0019B4B4,0xA803ADFD,store,1,9,0x0016D400:sub_16D400
0x0016D4BC,0x0019B4BC,0xA803AFAF,load,1,9,0x0016D400:sub_16D400
0x0016D4E8,0x0019B4E8,0xA803ADFC,store,1,9,0x0016D400:sub_16D400
0x0016D4F0,0x0019B4F0,0xA803AFAF,load,1,13,0x0016D400:sub_16D400
0x0016D510,0x0019B510,0xA803ADFB,store,1,9,0x0016D400:sub_16D400
0x0016D518,0x0019B518,0xA803AFAF,load,1,9,0x0016D400:sub_16D400
0x0016D538,0x0019B538,0xA803ADFA,store,1,9,0x0016D400:sub_16D400
0x0016D540,0x0019B540,0xA803AFAF,load,1,13,0x0016D400:sub_16D400
0x0016D56C,0x0019B56C,0xA803ADF9,store,1,9,0x0016D400:sub_16D400
0x0016D574,0x0019B574,0xA803AFAF,load,1,9,0x0016D400:sub_16D400
0x0016D594,0x0019B594,0xA803ADF8,store,1,9,0x0016D400:sub_16D400
0x0016D59C,0x0019B59C,0xA803AFAF,load,1,13,0x0016D400:sub_16D400
0x0016D5BC,0x0019B5BC,0xA803AE03,store,1,9,0x0016D400:sub_16D400
0x0016D5C4,0x0019B5C4,0xA803AFAF,load,1,9,0x0016D400:sub_16D400
0x0016D5F0,0x0019B5F0,0xA803AE02,store,1,9,0x0016D400:sub_16D400
0x0016D5F8,0x0019B5F8,0xA803AFAF,load,1,13,0x0016D400:sub_16D400
0x0016D618,0x0019B618,0xA803ADF7,store,1,9,0x0016D400:sub_16D400
0x0016D620,0x0019B620,0xA803AFAF,load,1,13,0x0016D400:sub_16D400
0x0016D64C,0x0019B64C,0xA803ADF6,store,1,9,0x0016D400:sub_16D400
0x0016D654,0x0019B654,0xA803AFAF,load,1,9,0x0016D400:sub_16D400
0x0016D674,0x0019B674,0xA803AE01,store,1,9,0x0016D400:sub_16D400
0x0016D67C,0x0019B67C,0xA803AFAF,load,1,9,0x0016D400:sub_16D400
0x0016D69C,0x0019B69C,0xA803ADF5,store,1,9,0x0016D400:sub_16D400
0x0016D6A4,0x0019B6A4,0xA803AFAF,load,1,13,0x0016D400:sub_16D400
0x0016D6C4,0x0019B6C4,0xA803ADF4,store,1,9,0x0016D400:sub_16D400
0x0016D6CC,0x0019B6CC,0xA803AFAF,load,1,9,0x0016D400:sub_16D400
0x0016D6F8,0x0019B6F8,0xA803ADF3,store,1,9,0x0016D400:sub_16D400
0x0016D700,0x0019B700,0xA803AFAF,load,1,13,0x0016D400:sub_16D400
0x0016D720,0x0019B720,0xA803ADF2,store,1,9,0x0016D400:sub_16D400
0x0016D728,0x0019B728,0xA803AFAF,load,1,9,0x0016D400:sub_16D400
0x0016D748,0x0019B748,0xA803ADF1,store,1,9,0x0016D400:sub_16D400
0x0016D750,0x0019B750,0xA803AFAF,load,1,13,0x0016D400:sub_16D400
0x0016D77C,0x0019B77C,0xA803ADF0,store,1,9,0x0016D400:sub_16D400
0x0016D784,0x0019B784,0xA803AFAF,load,1,9,0x0016D400:sub_16D400
0x0016D7A4,0x0019B7A4,0xA803ADEF,store,1,9,0x0016D400:sub_16D400
0x0016D7AC,0x0019B7AC,0xA803AFAF,load,1,13,0x0016D400:sub_16D400
0x0016D7CC,0x0019B7CC,0xA803ADEE,store,1,9,0x0016D400:sub_16D400
0x0016D7D4,0x0019B7D4,0xA803AFAF,load,1,9,0x0016D400:sub_16D400
0x0016D800,0x0019B800,0xA803ADED,store,1,9,0x0016D400:sub_16D400
0x0016D808,0x0019B808,0xA803AFAF,load,1,13,0x0016D400:sub_16D400
0x0016D828,0x0019B828,0xA803ADE9,store,1,9,0x0016D400:sub_16D400
0x0016D830,0x0019B830,0xA803AFAF,load,1,13,0x0016D400:sub_16D400
0x0016D85C,0x0019B85C,0xA803ADE8,store,1,9,0x0016D400:sub_16D400
0x0016D864,0x0019B864,0xA803AFAF,load,1,9,0x0016D400:sub_16D400
0x0016D890,0x0019B890,0xA803ADEB,store,1,9,0x0016D400:sub_16D400
0x0016D898,0x0019B898,0xA803AFAF,load,1,13,0x0016D400:sub_16D400
0x0016D8B8,0x0019B8B8,0xA803ADE7,store,1,9,0x0016D400:sub_16D400
0x0016D8C0,0x0019B8C0,0xA803AFAF,load,1,13,0x0016D400:sub_16D400
0x0016D8E0,0x0019B8E0,0xA803ADE6,store,1,9,0x0016D400:sub_16D400
0x0016D8E8,0x0019B8E8,0xA803AFAF,load,1,9,0x0016D400:sub_16D400
0x0016D908,0x0019B908,0xA803ADEC,store,1,9,0x0016D400:sub_16D400
0x0016D910,0x0019B910,0xA803AFAF,load,1,9,0x0016D400:sub_16D400
0x0016D930,0x0019B930,0xA803ADEA,store,1,9,0x0016D400:sub_16D400
0x0016D938,0x0019B938,0xA803AFAF,load,1,9,0x0016D400:sub_16D400
0x0016D97C,0x0019B97C,0xA803ADAB,load,1,11,
0x0016D988,0x0019B988,0xA803ADAC,load,2,11,
0x0016D990,0x0019B990,0xA803ADA0,load,4,11,
0x0016D9A8,0x0019B9A8,0xA803ADA0,load,4,1,
0x0016D9C0,0x0019B9C0,0xA803ADA0,load,4,8,
0x0016D9DC,0x0019B9DC,0xA803ADA8,load,1,11,
0x0016D9E4,0x0019B9E4,0xA803ADA8,load,4,13,
0x0016DA20,0x0019BA20,0xA803ADAB,store,1,9,
0x0016DA2C,0x0019BA2C,0xA803ADAC,store,2,9,
0x0016DA38,0x0019BA38,0xA803ADA0,load,4,12,
0x0016DA50,0x0019BA50,0xA803ADA0,store,4,1,
0x0016DA58,0x0019BA58,0xA803ADA0,load,4,13,
0x0016DA74,0x0019BA74,0xA803ADA0,store,4,1,
0x0016DA80,0x0019BA80,0xA803ADA0,load,4,12,
0x0016DA98,0x0019BA98,0xA803ADA0,store,4,1,
0x0016DAA4,0x0019BAA4,0xA803ADA8,store,1,9,
0x0016DAB8,0x0019BAB8,0xA803ADA8,load,4,13,
0x0016DACC,0x0019BACC,0xA803ADA8,store,4,13,
0x0016E128,0x0019C128,0xA803AF76,load,2,11,0x0016E110:sub_16E110
0x0016E12C,0x0019C12C,0xA803AF74,load,2,10,0x0016E110:sub_16E110
0x0016FD48,0x0019DD48,0xA803AF76,load,2,1,0x0016FD24:sub_16FD24
0x0016FD50,0x0019DD50,0xA803AF74,load,2,1,0x0016FD24:sub_16FD24
0x00170158,0x0019E158,0xA803ADA0,load,4,11,0x00170120:sub_170120
0x00170258,0x0019E258,0xA803AD36,load,1,8,0x00170214:sub_170214
0x00170278,0x0019E278,0xA803AD5A,load,1,8,0x00170214:sub_170214
0x0017031C,0x0019E31C,0xA803ADA0,load,4,13,0x00170318:sub_170318
0x00170334,0x0019E334,0xA803ADA0,store,4,1,0x00170318:sub_170318
0x001705DC,0x0019E5DC,0xA803ADA0,load,4,12,0x001705BC:sub_1705BC
0x001705F4,0x0019E5F4,0xA803ADA0,store,4,1,0x001705BC:sub_1705BC
0x0017060C,0x0019E60C,0xA803AFA4,load,4,13,0x00170608:sub_170608
0x00170634,0x0019E634,0xA803AFA4,store,4,1,0x00170608:sub_170608
0x00170638,0x0019E638,0xA803ABD4,load,4,1,0x00170608:sub_170608
0x00170648,0x0019E648,0xA803ABD4,store,4,12,0x00170608:sub_170608
0x0017064C,0x0019E64C,0xA803ABD4,load,4,13,0x00170608:sub_170608
0x00170658,0x0019E658,0xA803ABD4,store,4,10,0x00170608:sub_170608
0x001706BC,0x0019E6BC,0xA803AFA8,load,4,11,0x00170664:sub_170664
0x001706D4,0x0019E6D4,0xA803AFA8,store,4,11,0x00170664:sub_170664
0x001706E4,0x0019E6E4,0xA803AFA8,load,4,11,0x00170664:sub_170664
0x00170738,0x0019E738,0xA803AFC1,store,1,8,
0x00170754,0x0019E754,0xA803AFC0,store,1,24,0x0017073C:sub_17073C
0x00170760,0x0019E760,0xA803AFC0,load,1,24,0x0017073C:sub_17073C
0x00170784,0x0019E784,0xA803AFBC,store,1,24,0x00170778:sub_170778
0x00170790,0x0019E790,0xA803AFAF,load,1,24,0x00170778:sub_170778
0x001707A4,0x0019E7A4,0xA803AFAF,store,1,8,0x001707A0:sub_1707A0
0x00170820,0x0019E820,0xA803AFAE,store,1,13,0x001707F4:sub_1707F4
0x00170850,0x0019E850,0xA803AFAB,store,1,1,0x00170838:sub_170838
0x0017087C,0x0019E87C,0xA803AFAA,store,1,24,0x00170870:sub_170870
0x0017088C,0x0019E88C,0xA803AFAA,load,1,24,0x00170870:sub_170870
0x00170914,0x0019E914,0xA803AFA4,load,4,13,0x0017089C:sub_17089C
0x00170934,0x0019E934,0xA803AFA4,load,4,17,0x0017089C:sub_17089C
0x00170B10,0x0019EB10,0xA803ADA7,load,1,12,0x00170B04:sub_170B04
0x00170B50,0x0019EB50,0xA803ABB0,load,4,24,0x00170B04:sub_170B04
0x00170B5C,0x0019EB5C,0xA803ABB0,store,4,12,0x00170B04:sub_170B04
0x00170BEC,0x0019EBEC,0xA803AFA7,load,1,8,0x00170B04:sub_170B04
0x00170E88,0x0019EE88,0xA803AF76,load,2,13,0x00170E78:sub_170E78
0x00170E94,0x0019EE94,0xA803AFA4,load,4,13,0x00170E78:sub_170E78
0x00170E98,0x0019EE98,0xA803AFA4,load,4,9,0x00170E78:sub_170E78
0x00170EA4,0x0019EEA4,0xA803AFA4,store,4,8,0x00170E78:sub_170E78
0x00170EAC,0x0019EEAC,0xA803B21E,load,1,9,0x00170E78:sub_170E78
0x00170EDC,0x0019EEDC,0xA8037D2C,load,4,9,0x00170E78:sub_170E78
0x00170F04,0x0019EF04,0xA803B21E,load,1,9,0x00170E78:sub_170E78
0x00170F3C,0x0019EF3C,0xA803AFA4,load,4,24,0x00170F30:sub_170F30
0x00170F58,0x0019EF58,0xA803B21E,load,1,1,0x00170F30:sub_170F30
0x00170F8C,0x0019EF8C,0xA8037D2C,load,4,25,0x00170F30:sub_170F30
0x00170FB0,0x0019EFB0,0xA803AFA4,load,4,13,0x00170FA8:sub_170FA8
0x00170FC8,0x0019EFC8,0xA803AFA4,store,4,1,0x00170FA8:sub_170FA8
0x00171004,0x0019F004,0xA803AFA7,store,1,8,0x00171000:sub_171000
0x0017102C,0x0019F02C,0xA803AFA8,load,4,12,0x00171020:sub_171020
0x00171040,0x0019F040,0xA803AFA8,store,4,1,0x00171020:sub_171020
0x00171080,0x0019F080,0xA803AFA4,load,4,13,0x00171078:sub_171078
0x00171098,0x0019F098,0xA803AFA4,store,4,1,0x00171078:sub_171078
0x001710A8,0x0019F0A8,0xA803AFA4,load,1,25,0x00171078:sub_171078
0x001710C4,0x0019F0C4,0xA803AB70,load,4,16,0x001710BC:sub_1710BC
0x001710D0,0x0019F0D0,0xA803AFA4,load,4,8,0x001710BC:sub_1710BC
0x001710FC,0x0019F0FC,0xA803AFA4,store,4,8,0x001710BC:sub_1710BC
0x00171504,0x0019F504,0xA803AFA4,load,4,12,0x001714AC:sub_1714AC
0x0017150C,0x0019F50C,0xA803AFA4,load,4,12,0x001714AC:sub_1714AC
0x00171520,0x0019F520,0xA803AFC3,store,1,9,0x001714AC:sub_1714AC
0x00171528,0x0019F528,0xA803ABDC,load,4,8,0x001714AC:sub_1714AC
0x00171568,0x0019F568,0xA803ABDC,load,4,12,0x001714AC:sub_1714AC
0x001715C0,0x0019F5C0,0xA803AC48,load,4,8,0x001714AC:sub_1714AC
0x00171628,0x0019F628,0xA803AFC2,store,1,9,0x001714AC:sub_1714AC
0x0017166C,0x0019F66C,0xA803ACB4,load,4,8,0x001714AC:sub_1714AC
0x001716A4,0x0019F6A4,0xA803AC48,load,4,12,0x001714AC:sub_1714AC
0x001716DC,0x0019F6DC,0xA803ACB4,load,4,12,0x001714AC:sub_1714AC
0x00171770,0x0019F770,0xA803AFB1,store,1,9,0x00171718:sub_171718
0x001717A4,0x0019F7A4,0xA803AFB2,store,1,9,0x00171718:sub_171718
0x001717EC,0x0019F7EC,0xA803AFB0,store,1,9,0x00171718:sub_171718
0x00171830,0x0019F830,0xA803AFB8,store,1,9,
0x00171838,0x0019F838,0xA803AFB7,store,1,9,
0x00171848,0x0019F848,0xA803AFB6,store,1,9,
0x00171878,0x0019F878,0xA803AFBB,store,1,9,
0x00171880,0x0019F880,0xA803AFBA,store,1,9,
0x00171890,0x0019F890,0xA803AFB9,store,1,9,
0x001718F0,0x0019F8F0,0xA803AFB4,store,1,9,0x0017189C:sub_17189C
0x00171920,0x0019F920,0xA803AFB5,store,1,9,0x0017189C:sub_17189C
0x00171964,0x0019F964,0xA803AFB3,store,1,9,0x0017189C:sub_17189C
0x00171D6C,0x0019FD6C,0xA803AFA4,load,4,13,0x00171D68:sub_171D68
0x00171D88,0x0019FD88,0xA803AFA4,store,4,1,0x00171D68:sub_171D68
0x00172AA0,0x001A0AA0,0xA803AFCE,store,1,25,
0x00172AD8,0x001A0AD8,0xA803AFCE,load,1,8,
0x00172AF4,0x001A0AF4,0xA803AFD0,store,1,25,
0x00172B2C,0x001A0B2C,0xA803AFD0,load,1,8,
0x00172B50,0x001A0B50,0xA803AFCE,load,1,13,
0x00172B70,0x001A0B70,0xA803AFD0,load,1,13,
0x00172E58,0x001A0E58,0xA803AFD8,store,4,8,0x00172E44:sub_172E44
0x00172EA4,0x001A0EA4,0xA803AFC1,load,1,8,0x00172E98:sub_172E98
0x00172EC0,0x001A0EC0,0xA803AFC1,load,1,8,0x00172EB4:sub_172EB4
0x00172EFC,0x001A0EFC,0xA803AFAC,store,1,8,0x00172ED0:sub_172ED0
0x00172F44,0x001A0F44,0xA803AFAD,store,1,13,0x00172F18:sub_172F18
0x00173230,0x001A1230,0xA803AFA4,load,4,12,0x00173210:sub_173210
0x001735E0,0x001A15E0,0xA803AFA4,load,4,13,0x001735C0:sub_1735C0
0x00173610,0x001A1610,0xA803AFA4,store,4,1,0x001735C0:sub_1735C0
0x0017369C,0x001A169C,0xA803ABD4,load,4,8,0x00173680:sub_173680
0x00173AF4,0x001A1AF4,0xA8037886,load,2,25,0x00173AE0:sub_173AE0
0x00173B6C,0x001A1B6C,0xA8037886,load,2,11,
0x00173BB4,0x001A1BB4,0xA8037886,load,2,12,
0x00173BCC,0x001A1BCC,0xA8037886,store,2,1,
0x00173BE0,0x001A1BE0,0xA8037884,load,2,12,
0x00173C20,0x001A1C20,0xA8037884,load,2,12,
0x00173CC8,0x001A1CC8,0xA8037884,load,2,8,0x00173CAC:sub_173CAC
0x00173D10,0x001A1D10,0xA8037886,load,2,11,0x00173CAC:sub_173CAC
0x00173D24,0x001A1D24,0xA8037886,store,2,19,0x00173CAC:sub_173CAC
0x00173D84,0x001A1D84,0xA8037884,store,2,13,0x00173CAC:sub_173CAC
0x00173D8C,0x001A1D8C,0xA8037884,load,2,1,0x00173CAC:sub_173CAC
0x00173D98,0x001A1D98,0xA8037884,load,2,10,0x00173CAC:sub_173CAC
0x00173DE8,0x001A1DE8,0xA8037886,load,2,11,0x00173CAC:sub_173CAC
0x00173DFC,0x001A1DFC,0xA8037886,store,2,9,0x00173CAC:sub_173CAC
0x00173E5C,0x001A1E5C,0xA8037884,store,2,15,0x00173CAC:sub_173CAC
0x00173ECC,0x001A1ECC,0xA8037886,load,2,8,0x00173CAC:sub_173CAC
0x00173F08,0x001A1F08,0xA8037884,load,2,13,0x00173CAC:sub_173CAC
0x00173F1C,0x001A1F1C,0xA8037884,load,2,9,0x00173CAC:sub_173CAC
0x00173F68,0x001A1F68,0xA8037886,load,2,9,0x00173CAC:sub_173CAC
0x00173F80,0x001A1F80,0xA8037886,store,2,1,0x00173CAC:sub_173CAC
0x00173FE0,0x001A1FE0,0xA8037884,store,2,15,0x00173CAC:sub_173CAC
0x001741F4,0x001A21F4,0xA8037884,load,2,26,0x001741D8:sub_1741D8
0x00174280,0x001A2280,0xA8037886,load,2,25,0x001741D8:sub_1741D8
0x00174304,0x001A2304,0xA8037884,load,2,11,
0x0017434C,0x001A234C,0xA8037884,load,2,12,
0x001743C0,0x001A23C0,0xA8037884,load,2,11,0x001743A8:sub_1743A8
0x001744D4,0x001A24D4,0xA8037886,load,2,9,0x001743A8:sub_1743A8
0x00174808,0x001A2808,0xA80347D2,store,2,8,0x00174800:sub_174800
0x00174814,0x001A2814,0xA80347BC,store,2,8,0x0017480C:sub_17480C
0x0017482C,0x001A282C,0xA80347C8,store,1,9,0x00174818:sub_174818
0x0017483C,0x001A283C,0xA80347C9,store,1,9,0x00174818:sub_174818
0x0017484C,0x001A284C,0xA80347CA,store,1,9,0x00174818:sub_174818
0x0017485C,0x001A285C,0xA80347CB,store,1,9,0x00174818:sub_174818
0x0017486C,0x001A286C,0xA80347CC,store,1,9,0x00174818:sub_174818
0x0017487C,0x001A287C,0xA80347CD,store,1,9,0x00174818:sub_174818
0x0017488C,0x001A288C,0xA80347CE,store,1,9,0x00174818:sub_174818
0x00174898,0x001A2898,0xA80347CF,store,1,9,0x00174818:sub_174818
0x001748AC,0x001A28AC,0xA80347D0,store,2,8,0x001748A4:sub_1748A4
0x001748B8,0x001A28B8,0xA8037889,store,1,8,0x001748B0:sub_1748B0
0x001748C4,0x001A28C4,0xA80347C2,store,2,8,0x001748BC:sub_1748BC
0x001748D0,0x001A28D0,0xA80347C0,store,2,8,0x001748C8:sub_1748C8
0x001748DC,0x001A28DC,0xA80347BE,store,2,8,0x001748D4:sub_1748D4
0x001748E8,0x001A28E8,0xA80347BA,store,1,8,0x001748E0:sub_1748E0
0x001748F4,0x001A28F4,0xA803788B,store,1,8,0x001748EC:sub_1748EC
0x00174900,0x001A2900,0xA803788A,store,1,8,0x001748F8:sub_1748F8
0x0017490C,0x001A290C,0xA8037888,store,1,8,0x00174904:sub_174904
0x00174918,0x001A2918,0xA803788B,load,1,1,0x00174910:sub_174910
0x00174A28,0x001A2A28,0xA80347C8,load,1,9,0x00174A20:sub_174A20
0x00174A40,0x001A2A40,0xA80347C9,load,1,9,0x00174A20:sub_174A20
0x00174A4C,0x001A2A4C,0xA80347CA,load,1,9,0x00174A20:sub_174A20
0x00174A58,0x001A2A58,0xA80347CA,load,1,9,0x00174A20:sub_174A20
0x00174A64,0x001A2A64,0xA80347CB,load,1,9,0x00174A20:sub_174A20
0x00174A70,0x001A2A70,0xA80347CB,load,1,9,0x00174A20:sub_174A20
0x00174AEC,0x001A2AEC,0xA8037889,load,1,25,0x00174A20:sub_174A20
0x00174B20,0x001A2B20,0xA80347BA,load,1,24,0x00174A20:sub_174A20
0x00174B30,0x001A2B30,0xA80347BA,load,1,8,0x00174A20:sub_174A20
0x00174B34,0x001A2B34,0xA80347BA,load,1,8,0x00174A20:sub_174A20
0x00174B44,0x001A2B44,0xA80347BE,load,2,9,0x00174A20:sub_174A20
0x00174B58,0x001A2B58,0xA80347C0,load,2,26,0x00174A20:sub_174A20
0x00174B70,0x001A2B70,0xA803788A,load,1,1,0x00174B68:sub_174B68
0x00174CB4,0x001A2CB4,0xA803788A,load,1,1,0x00174CAC:sub_174CAC
0x00174DFC,0x001A2DFC,0xA80347BA,load,1,8,0x00174DF0:sub_174DF0
0x00174E1C,0x001A2E1C,0xA803788B,load,1,13,0x00174DF0:sub_174DF0
0x00174E2C,0x001A2E2C,0xA80347D2,load,2,24,0x00174DF0:sub_174DF0
0x00174F6C,0x001A2F6C,0xA80347BC,load,2,10,0x00174DF0:sub_174DF0
0x00174F84,0x001A2F84,0xA803788B,load,1,13,0x00174DF0:sub_174DF0
0x00174F94,0x001A2F94,0xA80347D2,load,2,16,0x00174DF0:sub_174DF0
0x00174FE4,0x001A2FE4,0xA80347D0,load,2,9,0x00174DF0:sub_174DF0
0x00174FFC,0x001A2FFC,0xA8037888,load,1,24,0x00174DF0:sub_174DF0
0x001750C4,0x001A30C4,0xA80347BA,load,1,8,0x00175098:sub_175098
0x00175120,0x001A3120,0xA80347BA,load,1,8,0x00175098:sub_175098
0x0017517C,0x001A317C,0xA80347BE,load,2,9,0x00175098:sub_175098
0x0017518C,0x001A318C,0xA80347C0,load,2,10,0x00175098:sub_175098
0x001751C4,0x001A31C4,0xA803788A,load,1,13,
0x001751DC,0x001A31DC,0xA80347C2,load,2,13,
0x001751F4,0x001A31F4,0xA80347D0,load,2,9,
0x00175480,0x001A3480,0xA80347BA,store,1,21,0x00175220:sub_175220
0x00175484,0x001A3484,0xA80347D2,store,2,27,0x00175220:sub_175220
0x001754A8,0x001A34A8,0xA80347BE,store,2,16,0x00175220:sub_175220
0x001754AC,0x001A34AC,0xA80347C0,store,2,11,0x00175220:sub_175220
0x001754B0,0x001A34B0,0xA80347BC,store,2,10,0x00175220:sub_175220
0x001754B4,0x001A34B4,0xA8037889,store,1,22,0x00175220:sub_175220
0x001754B8,0x001A34B8,0xA80347D0,store,2,25,0x00175220:sub_175220
0x001754BC,0x001A34BC,0xA803788A,store,1,18,0x00175220:sub_175220
0x001754C8,0x001A34C8,0xA803788B,store,1,18,0x00175220:sub_175220
0x001754D0,0x001A34D0,0xA80347C8,store,1,28,0x00175220:sub_175220
0x001754E4,0x001A34E4,0xA80347C9,store,1,28,0x00175220:sub_175220
0x001754F4,0x001A34F4,0xA80347CA,store,1,28,0x00175220:sub_175220
0x00175504,0x001A3504,0xA80347CB,store,1,28,0x00175220:sub_175220
0x00175514,0x001A3514,0xA80347CC,store,1,28,0x00175220:sub_175220
0x00175524,0x001A3524,0xA80347CD,store,1,28,0x00175220:sub_175220
0x00175534,0x001A3534,0xA80347CE,store,1,28,0x00175220:sub_175220
0x00175548,0x001A3548,0xA8037888,store,1,26,0x00175220:sub_175220
0x001756D8,0x001A36D8,0xA803788A,load,1,11,0x001756C4:sub_1756C4
0x001756E8,0x001A36E8,0xA803788B,load,1,12,0x001756C4:sub_1756C4
0x001756F4,0x001A36F4,0xA803788A,load,1,24,0x001756C4:sub_1756C4
0x00175708,0x001A3708,0xA803788A,load,1,24,0x001756C4:sub_1756C4
0x00175718,0x001A3718,0xA803788B,load,1,13,0x001756C4:sub_1756C4
0x00175748,0x001A3748,0xA803788B,load,1,9,0x001756C4:sub_1756C4
0x00175778,0x001A3778,0xA803788B,load,1,12,0x001756C4:sub_1756C4
0x001757A8,0x001A37A8,0xA803788B,load,1,13,0x001756C4:sub_1756C4
0x001757D8,0x001A37D8,0xA803788B,load,1,9,0x001756C4:sub_1756C4
0x00175808,0x001A3808,0xA803788B,load,1,12,0x001756C4:sub_1756C4
0x00175838,0x001A3838,0xA803788B,load,1,26,0x001756C4:sub_1756C4
0x00175860,0x001A3860,0xA803788B,load,1,13,0x001756C4:sub_1756C4
0x00175880,0x001A3880,0xA803788B,load,1,10,0x001756C4:sub_1756C4
0x001758B0,0x001A38B0,0xA803788B,load,1,15,0x001756C4:sub_1756C4
0x001758E0,0x001A38E0,0xA803788B,load,1,13,0x001756C4:sub_1756C4
0x00175910,0x001A3910,0xA803788B,load,1,10,0x001756C4:sub_1756C4
0x00175940,0x001A3940,0xA803788B,load,1,15,0x001756C4:sub_1756C4
0x00175970,0x001A3970,0xA803788B,load,1,13,0x001756C4:sub_1756C4
0x001759A0,0x001A39A0,0xA803788B,load,1,26,0x001756C4:sub_1756C4
0x00175D28,0x001A3D28,0xA80347D8,load,1,9,0x00175D00:sub_175D00
0x00175D3C,0x001A3D3C,0xA80347D8,store,1,13,0x00175D00:sub_175D00
0x00175E3C,0x001A3E3C,0xA803AFB7,load,1,12,
0x00175E84,0x001A3E84,0xA803AFB6,load,1,12,
0x00175F00,0x001A3F00,0xA803AFBA,load,1,12,
0x00175F48,0x001A3F48,0xA803AFB9,load,1,12,
0x001762B0,0x001A42B0,0xA803AFA4,load,4,29,0x001762A8:sub_1762A8
0x001762E4,0x001A42E4,0xA803AFAB,store,1,0,0x001762A8:sub_1762A8
0x001762F0,0x001A42F0,0xA803AFA8,load,4,24,0x001762A8:sub_1762A8
0x00176304,0x001A4304,0xA803AFA8,store,4,28,0x001762A8:sub_1762A8
0x001763F8,0x001A43F8,0xA803B21E,load,1,13,
0x001764E8,0x001A44E8,0xA8037D2C,load,4,9,
0x00176538,0x001A4538,0xA8037D2C,load,4,9,
0x0017655C,0x001A455C,0xA8037D2C,load,4,9,
0x001765AC,0x001A45AC,0xA803AB70,load,4,1,0x00176580:sub_176580
0x00176668,0x001A4668,0xA803ACB4,load,4,1,0x00176580:sub_176580
0x00176698,0x001A4698,0xA803AC48,load,4,1,0x00176580:sub_176580
0x001766C8,0x001A46C8,0xA803AB70,load,4,8,0x001766C0:sub_1766C0
0x0017671C,0x001A471C,0xA803AB70,load,4,1,0x001766F0:sub_1766F0
0x0017676C,0x001A476C,0xA803ACB4,load,4,1,0x001766F0:sub_1766F0
0x00176808,0x001A4808,0xA803AFA8,load,1,10,0x001767FC:sub_1767FC
0x00176818,0x001A4818,0xA803AFA8,load,4,8,0x001767FC:sub_1767FC
0x0017682C,0x001A482C,0xA803AFA8,load,4,1,0x001767FC:sub_1767FC
0x001768BC,0x001A48BC,0xA803A496,load,1,13,0x001767FC:sub_1767FC
0x001768D0,0x001A48D0,0xA8037F8E,load,1,26,0x001767FC:sub_1767FC
0x001768D8,0x001A48D8,0xA80347EC,store,1,26,0x001767FC:sub_1767FC
0x00176AAC,0x001A4AAC,0xA803AD36,load,1,24,0x00176A88:sub_176A88
0x00176AC8,0x001A4AC8,0xA803AD48,load,1,8,0x00176A88:sub_176A88
0x00176B10,0x001A4B10,0xA803AD36,load,1,8,0x00176AE4:sub_176AE4
0x00176B38,0x001A4B38,0xA803ADA0,load,4,13,0x00176AE4:sub_176AE4
0x00176B50,0x001A4B50,0xA803AD48,load,1,8,0x00176AE4:sub_176AE4
0x00176C2C,0x001A4C2C,0xA8037B92,load,1,1,0x00176C1C:sub_176C1C
0x00176C40,0x001A4C40,0xA8037B92,store,1,8,0x00176C1C:sub_176C1C
0x00176C78,0x001A4C78,0xA803AD36,load,1,19,0x00176C1C:sub_176C1C
0x00176DB0,0x001A4DB0,0xA803AF72,load,1,13,0x00176DA8:sub_176DA8
0x00176F30,0x001A4F30,0xA803AD36,load,1,8,
0x00177030,0x001A5030,0xA803ADA4,load,4,8,
0x00177034,0x001A5034,0xA803ADA3,load,1,10,
0x00177064,0x001A5064,0xA803AF6C,load,4,12,
0x00177084,0x001A5084,0xA803AF6C,load,4,1,
0x001770B0,0x001A50B0,0xA803A496,store,1,0,
0x001770F0,0x001A50F0,0xA8037014,load,1,9,
0x001771D0,0x001A51D0,0xA803AFA7,load,1,16,
0x001772B0,0x001A52B0,0xA803AF6C,load,4,12,
0x001772D4,0x001A52D4,0xA803AF6C,load,4,1,
0x001772F8,0x001A52F8,0xA803A496,store,1,13,
0x0017739C,0x001A539C,0xA803AFA4,load,4,8,
0x001773D0,0x001A53D0,0xA803AFAB,store,1,0,
0x001773DC,0x001A53DC,0xA803AFA8,load,4,17,
0x001773F8,0x001A53F8,0xA803AFA8,store,4,16,
0x001774E4,0x001A54E4,0xA8037B90,store,1,8,
0x00177500,0x001A5500,0xA80347E0,store,1,8,
0x00177514,0x001A5514,0xA8037B90,load,1,8,
0x001775CC,0x001A55CC,0xA803B21E,load,1,11,
0x00177620,0x001A5620,0xA803785C,load,4,1,
0x001776F8,0x001A56F8,0xA803AF6C,load,4,17,
0x001777B4,0x001A57B4,0xA8037D2C,load,4,9,
0x00177870,0x001A5870,0xA803AD48,load,1,8,0x00177810:sub_177810
0x0017790C,0x001A590C,0xA803AD5A,load,1,8,0x00177810:sub_177810
0x00177A34,0x001A5A34,0xA803AFA4,load,4,15,0x00177810:sub_177810
0x00177A54,0x001A5A54,0xA803AD36,load,1,18,0x00177810:sub_177810
0x00177B00,0x001A5B00,0xA803AFA4,load,4,13,0x00177AF8:sub_177AF8
0x00177B18,0x001A5B18,0xA803ADA7,load,1,1,0x00177AF8:sub_177AF8
0x00177BF8,0x001A5BF8,0xA8037B90,load,1,8,0x00177BF0:sub_177BF0
0x00177CB4,0x001A5CB4,0xA803AB78,load,2,11,
0x00177CEC,0x001A5CEC,0xA803AFA4,load,4,17,
0x00177D5C,0x001A5D5C,0xA8037B93,load,1,11,
0x00177D90,0x001A5D90,0xA8037B93,store,1,9,
0x001786D0,0x001A66D0,0xA8037874,load,4,1,
0x00178B7C,0x001A6B7C,0xA803ADAE,load,1,11,0x00178AAC:sub_178AAC
0x00178BB0,0x001A6BB0,0xA803ADAE,store,1,20,0x00178AAC:sub_178AAC
0x00178CF0,0x001A6CF0,0xA803ADE0,store,8,26,0x00178CC4:sub_178CC4
0x00178CF4,0x001A6CF4,0xA803AE08,store,8,16,0x00178CC4:sub_178CC4
0x00178CF8,0x001A6CF8,0xA803ADE8,store,8,24,0x00178CC4:sub_178CC4
0x00178CFC,0x001A6CFC,0xA803ADF0,store,8,12,0x00178CC4:sub_178CC4
0x00178D00,0x001A6D00,0xA803ADF8,store,8,10,0x00178CC4:sub_178CC4
0x00178D04,0x001A6D04,0xA803AE00,store,8,8,0x00178CC4:sub_178CC4
0x00178D44,0x001A6D44,0xA803ADA0,store,8,26,0x00178D10:sub_178D10
0x00178D48,0x001A6D48,0xA803ADD8,store,8,20,0x00178D10:sub_178D10
0x00178D4C,0x001A6D4C,0xA803ADA8,store,8,24,0x00178D10:sub_178D10
0x00178D50,0x001A6D50,0xA803ADB0,store,8,12,0x00178D10:sub_178D10
0x00178D54,0x001A6D54,0xA803ADB8,store,8,10,0x00178D10:sub_178D10
0x00178D58,0x001A6D58,0xA803ADC0,store,8,8,0x00178D10:sub_178D10
0x00178D5C,0x001A6D5C,0xA803ADC8,store,8,16,0x00178D10:sub_178D10
0x001791EC,0x001A71EC,0xA803B21E,load,1,13,0x001791E0:sub_1791E0
0x00179288,0x001A7288,0xA8037D2C,load,4,9,0x001791E0:sub_1791E0
0x001792A8,0x001A72A8,0xA8037BB2,load,1,13,0x001792A0:sub_1792A0
0x001793D4,0x001A73D4,0xA8037BD0,load,1,16,0x001792A0:sub_1792A0
0x001793F4,0x001A73F4,0xA8037BB0,load,2,11,0x001792A0:sub_1792A0
0x001793FC,0x001A73FC,0xA8037BB0,store,2,21,0x001792A0:sub_1792A0
0x001794E4,0x001A74E4,0xA8037BB0,load,2,10,0x001792A0:sub_1792A0
0x001794EC,0x001A74EC,0xA8037BB0,store,2,1,0x001792A0:sub_1792A0
0x001794F4,0x001A74F4,0xA8037BB0,load,2,22,0x001792A0:sub_1792A0
0x00179500,0x001A7500,0xA8037BB0,store,2,1,0x001792A0:sub_1792A0
0x00179508,0x001A7508,0xA803B0B0,store,1,0,0x001792A0:sub_1792A0
0x00179630,0x001A7630,0xA8037BB0,load,2,20,0x001792A0:sub_1792A0
0x0017965C,0x001A765C,0xA8037BDA,store,1,16,0x001792A0:sub_1792A0
0x0017971C,0x001A771C,0xA803B0BC,store,1,10,0x00179700:sub_179700
0x00179738,0x001A7738,0xA803B0CA,load,1,12,0x00179700:sub_179700
0x0017973C,0x001A773C,0xA803B0A0,load,1,1,0x00179700:sub_179700
0x0017975C,0x001A775C,0xA80347FC,store,1,15,0x00179700:sub_179700
0x00179784,0x001A7784,0xA803B0BC,store,1,13,0x00179700:sub_179700
0x001797BC,0x001A77BC,0xA8037BB3,load,1,1,0x00179700:sub_179700
0x001797D4,0x001A77D4,0xA8037BB3,store,1,0,0x00179700:sub_179700
0x001797EC,0x001A77EC,0xA803B0BC,store,1,13,0x00179700:sub_179700
0x00179820,0x001A7820,0xA8037BB4,load,1,1,0x00179804:sub_179804
0x00179834,0x001A7834,0xA8037BB2,load,1,9,0x00179804:sub_179804
0x00179840,0x001A7840,0xA8037BB2,store,1,8,0x00179804:sub_179804
0x001798B4,0x001A78B4,0xA8037BB2,load,1,8,0x00179898:sub_179898
0x001798BC,0x001A78BC,0xA8037BB2,store,1,1,0x00179898:sub_179898
0x001798FC,0x001A78FC,0xA803B21E,load,1,13,0x001798C8:sub_1798C8
0x00179934,0x001A7934,0xA803B0A8,load,4,8,0x001798C8:sub_1798C8
0x0017994C,0x001A794C,0xA803B21E,load,1,13,0x001798C8:sub_1798C8
0x001799B0,0x001A79B0,0xA803B21E,load,1,13,0x001798C8:sub_1798C8
0x001799E8,0x001A79E8,0xA803B21E,load,1,12,0x001798C8:sub_1798C8
0x00179A24,0x001A7A24,0xA803B21E,load,1,12,0x001798C8:sub_1798C8
0x00179A4C,0x001A7A4C,0xA8037B9F,load,1,15,0x001798C8:sub_1798C8
0x00179A64,0x001A7A64,0xA8037B9F,load,1,10,0x001798C8:sub_1798C8
0x00179A70,0x001A7A70,0xA8037B9F,store,1,24,0x001798C8:sub_1798C8
0x00179A7C,0x001A7A7C,0xA803B21E,load,1,13,0x001798C8:sub_1798C8
0x00179AD0,0x001A7AD0,0xA8037D2C,load,4,9,0x001798C8:sub_1798C8
0x00179B0C,0x001A7B0C,0xA8037D2C,load,4,9,0x001798C8:sub_1798C8
0x00179B4C,0x001A7B4C,0xA8037D2C,load,4,9,0x001798C8:sub_1798C8
0x00179B90,0x001A7B90,0xA8037D2C,load,4,9,0x001798C8:sub_1798C8
0x00179BB0,0x001A7BB0,0xA803B0CD,load,1,12,0x001798C8:sub_1798C8
0x00179BD4,0x001A7BD4,0xA8037BA1,store,1,0,0x001798C8:sub_1798C8
0x00179BFC,0x001A7BFC,0xA803B0BC,store,1,12,0x001798C8:sub_1798C8
0x00179C14,0x001A7C14,0xA803B0CA,load,1,10,0x001798C8:sub_1798C8
0x00179C18,0x001A7C18,0xA803B0A0,load,1,8,0x001798C8:sub_1798C8
0x00179C38,0x001A7C38,0xA80347FC,store,1,13,0x001798C8:sub_1798C8
0x00179C48,0x001A7C48,0xA803B0A8,load,4,15,0x001798C8:sub_1798C8
0x00179C64,0x001A7C64,0xA803B0A8,load,4,10,0x001798C8:sub_1798C8
0x00179C70,0x001A7C70,0xA803B0A8,store,4,8,0x001798C8:sub_1798C8
0x00179C78,0x001A7C78,0xA8037B9A,store,1,0,0x001798C8:sub_1798C8
0x00179C94,0x001A7C94,0xA803B098,load,4,13,0x001798C8:sub_1798C8
0x00179CA4,0x001A7CA4,0xA803B0CD,load,1,15,0x001798C8:sub_1798C8
0x00179D28,0x001A7D28,0xA803B0BC,store,1,9,0x001798C8:sub_1798C8
0x00179D44,0x001A7D44,0xA8037BB3,load,1,8,0x001798C8:sub_1798C8
0x00179D50,0x001A7D50,0xA8037BB3,store,1,1,0x001798C8:sub_1798C8
0x00179D64,0x001A7D64,0xA8037BB3,load,1,24,0x001798C8:sub_1798C8
0x00179D70,0x001A7D70,0xA8037BB3,store,1,1,0x001798C8:sub_1798C8
0x00179D84,0x001A7D84,0xA8037BB3,load,1,15,0x001798C8:sub_1798C8
0x00179D90,0x001A7D90,0xA8037BB3,store,1,1,0x001798C8:sub_1798C8
0x00179DA4,0x001A7DA4,0xA8037BB3,load,1,16,0x001798C8:sub_1798C8
0x00179DB0,0x001A7DB0,0xA8037BB3,store,1,1,0x001798C8:sub_1798C8
0x00179DB8,0x001A7DB8,0xA803B098,load,4,1,0x001798C8:sub_1798C8
0x00179DD4,0x001A7DD4,0xA803B09D,load,1,1,0x001798C8:sub_1798C8
0x00179E0C,0x001A7E0C,0xA8037BB0,load,2,10,0x001798C8:sub_1798C8
0x00179E18,0x001A7E18,0xA8037BB0,store,2,1,0x001798C8:sub_1798C8
0x00179E20,0x001A7E20,0xA8037BB0,load,2,8,0x001798C8:sub_1798C8
0x00179E2C,0x001A7E2C,0xA8037BB0,store,2,1,0x001798C8:sub_1798C8
0x00179E34,0x001A7E34,0xA8037BB0,load,2,24,0x001798C8:sub_1798C8
0x00179E40,0x001A7E40,0xA8037BB0,store,2,1,0x001798C8:sub_1798C8
0x00179E48,0x001A7E48,0xA8037BB0,load,2,15,0x001798C8:sub_1798C8
0x00179E54,0x001A7E54,0xA8037BB0,store,2,1,0x001798C8:sub_1798C8
0x00179E90,0x001A7E90,0xA803B21E,load,1,15,0x001798C8:sub_1798C8
0x00179EC4,0x001A7EC4,0xA803B224,load,1,13,0x001798C8:sub_1798C8
0x00179EDC,0x001A7EDC,0xA8037BDB,store,1,8,0x001798C8:sub_1798C8
0x00179F10,0x001A7F10,0xA8037BE3,store,1,12,0x001798C8:sub_1798C8
0x00179F44,0x001A7F44,0xA8037BE2,store,1,13,0x001798C8:sub_1798C8
0x00179F84,0x001A7F84,0xA803B21E,load,1,10,0x001798C8:sub_1798C8
0x00179FA8,0x001A7FA8,0xA803B868,store,1,0,0x001798C8:sub_1798C8
0x00179FD8,0x001A7FD8,0xA8037BDB,store,1,10,0x001798C8:sub_1798C8
0x0017A00C,0x001A800C,0xA8037BE3,store,1,24,0x001798C8:sub_1798C8
0x0017A040,0x001A8040,0xA8037BE2,store,1,16,0x001798C8:sub_1798C8
0x0017A07C,0x001A807C,0xA803B21E,load,1,12,0x001798C8:sub_1798C8
0x0017A098,0x001A8098,0xA8037BB0,load,2,1,0x001798C8:sub_1798C8
0x0017A0A4,0x001A80A4,0xA8037BB0,store,2,1,0x001798C8:sub_1798C8
0x0017A0AC,0x001A80AC,0xA8037BB0,load,2,16,0x001798C8:sub_1798C8
0x0017A0B8,0x001A80B8,0xA8037BB0,store,2,1,0x001798C8:sub_1798C8
0x0017A0C0,0x001A80C0,0xA803B21E,load,1,16,0x001798C8:sub_1798C8
0x0017A0DC,0x001A80DC,0xA803B21E,load,1,8,0x001798C8:sub_1798C8
0x0017A0FC,0x001A80FC,0xA803B21E,load,1,13,0x001798C8:sub_1798C8
0x0017A11C,0x001A811C,0xA803B21E,load,1,9,0x001798C8:sub_1798C8
0x0017A13C,0x001A813C,0xA8037BB0,load,2,16,0x001798C8:sub_1798C8
0x0017A148,0x001A8148,0xA8037BB0,store,2,1,0x001798C8:sub_1798C8
0x0017A178,0x001A8178,0xA8037BB0,load,2,24,0x001798C8:sub_1798C8
0x0017A19C,0x001A819C,0xA8037BB0,load,2,9,0x001798C8:sub_1798C8
0x0017A1E4,0x001A81E4,0xA803B21E,load,1,17,0x001798C8:sub_1798C8
0x0017A204,0x001A8204,0xA8037BB0,load,2,16,0x001798C8:sub_1798C8
0x0017A210,0x001A8210,0xA8037BB0,store,2,1,0x001798C8:sub_1798C8
0x0017A218,0x001A8218,0xA8037BB0,load,2,17,0x001798C8:sub_1798C8
0x0017A224,0x001A8224,0xA8037BB0,store,2,1,0x001798C8:sub_1798C8
0x0017A22C,0x001A822C,0xA8037BB2,load,1,17,0x001798C8:sub_1798C8
0x0017A254,0x001A8254,0xA8037BB0,load,2,13,0x001798C8:sub_1798C8
0x0017A264,0x001A8264,0xA8037BB0,store,2,13,0x001798C8:sub_1798C8
0x0017A26C,0x001A826C,0xA8037BB0,load,2,13,0x001798C8:sub_1798C8
0x0017A27C,0x001A827C,0xA8037BB0,store,2,13,0x001798C8:sub_1798C8
0x0017A2AC,0x001A82AC,0xA8037BB0,load,2,8,0x001798C8:sub_1798C8
0x0017A324,0x001A8324,0xA8037BB0,load,2,15,0x001798C8:sub_1798C8
0x0017A330,0x001A8330,0xA8037BB0,store,2,1,0x001798C8:sub_1798C8
0x0017A340,0x001A8340,0xA8037BB0,load,2,11,0x001798C8:sub_1798C8
0x0017A34C,0x001A834C,0xA8037BB0,store,2,1,0x001798C8:sub_1798C8
0x0017A358,0x001A8358,0xA803B21E,load,1,11,0x001798C8:sub_1798C8
0x0017A374,0x001A8374,0xA803B09D,load,1,11,0x001798C8:sub_1798C8
0x0017A404,0x001A8404,0xA8037D2C,load,4,9,0x001798C8:sub_1798C8
0x0017A428,0x001A8428,0xA8037D2C,load,4,9,0x001798C8:sub_1798C8
0x0017A474,0x001A8474,0xA8037D2C,load,4,9,0x001798C8:sub_1798C8
0x0017A498,0x001A8498,0xA8037D2C,load,4,9,0x001798C8:sub_1798C8
0x0017A4F0,0x001A84F0,0xA8037D2C,load,4,9,0x001798C8:sub_1798C8
0x0017A59C,0x001A859C,0xA8037D2C,load,4,9,0x001798C8:sub_1798C8
0x0017A5D8,0x001A85D8,0xA8037D2C,load,4,9,0x001798C8:sub_1798C8
0x0017A64C,0x001A864C,0xA8037D2C,load,4,9,0x001798C8:sub_1798C8
0x0017A6D0,0x001A86D0,0xA8037D2C,load,4,9,0x001798C8:sub_1798C8
0x0017A6F8,0x001A86F8,0xA8037D2C,load,4,9,0x001798C8:sub_1798C8
0x0017A720,0x001A8720,0xA8037D2C,load,4,9,0x001798C8:sub_1798C8
0x0017A788,0x001A8788,0xA8037D2C,load,4,9,0x001798C8:sub_1798C8
0x0017A7CC,0x001A87CC,0xA8037BB2,load,1,8,0x0017A7A8:sub_17A7A8
0x0017A7D4,0x001A87D4,0xA8037BB2,store,1,1,0x0017A7A8:sub_17A7A8
0x0017A7E8,0x001A87E8,0xA8037BB2,load,1,1,0x0017A7E0:sub_17A7E0
0x0017A83C,0x001A883C,0xA8037BB4,store,1,13,0x0017A7E0:sub_17A7E0
0x0017A858,0x001A8858,0xA8037BB4,load,1,11,0x0017A7E0:sub_17A7E0
0x0017A874,0x001A8874,0xA8037BB4,store,1,12,0x0017A7E0:sub_17A7E0
0x0017A884,0x001A8884,0xA8037BB2,load,1,8,
0x0017A8A4,0x001A88A4,0xA8037BB0,load,2,8,0x0017A890:sub_17A890
0x0017A8A8,0x001A88A8,0xA8037BB0,load,2,8,0x0017A890:sub_17A890
0x0017A8E8,0x001A88E8,0xA8037BB1,load,1,13,0x0017A8C8:sub_17A8C8
0x0017A8EC,0x001A88EC,0xA8037BB0,load,2,13,0x0017A8C8:sub_17A8C8
0x0017AAB4,0x001A8AB4,0xA803B21E,load,1,29,0x0017AA7C:sub_17AA7C
0x0017AAE0,0x001A8AE0,0xA803B21E,load,1,26,0x0017AA7C:sub_17AA7C
0x0017AB04,0x001A8B04,0xA8037D2C,load,4,25,0x0017AA7C:sub_17AA7C
0x0017AB34,0x001A8B34,0xA8037D2C,load,4,25,0x0017AA7C:sub_17AA7C
0x0017AB6C,0x001A8B6C,0xA803B21E,load,1,28,0x0017AA7C:sub_17AA7C
0x0017AB90,0x001A8B90,0xA8037D2C,load,4,25,0x0017AA7C:sub_17AA7C
0x0017ABC8,0x001A8BC8,0xA803B21E,load,1,26,0x0017AA7C:sub_17AA7C
0x0017ABEC,0x001A8BEC,0xA8037D2C,load,4,25,0x0017AA7C:sub_17AA7C
0x0017AC18,0x001A8C18,0xA803B21E,load,1,28,0x0017AA7C:sub_17AA7C
0x0017AC48,0x001A8C48,0xA8037D2C,load,4,25,0x0017AA7C:sub_17AA7C
0x0017ACB4,0x001A8CB4,0xA8037BE9,load,1,11,0x0017AC68:sub_17AC68
0x0017ACCC,0x001A8CCC,0xA8037BE9,load,1,1,0x0017AC68:sub_17AC68
0x0017AD10,0x001A8D10,0xA8037BE8,store,1,0,0x0017AD04:sub_17AD04
0x0017AD18,0x001A8D18,0xA8037BE9,store,1,0,0x0017AD04:sub_17AD04
0x0017AD3C,0x001A8D3C,0xA8037BE9,load,1,1,0x0017AD04:sub_17AD04
0x0017AD48,0x001A8D48,0xA8037BE8,load,1,8,0x0017AD04:sub_17AD04
0x0017AE04,0x001A8E04,0xA8037BE8,store,1,0,0x0017ADD8:sub_17ADD8
0x0017AE0C,0x001A8E0C,0xA8037BE9,store,1,0,0x0017ADD8:sub_17ADD8
0x0017AE44,0x001A8E44,0xA8037BE9,load,1,16,0x0017ADD8:sub_17ADD8
0x0017AE54,0x001A8E54,0xA8037BE8,load,1,24,0x0017ADD8:sub_17ADD8
0x0017AE70,0x001A8E70,0xA8037BE8,load,1,1,0x0017ADD8:sub_17ADD8
0x0017AE80,0x001A8E80,0xA8037BE9,load,1,10,0x0017ADD8:sub_17ADD8
0x0017AE84,0x001A8E84,0xA8037BE8,store,1,8,0x0017ADD8:sub_17ADD8
0x0017AE9C,0x001A8E9C,0xA8037BE9,store,1,12,0x0017ADD8:sub_17ADD8
0x0017B1B8,0x001A91B8,0xA80347F2,load,1,1,0x0017B1B0:sub_17B1B0
0x0017B1D8,0x001A91D8,0xA80347F2,load,1,8,0x0017B1B0:sub_17B1B0
0x0017B1F0,0x001A91F0,0xA80347F2,store,1,1,0x0017B1B0:sub_17B1B0
0x0017B284,0x001A9284,0xA803B098,load,4,16,0x0017B1B0:sub_17B1B0
0x0017B3FC,0x001A93FC,0xA803C07C,load,1,13,0x0017B3F4:sub_17B3F4
0x0017B420,0x001A9420,0xA803B098,load,4,9,0x0017B3F4:sub_17B3F4
0x0017B430,0x001A9430,0xA803B0F8,load,1,11,0x0017B3F4:sub_17B3F4
0x0017B474,0x001A9474,0xA803B0F0,store,4,8,0x0017B3F4:sub_17B3F4
0x0017B498,0x001A9498,0xA803B0F0,load,4,1,0x0017B3F4:sub_17B3F4
0x0017B4B4,0x001A94B4,0xA803B0F0,store,4,1,0x0017B3F4:sub_17B3F4
0x0017B4DC,0x001A94DC,0xA803B098,load,4,8,0x0017B3F4:sub_17B3F4
0x0017B558,0x001A9558,0xA803B098,load,4,8,0x0017B3F4:sub_17B3F4
0x0017B584,0x001A9584,0xA803B084,load,1,13,
0x0017B598,0x001A9598,0xA803B0D4,load,4,13,
0x0017B5CC,0x001A95CC,0xA803B084,load,1,8,0x0017B5B4:sub_17B5B4
0x0017B5E0,0x001A95E0,0xA803B0D4,load,4,9,0x0017B5B4:sub_17B5B4
0x0017B610,0x001A9610,0xA803B21E,load,1,8,0x0017B5B4:sub_17B5B4
0x0017B620,0x001A9620,0xA803B0C4,store,4,0,0x0017B5B4:sub_17B5B4
0x0017B638,0x001A9638,0xA803B21E,load,1,16,0x0017B5B4:sub_17B5B4
0x0017B710,0x001A9710,0xA803B0C4,store,4,1,0x0017B5B4:sub_17B5B4
0x0017B738,0x001A9738,0xA803B084,load,4,15,0x0017B5B4:sub_17B5B4
0x0017B810,0x001A9810,0xA8037BAF,load,1,8,0x0017B778:sub_17B778
0x0017B820,0x001A9820,0xA8037BAD,load,1,12,0x0017B778:sub_17B778
0x0017B830,0x001A9830,0xA803B098,load,4,1,0x0017B778:sub_17B778
0x0017B84C,0x001A984C,0xA803B09D,load,1,1,0x0017B778:sub_17B778
0x0017B8C8,0x001A98C8,0xA803B084,load,1,13,0x0017B778:sub_17B778
0x0017B8D4,0x001A98D4,0xA803B084,load,1,13,0x0017B778:sub_17B778
0x0017B95C,0x001A995C,0xA803B09D,load,1,9,0x0017B778:sub_17B778
0x0017B974,0x001A9974,0xA803B09B,load,1,8,0x0017B778:sub_17B778
0x0017B980,0x001A9980,0xA803B0E6,load,1,10,0x0017B778:sub_17B778
0x0017BA5C,0x001A9A5C,0xA803B0BC,load,1,11,0x0017B778:sub_17B778
0x0017BAB8,0x001A9AB8,0xA803B098,load,4,13,0x0017B778:sub_17B778
0x0017BB00,0x001A9B00,0xA803B0C4,load,4,8,0x0017B778:sub_17B778
0x0017BB64,0x001A9B64,0xA803B0D4,load,4,8,0x0017B778:sub_17B778
0x0017BBB0,0x001A9BB0,0xA803B21E,load,1,9,0x0017B778:sub_17B778
0x0017BC30,0x001A9C30,0xA803B0D4,load,4,12,0x0017B778:sub_17B778
0x0017BC40,0x001A9C40,0xA803B21E,load,1,16,0x0017B778:sub_17B778
0x0017BC4C,0x001A9C4C,0xA803B0D4,store,4,9,0x0017B778:sub_17B778
0x0017BC64,0x001A9C64,0xA8037D2C,load,4,9,0x0017B778:sub_17B778
0x0017BCE4,0x001A9CE4,0xA803B21E,load,1,9,0x0017B778:sub_17B778
0x0017BD40,0x001A9D40,0xA803B21E,load,1,12,0x0017B778:sub_17B778
0x0017BD80,0x001A9D80,0xA8037D2C,load,4,9,0x0017B778:sub_17B778
0x0017BDA8,0x001A9DA8,0xA8037BDA,load,1,13,0x0017B778:sub_17B778
0x0017BDC8,0x001A9DC8,0xA803B0D4,load,4,8,0x0017B778:sub_17B778
0x0017BE30,0x001A9E30,0xA803B21E,load,1,9,0x0017B778:sub_17B778
0x0017BE50,0x001A9E50,0xA8037D2C,load,4,9,0x0017B778:sub_17B778
0x0017BE68,0x001A9E68,0xA803B12C,load,4,9,0x0017B778:sub_17B778
0x0017BE90,0x001A9E90,0xA8037D2C,load,4,9,0x0017B778:sub_17B778
0x0017C264,0x001AA264,0xA8037C26,load,2,25,0x0017C1D0:sub_17C1D0
0x0017C270,0x001AA270,0xA8037C26,store,2,29,0x0017C1D0:sub_17C1D0
0x0017C288,0x001AA288,0xA8037C26,store,2,0,0x0017C1D0:sub_17C1D0
0x0017C294,0x001AA294,0xA8037C26,load,2,26,0x0017C1D0:sub_17C1D0
0x0017C2AC,0x001AA2AC,0xA8037C26,store,2,29,0x0017C1D0:sub_17C1D0
0x0017C350,0x001AA350,0xA8037C22,load,2,8,0x0017C2B8:sub_17C2B8
0x0017C35C,0x001AA35C,0xA8037C22,store,2,13,0x0017C2B8:sub_17C2B8
0x0017C370,0x001AA370,0xA8037C22,store,2,0,0x0017C2B8:sub_17C2B8
0x0017C380,0x001AA380,0xA8037C22,load,2,12,0x0017C2B8:sub_17C2B8
0x0017C428,0x001AA428,0xA8037C20,load,2,25,0x0017C394:sub_17C394
0x0017C434,0x001AA434,0xA8037C20,store,2,29,0x0017C394:sub_17C394
0x0017C44C,0x001AA44C,0xA8037C20,store,2,0,0x0017C394:sub_17C394
0x0017C458,0x001AA458,0xA8037C20,load,2,26,0x0017C394:sub_17C394
0x0017C470,0x001AA470,0xA8037C20,store,2,29,0x0017C394:sub_17C394
0x0017C544,0x001AA544,0xA803B225,load,1,11,0x0017C4A4:sub_17C4A4
0x0017C554,0x001AA554,0xA8037C3D,load,1,9,0x0017C4A4:sub_17C4A4
0x0017C568,0x001AA568,0xA8037C3D,store,1,15,0x0017C4A4:sub_17C4A4
0x0017C570,0x001AA570,0xA8037C34,load,1,8,0x0017C4A4:sub_17C4A4
0x0017C590,0x001AA590,0xA8037C3C,load,1,10,0x0017C4A4:sub_17C4A4
0x0017C5A0,0x001AA5A0,0xA8037C38,load,4,1,0x0017C4A4:sub_17C4A4
0x0017C5B4,0x001AA5B4,0xA8037C3C,load,1,19,0x0017C4A4:sub_17C4A4
0x0017C5EC,0x001AA5EC,0xA803B0FA,load,1,22,0x0017C4A4:sub_17C4A4
0x0017C5FC,0x001AA5FC,0xA803B0F9,load,1,10,0x0017C4A4:sub_17C4A4
0x0017C6C0,0x001AA6C0,0xA803B0FA,load,1,22,0x0017C4A4:sub_17C4A4
0x0017C6D0,0x001AA6D0,0xA803B0F9,load,1,10,0x0017C4A4:sub_17C4A4
0x0017C708,0x001AA708,0xA803B09D,load,1,11,0x0017C4A4:sub_17C4A4
0x0017C74C,0x001AA74C,0xA803B0F8,store,1,15,0x0017C4A4:sub_17C4A4
0x0017C75C,0x001AA75C,0xA803B21E,load,1,10,0x0017C4A4:sub_17C4A4
0x0017C7A8,0x001AA7A8,0xA8037BA6,store,1,22,0x0017C4A4:sub_17C4A4
0x0017C7EC,0x001AA7EC,0xA8037C24,load,2,10,0x0017C4A4:sub_17C4A4
0x0017C800,0x001AA800,0xA8037C00,store,1,0,0x0017C4A4:sub_17C4A4
0x0017C80C,0x001AA80C,0xA8037C38,store,4,9,0x0017C4A4:sub_17C4A4
0x0017C820,0x001AA820,0xA8037C22,load,2,1,0x0017C4A4:sub_17C4A4
0x0017C844,0x001AA844,0xA8037C20,load,2,8,0x0017C4A4:sub_17C4A4
0x0017C87C,0x001AA87C,0xA8037C28,store,4,8,0x0017C4A4:sub_17C4A4
0x0017C8A8,0x001AA8A8,0xA8037C3C,load,1,19,0x0017C4A4:sub_17C4A4
0x0017C8D8,0x001AA8D8,0xA8037BAA,store,1,17,0x0017C4A4:sub_17C4A4
0x0017C8E0,0x001AA8E0,0xA8037BA9,store,1,0,0x0017C4A4:sub_17C4A4
0x0017C8F8,0x001AA8F8,0xA8037C38,load,4,16,0x0017C4A4:sub_17C4A4
0x0017C918,0x001AA918,0xA8037C00,store,1,0,0x0017C4A4:sub_17C4A4
0x0017C920,0x001AA920,0xA8037C28,store,4,8,0x0017C4A4:sub_17C4A4
0x0017C924,0x001AA924,0xA8037C38,store,4,0,0x0017C4A4:sub_17C4A4
0x0017C98C,0x001AA98C,0xA8037C28,load,4,13,0x0017C4A4:sub_17C4A4
0x0017C998,0x001AA998,0xA8037C2C,load,4,16,0x0017C4A4:sub_17C4A4
0x0017C9F4,0x001AA9F4,0xA803B098,load,4,13,0x0017C4A4:sub_17C4A4
0x0017CA08,0x001AAA08,0xA803B0CD,load,1,13,0x0017C4A4:sub_17C4A4
0x0017CA28,0x001AAA28,0xA8037C2C,store,4,8,0x0017C4A4:sub_17C4A4
0x0017CA48,0x001AAA48,0xA8037D2C,load,4,9,0x0017C4A4:sub_17C4A4
0x0017CA6C,0x001AAA6C,0xA80347FC,store,1,0,0x0017C4A4:sub_17C4A4
0x0017CA9C,0x001AAA9C,0xA8037C28,load,4,11,0x0017C4A4:sub_17C4A4
0x0017CAA4,0x001AAAA4,0xA8037C2C,load,4,12,0x0017C4A4:sub_17C4A4
0x0017CAC4,0x001AAAC4,0xA8037C38,store,4,0,0x0017C4A4:sub_17C4A4
0x0017CAD0,0x001AAAD0,0xA80347FE,load,2,13,0x0017C4A4:sub_17C4A4
0x0017CAD4,0x001AAAD4,0xA8037C2C,store,4,13,0x0017C4A4:sub_17C4A4
0x0017CB10,0x001AAB10,0xA8034802,load,2,15,0x0017C4A4:sub_17C4A4
0x0017CB20,0x001AAB20,0xA8037C2C,store,4,15,0x0017C4A4:sub_17C4A4
0x0017CB28,0x001AAB28,0xA8034800,store,2,1,0x0017C4A4:sub_17C4A4
0x0017CB80,0x001AAB80,0xA803B098,load,4,13,0x0017C4A4:sub_17C4A4
0x0017CB98,0x001AAB98,0xA8037C00,store,1,16,0x0017C4A4:sub_17C4A4
0x0017CBA0,0x001AABA0,0xA8037C28,load,4,10,0x0017C4A4:sub_17C4A4
0x0017CBAC,0x001AABAC,0xA8037C2C,load,4,18,0x0017C4A4:sub_17C4A4
0x0017CC28,0x001AAC28,0xA8037C3C,load,1,9,0x0017C4A4:sub_17C4A4
0x0017CC3C,0x001AAC3C,0xA8037C3C,store,1,0,0x0017C4A4:sub_17C4A4
0x0017CC44,0x001AAC44,0xA803B098,load,4,8,0x0017C4A4:sub_17C4A4
0x0017CC68,0x001AAC68,0xA8037C2C,store,4,1,0x0017C4A4:sub_17C4A4
0x0017CC98,0x001AAC98,0xA8037C00,store,1,16,0x0017C4A4:sub_17C4A4
0x0017CCA0,0x001AACA0,0xA8037C28,load,4,15,0x0017C4A4:sub_17C4A4
0x0017CCAC,0x001AACAC,0xA8037C2C,load,4,1,0x0017C4A4:sub_17C4A4
0x0017CCD4,0x001AACD4,0xA803B0EC,load,1,8,0x0017C4A4:sub_17C4A4
0x0017CCE4,0x001AACE4,0xA803B098,load,4,16,0x0017C4A4:sub_17C4A4
0x0017CD00,0x001AAD00,0xA803B0CE,store,1,10,0x0017C4A4:sub_17C4A4
0x0017CD04,0x001AAD04,0xA8034800,store,2,9,0x0017C4A4:sub_17C4A4
0x0017CD08,0x001AAD08,0xA8034800,load,2,10,0x0017C4A4:sub_17C4A4
0x0017CD1C,0x001AAD1C,0xA803B0CE,load,1,12,0x0017C4A4:sub_17C4A4
0x0017CD3C,0x001AAD3C,0xA8034800,store,2,9,0x0017C4A4:sub_17C4A4
0x0017CD7C,0x001AAD7C,0xA8034800,store,2,1,0x0017C4A4:sub_17C4A4
0x0017CD84,0x001AAD84,0xA8037C2C,store,4,1,0x0017C4A4:sub_17C4A4
0x0017CD90,0x001AAD90,0xA8037C30,load,4,11,0x0017C4A4:sub_17C4A4
0x0017CDA8,0x001AADA8,0xA8037C3C,load,1,17,0x0017C4A4:sub_17C4A4
0x0017CDD8,0x001AADD8,0xA803B098,load,4,9,0x0017C4A4:sub_17C4A4
0x0017CE0C,0x001AAE0C,0xA8037C2C,store,4,17,0x0017C4A4:sub_17C4A4
0x0017CE14,0x001AAE14,0xA8037C3C,store,1,8,0x0017C4A4:sub_17C4A4
0x0017CE44,0x001AAE44,0xA8037C2C,store,4,11,0x0017C4A4:sub_17C4A4
0x0017CE7C,0x001AAE7C,0xA803B08A,load,1,8,0x0017C4A4:sub_17C4A4
0x0017CE80,0x001AAE80,0xA8037CEC,store,1,0,0x0017C4A4:sub_17C4A4
0x0017CEAC,0x001AAEAC,0xA8034800,store,2,1,0x0017C4A4:sub_17C4A4
0x0017CEB8,0x001AAEB8,0xA803B0CE,store,1,13,0x0017C4A4:sub_17C4A4
0x0017CEE4,0x001AAEE4,0xA8034800,store,2,1,0x0017C4A4:sub_17C4A4
0x0017CEF8,0x001AAEF8,0xA8037C00,load,1,8,
0x0017D458,0x001AB458,0xA8037C40,load,1,12,0x0017D454:sub_17D454
0x0017D460,0x001AB460,0xA8037C40,store,1,1,0x0017D454:sub_17D454
0x0017D470,0x001AB470,0xA803B0EC,store,1,12,0x0017D454:sub_17D454
0x0017D478,0x001AB478,0xA8037C40,load,1,1,
0x0017D484,0x001AB484,0xA8037C40,store,1,1,
0x0017D48C,0x001AB48C,0xA8037C40,load,1,1,0x0017D488:sub_17D488
0x0017D4A0,0x001AB4A0,0xA8037C40,store,1,1,0x0017D488:sub_17D488
0x0017D550,0x001AB550,0xA8037BA8,load,1,13,
0x0017D560,0x001AB560,0xA803B0A8,load,4,9,
0x0017D574,0x001AB574,0xA803B09D,load,1,11,
0x0017D5A4,0x001AB5A4,0xA803B0B2,load,1,1,
0x0017D5E0,0x001AB5E0,0xA8037C42,store,2,10,
0x0017D610,0x001AB610,0xA8037C44,store,2,12,
0x0017D69C,0x001AB69C,0xA8037BAC,load,1,8,
0x0017D6B0,0x001AB6B0,0xA803B0B0,store,1,16,
0x0017D6B8,0x001AB6B8,0xA8037BAC,store,1,12,
0x0017D6E0,0x001AB6E0,0xA803B0B0,store,1,13,
0x0017D73C,0x001AB73C,0xA803B09D,store,1,8,0x0017D718:sub_17D718
0x0017D744,0x001AB744,0xA803B0B2,load,1,12,0x0017D718:sub_17D718
0x0017D748,0x001AB748,0xA803B09D,load,1,13,0x0017D718:sub_17D718
0x0017D780,0x001AB780,0xA8037C42,store,2,11,0x0017D718:sub_17D718
0x0017D7B0,0x001AB7B0,0xA8037C44,store,2,1,0x0017D718:sub_17D718
0x0017D840,0x001AB840,0xA803B0B0,store,1,17,0x0017D718:sub_17D718
0x0017D88C,0x001AB88C,0xA8037BAC,load,1,10,0x0017D718:sub_17D718
0x0017D8A0,0x001AB8A0,0xA803B0B0,store,1,13,0x0017D718:sub_17D718
0x0017D8A8,0x001AB8A8,0xA8037BAC,store,1,15,0x0017D718:sub_17D718
0x0017D8B4,0x001AB8B4,0xA8037BAC,store,1,0,0x0017D718:sub_17D718
0x0017D8D8,0x001AB8D8,0xA803B0B2,load,1,1,0x0017D8CC:sub_17D8CC
0x0017D8E0,0x001AB8E0,0xA803B09D,load,1,13,0x0017D8CC:sub_17D8CC
0x0017D910,0x001AB910,0xA803B0B2,load,1,12,0x0017D8CC:sub_17D8CC
0x0017D914,0x001AB914,0xA803B09D,load,1,13,0x0017D8CC:sub_17D8CC
0x0017D934,0x001AB934,0xA8037C42,load,2,24,0x0017D8CC:sub_17D8CC
0x0017D944,0x001AB944,0xA8037C42,load,2,1,0x0017D8CC:sub_17D8CC
0x0017D960,0x001AB960,0xA8037C42,store,2,12,0x0017D8CC:sub_17D8CC
0x0017D968,0x001AB968,0xA8037C44,load,2,25,0x0017D8CC:sub_17D8CC
0x0017D974,0x001AB974,0xA8037C44,load,2,13,0x0017D8CC:sub_17D8CC
0x0017D98C,0x001AB98C,0xA8037C44,store,2,12,0x0017D8CC:sub_17D8CC
0x0017D9A0,0x001AB9A0,0xA8037C44,store,2,1,0x0017D8CC:sub_17D8CC
0x0017D9C8,0x001AB9C8,0xA8037C44,load,2,25,0x0017D8CC:sub_17D8CC
0x0017D9D4,0x001AB9D4,0xA8037C44,load,2,13,0x0017D8CC:sub_17D8CC
0x0017D9F4,0x001AB9F4,0xA8037C44,store,2,12,0x0017D8CC:sub_17D8CC
0x0017DA60,0x001ABA60,0xA803B09D,load,1,9,0x0017DA58:sub_17DA58
0x0017DA78,0x001ABA78,0xA803B220,load,1,12,0x0017DA58:sub_17DA58
0x0017DA8C,0x001ABA8C,0xA803B104,store,4,11,0x0017DA58:sub_17DA58
0x0017DA98,0x001ABA98,0xA8037D2C,load,4,25,0x0017DA58:sub_17DA58
0x0017DAF8,0x001ABAF8,0xA803B220,load,1,25,0x0017DA58:sub_17DA58
0x0017DB04,0x001ABB04,0xA803B104,store,4,1,0x0017DA58:sub_17DA58
0x0017DB18,0x001ABB18,0xA8037D2C,load,4,25,0x0017DA58:sub_17DA58
0x0017DB20,0x001ABB20,0xA803B104,load,4,28,0x0017DA58:sub_17DA58
0x0017DB9C,0x001ABB9C,0xA803B0D4,load,4,24,0x0017DB48:sub_17DB48
0x0017DBA8,0x001ABBA8,0xA803B0D4,store,4,15,0x0017DB48:sub_17DB48
0x0017DBB8,0x001ABBB8,0xA803B084,load,4,13,0x0017DB48:sub_17DB48
0x0017DBC8,0x001ABBC8,0xA803B084,store,4,9,0x0017DB48:sub_17DB48
0x0017DBD8,0x001ABBD8,0xA803B09D,load,1,25,0x0017DB48:sub_17DB48
0x0017DBFC,0x001ABBFC,0xA803B084,load,4,13,0x0017DB48:sub_17DB48
0x0017DC0C,0x001ABC0C,0xA803B084,store,4,9,0x0017DB48:sub_17DB48
0x0017DC48,0x001ABC48,0xA803B09D,load,1,12,0x0017DB48:sub_17DB48
0x0017DC4C,0x001ABC4C,0xA803B084,load,4,8,0x0017DB48:sub_17DB48
0x0017DC68,0x001ABC68,0xA803B084,store,4,26,0x0017DB48:sub_17DB48
0x0017DC70,0x001ABC70,0xA803B220,load,1,9,0x0017DB48:sub_17DB48
0x0017DC84,0x001ABC84,0xA803B104,store,4,13,0x0017DB48:sub_17DB48
0x0017DC90,0x001ABC90,0xA8037D2C,load,4,25,0x0017DB48:sub_17DB48
0x0017DCE8,0x001ABCE8,0xA803B220,load,1,25,0x0017DB48:sub_17DB48
0x0017DCF4,0x001ABCF4,0xA803B104,store,4,1,0x0017DB48:sub_17DB48
0x0017DD0C,0x001ABD0C,0xA8037D2C,load,4,25,0x0017DB48:sub_17DB48
0x0017DD10,0x001ABD10,0xA803B104,load,4,28,0x0017DB48:sub_17DB48
0x0017DD48,0x001ABD48,0xA8037BAB,load,1,1,0x0017DD40:sub_17DD40
0x0017DD5C,0x001ABD5C,0xA803B08A,load,1,10,0x0017DD40:sub_17DD40
0x0017DD78,0x001ABD78,0xA803B098,load,4,11,0x0017DD40:sub_17DD40
0x0017DD8C,0x001ABD8C,0xA803B0BE,load,1,15,0x0017DD40:sub_17DD40
0x0017DDC8,0x001ABDC8,0xA803B0B0,load,1,13,0x0017DD40:sub_17DD40
0x0017DDDC,0x001ABDDC,0xA803B084,load,4,16,0x0017DD40:sub_17DD40
0x0017DDE8,0x001ABDE8,0xA803B084,store,4,15,0x0017DD40:sub_17DD40
0x0017DDF0,0x001ABDF0,0xA803B098,store,4,8,0x0017DD40:sub_17DD40
0x0017DE34,0x001ABE34,0xA803B21E,load,1,13,0x0017DE2C:sub_17DE2C
0x0017DE44,0x001ABE44,0xA8037BAB,load,1,1,0x0017DE2C:sub_17DE2C
0x0017DE54,0x001ABE54,0xA803B084,load,4,8,0x0017DE2C:sub_17DE2C
0x0017DE70,0x001ABE70,0xA803B084,store,4,13,0x0017DE2C:sub_17DE2C
0x0017DE98,0x001ABE98,0xA803B098,store,4,16,0x0017DE2C:sub_17DE2C
0x0017DEA0,0x001ABEA0,0xA803B0D4,load,4,13,0x0017DE2C:sub_17DE2C
0x0017DEB0,0x001ABEB0,0xA803B0D4,store,4,9,0x0017DE2C:sub_17DE2C
0x0017DEC0,0x001ABEC0,0xA803B084,load,4,12,0x0017DE2C:sub_17DE2C
0x0017DEE4,0x001ABEE4,0xA8037D2C,load,4,9,0x0017DE2C:sub_17DE2C
0x0017DF1C,0x001ABF1C,0xA8037BA8,load,1,13,0x0017DF14:sub_17DF14
0x0017DF2C,0x001ABF2C,0xA803B0A8,load,4,9,0x0017DF14:sub_17DF14
0x0017DF40,0x001ABF40,0xA803B098,load,4,11,0x0017DF14:sub_17DF14
0x0017DF68,0x001ABF68,0xA803B098,store,4,9,0x0017DF14:sub_17DF14
0x0017DF74,0x001ABF74,0xA803B09D,load,1,10,0x0017DF14:sub_17DF14
0x0017DF80,0x001ABF80,0xA803B084,load,4,16,0x0017DF14:sub_17DF14
0x0017DF8C,0x001ABF8C,0xA803B084,load,4,16,0x0017DF14:sub_17DF14
0x0017DF9C,0x001ABF9C,0xA803B084,store,4,12,0x0017DF14:sub_17DF14
0x0017DFBC,0x001ABFBC,0xA803B0B0,store,1,16,0x0017DF14:sub_17DF14
0x0017DFCC,0x001ABFCC,0xA803B084,load,4,1,0x0017DF14:sub_17DF14
0x0017E018,0x001AC018,0xA803B098,load,4,1,0x0017E010:sub_17E010
0x0017E03C,0x001AC03C,0xA803B09D,load,1,10,0x0017E010:sub_17E010
0x0017E078,0x001AC078,0xA803B09D,load,1,12,0x0017E010:sub_17E010
0x0017E094,0x001AC094,0xA803B0B0,store,1,17,0x0017E010:sub_17E010
0x0017E0E4,0x001AC0E4,0xA803B084,load,4,13,0x0017E010:sub_17E010
0x0017E0F4,0x001AC0F4,0xA803B084,store,4,11,0x0017E010:sub_17E010
0x0017E0FC,0x001AC0FC,0xA803B084,load,4,8,0x0017E010:sub_17E010
0x0017E184,0x001AC184,0xA803B098,load,4,13,0x0017E17C:sub_17E17C
0x0017E194,0x001AC194,0xA803B0B0,load,1,1,0x0017E17C:sub_17E17C
0x0017E1F0,0x001AC1F0,0xA803B08A,load,1,1,0x0017E17C:sub_17E17C
0x0017E2CC,0x001AC2CC,0xA8037BA1,load,1,12,0x0017E17C:sub_17E17C
0x0017E360,0x001AC360,0xA803B0CD,load,1,11,0x0017E17C:sub_17E17C
0x0017E3AC,0x001AC3AC,0xA803B0CD,load,1,24,0x0017E17C:sub_17E17C
0x0017E4C4,0x001AC4C4,0xA8037BAB,load,1,9,0x0017E464:sub_17E464
0x0017E4D8,0x001AC4D8,0xA8037BA9,load,1,10,0x0017E464:sub_17E464
0x0017E4EC,0x001AC4EC,0xA803B098,load,4,15,0x0017E464:sub_17E464
0x0017E500,0x001AC500,0xA803B09D,load,1,13,0x0017E464:sub_17E464
0x0017E510,0x001AC510,0xA803B0E6,load,1,12,0x0017E464:sub_17E464
0x0017E564,0x001AC564,0xA8037BAF,load,1,16,0x0017E464:sub_17E464
0x0017E574,0x001AC574,0xA8037BAD,load,1,9,0x0017E464:sub_17E464
0x0017E584,0x001AC584,0xA803B09D,load,1,13,0x0017E464:sub_17E464
0x0017E660,0x001AC660,0xA803B098,load,4,26,0x0017E464:sub_17E464
0x0017E6C8,0x001AC6C8,0xA803B0BC,store,1,26,0x0017E464:sub_17E464
0x0017E6DC,0x001AC6DC,0xA803B098,load,4,11,0x0017E464:sub_17E464
0x0017E6F0,0x001AC6F0,0xA803B0BD,load,1,26,0x0017E464:sub_17E464
0x0017E754,0x001AC754,0xA803B100,store,4,8,0x0017E464:sub_17E464
0x0017E790,0x001AC790,0xA803B0C4,store,4,11,0x0017E464:sub_17E464
0x0017E7B4,0x001AC7B4,0xA803B098,load,4,13,0x0017E464:sub_17E464
0x0017E7C4,0x001AC7C4,0xA8037BA1,load,1,12,0x0017E464:sub_17E464
0x0017E7E8,0x001AC7E8,0xA803B0BC,store,1,10,0x0017E464:sub_17E464
0x0017E808,0x001AC808,0xA803B100,store,4,8,0x0017E464:sub_17E464
0x0017E85C,0x001AC85C,0xA8037BAF,load,1,11,0x0017E464:sub_17E464
0x0017E870,0x001AC870,0xA803B108,load,1,24,0x0017E464:sub_17E464
0x0017E884,0x001AC884,0xA803B3AE,load,1,24,0x0017E464:sub_17E464
0x0017E8C8,0x001AC8C8,0xA803B098,load,4,1,0x0017E8A0:sub_17E8A0
0x0017E97C,0x001AC97C,0xA8037BAB,load,1,12,0x0017E8A0:sub_17E8A0
0x0017E9A4,0x001AC9A4,0xA803B098,load,4,11,0x0017E8A0:sub_17E8A0
0x0017E9C0,0x001AC9C0,0xA8037BAF,load,1,16,0x0017E8A0:sub_17E8A0
0x0017E9D0,0x001AC9D0,0xA803B09D,load,1,1,0x0017E8A0:sub_17E8A0
0x0017EA34,0x001ACA34,0xA803B100,store,4,8,0x0017E8A0:sub_17E8A0
0x0017EA5C,0x001ACA5C,0xA803B100,store,4,8,0x0017E8A0:sub_17E8A0
0x0017EA94,0x001ACA94,0xA803B098,load,4,9,0x0017E8A0:sub_17E8A0
0x0017EAD0,0x001ACAD0,0xA803B098,load,4,8,0x0017E8A0:sub_17E8A0
0x0017EAE0,0x001ACAE0,0xA803B09D,load,1,12,0x0017E8A0:sub_17E8A0
0x0017EB04,0x001ACB04,0xA803B100,store,4,8,0x0017E8A0:sub_17E8A0
0x0017EB40,0x001ACB40,0xA803B0C4,store,4,15,0x0017E8A0:sub_17E8A0
0x0017EB5C,0x001ACB5C,0xA803B0BC,store,1,25,0x0017E8A0:sub_17E8A0
0x0017EB74,0x001ACB74,0xA803B098,load,4,11,0x0017E8A0:sub_17E8A0
0x0017EB84,0x001ACB84,0xA8037BA1,load,1,16,0x0017E8A0:sub_17E8A0
0x0017EBA8,0x001ACBA8,0xA803B0BC,store,1,13,0x0017E8A0:sub_17E8A0
0x0017EBD0,0x001ACBD0,0xA803B098,load,4,11,0x0017E8A0:sub_17E8A0
0x0017EC08,0x001ACC08,0xA8037BAF,load,1,11,0x0017E8A0:sub_17E8A0
0x0017EC1C,0x001ACC1C,0xA803B108,load,1,13,0x0017E8A0:sub_17E8A0
0x0017EC34,0x001ACC34,0xA8037BA6,store,1,0,0x0017E8A0:sub_17E8A0
0x0017EC60,0x001ACC60,0xA8037BAE,load,1,13,0x0017E8A0:sub_17E8A0
0x0017EC90,0x001ACC90,0xA803B21E,load,1,1,0x0017EC80:sub_17EC80
0x0017ECD4,0x001ACCD4,0xA803B09D,load,1,13,0x0017EC80:sub_17EC80
0x0017ECF0,0x001ACCF0,0xA803B09D,load,1,15,0x0017EC80:sub_17EC80
0x0017ED50,0x001ACD50,0xA803B098,load,4,25,0x0017EC80:sub_17EC80
0x0017EE0C,0x001ACE0C,0xA8037D2C,load,4,9,0x0017EC80:sub_17EC80
0x0017EE78,0x001ACE78,0xA803B100,store,4,8,0x0017EC80:sub_17EC80
0x0017EEB0,0x001ACEB0,0xA803B104,store,4,12,0x0017EC80:sub_17EC80
0x0017EEE8,0x001ACEE8,0xA803B104,store,4,12,0x0017EC80:sub_17EC80
0x0017EEF4,0x001ACEF4,0xA8037D2C,load,4,25,0x0017EC80:sub_17EC80
0x0017EF64,0x001ACF64,0xA803B104,store,4,1,0x0017EC80:sub_17EC80
0x0017EF88,0x001ACF88,0xA8037D2C,load,4,25,0x0017EC80:sub_17EC80
0x0017EF90,0x001ACF90,0xA803B104,load,4,28,0x0017EC80:sub_17EC80
0x0017EFD4,0x001ACFD4,0xA803B104,store,4,1,0x0017EC80:sub_17EC80
0x0017F080,0x001AD080,0xA803B21E,load,1,13,0x0017F078:sub_17F078
0x0017F0DC,0x001AD0DC,0xA8037D2C,load,4,9,0x0017F078:sub_17F078
0x0017F124,0x001AD124,0xA803B100,store,4,8,0x0017F078:sub_17F078
0x0017F13C,0x001AD13C,0xA803B21E,load,1,13,0x0017F130:sub_17F130
0x0017F1C8,0x001AD1C8,0xA8037BAF,load,1,9,0x0017F130:sub_17F130
0x0017F1D8,0x001AD1D8,0xA803B09D,load,1,12,0x0017F130:sub_17F130
0x0017F1E8,0x001AD1E8,0xA8037BAD,load,1,13,0x0017F130:sub_17F130
0x0017F218,0x001AD218,0xA8037D2C,load,4,9,0x0017F130:sub_17F130
0x0017F24C,0x001AD24C,0xA803B09D,load,1,12,0x0017F130:sub_17F130
0x0017F25C,0x001AD25C,0xA8037BAD,load,1,8,0x0017F130:sub_17F130
0x0017F26C,0x001AD26C,0xA8037BAB,load,1,15,0x0017F130:sub_17F130
0x0017F294,0x001AD294,0xA803B09D,load,1,12,0x0017F130:sub_17F130
0x0017F2BC,0x001AD2BC,0xA8037BAB,load,1,15,0x0017F130:sub_17F130
0x0017F2D0,0x001AD2D0,0xA803B08A,load,1,12,0x0017F130:sub_17F130
0x0017F2EC,0x001AD2EC,0xA803B098,load,4,10,0x0017F130:sub_17F130
0x0017F300,0x001AD300,0xA803B0BE,load,1,8,0x0017F130:sub_17F130
0x0017F31C,0x001AD31C,0xA803B100,store,4,8,0x0017F130:sub_17F130
0x0017F33C,0x001AD33C,0xA8037BA6,load,1,8,0x0017F130:sub_17F130
0x0017F350,0x001AD350,0xA803B084,load,4,1,0x0017F130:sub_17F130
0x0017F378,0x001AD378,0xA803B084,store,4,1,0x0017F130:sub_17F130
0x0017F384,0x001AD384,0xA803B100,store,4,8,0x0017F130:sub_17F130
0x0017F3AC,0x001AD3AC,0xA8037BA6,load,1,15,0x0017F130:sub_17F130
0x0017F3C4,0x001AD3C4,0xA8037BA6,load,1,12,0x0017F130:sub_17F130
0x0017F3D8,0x001AD3D8,0xA803B084,load,4,13,0x0017F130:sub_17F130
0x0017F400,0x001AD400,0xA803B084,store,4,13,0x0017F130:sub_17F130
0x0017F40C,0x001AD40C,0xA803B100,store,4,8,0x0017F130:sub_17F130
0x0017F474,0x001AD474,0xA803B0B0,load,1,12,0x0017F130:sub_17F130
0x0017F488,0x001AD488,0xA803B084,load,4,9,0x0017F130:sub_17F130
0x0017F498,0x001AD498,0xA803B084,store,4,1,0x0017F130:sub_17F130
0x0017F4A4,0x001AD4A4,0xA803B098,store,4,16,0x0017F130:sub_17F130
0x0017F4F0,0x001AD4F0,0xA8037BA8,load,1,13,0x0017F4E8:sub_17F4E8
0x0017F504,0x001AD504,0xA803B0A8,load,4,9,0x0017F4E8:sub_17F4E8
0x0017F568,0x001AD568,0xA803B21E,load,1,11,0x0017F4E8:sub_17F4E8
0x0017F5C0,0x001AD5C0,0xA803B100,store,4,8,0x0017F4E8:sub_17F4E8
0x0017F5E4,0x001AD5E4,0xA8037D2C,load,4,9,0x0017F4E8:sub_17F4E8
0x0017F60C,0x001AD60C,0xA803B098,load,4,13,0x0017F604:sub_17F604
0x0017F648,0x001AD648,0xA803B100,load,4,1,0x0017F604:sub_17F604
0x0017F6D8,0x001AD6D8,0xA803B100,load,4,13,0x0017F604:sub_17F604
0x0017F6F8,0x001AD6F8,0xA803B0BC,load,1,12,0x0017F604:sub_17F604
0x0017F730,0x001AD730,0xA803B100,load,4,15,0x0017F604:sub_17F604
0x0017F75C,0x001AD75C,0xA803B100,load,4,13,0x0017F604:sub_17F604
0x0017F77C,0x001AD77C,0xA8037BA6,store,1,0,0x0017F604:sub_17F604
0x0017F798,0x001AD798,0xA803B0A8,load,4,9,0x0017F604:sub_17F604
0x0017F7D4,0x001AD7D4,0xA803B0FC,load,4,10,0x0017F7C8:sub_17F7C8
0x0017F7F4,0x001AD7F4,0xA8037B99,load,1,18,0x0017F7C8:sub_17F7C8
0x0017F808,0x001AD808,0xA803B098,load,4,11,0x0017F7C8:sub_17F7C8
0x0017F818,0x001AD818,0xA803B104,load,4,1,0x0017F7C8:sub_17F7C8
0x0017F824,0x001AD824,0xA80378FC,store,4,8,0x0017F7C8:sub_17F7C8
0x0017F82C,0x001AD82C,0xA803B098,load,4,12,0x0017F7C8:sub_17F7C8
0x0017F83C,0x001AD83C,0xA8037BA6,store,1,0,0x0017F7C8:sub_17F7C8
0x0017F860,0x001AD860,0xA8037B99,load,1,18,0x0017F7C8:sub_17F7C8
0x0017F870,0x001AD870,0xA803B098,load,4,11,0x0017F7C8:sub_17F7C8
0x0017F88C,0x001AD88C,0xA803B100,load,4,13,0x0017F7C8:sub_17F7C8
0x0017F8B4,0x001AD8B4,0xA803B08A,load,1,8,0x0017F7C8:sub_17F7C8
0x0017F8D8,0x001AD8D8,0xA803B08A,load,1,9,0x0017F7C8:sub_17F7C8
0x0017F8E4,0x001AD8E4,0xA803B0D8,load,1,8,0x0017F7C8:sub_17F7C8
0x0017F8F8,0x001AD8F8,0xA803B0D9,load,1,8,0x0017F7C8:sub_17F7C8
0x0017F90C,0x001AD90C,0xA803B08A,load,1,8,0x0017F7C8:sub_17F7C8
0x0017F93C,0x001AD93C,0xA803B09D,load,1,13,0x0017F934:sub_17F934
0x0017F97C,0x001AD97C,0xA803B100,load,4,11,0x0017F934:sub_17F934
0x0017F9A0,0x001AD9A0,0xA803B100,load,4,9,0x0017F934:sub_17F934
0x0017F9C0,0x001AD9C0,0xA803B104,load,4,1,0x0017F934:sub_17F934
0x0017F9DC,0x001AD9DC,0xA803B104,store,4,8,0x0017F934:sub_17F934
0x0017FA00,0x001ADA00,0xA803B100,load,4,13,0x0017F934:sub_17F934
0x0017FAB0,0x001ADAB0,0xA8037BA8,load,1,13,0x0017FAA8:sub_17FAA8
0x0017FAC0,0x001ADAC0,0xA803B0A8,load,4,9,0x0017FAA8:sub_17FAA8
0x0017FB60,0x001ADB60,0xA803B21E,load,1,15,0x0017FAA8:sub_17FAA8
0x0017FB70,0x001ADB70,0xA8037BAB,load,1,11,0x0017FAA8:sub_17FAA8
0x0017FB80,0x001ADB80,0xA803B084,load,4,13,0x0017FAA8:sub_17FAA8
0x0017FB98,0x001ADB98,0xA803B084,store,4,15,0x0017FAA8:sub_17FAA8
0x0017FBC8,0x001ADBC8,0xA803B098,store,4,13,0x0017FAA8:sub_17FAA8
0x0017FBD0,0x001ADBD0,0xA803B0D4,load,4,8,0x0017FAA8:sub_17FAA8
0x0017FBE0,0x001ADBE0,0xA803B0D4,store,4,18,0x0017FAA8:sub_17FAA8
0x0017FC28,0x001ADC28,0xA803B0B0,load,1,10,0x0017FAA8:sub_17FAA8
0x0017FC84,0x001ADC84,0xA803B100,load,4,16,0x0017FAA8:sub_17FAA8
0x0017FCA4,0x001ADCA4,0xA803B104,load,4,1,0x0017FAA8:sub_17FAA8
0x0017FCB0,0x001ADCB0,0xA803B100,store,4,8,0x0017FAA8:sub_17FAA8
0x0017FCC0,0x001ADCC0,0xA803B104,store,4,17,0x0017FAA8:sub_17FAA8
0x0017FCCC,0x001ADCCC,0xA8037BA6,store,1,0,0x0017FAA8:sub_17FAA8
0x0017FCE8,0x001ADCE8,0xA803B098,load,4,8,0x0017FAA8:sub_17FAA8
0x0017FD38,0x001ADD38,0xA803B084,load,4,13,0x0017FAA8:sub_17FAA8
0x0017FD54,0x001ADD54,0xA8037D2C,load,4,9,0x0017FAA8:sub_17FAA8
0x0017FD78,0x001ADD78,0xA803B08A,load,1,8,0x0017FAA8:sub_17FAA8
0x0017FDA0,0x001ADDA0,0xA803B0D8,load,1,10,0x0017FAA8:sub_17FAA8
0x0017FDC8,0x001ADDC8,0xA803B0D9,load,1,8,0x0017FAA8:sub_17FAA8
0x0017FDF8,0x001ADDF8,0xA803B09D,store,1,0,0x0017FAA8:sub_17FAA8
0x0017FE14,0x001ADE14,0xA803B104,store,4,8,
0x0017FE38,0x001ADE38,0xA803B100,store,4,8,0x0017FE28:sub_17FE28
0x0017FEA4,0x001ADEA4,0xA803B21E,load,1,13,0x0017FE5C:sub_17FE5C
0x00180B24,0x001AEB24,0xA803B21E,load,1,10,0x00180A80:sub_180A80
0x00180B4C,0x001AEB4C,0xA8037D2C,load,4,9,0x00180A80:sub_180A80
0x00180D10,0x001AED10,0xA8035222,load,1,13,0x00180D00:sub_180D00
0x00180D14,0x001AED14,0xA8035221,load,1,1,0x00180D00:sub_180D00
0x00180D18,0x001AED18,0xA8035223,load,1,22,0x00180D00:sub_180D00
0x001810F0,0x001AF0F0,0xA803B21F,load,1,1,0x00180D00:sub_180D00
0x00181BF8,0x001AFBF8,0xA80349EB,store,1,13,0x00181B70:sub_181B70
0x00181C7C,0x001AFC7C,0xA80349EA,store,1,13,0x00181C04:sub_181C04
0x00181CE0,0x001AFCE0,0xA80349E9,store,1,0,0x00181C88:sub_181C88
0x00181D00,0x001AFD00,0xA80349E9,store,1,13,0x00181C88:sub_181C88
0x00181D18,0x001AFD18,0xA80349E8,store,1,13,
0x00181D24,0x001AFD24,0xA80349EB,load,1,1,0x00181D1C:sub_181D1C
0x00181D40,0x001AFD40,0xA803B21E,load,1,13,0x00181D1C:sub_181D1C
0x00181D74,0x001AFD74,0xA803B21E,load,1,13,0x00181D1C:sub_181D1C
0x00181D98,0x001AFD98,0xA8037D2C,load,4,9,0x00181D1C:sub_181D1C
0x00181DC0,0x001AFDC0,0xA80349E4,store,4,16,0x00181D1C:sub_181D1C
0x00181DFC,0x001AFDFC,0xA80349EB,store,1,1,0x00181DCC:sub_181DCC
0x00181E48,0x001AFE48,0xA80349EA,store,1,13,0x00181DCC:sub_181DCC
0x00181E9C,0x001AFE9C,0xA80349E9,store,1,0,0x00181DCC:sub_181DCC
0x00181EA0,0x001AFEA0,0xA80349E8,store,1,8,0x00181DCC:sub_181DCC
0x00181EB4,0x001AFEB4,0xA803B21E,load,1,10,0x00181DCC:sub_181DCC
0x00181EF0,0x001AFEF0,0xA80349E9,store,1,13,0x00181DCC:sub_181DCC
0x00181F00,0x001AFF00,0xA80349E8,store,1,8,0x00181DCC:sub_181DCC
0x00181F1C,0x001AFF1C,0xA803B21E,load,1,12,0x00181DCC:sub_181DCC
0x00181F40,0x001AFF40,0xA8037D2C,load,4,9,0x00181DCC:sub_181DCC
0x00181FD4,0x001AFFD4,0xA803B21E,load,1,10,0x00181DCC:sub_181DCC
0x00181FE8,0x001AFFE8,0xA8037D2C,load,4,9,0x00181DCC:sub_181DCC
0x0018201C,0x001B001C,0xA80349E4,store,4,16,0x00181DCC:sub_181DCC
0x00182030,0x001B0030,0xA80349E4,load,4,8,0x00182028:sub_182028
0x0018203C,0x001B003C,0xA8037C46,load,1,8,0x00182034:sub_182034
0x00182048,0x001B0048,0xA8037C46,store,1,8,0x00182040:sub_182040
0x00182100,0x001B0100,0xA8037C46,store,1,19,0x00182088:sub_182088
0x00182114,0x001B0114,0xA80349EB,load,1,8,0x0018210C:sub_18210C
0x00182120,0x001B0120,0xA80349EA,load,1,8,0x00182118:sub_182118
0x0018212C,0x001B012C,0xA80349E9,load,1,8,
0x00182148,0x001B0148,0xA8037C46,load,1,1,0x00182138:sub_182138
0x001821D0,0x001B01D0,0xA80349E8,load,1,8,0x001821C8:sub_1821C8
0x00182208,0x001B0208,0xA80349E4,load,4,13,0x00182204:sub_182204
0x0018226C,0x001B026C,0xA803B21E,load,1,13,0x00182264:sub_182264
0x00182294,0x001B0294,0xA80349EB,load,1,12,0x00182264:sub_182264
0x0018229C,0x001B029C,0xA80349EA,load,1,13,0x00182264:sub_182264
0x001822A0,0x001B02A0,0xA80349E9,load,1,16,0x00182264:sub_182264
0x001822A8,0x001B02A8,0xA80349E8,load,1,15,0x00182264:sub_182264
0x001822B0,0x001B02B0,0xA80349E4,load,4,9,0x00182264:sub_182264
0x001822C4,0x001B02C4,0xA8037D2C,load,4,9,0x00182264:sub_182264
0x00182460,0x001B0460,0xA803B22C,load,1,12,0x00182458:sub_182458
0x00182494,0x001B0494,0xA8037D2C,load,4,9,0x00182458:sub_182458
0x001824D0,0x001B04D0,0xA803B22C,load,1,12,0x001824C4:sub_1824C4
0x001824FC,0x001B04FC,0xA8037D2C,load,4,9,0x001824C4:sub_1824C4
0x00182534,0x001B0534,0xA803B22C,load,1,12,0x0018252C:sub_18252C
0x00182564,0x001B0564,0xA8037D2C,load,4,9,0x0018252C:sub_18252C
0x001825B0,0x001B05B0,0xA803B22C,load,1,12,0x00182594:sub_182594
0x001825DC,0x001B05DC,0xA8037C48,store,4,24,0x00182594:sub_182594
0x00182610,0x001B0610,0xA803B22C,load,1,12,0x00182604:sub_182604
0x001826CC,0x001B06CC,0xA8037D2C,load,4,9,0x00182604:sub_182604
0x00182710,0x001B0710,0xA8037D2C,load,4,9,0x00182604:sub_182604
0x00182764,0x001B0764,0xA8037D2C,load,4,9,0x00182604:sub_182604
0x001827B4,0x001B07B4,0xA8037D2C,load,4,9,0x00182604:sub_182604
0x00182804,0x001B0804,0xA8037C48,store,4,0,0x00182604:sub_182604
0x00182830,0x001B0830,0xA8037C48,load,4,8,0x00182828:sub_182828
0x00182E74,0x001B0E74,0xA803B21E,load,1,13,0x00182C24:sub_182C24
0x00182FA8,0x001B0FA8,0xA803B222,load,1,8,0x00182EF0:sub_182EF0
0x00182FD8,0x001B0FD8,0xA8037D2C,load,4,9,0x00182EF0:sub_182EF0
0x00183084,0x001B1084,0xA803B21E,load,1,9,0x0018301C:sub_18301C
0x0018335C,0x001B135C,0xA803B0D4,load,4,10,0x00183328:sub_183328
0x0018344C,0x001B144C,0xA803B0D4,load,4,8,0x00183410:sub_183410
0x001834E8,0x001B14E8,0xA803B21F,load,1,13,0x001834BC:sub_1834BC
0x00183518,0x001B1518,0xA8037D2C,load,4,9,0x001834BC:sub_1834BC
0x00183550,0x001B1550,0xA803B21F,load,1,9,0x001834BC:sub_1834BC
0x0018357C,0x001B157C,0xA8037D2C,load,4,9,0x001834BC:sub_1834BC
0x001835F0,0x001B15F0,0xA803B21F,load,1,10,0x001834BC:sub_1834BC
0x0018361C,0x001B161C,0xA8037D2C,load,4,9,0x001834BC:sub_1834BC
0x0018364C,0x001B164C,0xA803B21F,load,1,9,0x001834BC:sub_1834BC
0x00183678,0x001B1678,0xA8037D2C,load,4,9,0x001834BC:sub_1834BC
0x001839D4,0x001B19D4,0xA8034D88,load,4,8,0x001839D0:sub_1839D0
0x00183C7C,0x001B1C7C,0xA803B21E,load,1,13,0x00183BFC:sub_183BFC
0x00183CC8,0x001B1CC8,0xA8037D2C,load,4,9,0x00183BFC:sub_183BFC
0x00183D04,0x001B1D04,0xA803B21E,load,1,9,0x00183BFC:sub_183BFC
0x00183D0C,0x001B1D0C,0xA803B21E,load,1,24,0x00183BFC:sub_183BFC
0x00183D24,0x001B1D24,0xA8037D2C,load,4,9,0x00183BFC:sub_183BFC
0x00183D74,0x001B1D74,0xA8037D2C,load,4,9,0x00183BFC:sub_183BFC
0x001844A0,0x001B24A0,0xA8037C4C,store,4,8,0x00184498:sub_184498
0x001844AC,0x001B24AC,0xA8037C4C,load,4,1,0x001844A4:sub_1844A4
0x00185010,0x001B3010,0xA8034D84,load,1,8,
0x00185040,0x001B3040,0xA8034D84,store,1,8,
0x0018505C,0x001B305C,0xA8037CA4,store,4,8,0x00185054:sub_185054
0x00185068,0x001B3068,0xA8037CA4,load,4,1,0x00185060:sub_185060
0x00185094,0x001B3094,0xA803B109,load,1,8,0x0018508C:sub_18508C
0x0018509C,0x001B309C,0xA8034D84,load,1,13,0x00185098:sub_185098
0x00185138,0x001B3138,0xA803B109,store,1,9,0x00185098:sub_185098
0x00185148,0x001B3148,0xA8034D84,load,1,13,0x00185144:sub_185144
0x00185188,0x001B3188,0xA8034D84,load,1,13,0x00185184:sub_185184
0x00185408,0x001B3408,0xA8037B95,store,1,13,0x001853C8:sub_1853C8
0x0018546C,0x001B346C,0xA8037B95,load,1,1,0x00185448:sub_185448
0x001857FC,0x001B37FC,0xA803B0D4,load,4,8,
0x00185814,0x001B3814,0xA803B0D4,store,4,13,
0x001858C4,0x001B38C4,0xA803B03A,store,1,13,0x0018587C:sub_18587C
0x0018594C,0x001B394C,0xA803B0B4,load,4,1,
0x00185954,0x001B3954,0xA8037C98,store,4,1,
0x00185964,0x001B3964,0xA803B0B4,store,4,1,
0x0018596C,0x001B396C,0xA8037C98,load,4,12,
0x00185978,0x001B3978,0xA803B0B4,store,4,12,
0x00185A04,0x001B3A04,0xA803AFF5,load,1,13,0x001859E4:sub_1859E4
0x00185B60,0x001B3B60,0xA8037C51,store,1,0,0x00185B04:sub_185B04
0x00185B90,0x001B3B90,0xA8037C51,store,1,24,0x00185B04:sub_185B04
0x00185C30,0x001B3C30,0xA803B21E,load,1,13,0x00185BAC:sub_185BAC
0x00185C50,0x001B3C50,0xA8037D2C,load,4,25,0x00185BAC:sub_185BAC
0x00185E48,0x001B3E48,0xA803B08A,store,1,0,0x00185DDC:sub_185DDC
0x00185E50,0x001B3E50,0xA803B0E6,store,1,0,0x00185DDC:sub_185DDC
0x0018614C,0x001B414C,0xA803AFF5,load,1,13,0x00186140:sub_186140
0x001861FC,0x001B41FC,0xA803AFF5,load,1,13,0x001861F0:sub_1861F0
0x001862AC,0x001B42AC,0xA803AFF5,load,1,13,0x001862A8:sub_1862A8
0x00186358,0x001B4358,0xA8034D84,load,1,12,0x00186350:sub_186350
0x001863C8,0x001B43C8,0xA803AFF5,load,1,13,0x00186350:sub_186350
0x00186470,0x001B4470,0xA803AFF5,load,1,13,0x00186464:sub_186464
0x00186594,0x001B4594,0xA803B109,store,1,13,0x00186548:sub_186548
0x001866BC,0x001B46BC,0xA8037C9E,store,2,1,0x00186670:sub_186670
0x001866C0,0x001B46C0,0xA8037CA2,store,1,15,0x00186670:sub_186670
0x001866C4,0x001B46C4,0xA8037CA2,load,1,1,0x00186670:sub_186670
0x001866D4,0x001B46D4,0xA8037CA3,load,1,12,0x00186670:sub_186670
0x001866F0,0x001B46F0,0xA8037CA0,store,2,13,0x00186670:sub_186670
0x001866F4,0x001B46F4,0xA8037C9E,load,2,8,0x00186670:sub_186670
0x00186704,0x001B4704,0xA8037CA3,store,1,25,0x00186670:sub_186670
0x00186714,0x001B4714,0xA8037CA0,load,2,9,0x00186670:sub_186670
0x00186718,0x001B4718,0xA8037CA2,store,1,0,0x00186670:sub_186670
0x0018671C,0x001B471C,0xA8037CA3,store,1,0,0x00186670:sub_186670
0x00186750,0x001B4750,0xA803AFF5,load,1,10,0x00186728:sub_186728
0x0018677C,0x001B477C,0xA8037BAF,load,1,8,0x00186728:sub_186728
0x001867E8,0x001B47E8,0xA8034D84,load,1,1,0x001867E0:sub_1867E0
0x001869B8,0x001B49B8,0xA8037C50,store,1,8,0x001869B0:sub_1869B0
0x001869C4,0x001B49C4,0xA803B21E,load,1,13,0x001869BC:sub_1869BC
0x00186A44,0x001B4A44,0xA8037CA4,load,4,1,0x001869BC:sub_1869BC
0x00186AD8,0x001B4AD8,0xA8037D2C,load,4,9,0x001869BC:sub_1869BC
0x00186B44,0x001B4B44,0xA8037C51,store,1,0,0x001869BC:sub_1869BC
0x00186CAC,0x001B4CAC,0xA803B0D4,load,4,13,0x001869BC:sub_1869BC
0x00186CCC,0x001B4CCC,0xA803B0D4,store,4,26,0x001869BC:sub_1869BC
0x00186D9C,0x001B4D9C,0xA803B03A,store,1,9,0x001869BC:sub_1869BC
0x00186DA8,0x001B4DA8,0xA8037C50,store,1,15,0x001869BC:sub_1869BC
0x00186DC4,0x001B4DC4,0xA8034D84,store,1,8,0x001869BC:sub_1869BC
0x00186DE0,0x001B4DE0,0xA8037C51,store,1,16,0x001869BC:sub_1869BC
0x00186E2C,0x001B4E2C,0xA8037C9E,store,2,25,0x001869BC:sub_1869BC
0x00186E30,0x001B4E30,0xA8037CA2,store,1,24,0x001869BC:sub_1869BC
0x00186E34,0x001B4E34,0xA8037CA2,load,1,25,0x001869BC:sub_1869BC
0x00186E48,0x001B4E48,0xA8037CA3,load,1,1,0x001869BC:sub_1869BC
0x00186E5C,0x001B4E5C,0xA8037C9E,load,2,8,0x001869BC:sub_1869BC
0x00186E64,0x001B4E64,0xA8037CA0,load,2,9,0x001869BC:sub_1869BC
0x00186E9C,0x001B4E9C,0xA8037CA0,store,2,17,0x001869BC:sub_1869BC
0x00186EB0,0x001B4EB0,0xA8037C9E,load,2,8,0x001869BC:sub_1869BC
0x00186EB8,0x001B4EB8,0xA8037CA3,store,1,24,0x001869BC:sub_1869BC
0x00186F54,0x001B4F54,0xA803B21E,load,1,13,0x00186F4C:sub_186F4C
0x00186F70,0x001B4F70,0xA803B0B4,load,4,13,0x00186F4C:sub_186F4C
0x00186F78,0x001B4F78,0xA803B109,load,1,12,0x00186F4C:sub_186F4C
0x00186F80,0x001B4F80,0xA8037C98,store,4,13,0x00186F4C:sub_186F4C
0x00186F8C,0x001B4F8C,0xA803B0B4,store,4,15,0x00186F4C:sub_186F4C
0x00186FE0,0x001B4FE0,0xA8037D2C,load,4,9,0x00186F4C:sub_186F4C
0x00187040,0x001B5040,0xA8034D84,load,1,13,0x00186F4C:sub_186F4C
0x001870CC,0x001B50CC,0xA803AFF5,load,1,13,0x00186F4C:sub_186F4C
0x00187194,0x001B5194,0xA803AFF5,load,1,9,0x00186F4C:sub_186F4C
0x001871C0,0x001B51C0,0xA8037BAF,load,1,15,0x00186F4C:sub_186F4C
0x00187270,0x001B5270,0xA803AFF5,load,1,13,0x00186F4C:sub_186F4C
0x001872E4,0x001B52E4,0xA803AFF5,load,1,13,0x00186F4C:sub_186F4C
0x00187328,0x001B5328,0xA8035238,store,1,15,0x00186F4C:sub_186F4C
0x00187338,0x001B5338,0xA8035239,store,1,9,0x00186F4C:sub_186F4C
0x0018733C,0x001B533C,0xA8035004,load,1,24,0x00186F4C:sub_186F4C
0x001873A4,0x001B53A4,0xA803AFF5,load,1,13,0x00186F4C:sub_186F4C
0x00187480,0x001B5480,0xA803AFF5,load,1,13,0x00186F4C:sub_186F4C
0x00187500,0x001B5500,0xA803AFF5,load,1,13,0x00186F4C:sub_186F4C
0x001877AC,0x001B57AC,0xA803B7AA,load,2,12,0x0018779C:sub_18779C
0x001877EC,0x001B57EC,0xA8037C50,load,1,8,
0x00187BF4,0x001B5BF4,0xA803AFF5,load,1,13,
0x00187CD8,0x001B5CD8,0xA803AFF5,load,1,13,0x00187CCC:sub_187CCC
0x00187D84,0x001B5D84,0xA803AFF5,load,1,13,0x00187D78:sub_187D78
0x00187E30,0x001B5E30,0xA803AFF5,load,1,13,0x00187E24:sub_187E24
0x00187EDC,0x001B5EDC,0xA803AFF5,load,1,13,0x00187ED0:sub_187ED0
0x00187FF8,0x001B5FF8,0xA8037C9D,load,1,1,0x00187FD8:sub_187FD8
0x00188014,0x001B6014,0xA8037C9D,store,1,1,0x00187FD8:sub_187FD8
0x001880C4,0x001B60C4,0xA8037C9C,load,1,1,0x001880A8:sub_1880A8
0x001880E4,0x001B60E4,0xA8037C9C,load,1,11,0x001880A8:sub_1880A8
0x0018813C,0x001B613C,0xA803AFF5,load,1,10,0x00188118:sub_188118
0x00188168,0x001B6168,0xA8037BAF,load,1,8,0x00188118:sub_188118
0x001881D4,0x001B61D4,0xA8034D84,load,1,1,0x001881CC:sub_1881CC
0x001882C8,0x001B62C8,0xA803B21E,load,1,1,0x001882AC:sub_1882AC
0x00188344,0x001B6344,0xA8037D2C,load,4,9,0x001882AC:sub_1882AC
0x00188360,0x001B6360,0xA8037D2C,load,4,9,0x001882AC:sub_1882AC
0x001883A0,0x001B63A0,0xA8034D84,load,1,12,0x001882AC:sub_1882AC
0x001883F8,0x001B63F8,0xA803B109,store,1,15,0x001882AC:sub_1882AC
0x00188434,0x001B6434,0xA8034D84,load,1,13,0x001882AC:sub_1882AC
0x0018848C,0x001B648C,0xA803B109,store,1,11,0x001882AC:sub_1882AC
0x001884CC,0x001B64CC,0xA8037C9C,load,1,11,0x001882AC:sub_1882AC
0x001884E4,0x001B64E4,0xA8037C9C,load,1,26,0x001882AC:sub_1882AC
0x001884F4,0x001B64F4,0xA8037C9C,store,1,9,0x001882AC:sub_1882AC
0x00188500,0x001B6500,0xA8034D84,load,1,13,0x001882AC:sub_1882AC
0x00188560,0x001B6560,0xA803B109,store,1,1,0x001882AC:sub_1882AC
0x001885DC,0x001B65DC,0xA8034D84,load,1,13,0x001882AC:sub_1882AC
0x00188648,0x001B6648,0xA803B109,store,1,16,0x001882AC:sub_1882AC
0x00188674,0x001B6674,0xA8034D84,load,1,1,0x001882AC:sub_1882AC
0x001886F4,0x001B66F4,0xA8034D84,load,1,1,0x001882AC:sub_1882AC
0x00188758,0x001B6758,0xA8034D84,load,1,12,0x001882AC:sub_1882AC
0x001887B0,0x001B67B0,0xA803B109,store,1,8,0x001882AC:sub_1882AC
0x001887C8,0x001B67C8,0xA8034D84,load,1,15,0x001882AC:sub_1882AC
0x00188820,0x001B6820,0xA803B109,store,1,11,0x001882AC:sub_1882AC
0x0018884C,0x001B684C,0xA8034D84,load,1,1,0x001882AC:sub_1882AC
0x00188898,0x001B6898,0xA8034D84,load,1,1,0x001882AC:sub_1882AC
0x00188900,0x001B6900,0xA8037C9D,load,1,13,0x001882AC:sub_1882AC
0x00188914,0x001B6914,0xA8037C9D,store,1,1,0x001882AC:sub_1882AC
0x00188918,0x001B6918,0xA8037C9D,store,1,0,0x001882AC:sub_1882AC
0x00188948,0x001B6948,0xA8034D84,load,1,16,0x001882AC:sub_1882AC
0x001889A0,0x001B69A0,0xA803B109,store,1,15,0x001882AC:sub_1882AC
0x001889BC,0x001B69BC,0xA8034D84,load,1,26,0x001882AC:sub_1882AC
0x00188A14,0x001B6A14,0xA803B109,store,1,11,0x001882AC:sub_1882AC
0x00188A78,0x001B6A78,0xA8037C51,load,1,16,0x001882AC:sub_1882AC
0x00188A8C,0x001B6A8C,0xA8034D84,load,1,15,0x001882AC:sub_1882AC
0x00188AE4,0x001B6AE4,0xA803B109,store,1,16,0x001882AC:sub_1882AC
0x00188B00,0x001B6B00,0xA8034D84,load,1,12,0x001882AC:sub_1882AC
0x00188B58,0x001B6B58,0xA803B109,store,1,16,0x001882AC:sub_1882AC
0x00188BC0,0x001B6BC0,0xA8034D84,load,1,15,0x001882AC:sub_1882AC
0x00188C18,0x001B6C18,0xA803B109,store,1,16,0x001882AC:sub_1882AC
0x00188C4C,0x001B6C4C,0xA8034D84,load,1,11,0x001882AC:sub_1882AC
0x00188CA4,0x001B6CA4,0xA803B109,store,1,26,0x001882AC:sub_1882AC
0x00188CF4,0x001B6CF4,0xA8034D84,load,1,10,0x001882AC:sub_1882AC
0x00188D4C,0x001B6D4C,0xA803B109,store,1,1,0x001882AC:sub_1882AC
0x00188D64,0x001B6D64,0xA8034D84,load,1,12,0x001882AC:sub_1882AC
0x00188DBC,0x001B6DBC,0xA803B109,store,1,11,0x001882AC:sub_1882AC
0x00188DD4,0x001B6DD4,0xA8034D84,load,1,13,0x001882AC:sub_1882AC
0x00188E2C,0x001B6E2C,0xA803B109,store,1,8,0x001882AC:sub_1882AC
0x00188E40,0x001B6E40,0xA803AFF5,load,1,13,0x001882AC:sub_1882AC
0x00188E7C,0x001B6E7C,0xA8034D84,load,1,12,0x001882AC:sub_1882AC
0x00188ED4,0x001B6ED4,0xA803B109,store,1,15,0x001882AC:sub_1882AC
0x00188F04,0x001B6F04,0xA8034D84,load,1,16,0x001882AC:sub_1882AC
0x00188F5C,0x001B6F5C,0xA803B109,store,1,26,0x001882AC:sub_1882AC
0x00188F88,0x001B6F88,0xA803AFF5,load,1,13,0x001882AC:sub_1882AC
0x00188FB4,0x001B6FB4,0xA8034D84,load,1,11,0x001882AC:sub_1882AC
0x0018900C,0x001B700C,0xA803B109,store,1,15,0x001882AC:sub_1882AC
0x0018903C,0x001B703C,0xA8034D84,load,1,12,0x001882AC:sub_1882AC
0x00189094,0x001B7094,0xA803B109,store,1,1,0x001882AC:sub_1882AC
0x001890AC,0x001B70AC,0xA8034D84,load,1,12,0x001882AC:sub_1882AC
0x00189104,0x001B7104,0xA803B109,store,1,8,0x001882AC:sub_1882AC
0x00189120,0x001B7120,0xA8037C50,load,1,11,0x001882AC:sub_1882AC
0x00189140,0x001B7140,0xA803B7AA,load,2,15,0x001882AC:sub_1882AC
0x00189180,0x001B7180,0xA8034D84,load,1,15,0x001882AC:sub_1882AC
0x001891D8,0x001B71D8,0xA803B109,store,1,16,0x001882AC:sub_1882AC
0x00189204,0x001B7204,0xA803AFF5,load,1,8,0x001882AC:sub_1882AC
0x00189230,0x001B7230,0xA8037BAF,load,1,9,0x001882AC:sub_1882AC
0x00189280,0x001B7280,0xA8034D84,load,1,9,0x001882AC:sub_1882AC
0x001892DC,0x001B72DC,0xA803B109,store,1,1,0x001882AC:sub_1882AC
0x001892EC,0x001B72EC,0xA803AFF5,load,1,13,0x001882AC:sub_1882AC
0x00189328,0x001B7328,0xA8034D84,load,1,12,0x001882AC:sub_1882AC
0x00189380,0x001B7380,0xA803B109,store,1,26,0x001882AC:sub_1882AC
0x00189394,0x001B7394,0xA803AFF5,load,1,13,0x001882AC:sub_1882AC
0x00189404,0x001B7404,0xA8034D84,load,1,10,0x001882AC:sub_1882AC
0x0018945C,0x001B745C,0xA803B109,store,1,8,0x001882AC:sub_1882AC
0x00189478,0x001B7478,0xA8034D84,load,1,12,0x001882AC:sub_1882AC
0x001894D0,0x001B74D0,0xA803B109,store,1,11,0x001882AC:sub_1882AC
0x001894E8,0x001B74E8,0xA8034D84,load,1,16,0x001882AC:sub_1882AC
0x00189540,0x001B7540,0xA803B109,store,1,8,0x001882AC:sub_1882AC
0x00189558,0x001B7558,0xA8034D84,load,1,11,0x001882AC:sub_1882AC
0x001895B0,0x001B75B0,0xA803B109,store,1,10,0x001882AC:sub_1882AC
0x001895C8,0x001B75C8,0xA8034D84,load,1,12,0x001882AC:sub_1882AC
0x00189620,0x001B7620,0xA803B109,store,1,8,0x001882AC:sub_1882AC
0x0018966C,0x001B766C,0xA8034D84,load,1,12,0x001882AC:sub_1882AC
0x001896C4,0x001B76C4,0xA803B109,store,1,8,0x001882AC:sub_1882AC
0x001896D4,0x001B76D4,0xA8035238,load,1,13,0x001882AC:sub_1882AC
0x001896E4,0x001B76E4,0xA8034D84,load,1,10,0x001882AC:sub_1882AC
0x0018973C,0x001B773C,0xA8034D84,load,1,8,0x001882AC:sub_1882AC
0x00189794,0x001B7794,0xA8034D84,load,1,12,0x001882AC:sub_1882AC
0x001897EC,0x001B77EC,0xA803B109,store,1,1,0x001882AC:sub_1882AC
0x00189804,0x001B7804,0xA8034D84,load,1,8,0x001882AC:sub_1882AC
0x0018985C,0x001B785C,0xA803B109,store,1,15,0x001882AC:sub_1882AC
0x0018986C,0x001B786C,0xA8035239,load,1,13,0x001882AC:sub_1882AC
0x0018987C,0x001B787C,0xA8034D84,load,1,12,0x001882AC:sub_1882AC
0x001898D4,0x001B78D4,0xA803B109,store,1,11,0x001882AC:sub_1882AC
0x00189900,0x001B7900,0xA8034D84,load,1,9,0x001882AC:sub_1882AC
0x00189958,0x001B7958,0xA803B109,store,1,13,0x001882AC:sub_1882AC
0x0018996C,0x001B796C,0xA803AFF5,load,1,13,0x001882AC:sub_1882AC
0x0018A634,0x001B8634,0xA8037CA8,store,2,8,0x0018A61C:sub_18A61C
0x0018A71C,0x001B871C,0xA803B225,load,1,13,0x0018A710:sub_18A710
0x0018A740,0x001B8740,0xA803B225,load,1,9,0x0018A710:sub_18A710
0x0018A784,0x001B8784,0xA8037D2C,load,4,9,0x0018A710:sub_18A710
0x0018A7B4,0x001B87B4,0xA8037D2C,load,4,9,0x0018A710:sub_18A710
0x0018A7F4,0x001B87F4,0xA8037D2C,load,4,9,0x0018A710:sub_18A710
0x0018A810,0x001B8810,0xA8037D2C,load,4,9,0x0018A710:sub_18A710
0x0018A83C,0x001B883C,0xA803B225,load,1,13,0x0018A830:sub_18A830
0x0018A860,0x001B8860,0xA803B225,load,1,10,0x0018A830:sub_18A830
0x0018A864,0x001B8864,0xA803B225,load,1,13,0x0018A830:sub_18A830
0x0018A8C0,0x001B88C0,0xA8037D2C,load,4,9,0x0018A830:sub_18A830
0x0018A8E8,0x001B88E8,0xA8037D2C,load,4,9,0x0018A830:sub_18A830
0x0018A8FC,0x001B88FC,0xA8037D2C,load,4,9,0x0018A830:sub_18A830
0x0018B2A4,0x001B92A4,0xA8037BA6,store,1,13,0x0018B284:sub_18B284
0x0018B3A0,0x001B93A0,0xA803B222,load,1,10,0x0018B36C:sub_18B36C
0x0018B3D8,0x001B93D8,0xA8037D2C,load,4,9,0x0018B36C:sub_18B36C
0x0018B4C8,0x001B94C8,0xA803B222,load,1,10,0x0018B494:sub_18B494
0x0018B500,0x001B9500,0xA8037D2C,load,4,9,0x0018B494:sub_18B494
0x0018B750,0x001B9750,0xA803B0B2,load,1,8,0x0018B65C:sub_18B65C
0x0018B7FC,0x001B97FC,0xA803C08C,load,4,1,0x0018B65C:sub_18B65C
0x0018B908,0x001B9908,0xA803C08C,load,4,1,0x0018B65C:sub_18B65C
0x0018B980,0x001B9980,0xA803B0D4,load,4,21,0x0018B65C:sub_18B65C
0x0018B998,0x001B9998,0xA803B0D4,store,4,12,0x0018B65C:sub_18B65C
0x0018BA08,0x001B9A08,0xA803B229,load,1,13,0x0018B9F4:sub_18B9F4
0x0018BA30,0x001B9A30,0xA8037D2C,load,4,9,0x0018B9F4:sub_18B9F4
0x0018BAAC,0x001B9AAC,0xA803B21E,load,1,13,0x0018BA48:sub_18BA48
0x0018BAD0,0x001B9AD0,0xA8037D2C,load,4,25,0x0018BA48:sub_18BA48
0x0018BAEC,0x001B9AEC,0xA803B0D4,load,4,13,0x0018BAE8:sub_18BAE8
0x0018BB08,0x001B9B08,0xA803B0D4,store,4,1,0x0018BAE8:sub_18BAE8
0x0018BB10,0x001B9B10,0xA803B0D4,load,4,8,
0x0018BB50,0x001B9B50,0xA803B0D4,load,4,10,0x0018BB20:sub_18BB20
0x0018BDDC,0x001B9DDC,0xA8034D88,store,4,24,0x0018BDCC:sub_18BDCC
0x0018BDF0,0x001B9DF0,0xA803B21E,load,1,13,0x0018BDE8:sub_18BDE8
0x0018BE24,0x001B9E24,0xA8037D2C,load,4,9,0x0018BDE8:sub_18BDE8
0x0018BE4C,0x001B9E4C,0xA803B21E,load,1,13,0x0018BE40:sub_18BE40
0x0018BECC,0x001B9ECC,0xA8037D2C,load,4,9,0x0018BE40:sub_18BE40
0x0018BEDC,0x001B9EDC,0xA8037D2C,load,4,9,0x0018BE40:sub_18BE40
0x0018BFE8,0x001B9FE8,0xA803B21E,load,1,13,0x0018BFC0:sub_18BFC0
0x0018C008,0x001BA008,0xA8037D2C,load,4,25,0x0018BFC0:sub_18BFC0
0x0018C0B0,0x001BA0B0,0xA803B110,load,4,13,0x0018C03C:sub_18C03C
0x0018C0C0,0x001BA0C0,0xA803B110,store,4,10,0x0018C03C:sub_18C03C
0x0018C0D0,0x001BA0D0,0xA803B110,load,4,13,0x0018C03C:sub_18C03C
0x0018C0E0,0x001BA0E0,0xA803B110,store,4,10,0x0018C03C:sub_18C03C
0x0018C0F0,0x001BA0F0,0xA803B110,load,4,13,0x0018C03C:sub_18C03C
0x0018C100,0x001BA100,0xA803B110,store,4,10,0x0018C03C:sub_18C03C
0x0018C110,0x001BA110,0xA803B110,load,4,13,0x0018C03C:sub_18C03C
0x0018C120,0x001BA120,0xA803B110,store,4,10,0x0018C03C:sub_18C03C
0x0018C140,0x001BA140,0xA803B110,load,4,13,0x0018C03C:sub_18C03C
0x0018C150,0x001BA150,0xA803B110,store,4,10,0x0018C03C:sub_18C03C
0x0018C190,0x001BA190,0xA803B21E,load,1,9,0x0018C168:sub_18C168
0x0018C1B8,0x001BA1B8,0xA803B10C,load,4,13,0x0018C168:sub_18C168
0x0018C1C8,0x001BA1C8,0xA803B10C,store,4,25,0x0018C168:sub_18C168
0x0018C1E0,0x001BA1E0,0xA803B10C,load,4,13,0x0018C168:sub_18C168
0x0018C1F0,0x001BA1F0,0xA803B10C,store,4,25,0x0018C168:sub_18C168
0x0018C200,0x001BA200,0xA803B10C,load,4,13,0x0018C168:sub_18C168
0x0018C210,0x001BA210,0xA803B10C,store,4,25,0x0018C168:sub_18C168
0x0018C220,0x001BA220,0xA803B10C,load,4,13,0x0018C168:sub_18C168
0x0018C230,0x001BA230,0xA803B10C,store,4,25,0x0018C168:sub_18C168
0x0018C244,0x001BA244,0xA803B10C,load,4,13,0x0018C168:sub_18C168
0x0018C254,0x001BA254,0xA803B10C,store,4,25,0x0018C168:sub_18C168
0x0018C268,0x001BA268,0xA803B10C,load,4,13,0x0018C168:sub_18C168
0x0018C278,0x001BA278,0xA803B10C,store,4,25,0x0018C168:sub_18C168
0x0018C28C,0x001BA28C,0xA8037D2C,load,4,9,0x0018C168:sub_18C168
0x0018C2B8,0x001BA2B8,0xA8037CAA,load,1,27,0x0018C2B0:sub_18C2B0
0x0018C2F0,0x001BA2F0,0xA8037CAA,store,1,11,0x0018C2B0:sub_18C2B0
0x0018C2F8,0x001BA2F8,0xA803B110,load,4,11,0x0018C2B0:sub_18C2B0
0x0018C308,0x001BA308,0xA803B110,load,4,1,0x0018C2B0:sub_18C2B0
0x0018C318,0x001BA318,0xA803B110,load,4,13,0x0018C2B0:sub_18C2B0
0x0018C320,0x001BA320,0xA803B21E,load,1,24,0x0018C2B0:sub_18C2B0
0x0018C344,0x001BA344,0xA803B21E,load,1,15,0x0018C2B0:sub_18C2B0
0x0018C368,0x001BA368,0xA803B21E,load,1,11,0x0018C2B0:sub_18C2B0
0x0018C38C,0x001BA38C,0xA803B21E,load,1,24,0x0018C2B0:sub_18C2B0
0x0018C39C,0x001BA39C,0xA803B10C,load,4,11,0x0018C2B0:sub_18C2B0
0x0018C3A8,0x001BA3A8,0xA803B10C,load,4,1,0x0018C2B0:sub_18C2B0
0x0018C3B0,0x001BA3B0,0xA803B21E,load,1,10,0x0018C2B0:sub_18C2B0
0x0018C3D4,0x001BA3D4,0xA803B21E,load,1,25,0x0018C2B0:sub_18C2B0
0x0018C3F8,0x001BA3F8,0xA803B21E,load,1,15,0x0018C2B0:sub_18C2B0
0x0018C41C,0x001BA41C,0xA803B21E,load,1,10,0x0018C2B0:sub_18C2B0
0x0018C440,0x001BA440,0xA803B21E,load,1,25,0x0018C2B0:sub_18C2B0
0x0018C460,0x001BA460,0xA803B21E,load,1,12,0x0018C2B0:sub_18C2B0
0x0018C47C,0x001BA47C,0xA8037D2C,load,4,25,0x0018C2B0:sub_18C2B0
0x0018C490,0x001BA490,0xA803B21E,load,1,10,0x0018C2B0:sub_18C2B0
0x0018C4AC,0x001BA4AC,0xA8037D2C,load,4,9,0x0018C2B0:sub_18C2B0
0x0018C4CC,0x001BA4CC,0xA8037D2C,load,4,9,0x0018C2B0:sub_18C2B0
0x0018C4F8,0x001BA4F8,0xA8037D2C,load,4,9,0x0018C2B0:sub_18C2B0
0x0018C51C,0x001BA51C,0xA8037D2C,load,4,9,0x0018C2B0:sub_18C2B0
0x0018C53C,0x001BA53C,0xA8037D2C,load,4,9,0x0018C2B0:sub_18C2B0
0x0018C588,0x001BA588,0xA8037D2C,load,4,9,0x0018C2B0:sub_18C2B0
0x0018C5AC,0x001BA5AC,0xA8037D2C,load,4,9,0x0018C2B0:sub_18C2B0
0x0018C5C0,0x001BA5C0,0xA803B110,load,4,8,0x0018C2B0:sub_18C2B0
0x0018C5D0,0x001BA5D0,0xA8037D2C,load,4,9,0x0018C2B0:sub_18C2B0
0x0018C5EC,0x001BA5EC,0xA8037D2C,load,4,9,0x0018C2B0:sub_18C2B0
0x0018C878,0x001BA878,0xA803B15C,load,4,8,0x0018C874:sub_18C874
0x0018C998,0x001BA998,0xA803B15C,store,4,11,0x0018C88C:sub_18C88C
0x0018C9CC,0x001BA9CC,0xA803B15C,store,4,0,0x0018C88C:sub_18C88C
0x0018CA10,0x001BAA10,0xA803B15C,store,4,0,0x0018C88C:sub_18C88C
0x0018CC80,0x001BAC80,0xA803B194,load,4,8,0x0018CC7C:sub_18CC7C
0x0018CC84,0x001BAC84,0xA803B194,load,4,1,0x0018CC7C:sub_18CC7C
0x0018CCA8,0x001BACA8,0xA803B194,load,4,28,0x0018CC9C:sub_18CC9C
0x0018CCAC,0x001BACAC,0xA803B194,load,4,1,0x0018CC9C:sub_18CC9C
0x0018CCBC,0x001BACBC,0xA8037D1C,load,4,29,0x0018CC9C:sub_18CC9C
0x0018CCC0,0x001BACC0,0xA8037D1C,store,4,28,0x0018CC9C:sub_18CC9C
0x0018CD34,0x001BAD34,0xA803B194,load,4,12,0x0018CD30:sub_18CD30
0x0018CD38,0x001BAD38,0xA803B194,load,4,1,0x0018CD30:sub_18CD30
0x0018CD48,0x001BAD48,0xA8037D1C,load,4,13,0x0018CD30:sub_18CD30
0x0018CD4C,0x001BAD4C,0xA8037D1C,store,4,12,0x0018CD30:sub_18CD30
0x0018CDC4,0x001BADC4,0xA803B194,load,4,17,0x0018CDB8:sub_18CDB8
0x0018CDC8,0x001BADC8,0xA803B194,load,4,1,0x0018CDB8:sub_18CDB8
0x0018CDD8,0x001BADD8,0xA803B194,load,4,13,0x0018CDB8:sub_18CDB8
0x0018CDDC,0x001BADDC,0xA803B194,load,4,8,0x0018CDB8:sub_18CDB8
0x0018CE30,0x001BAE30,0xA8037D1C,load,4,11,0x0018CDB8:sub_18CDB8
0x0018CE34,0x001BAE34,0xA8037D1C,store,4,12,0x0018CDB8:sub_18CDB8
0x0018CEB8,0x001BAEB8,0xA8034D8C,store,1,24,0x0018CEA0:sub_18CEA0
0x0018CED8,0x001BAED8,0xA8034D8C,load,1,9,0x0018CEC4:sub_18CEC4
0x0018CEDC,0x001BAEDC,0xA8034D8C,load,1,24,0x0018CEC4:sub_18CEC4
0x0018CFD4,0x001BAFD4,0xA803B21E,load,1,11,0x0018CF9C:sub_18CF9C
0x0018CFF8,0x001BAFF8,0xA8037D2C,load,4,9,0x0018CF9C:sub_18CF9C
0x0018D1A8,0x001BB1A8,0xA803B225,load,1,1,
0x0018D1D0,0x001BB1D0,0xA8037D2C,load,4,9,
0x0018D1F4,0x001BB1F4,0xA803B225,load,1,13,0x0018D1E8:sub_18D1E8
0x0018D214,0x001BB214,0xA803B225,load,1,9,0x0018D1E8:sub_18D1E8
0x0018D344,0x001BB344,0xA8037D22,load,1,13,0x0018D324:sub_18D324
0x0018D494,0x001BB494,0xA8037D22,load,1,11,0x0018D45C:sub_18D45C
0x0018D49C,0x001BB49C,0xA8037D22,store,1,10,0x0018D45C:sub_18D45C
0x0018D5D8,0x001BB5D8,0xA803B225,load,1,17,0x0018D45C:sub_18D45C
0x0018D604,0x001BB604,0xA8037D2C,load,4,9,0x0018D45C:sub_18D45C
0x0018D634,0x001BB634,0xA8037D2C,load,4,9,0x0018D45C:sub_18D45C
0x0018D6F0,0x001BB6F0,0xA8037D23,load,1,12,0x0018D650:sub_18D650
0x0018D714,0x001BB714,0xA8037D23,store,1,17,0x0018D650:sub_18D650
0x0018D7A0,0x001BB7A0,0xA8037D23,load,1,1,0x0018D780:sub_18D780
0x0018D824,0x001BB824,0xA8037D23,load,1,1,0x0018D800:sub_18D800
0x0018D888,0x001BB888,0xA803B225,load,1,13,0x0018D800:sub_18D800
0x0018D8A4,0x001BB8A4,0xA803B225,load,1,24,0x0018D800:sub_18D800
0x0018D9FC,0x001BB9FC,0xA8037D2C,load,4,9,0x0018D800:sub_18D800
0x0018DA64,0x001BBA64,0xA8037D23,load,1,16,0x0018D800:sub_18D800
0x0018DAA8,0x001BBAA8,0xA8037D23,load,1,13,0x0018D800:sub_18D800
0x0018DAEC,0x001BBAEC,0xA8037D2C,load,4,9,0x0018D800:sub_18D800
0x0018DB48,0x001BBB48,0xA8037D23,store,1,0,0x0018DB0C:sub_18DB0C
0x0018DB7C,0x001BBB7C,0xA8037D20,load,2,8,0x0018DB74:sub_18DB74
0x0018DB88,0x001BBB88,0xA8037D20,store,2,1,0x0018DB74:sub_18DB74
0x0018DBA4,0x001BBBA4,0xA8037BFF,load,1,9,0x0018DB74:sub_18DB74
0x0018DC40,0x001BBC40,0xA803B225,load,1,11,0x0018DC30:sub_18DC30
0x0018DF00,0x001BBF00,0xA8037D2C,load,4,9,0x0018DC30:sub_18DC30
0x0018DFA4,0x001BBFA4,0xA803B225,load,1,13,0x0018DF50:sub_18DF50
0x0018DFC4,0x001BBFC4,0xA8037D2C,load,4,9,0x0018DF50:sub_18DF50
0x0018E080,0x001BC080,0xA803B225,load,1,23,0x0018DFFC:sub_18DFFC
0x0018E158,0x001BC158,0xA803B225,load,1,10,0x0018DFFC:sub_18DFFC
0x0018E17C,0x001BC17C,0xA8037D2C,load,4,9,0x0018DFFC:sub_18DFFC
0x0018E1E0,0x001BC1E0,0xA8037D2C,load,4,9,0x0018DFFC:sub_18DFFC
0x0018E228,0x001BC228,0xA803B225,load,1,18,0x0018DFFC:sub_18DFFC
0x0018E258,0x001BC258,0xA8037D2C,load,4,9,0x0018DFFC:sub_18DFFC
0x0018E280,0x001BC280,0xA803B225,load,1,13,0x0018E274:sub_18E274
0x0018E310,0x001BC310,0xA8037D2C,load,4,9,0x0018E274:sub_18E274
0x0018E4F4,0x001BC4F4,0xA803B21E,load,1,13,0x0018E4E4:sub_18E4E4
0x0018E878,0x001BC878,0xA803B21E,load,1,13,0x0018E870:sub_18E870
0x0018E8CC,0x001BC8CC,0xA803B0D4,load,4,8,0x0018E870:sub_18E870
0x0018E8E0,0x001BC8E0,0xA803B0D4,store,4,26,0x0018E870:sub_18E870
0x0018E8E4,0x001BC8E4,0xA803B09D,store,1,0,0x0018E870:sub_18E870
0x0018E8E8,0x001BC8E8,0xA803B0E6,store,1,0,0x0018E870:sub_18E870
0x0018E964,0x001BC964,0xA8037D2C,load,4,9,0x0018E870:sub_18E870
0x0018E980,0x001BC980,0xA803B084,load,4,9,0x0018E870:sub_18E870
0x0018E990,0x001BC990,0xA803B084,store,4,13,0x0018E870:sub_18E870
0x0018EAE0,0x001BCAE0,0xA8037D26,load,1,8,
0x0018EAF0,0x001BCAF0,0xA8037D26,store,1,13,
0x0018EAFC,0x001BCAFC,0xA8037D26,load,1,8,0x0018EAF4:sub_18EAF4
0x0018EB0C,0x001BCB0C,0xA8037D26,store,1,13,0x0018EB00:sub_18EB00
0x0018EB2C,0x001BCB2C,0xA8037D25,store,1,0,0x0018EB10:sub_18EB10
0x0018EB38,0x001BCB38,0xA8037D27,store,1,0,0x0018EB10:sub_18EB10
0x0018EB40,0x001BCB40,0xA8037D25,store,1,8,0x0018EB10:sub_18EB10
0x0018EB50,0x001BCB50,0xA8037D27,store,1,13,0x0018EB10:sub_18EB10
0x0018EB7C,0x001BCB7C,0xA803B1B8,load,1,12,0x0018EB64:sub_18EB64
0x0018EB8C,0x001BCB8C,0xA803B1B8,store,1,0,0x0018EB64:sub_18EB64
0x0018EBA8,0x001BCBA8,0xA803B1B8,store,1,12,0x0018EB64:sub_18EB64
0x0018EBC8,0x001BCBC8,0xA8037D26,load,1,13,
0x0018EC2C,0x001BCC2C,0xA8037D26,store,1,13,
0x0018EC3C,0x001BCC3C,0xA8037D25,store,1,10,
0x0018EC40,0x001BCC40,0xA8037D27,store,1,0,
0x0018EC60,0x001BCC60,0xA803B1B8,load,1,12,
0x0018EC74,0x001BCC74,0xA8037D25,store,1,11,
0x0018EC78,0x001BCC78,0xA8037D27,store,1,13,
0x0018EC94,0x001BCC94,0xA803B1B8,load,1,12,
0x0018ECA4,0x001BCCA4,0xA803B1B8,store,1,0,
0x0018ECC4,0x001BCCC4,0xA803B1B8,store,1,8,
0x0018ECD0,0x001BCCD0,0xA8037D25,store,1,0,
0x0018ECD4,0x001BCCD4,0xA8037D27,store,1,0,
0x0018ECFC,0x001BCCFC,0xA8037D25,load,1,1,0x0018ECF8:sub_18ECF8
0x0018ED08,0x001BCD08,0xA8037D25,store,1,0,0x0018ECF8:sub_18ECF8
0x0018ED18,0x001BCD18,0xA8037D27,load,1,1,0x0018ED14:sub_18ED14
0x0018ED30,0x001BCD30,0xA8037D27,store,1,13,0x0018ED14:sub_18ED14
0x0018ED38,0x001BCD38,0xA8037D25,store,1,0,0x0018ED14:sub_18ED14
0x0018ED4C,0x001BCD4C,0xA803B1B8,load,1,8,
0x0018EDBC,0x001BCDBC,0xA803B1B8,load,1,29,0x0018EDB4:sub_18EDB4
0x0018EDC4,0x001BCDC4,0xA8037D28,load,1,1,0x0018EDB4:sub_18EDB4
0x0018EE74,0x001BCE74,0xA8037D25,load,1,13,0x0018EE70:sub_18EE70
0x0018EE8C,0x001BCE8C,0xA8037D28,load,1,1,0x0018EE70:sub_18EE70
0x0018EE90,0x001BCE90,0xA803B1B8,load,1,11,0x0018EE70:sub_18EE70
0x0018EF14,0x001BCF14,0xA8037D24,load,1,9,0x0018EE70:sub_18EE70
0x0018EF38,0x001BCF38,0xA8037D24,store,1,10,0x0018EE70:sub_18EE70
0x0018EF44,0x001BCF44,0xA8037D24,load,1,8,0x0018EE70:sub_18EE70
0x0018EFCC,0x001BCFCC,0xA8037D32,load,2,12,0x0018EFB4:sub_18EFB4
0x0018EFD0,0x001BCFD0,0xA8037D30,load,1,16,0x0018EFB4:sub_18EFB4
0x0018EFD4,0x001BCFD4,0xA8037D34,load,1,17,0x0018EFB4:sub_18EFB4
0x0018F018,0x001BD018,0xA803B21E,load,1,13,0x0018EFB4:sub_18EFB4
0x0018F050,0x001BD050,0xA8037D2C,load,4,9,0x0018EFB4:sub_18EFB4
0x0018F0B8,0x001BD0B8,0xA803B22D,load,1,1,0x0018F0AC:sub_18F0AC
0x0018F13C,0x001BD13C,0xA803B230,load,2,9,0x0018F0AC:sub_18F0AC
0x0018F174,0x001BD174,0xA803B230,load,2,9,0x0018F0AC:sub_18F0AC
0x0018F1C4,0x001BD1C4,0xA803B230,load,2,9,0x0018F0AC:sub_18F0AC
0x0018FD7C,0x001BDD7C,0xA8037D2C,load,4,8,0x0018FD74:sub_18FD74
0x0018FD84,0x001BDD84,0xA8037D2C,load,4,13,0x0018FD80:sub_18FD80
0x0018FD9C,0x001BDD9C,0xA8037D2C,store,4,13,0x0018FD80:sub_18FD80
0x0018FDA0,0x001BDDA0,0xA8037D2C,store,4,0,0x0018FD80:sub_18FD80
0x0018FF30,0x001BDF30,0xA803B222,store,1,13,0x0018FDAC:sub_18FDAC
0x0018FF60,0x001BDF60,0xA803B223,store,1,12,0x0018FDAC:sub_18FDAC
0x0018FF90,0x001BDF90,0xA803B224,store,1,13,0x0018FDAC:sub_18FDAC
0x0018FFC0,0x001BDFC0,0xA803B21E,store,1,12,0x0018FDAC:sub_18FDAC
0x0018FFF0,0x001BDFF0,0xA803B21F,store,1,13,0x0018FDAC:sub_18FDAC
0x00190020,0x001BE020,0xA803B220,store,1,12,0x0018FDAC:sub_18FDAC
0x00190050,0x001BE050,0xA803B225,store,1,13,0x0018FDAC:sub_18FDAC
0x00190080,0x001BE080,0xA803B226,store,1,12,0x0018FDAC:sub_18FDAC
0x001900B0,0x001BE0B0,0xA803B228,store,1,13,0x0018FDAC:sub_18FDAC
0x001900E0,0x001BE0E0,0xA803B22A,store,1,12,0x0018FDAC:sub_18FDAC
0x00190110,0x001BE110,0xA803B229,store,1,13,0x0018FDAC:sub_18FDAC
0x00190140,0x001BE140,0xA803B22B,store,1,12,0x0018FDAC:sub_18FDAC
0x00190170,0x001BE170,0xA803B227,store,1,13,0x0018FDAC:sub_18FDAC
0x001901A0,0x001BE1A0,0xA803B22C,store,1,12,0x0018FDAC:sub_18FDAC
0x001901D0,0x001BE1D0,0xA803B22D,store,1,13,0x0018FDAC:sub_18FDAC
0x00190268,0x001BE268,0xA803B22B,store,1,13,0x0019021C:sub_19021C
0x0019026C,0x001BE26C,0xA803B22D,store,1,12,0x0019021C:sub_19021C
0x00190270,0x001BE270,0xA803B22E,store,1,0,0x0019021C:sub_19021C
0x00190274,0x001BE274,0xA803B222,store,1,13,0x0019021C:sub_19021C
0x00190278,0x001BE278,0xA803B223,store,1,13,0x0019021C:sub_19021C
0x0019027C,0x001BE27C,0xA803B224,store,1,13,0x0019021C:sub_19021C
0x00190280,0x001BE280,0xA803B21E,store,1,13,0x0019021C:sub_19021C
0x00190284,0x001BE284,0xA803B21F,store,1,13,0x0019021C:sub_19021C
0x00190288,0x001BE288,0xA803B220,store,1,13,0x0019021C:sub_19021C
0x0019028C,0x001BE28C,0xA803B225,store,1,13,0x0019021C:sub_19021C
0x00190290,0x001BE290,0xA803B226,store,1,13,0x0019021C:sub_19021C
0x00190294,0x001BE294,0xA803B228,store,1,13,0x0019021C:sub_19021C
0x00191A44,0x001BFA44,0xA8034FB8,store,4,9,0x00191A3C:jpt_19C2C8
0x00191A4C,0x001BFA4C,0xA8034FB4,store,4,8,0x00191A3C:jpt_19C2C8
0x00191B04,0x001BFB04,0xA8037D54,load,4,13,0x00191A50:sub_191A50
0x00191B10,0x001BFB10,0xA8037D50,store,4,13,0x00191A50:sub_191A50
0x00191B14,0x001BFB14,0xA8037D54,store,4,24,0x00191A50:sub_191A50
0x00191B9C,0x001BFB9C,0xA8037D54,load,4,12,0x00191B94:sub_191B94
0x00191BC4,0x001BFBC4,0xA8037D50,store,4,12,0x00191B94:sub_191B94
0x00191BC8,0x001BFBC8,0xA8037D54,store,4,16,0x00191B94:sub_191B94
0x00191C40,0x001BFC40,0xA8037D54,load,4,12,0x00191C38:sub_191C38
0x00191CC0,0x001BFCC0,0xA8037D54,load,4,11,0x00191C80:sub_191C80
0x00191D20,0x001BFD20,0xA8037D54,load,4,9,0x00191C80:sub_191C80
0x00191D44,0x001BFD44,0xA8037D50,store,4,9,0x00191C80:sub_191C80
0x00191D50,0x001BFD50,0xA8037D54,store,4,24,0x00191C80:sub_191C80
0x00191D80,0x001BFD80,0xA8034FB8,load,4,10,0x00191C80:sub_191C80
0x00191D8C,0x001BFD8C,0xA8037D50,store,4,11,0x00191C80:sub_191C80
0x00191DA4,0x001BFDA4,0xA8034D54,load,4,12,0x00191C80:sub_191C80
0x00191DA8,0x001BFDA8,0xA8034FA4,load,4,10,0x00191C80:sub_191C80
0x00191DB4,0x001BFDB4,0xA8037D50,store,4,12,0x00191C80:sub_191C80
0x00191DE0,0x001BFDE0,0xA8037D54,load,4,12,0x00191C80:sub_191C80
0x00191DE4,0x001BFDE4,0xA8034FCC,load,4,10,0x00191C80:sub_191C80
0x00191DF0,0x001BFDF0,0xA8037D50,store,4,12,0x00191C80:sub_191C80
0x00191DFC,0x001BFDFC,0xA8037D54,store,4,13,0x00191C80:sub_191C80
0x00191E08,0x001BFE08,0xA8037D54,load,4,24,0x00191C80:sub_191C80
0x00191E0C,0x001BFE0C,0xA8034F90,load,4,10,0x00191C80:sub_191C80
0x00191E18,0x001BFE18,0xA8037D50,store,4,24,0x00191C80:sub_191C80
0x00191E34,0x001BFE34,0xA8037D54,load,4,8,0x00191C80:sub_191C80
0x00191E38,0x001BFE38,0xA8034FE0,load,4,10,0x00191C80:sub_191C80
0x00191E44,0x001BFE44,0xA8037D50,store,4,8,0x00191C80:sub_191C80
0x00191E50,0x001BFE50,0xA8037D54,store,4,24,0x00191C80:sub_191C80
0x00191E5C,0x001BFE5C,0xA8037D54,load,4,12,0x00191C80:sub_191C80
0x00191E60,0x001BFE60,0xA8034F7C,load,4,10,0x00191C80:sub_191C80
0x00191E6C,0x001BFE6C,0xA8037D50,store,4,12,0x00191C80:sub_191C80
0x00191E78,0x001BFE78,0xA8037D54,store,4,13,0x00191C80:sub_191C80
0x00191E94,0x001BFE94,0xA8037D54,load,4,12,0x00191C80:sub_191C80
0x00191E98,0x001BFE98,0xA8034F54,load,4,10,0x00191C80:sub_191C80
0x00191EA4,0x001BFEA4,0xA8037D50,store,4,12,0x00191C80:sub_191C80
0x00191EB0,0x001BFEB0,0xA8037D54,store,4,13,0x00191C80:sub_191C80
0x00191FDC,0x001BFFDC,0xA8037D54,load,4,12,0x00191ED4:sub_191ED4
0x00192038,0x001C0038,0xA8037D54,load,4,11,0x00191ED4:sub_191ED4
0x0019205C,0x001C005C,0xA8037D50,store,4,11,0x00191ED4:sub_191ED4
0x00192068,0x001C0068,0xA8037D54,store,4,24,0x00191ED4:sub_191ED4
0x00192098,0x001C0098,0xA8035008,load,4,10,0x00191ED4:sub_191ED4
0x001920A4,0x001C00A4,0xA8037D50,store,4,12,0x00191ED4:sub_191ED4
0x001920D8,0x001C00D8,0xA8034FF4,load,4,10,0x00191ED4:sub_191ED4
0x001920E4,0x001C00E4,0xA8037D50,store,4,24,0x00191ED4:sub_191ED4
0x00192108,0x001C0108,0xA8037D54,load,4,12,0x00191ED4:sub_191ED4
0x0019210C,0x001C010C,0xA803501C,load,4,10,0x00191ED4:sub_191ED4
0x00192118,0x001C0118,0xA8037D50,store,4,12,0x00191ED4:sub_191ED4
0x00192124,0x001C0124,0xA8037D54,store,4,13,0x00191ED4:sub_191ED4
0x0019223C,0x001C023C,0xA8037D54,load,4,24,0x00192188:sub_192188
0x00192284,0x001C0284,0xA8037D54,load,4,24,0x00192188:sub_192188
0x001922B8,0x001C02B8,0xA8037D54,load,4,12,0x00192188:sub_192188
0x001922DC,0x001C02DC,0xA8037D50,store,4,12,0x00192188:sub_192188
0x001922E8,0x001C02E8,0xA8037D54,store,4,24,0x00192188:sub_192188
0x001923C8,0x001C03C8,0xA8037D54,load,4,12,0x0019232C:sub_19232C
0x00192404,0x001C0404,0xA8037D54,load,4,12,0x0019232C:sub_19232C
0x00192440,0x001C0440,0xA8037D54,load,4,12,0x0019232C:sub_19232C
0x00192464,0x001C0464,0xA8037D50,store,4,12,0x0019232C:sub_19232C
0x00192470,0x001C0470,0xA8037D54,store,4,24,0x0019232C:sub_19232C
0x001926D4,0x001C06D4,0xA8037D54,load,4,9,0x00192698:sub_192698
0x00192708,0x001C0708,0xA8037D54,load,4,10,0x00192698:sub_192698
0x0019272C,0x001C072C,0xA8037D50,store,4,10,0x00192698:sub_192698
0x00192738,0x001C0738,0xA8037D54,store,4,24,0x00192698:sub_192698
0x00192B10,0x001C0B10,0xA8037D54,load,4,1,0x00192AD8:sub_192AD8
0x00192B44,0x001C0B44,0xA8037D54,load,4,12,0x00192AD8:sub_192AD8
0x00192B68,0x001C0B68,0xA8037D50,store,4,12,0x00192AD8:sub_192AD8
0x00192B74,0x001C0B74,0xA8037D54,store,4,16,0x00192AD8:sub_192AD8
0x00192C6C,0x001C0C6C,0xA8037D54,load,4,1,0x00192AD8:sub_192AD8
0x00192CB4,0x001C0CB4,0xA8037D54,load,4,24,0x00192AD8:sub_192AD8
0x00192CB8,0x001C0CB8,0xA8035008,load,4,10,0x00192AD8:sub_192AD8
0x00192CC4,0x001C0CC4,0xA8037D50,store,4,24,0x00192AD8:sub_192AD8
0x00192CD0,0x001C0CD0,0xA8037D54,store,4,22,0x00192AD8:sub_192AD8
0x00192E00,0x001C0E00,0xA8037D54,load,4,15,0x00192D10:sub_192D10
0x00192E34,0x001C0E34,0xA8037D54,load,4,12,0x00192D10:sub_192D10
0x00192E58,0x001C0E58,0xA8037D50,store,4,12,0x00192D10:sub_192D10
0x00192E64,0x001C0E64,0xA8037D54,store,4,24,0x00192D10:sub_192D10
0x00192E9C,0x001C0E9C,0xA8037D54,load,4,16,0x00192D10:sub_192D10
0x00192EA0,0x001C0EA0,0xA8035030,load,4,10,0x00192D10:sub_192D10
0x00192EAC,0x001C0EAC,0xA8037D50,store,4,16,0x00192D10:sub_192D10
0x00192EB8,0x001C0EB8,0xA8037D54,store,4,9,0x00192D10:sub_192D10
0x00192ED0,0x001C0ED0,0xA8037D54,load,4,9,0x00192D10:sub_192D10
0x00192ED4,0x001C0ED4,0xA80350D0,load,4,10,0x00192D10:sub_192D10
0x00192EE0,0x001C0EE0,0xA8037D50,store,4,9,0x00192D10:sub_192D10
0x00192EEC,0x001C0EEC,0xA8037D54,store,4,8,0x00192D10:sub_192D10
0x00192EFC,0x001C0EFC,0xA8037D54,load,4,8,0x00192D10:sub_192D10
0x00192F00,0x001C0F00,0xA8035080,load,4,10,0x00192D10:sub_192D10
0x00192F0C,0x001C0F0C,0xA8037D50,store,4,8,0x00192D10:sub_192D10
0x00192F18,0x001C0F18,0xA8037D54,store,4,16,0x00192D10:sub_192D10
0x00192F28,0x001C0F28,0xA8037D54,load,4,13,0x00192D10:sub_192D10
0x00192F2C,0x001C0F2C,0xA803506C,load,4,10,0x00192D10:sub_192D10
0x00192F38,0x001C0F38,0xA8037D50,store,4,13,0x00192D10:sub_192D10
0x00192F44,0x001C0F44,0xA8037D54,store,4,12,0x00192D10:sub_192D10
0x00192F54,0x001C0F54,0xA8037D54,load,4,24,0x00192D10:sub_192D10
0x00192F58,0x001C0F58,0xA8035058,load,4,10,0x00192D10:sub_192D10
0x00192F64,0x001C0F64,0xA8037D50,store,4,24,0x00192D10:sub_192D10
0x00192F70,0x001C0F70,0xA8037D54,store,4,15,0x00192D10:sub_192D10
0x00192F80,0x001C0F80,0xA8037D54,load,4,13,0x00192D10:sub_192D10
0x00192F84,0x001C0F84,0xA8035044,load,4,10,0x00192D10:sub_192D10
0x00192F90,0x001C0F90,0xA8037D50,store,4,13,0x00192D10:sub_192D10
0x00192F9C,0x001C0F9C,0xA8037D54,store,4,12,0x00192D10:sub_192D10
0x00192FAC,0x001C0FAC,0xA8037D54,load,4,11,0x00192D10:sub_192D10
0x00192FB0,0x001C0FB0,0xA80350A8,load,4,10,0x00192D10:sub_192D10
0x00192FBC,0x001C0FBC,0xA8037D50,store,4,11,0x00192D10:sub_192D10
0x00192FC8,0x001C0FC8,0xA8037D54,store,4,24,0x00192D10:sub_192D10
0x00192FD8,0x001C0FD8,0xA8037D54,load,4,13,0x00192D10:sub_192D10
0x00192FDC,0x001C0FDC,0xA8035094,load,4,10,0x00192D10:sub_192D10
0x00192FE8,0x001C0FE8,0xA8037D50,store,4,13,0x00192D10:sub_192D10
0x00192FF4,0x001C0FF4,0xA8037D54,store,4,12,0x00192D10:sub_192D10
0x00193004,0x001C1004,0xA8037D54,load,4,13,0x00192D10:sub_192D10
0x00193008,0x001C1008,0xA80350BC,load,4,10,0x00192D10:sub_192D10
0x00193014,0x001C1014,0xA8037D50,store,4,13,0x00192D10:sub_192D10
0x00193020,0x001C1020,0xA8037D54,store,4,12,0x00192D10:sub_192D10
0x00193838,0x001C1838,0xA8037D54,load,4,11,0x00193114:sub_193114
0x00193888,0x001C1888,0xA8037D50,store,4,12,0x00193114:sub_193114
0x0019399C,0x001C199C,0xA8037D5C,load,1,9,0x001938E0:sub_1938E0
0x001939B4,0x001C19B4,0xA8037D54,load,4,9,0x001938E0:sub_1938E0
0x001939C8,0x001C19C8,0xA8037D5C,store,1,11,0x001938E0:sub_1938E0
0x00193A04,0x001C1A04,0xA8037D54,load,4,9,0x001938E0:sub_1938E0
0x00193A34,0x001C1A34,0xA8037D54,load,4,12,0x001938E0:sub_1938E0
0x00193A58,0x001C1A58,0xA8037D50,store,4,12,0x001938E0:sub_1938E0
0x00193C30,0x001C1C30,0xA8037D54,load,4,24,0x00193AA8:sub_193AA8
0x00193C78,0x001C1C78,0xA8037E10,store,1,0,0x00193AA8:sub_193AA8
0x00193C8C,0x001C1C8C,0xA8037D54,load,4,10,0x00193AA8:sub_193AA8
0x00193CB0,0x001C1CB0,0xA8037D50,store,4,10,0x00193AA8:sub_193AA8
0x00193CBC,0x001C1CBC,0xA8037D54,store,4,24,0x00193AA8:sub_193AA8
0x00193D1C,0x001C1D1C,0xA803B031,load,1,9,0x00193AA8:sub_193AA8
0x00193F7C,0x001C1F7C,0xA8037D54,load,4,9,0x00193D80:sub_193D80
0x00193FAC,0x001C1FAC,0xA8037D54,load,4,15,0x00193D80:sub_193D80
0x00193FD0,0x001C1FD0,0xA8037D50,store,4,15,0x00193D80:sub_193D80
0x00193FDC,0x001C1FDC,0xA8037D54,store,4,24,0x00193D80:sub_193D80
0x00194024,0x001C2024,0xA8037D54,load,4,12,0x00193D80:sub_193D80
0x00194028,0x001C2028,0xA8035008,load,4,11,0x00193D80:sub_193D80
0x00194034,0x001C2034,0xA8037D50,store,4,12,0x00193D80:sub_193D80
0x00194040,0x001C2040,0xA8037D54,store,4,13,0x00193D80:sub_193D80
0x00194050,0x001C2050,0xA8037D54,load,4,9,0x00193D80:sub_193D80
0x00194164,0x001C2164,0xA8037D54,load,4,10,0x0019405C:sub_19405C
0x00194198,0x001C2198,0xA8037D54,load,4,12,0x0019405C:sub_19405C
0x001941BC,0x001C21BC,0xA8037D50,store,4,12,0x0019405C:sub_19405C
0x001941C8,0x001C21C8,0xA8037D54,store,4,24,0x0019405C:sub_19405C
0x00194200,0x001C2200,0xA8037D54,load,4,16,0x0019405C:sub_19405C
0x00194204,0x001C2204,0xA80350E4,load,4,10,0x0019405C:sub_19405C
0x00194210,0x001C2210,0xA8037D50,store,4,16,0x0019405C:sub_19405C
0x0019421C,0x001C221C,0xA8037D54,store,4,9,0x0019405C:sub_19405C
0x00194234,0x001C2234,0xA8037D54,load,4,15,0x0019405C:sub_19405C
0x00194238,0x001C2238,0xA80351AC,load,4,10,0x0019405C:sub_19405C
0x00194244,0x001C2244,0xA8037D50,store,4,15,0x0019405C:sub_19405C
0x00194250,0x001C2250,0xA8037D54,store,4,11,0x0019405C:sub_19405C
0x00194260,0x001C2260,0xA8037D54,load,4,13,0x0019405C:sub_19405C
0x00194264,0x001C2264,0xA8035198,load,4,10,0x0019405C:sub_19405C
0x00194270,0x001C2270,0xA8037D50,store,4,13,0x0019405C:sub_19405C
0x0019427C,0x001C227C,0xA8037D54,store,4,12,0x0019405C:sub_19405C
0x0019428C,0x001C228C,0xA8037D54,load,4,9,0x0019405C:sub_19405C
0x00194290,0x001C2290,0xA8035184,load,4,10,0x0019405C:sub_19405C
0x0019429C,0x001C229C,0xA8037D50,store,4,9,0x0019405C:sub_19405C
0x001942A8,0x001C22A8,0xA8037D54,store,4,8,0x0019405C:sub_19405C
0x001942B8,0x001C22B8,0xA8037D54,load,4,13,0x0019405C:sub_19405C
0x001942BC,0x001C22BC,0xA8035170,load,4,10,0x0019405C:sub_19405C
0x001942C8,0x001C22C8,0xA8037D50,store,4,13,0x0019405C:sub_19405C
0x001942D4,0x001C22D4,0xA8037D54,store,4,12,0x0019405C:sub_19405C
0x001942E4,0x001C22E4,0xA8037D54,load,4,11,0x0019405C:sub_19405C
0x001942E8,0x001C22E8,0xA803515C,load,4,10,0x0019405C:sub_19405C
0x001942F4,0x001C22F4,0xA8037D50,store,4,11,0x0019405C:sub_19405C
0x00194300,0x001C2300,0xA8037D54,store,4,24,0x0019405C:sub_19405C
0x00194310,0x001C2310,0xA8037D54,load,4,13,0x0019405C:sub_19405C
0x00194314,0x001C2314,0xA8035148,load,4,10,0x0019405C:sub_19405C
0x00194320,0x001C2320,0xA8037D50,store,4,13,0x0019405C:sub_19405C
0x0019432C,0x001C232C,0xA8037D54,store,4,12,0x0019405C:sub_19405C
0x0019433C,0x001C233C,0xA8037D54,load,4,8,0x0019405C:sub_19405C
0x00194340,0x001C2340,0xA8035134,load,4,10,0x0019405C:sub_19405C
0x0019434C,0x001C234C,0xA8037D50,store,4,8,0x0019405C:sub_19405C
0x00194358,0x001C2358,0xA8037D54,store,4,16,0x0019405C:sub_19405C
0x00194368,0x001C2368,0xA8037D54,load,4,13,0x0019405C:sub_19405C
0x0019436C,0x001C236C,0xA8035120,load,4,10,0x0019405C:sub_19405C
0x00194378,0x001C2378,0xA8037D50,store,4,13,0x0019405C:sub_19405C
0x00194384,0x001C2384,0xA8037D54,store,4,12,0x0019405C:sub_19405C
0x00194394,0x001C2394,0xA8037D54,load,4,24,0x0019405C:sub_19405C
0x00194398,0x001C2398,0xA803510C,load,4,10,0x0019405C:sub_19405C
0x001943A4,0x001C23A4,0xA8037D50,store,4,24,0x0019405C:sub_19405C
0x001943B0,0x001C23B0,0xA8037D54,store,4,15,0x0019405C:sub_19405C
0x001943C0,0x001C23C0,0xA8037D54,load,4,13,0x0019405C:sub_19405C
0x001943C4,0x001C23C4,0xA80350F8,load,4,10,0x0019405C:sub_19405C
0x001943D0,0x001C23D0,0xA8037D50,store,4,13,0x0019405C:sub_19405C
0x001943DC,0x001C23DC,0xA8037D54,store,4,12,0x0019405C:sub_19405C
0x0019449C,0x001C249C,0xA8037D54,load,4,1,
0x001944E4,0x001C24E4,0xA8037D54,load,4,1,
0x0019452C,0x001C252C,0xA8037D54,load,4,12,
0x00194550,0x001C2550,0xA8037D50,store,4,12,
0x0019455C,0x001C255C,0xA8037D54,store,4,24,
0x00194840,0x001C2840,0xA8037D48,load,1,1,0x00194838:sub_194838
0x00194878,0x001C2878,0xA8037D49,load,1,1,0x00194838:sub_194838
0x00194A80,0x001C2A80,0xA8037D48,load,1,8,0x00194838:sub_194838
0x00194A94,0x001C2A94,0xA8037D48,load,1,9,0x00194838:sub_194838
0x00194A9C,0x001C2A9C,0xA8037D54,load,4,11,0x00194838:sub_194838
0x00194AD0,0x001C2AD0,0xA8037D54,load,4,12,0x00194838:sub_194838
0x00194AF4,0x001C2AF4,0xA8037D50,store,4,12,0x00194838:sub_194838
0x00194B00,0x001C2B00,0xA8037D54,store,4,16,0x00194838:sub_194838
0x00194B48,0x001C2B48,0xA8037D49,store,1,13,0x00194838:sub_194838
0x00194B64,0x001C2B64,0xA8037D49,store,1,13,0x00194838:sub_194838
0x00194B80,0x001C2B80,0xA8037D49,store,1,13,0x00194838:sub_194838
0x00194B9C,0x001C2B9C,0xA8037D49,store,1,13,0x00194838:sub_194838
0x00194BB4,0x001C2BB4,0xA8037D49,store,1,0,0x00194838:sub_194838
0x00194BD0,0x001C2BD0,0xA8037D48,store,1,15,0x00194838:sub_194838
0x00194BE8,0x001C2BE8,0xA8037D48,store,1,0,0x00194838:sub_194838
0x00194BF4,0x001C2BF4,0xA8037D48,load,1,8,0x00194838:sub_194838
0x00194C08,0x001C2C08,0xA8037D48,load,1,8,0x00194838:sub_194838
0x00194C18,0x001C2C18,0xA8037D48,load,1,8,0x00194838:sub_194838
0x00194C30,0x001C2C30,0xA8037D48,load,1,8,0x00194838:sub_194838
0x00194C68,0x001C2C68,0xA8037D48,load,1,8,0x00194838:sub_194838
0x00194C80,0x001C2C80,0xA8037D48,load,1,8,0x00194838:sub_194838
0x00194CCC,0x001C2CCC,0xA8037D48,load,1,8,0x00194838:sub_194838
0x00194CF8,0x001C2CF8,0xA8037D48,load,1,8,0x00194838:sub_194838
0x00194F80,0x001C2F80,0xA8037D54,load,4,15,
0x00194FB4,0x001C2FB4,0xA8037D54,load,4,9,
0x00194FD8,0x001C2FD8,0xA8037D50,store,4,9,
0x00194FE4,0x001C2FE4,0xA8037D54,store,4,16,
0x0019502C,0x001C302C,0xA8037D49,store,1,13,
0x00195048,0x001C3048,0xA8037D49,store,1,13,
0x00195064,0x001C3064,0xA8037D49,store,1,13,
0x00195080,0x001C3080,0xA8037D49,store,1,13,
0x00195098,0x001C3098,0xA8037D49,store,1,0,
0x001950B4,0x001C30B4,0xA8037D48,store,1,10,
0x001950CC,0x001C30CC,0xA8037D48,store,1,0,
0x001951F0,0x001C31F0,0xA8037D48,load,1,8,
0x00195208,0x001C3208,0xA8037D48,load,1,8,
0x00195220,0x001C3220,0xA8037D48,load,1,8,
0x00195238,0x001C3238,0xA8037D48,load,1,8,
0x00195250,0x001C3250,0xA8037D48,load,1,8,
0x0019526C,0x001C326C,0xA8037D48,load,1,8,
0x00195278,0x001C3278,0xA8037D48,load,1,8,
0x00195294,0x001C3294,0xA8037D48,load,1,8,
0x001952A0,0x001C32A0,0xA8037D48,load,1,8,
0x001952B4,0x001C32B4,0xA8037D48,load,1,8,
0x001952C0,0x001C32C0,0xA8037D48,load,1,8,
0x001952DC,0x001C32DC,0xA8037D48,load,1,8,
0x001952F0,0x001C32F0,0xA8037D48,load,1,8,
0x001952FC,0x001C32FC,0xA8037D48,load,1,8,
0x00195318,0x001C3318,0xA8037D48,load,1,8,
0x00195324,0x001C3324,0xA8037D48,load,1,8,
0x00195338,0x001C3338,0xA8037D48,load,1,8,
0x00195344,0x001C3344,0xA8037D48,load,1,8,
0x00195360,0x001C3360,0xA8037D48,load,1,8,
0x00195374,0x001C3374,0xA8037D48,load,1,8,
0x00195388,0x001C3388,0xA8037D48,load,1,9,
0x0019539C,0x001C339C,0xA8037D48,load,1,8,
0x00195620,0x001C3620,0xA8037D54,load,4,1,
0x00195668,0x001C3668,0xA8037D54,load,4,1,
0x001956B0,0x001C36B0,0xA8037D54,load,4,12,
0x001956D4,0x001C36D4,0xA8037D50,store,4,12,
0x001956E0,0x001C36E0,0xA8037D54,store,4,24,
0x001957A0,0x001C37A0,0xA8034F2C,load,4,9,0x00195724:sub_195724
0x001957C0,0x001C37C0,0xA8034F2C,load,4,1,0x00195724:sub_195724
0x0019589C,0x001C389C,0xA8034F2F,load,1,9,0x00195724:sub_195724
0x001958B4,0x001C38B4,0xA8034F2F,load,1,9,0x00195724:sub_195724
0x001958C4,0x001C38C4,0xA8034F2C,load,4,11,0x00195724:sub_195724
0x0019598C,0x001C398C,0xA8034F2F,load,1,9,0x00195724:sub_195724
0x00195B1C,0x001C3B1C,0xA8037D54,load,4,1,0x00195A84:sub_195A84
0x00195B64,0x001C3B64,0xA8037D54,load,4,1,0x00195A84:sub_195A84
0x00195BAC,0x001C3BAC,0xA8037D54,load,4,12,0x00195A84:sub_195A84
0x00195BD0,0x001C3BD0,0xA8037D50,store,4,12,0x00195A84:sub_195A84
0x00195BDC,0x001C3BDC,0xA8037D54,store,4,24,0x00195A84:sub_195A84
0x00195EB8,0x001C3EB8,0xA8037D54,load,4,24,0x00195C20:sub_195C20
0x00195EEC,0x001C3EEC,0xA8037D54,load,4,12,0x00195C20:sub_195C20
0x00195F10,0x001C3F10,0xA8037D50,store,4,12,0x00195C20:sub_195C20
0x00195F1C,0x001C3F1C,0xA8037D54,store,4,24,0x00195C20:sub_195C20
0x00196360,0x001C4360,0xA8037D54,load,4,1,
0x001963A8,0x001C43A8,0xA8037D54,load,4,1,
0x001963F0,0x001C43F0,0xA8037D54,load,4,12,
0x00196414,0x001C4414,0xA8037D50,store,4,12,
0x00196420,0x001C4420,0xA8037D54,store,4,24,
0x00196540,0x001C4540,0xA8037D54,load,4,12,0x00196464:sub_196464
0x00196588,0x001C4588,0xA8037D54,load,4,10,0x00196464:sub_196464
0x001965AC,0x001C45AC,0xA8037D50,store,4,10,0x00196464:sub_196464
0x001965B8,0x001C45B8,0xA8037D54,store,4,24,0x00196464:sub_196464
0x001967B8,0x001C47B8,0xA8037D54,load,4,11,0x00196734:sub_196734
0x00196808,0x001C4808,0xA8037D50,store,4,12,0x00196734:sub_196734
0x00196974,0x001C4974,0xA8037D54,load,4,12,0x0019696C:sub_19696C
0x001969BC,0x001C49BC,0xA8037D54,load,4,13,0x001969B4:sub_1969B4
0x001969C8,0x001C49C8,0xA8037D50,store,4,13,
0x001969CC,0x001C49CC,0xA8037D54,store,4,24,
0x00196A54,0x001C4A54,0xA8037D54,load,4,12,0x00196A4C:sub_196A4C
0x00196A7C,0x001C4A7C,0xA8037D50,store,4,12,0x00196A4C:sub_196A4C
0x00196A80,0x001C4A80,0xA8037D54,store,4,16,0x00196A4C:sub_196A4C
0x00196FE4,0x001C4FE4,0xA8037D5E,load,1,9,0x00196FDC:sub_196FDC
0x00196FF0,0x001C4FF0,0xA8037D5E,store,1,0,0x00196FDC:sub_196FDC
0x00196FF8,0x001C4FF8,0xA8037D5A,load,1,1,0x00196FDC:sub_196FDC
0x00197004,0x001C5004,0xA8037D5A,load,1,12,0x00196FDC:sub_196FDC
0x00197030,0x001C5030,0xA8037D5A,store,1,0,0x00196FDC:sub_196FDC
0x00197094,0x001C5094,0xA8037D5D,store,1,8,0x00196FDC:sub_196FDC
0x001970B0,0x001C50B0,0xA8037D5A,load,1,1,0x001970A8:sub_1970A8
0x001970C0,0x001C50C0,0xA8037D5A,load,1,10,0x001970A8:sub_1970A8
0x001970C8,0x001C50C8,0xA8037D5E,load,1,24,0x001970A8:sub_1970A8
0x0019715C,0x001C515C,0xA8037D54,load,4,13,0x001970A8:sub_1970A8
0x00197160,0x001C5160,0xA8034F68,load,4,10,0x001970A8:sub_1970A8
0x0019716C,0x001C516C,0xA8037D50,store,4,13,0x001970A8:sub_1970A8
0x00197178,0x001C5178,0xA8037D54,store,4,8,0x001970A8:sub_1970A8
0x001971C4,0x001C51C4,0xA8037D4C,store,2,8,
0x001971D0,0x001C51D0,0xA8037D4B,load,1,8,
0x001971EC,0x001C51EC,0xA8037D4A,load,2,13,
0x0019721C,0x001C521C,0xA8037D4A,store,2,0,
0x00197220,0x001C5220,0xA8037D4A,store,2,11,
0x0019727C,0x001C527C,0xA8037D5A,load,1,1,0x00197274:sub_197274
0x001972B0,0x001C52B0,0xA8037D59,load,1,12,0x00197274:sub_197274
0x001972F0,0x001C52F0,0xA8037D4C,store,2,9,0x00197274:sub_197274
0x001972F4,0x001C52F4,0xA8037D5E,store,1,0,0x00197274:sub_197274
0x0019732C,0x001C532C,0xA8037D4B,load,1,10,0x00197324:sub_197324
0x0019733C,0x001C533C,0xA8037D58,load,2,1,0x00197324:sub_197324
0x00197374,0x001C5374,0xA8037D5A,load,1,11,0x00197324:sub_197324
0x00197458,0x001C5458,0xA8037D5D,load,1,8,0x00197324:sub_197324
0x00197470,0x001C5470,0xA8037D5E,load,1,9,0x00197324:sub_197324
0x0019747C,0x001C547C,0xA8037D5E,store,1,0,0x00197324:sub_197324
0x0019749C,0x001C549C,0xA8037D5E,store,1,0,0x00197324:sub_197324
0x001974D4,0x001C54D4,0xA8037D4C,store,2,26,0x00197324:sub_197324
0x001974EC,0x001C54EC,0xA8037D5A,load,1,11,0x00197324:sub_197324
0x00197544,0x001C5544,0xA8037D4C,store,2,8,0x00197324:sub_197324
0x00197550,0x001C5550,0xA8037D5E,store,1,0,0x00197324:sub_197324
0x00197554,0x001C5554,0xA8037D58,store,2,23,0x00197324:sub_197324
0x00197568,0x001C5568,0xA8037D54,load,4,1,0x00197324:sub_197324
0x001975C0,0x001C55C0,0xA8037D5E,load,1,9,0x00197324:sub_197324
0x001975FC,0x001C55FC,0xA8037D5E,store,1,0,0x00197324:sub_197324
0x0019760C,0x001C560C,0xA8037D5E,store,1,0,0x00197324:sub_197324
0x00197758,0x001C5758,0xA8037D50,store,4,9,0x00197324:sub_197324
0x001977BC,0x001C57BC,0xA8037D4C,store,2,25,0x00197324:sub_197324
0x001977C0,0x001C57C0,0xA8037D5E,store,1,0,0x00197324:sub_197324
0x00197C1C,0x001C5C1C,0xA8037D54,load,4,12,0x00197BD4:sub_197BD4
0x00197C50,0x001C5C50,0xA8037D54,load,4,8,0x00197BD4:sub_197BD4
0x00197C74,0x001C5C74,0xA8037D50,store,4,8,0x00197BD4:sub_197BD4
0x00197C80,0x001C5C80,0xA8037D54,store,4,24,0x00197BD4:sub_197BD4
0x00197EE4,0x001C5EE4,0xA8037D54,load,4,11,
0x00197F18,0x001C5F18,0xA8037D54,load,4,12,
0x00197F3C,0x001C5F3C,0xA8037D50,store,4,12,
0x00197F48,0x001C5F48,0xA8037D54,store,4,16,
0x0019805C,0x001C605C,0xA8034F2C,load,4,9,
0x001980F0,0x001C60F0,0xA8037D54,load,4,11,
0x00198234,0x001C6234,0xA8037D54,load,4,1,
0x00198268,0x001C6268,0xA8037D54,load,4,12,
0x0019828C,0x001C628C,0xA8037D50,store,4,12,
0x00198298,0x001C6298,0xA8037D54,store,4,16,
0x001982E0,0x001C62E0,0xA8037D49,store,1,13,
0x001982FC,0x001C62FC,0xA8037D49,store,1,13,
0x00198318,0x001C6318,0xA8037D49,store,1,13,
0x00198334,0x001C6334,0xA8037D49,store,1,13,
0x0019834C,0x001C634C,0xA8037D49,store,1,0,
0x0019836C,0x001C636C,0xA8037D48,store,1,11,
0x00198384,0x001C6384,0xA8037D48,store,1,0,
0x00198714,0x001C6714,0xA8037D48,load,1,9,
0x0019871C,0x001C671C,0xA8037D48,load,1,8,
0x00198738,0x001C6738,0xA8037D48,load,1,9,
0x00198740,0x001C6740,0xA8037D48,load,1,8,
0x0019875C,0x001C675C,0xA8037D49,load,1,9,
0x00198760,0x001C6760,0xA8037D49,load,1,8,
0x0019877C,0x001C677C,0xA8037D49,load,1,9,
0x00198788,0x001C6788,0xA8037D49,load,1,8,
0x001987AC,0x001C67AC,0xA8037D48,load,1,9,
0x001987B4,0x001C67B4,0xA8037D48,load,1,8,
0x001987CC,0x001C67CC,0xA8037D49,load,1,10,
0x001987D0,0x001C67D0,0xA8037D48,load,1,9,
0x001987E4,0x001C67E4,0xA8037D49,load,1,10,
0x001987EC,0x001C67EC,0xA8037D48,load,1,8,
0x001987F4,0x001C67F4,0xA8037D49,load,1,9,
0x00198854,0x001C6854,0xA8037D54,load,4,1,
0x001988EC,0x001C68EC,0xA8037D54,load,4,1,
0x00198B28,0x001C6B28,0xA8037D54,load,4,1,
0x00198D8C,0x001C6D8C,0xA8037D54,load,4,9,
0x00198DC0,0x001C6DC0,0xA8037D54,load,4,12,
0x00198DE4,0x001C6DE4,0xA8037D50,store,4,12,
0x00198DF0,0x001C6DF0,0xA8037D54,store,4,16,
0x00198E38,0x001C6E38,0xA8037D48,store,1,15,
0x00198E44,0x001C6E44,0xA8037D48,load,1,8,
0x0019901C,0x001C701C,0xA8037D48,load,1,8,
0x00199064,0x001C7064,0xA8037D48,store,1,0,
0x00199138,0x001C7138,0xA8037D48,load,1,8,
0x001991AC,0x001C71AC,0xA8037D48,load,1,8,
0x00199200,0x001C7200,0xA8037D48,load,1,8,
0x00199254,0x001C7254,0xA8037D48,load,1,8,
0x0019928C,0x001C728C,0xA8037D48,load,1,8,
0x001992C4,0x001C72C4,0xA8037D48,load,1,8,
0x001992F8,0x001C72F8,0xA8037D48,load,1,8,
0x0019932C,0x001C732C,0xA8037D48,load,1,8,
0x00199360,0x001C7360,0xA8037D48,load,1,8,
0x00199398,0x001C7398,0xA8037D48,load,1,8,
0x001993D0,0x001C73D0,0xA8037D48,load,1,8,
0x00199468,0x001C7468,0xA8037D48,load,1,8,
0x001994DC,0x001C74DC,0xA8037D48,load,1,8,
0x00199550,0x001C7550,0xA8037D48,load,1,8,
0x0019958C,0x001C758C,0xA8037D48,load,1,8,
0x001995C0,0x001C75C0,0xA8037D48,load,1,8,
0x0019964C,0x001C764C,0xA8037D48,load,1,8,
0x00199674,0x001C7674,0xA8037D48,load,1,8,
0x00199680,0x001C7680,0xA8037D48,load,1,9,
0x001996B4,0x001C76B4,0xA8037D48,load,1,8,
0x001996C0,0x001C76C0,0xA8037D48,load,1,9,
0x00199754,0x001C7754,0xA8037D48,load,1,8,
0x001997EC,0x001C77EC,0xA8037D48,load,1,8,
0x00199854,0x001C7854,0xA8037D54,load,4,8,
0x00199928,0x001C7928,0xA8037D50,store,4,12,
0x00199988,0x001C7988,0xA8037E38,load,1,13,
0x00199AC0,0x001C7AC0,0xA8037D54,load,4,10,
0x00199B88,0x001C7B88,0xA8037D50,store,4,12,
0x00199FA8,0x001C7FA8,0xA8037D54,load,4,9,0x00199F7C:sub_199F7C
0x0019A0FC,0x001C80FC,0xA8037D54,load,4,9,0x00199F7C:sub_199F7C
0x0019A69C,0x001C869C,0xA8037D50,store,4,9,0x00199F7C:sub_199F7C
0x0019A778,0x001C8778,0xA8037D54,load,4,8,
0x0019A7AC,0x001C87AC,0xA8037D54,load,4,10,
0x0019A7D0,0x001C87D0,0xA8037D50,store,4,10,
0x0019A7DC,0x001C87DC,0xA8037D54,store,4,16,
0x0019A97C,0x001C897C,0xA803522F,store,1,18,
0x0019A980,0x001C8980,0xA8037DF8,store,1,29,
0x0019A984,0x001C8984,0xA803522E,store,1,1,
0x0019A988,0x001C8988,0xA8037DF9,store,1,12,
0x0019A990,0x001C8990,0xA8035230,store,1,10,
0x0019AA54,0x001C8A54,0xA8037DED,load,1,15,
0x0019AA58,0x001C8A58,0xA8035221,load,1,12,
0x0019AA5C,0x001C8A5C,0xA8035223,load,1,1,
0x0019AA60,0x001C8A60,0xA8035222,load,1,13,
0x0019AA64,0x001C8A64,0xA8037DF1,load,1,10,
0x0019AA68,0x001C8A68,0xA8037DF0,load,1,9,
0x0019AA6C,0x001C8A6C,0xA8037DEF,load,1,8,
0x0019AA70,0x001C8A70,0xA8037DEE,load,1,24,
0x0019AA74,0x001C8A74,0xA8037DEC,load,1,16,
0x0019AEFC,0x001C8EFC,0xA8037D54,load,4,8,
0x0019AF04,0x001C8F04,0xA8035210,load,4,11,
0x0019AF08,0x001C8F08,0xA8037D50,store,4,8,
0x0019AF18,0x001C8F18,0xA8037D54,store,4,13,
0x0019AF24,0x001C8F24,0xA8037D54,load,4,1,
0x0019AF80,0x001C8F80,0xA8037D54,load,4,1,
0x0019AFC0,0x001C8FC0,0xA8037D54,load,4,10,
0x0019AFC8,0x001C8FC8,0xA80351FC,load,4,11,
0x0019AFCC,0x001C8FCC,0xA8037D50,store,4,10,
0x0019AFE8,0x001C8FE8,0xA8037D5B,store,1,0,
0x0019B00C,0x001C900C,0xA8037D5B,store,1,1,
0x0019B04C,0x001C904C,0xA8037D5C,store,1,0,
0x0019B068,0x001C9068,0xA8037D54,load,4,15,
0x0019B070,0x001C9070,0xA8037D50,store,4,15,
0x0019B074,0x001C9074,0xA80351E8,load,4,11,
0x0019B08C,0x001C908C,0xA8037D54,load,4,8,
0x0019B094,0x001C9094,0xA80351D4,load,4,11,
0x0019B098,0x001C9098,0xA8037D50,store,4,8,
0x0019B1F0,0x001C91F0,0xA8037D54,load,4,15,
0x0019B214,0x001C9214,0xA8037D50,store,4,15,
0x0019B220,0x001C9220,0xA8037D54,store,4,24,
0x0019B31C,0x001C931C,0xA8037DFC,store,1,11,
0x0019B3A4,0x001C93A4,0xA8037DFD,store,1,11,
0x0019B4C8,0x001C94C8,0xA8037E0C,store,4,11,
0x0019B4E0,0x001C94E0,0xA8037E08,store,4,11,
0x0019B5C8,0x001C95C8,0xA8037D54,load,4,12,0x0019B4F8:sub_19B4F8
0x0019B5EC,0x001C95EC,0xA8037D50,store,4,12,0x0019B4F8:sub_19B4F8
0x0019B5F8,0x001C95F8,0xA8037D54,store,4,16,0x0019B4F8:sub_19B4F8
0x0019B744,0x001C9744,0xA8037D54,load,4,12,0x0019B668:sub_19B668
0x0019B768,0x001C9768,0xA8037D50,store,4,12,0x0019B668:sub_19B668
0x0019B774,0x001C9774,0xA8037D54,store,4,16,0x0019B668:sub_19B668
0x0019B974,0x001C9974,0xA8037D54,load,4,12,0x0019B8A4:sub_19B8A4
0x0019B998,0x001C9998,0xA8037D50,store,4,12,0x0019B8A4:sub_19B8A4
0x0019B9A4,0x001C99A4,0xA8037D54,store,4,16,0x0019B8A4:sub_19B8A4
0x0019BA5C,0x001C9A5C,0xA8037D54,load,4,8,
0x0019BA9C,0x001C9A9C,0xA8037D54,load,4,11,
0x0019BAC0,0x001C9AC0,0xA8037D50,store,4,11,
0x0019BACC,0x001C9ACC,0xA8037D54,store,4,24,
0x0019BB00,0x001C9B00,0xA8037D54,load,4,12,
0x0019BB24,0x001C9B24,0xA8037D50,store,4,12,
0x0019BB30,0x001C9B30,0xA8037D54,store,4,24,
0x0019C024,0x001CA024,0xA8037D54,load,4,11,
0x0019C048,0x001CA048,0xA8037D50,store,4,11,
0x0019C054,0x001CA054,0xA8037D54,store,4,24,
0x0019C094,0x001CA094,0xA8037D54,load,4,12,
0x0019C0B8,0x001CA0B8,0xA8037D50,store,4,12,
0x0019C0C4,0x001CA0C4,0xA8037D54,store,4,24,
0x0019C2D4,0x001CA2D4,0xA803B21E,load,1,12,
0x0019C2F0,0x001CA2F0,0xA8037D2C,load,4,9,
0x0019C30C,0x001CA30C,0xA8037D54,load,4,24,
0x0019C340,0x001CA340,0xA8037D54,load,4,24,
0x0019C364,0x001CA364,0xA8037D50,store,4,24,
0x0019C370,0x001CA370,0xA8037D54,store,4,16,
0x0019CA60,0x001CAA60,0xA8037D54,load,4,10,
0x0019CAAC,0x001CAAAC,0xA8037D54,load,4,12,
0x0019CAD0,0x001CAAD0,0xA8037D50,store,4,12,
0x0019CADC,0x001CAADC,0xA8037D54,store,4,16,
0x0019CB40,0x001CAB40,0xA8037D54,load,4,1,
0x0019CC90,0x001CAC90,0xA8037D54,load,4,21,
0x0019CDC8,0x001CADC8,0xA8037D54,load,4,16,
0x0019CEF0,0x001CAEF0,0xA803B076,store,1,20,
0x0019CFE8,0x001CAFE8,0xA8037D54,load,4,10,
0x0019D110,0x001CB110,0xA8037D54,load,4,10,
0x0019D1D8,0x001CB1D8,0xA8037D54,load,4,16,
0x0019D3C4,0x001CB3C4,0xA8037D54,load,4,19,0x0019D388:sub_19D388
0x0019D410,0x001CB410,0xA8037D54,load,4,22,0x0019D388:sub_19D388
0x0019D434,0x001CB434,0xA8037D50,store,4,22,0x0019D388:sub_19D388
0x0019D440,0x001CB440,0xA8037D54,store,4,16,0x0019D388:sub_19D388
0x0019D4B8,0x001CB4B8,0xA8037D54,load,4,16,0x0019D388:sub_19D388
0x0019D5DC,0x001CB5DC,0xA8037D54,load,4,19,0x0019D388:sub_19D388
0x0019D5EC,0x001CB5EC,0xA8037D54,load,4,19,0x0019D388:sub_19D388
0x0019D634,0x001CB634,0xA8037D54,load,4,24,0x0019D388:sub_19D388
0x0019D7C4,0x001CB7C4,0xA8037D54,load,4,8,0x0019D78C:sub_19D78C
0x0019D7F8,0x001CB7F8,0xA8037D54,load,4,20,0x0019D78C:sub_19D78C
0x0019D81C,0x001CB81C,0xA8037D50,store,4,20,0x0019D78C:sub_19D78C
0x0019D828,0x001CB828,0xA8037D54,store,4,16,0x0019D78C:sub_19D78C
0x0019DABC,0x001CBABC,0xA8037D54,load,4,10,0x0019DAB4:sub_19DAB4
0x0019DFEC,0x001CBFEC,0xA8037D5D,load,1,8,0x0019DFE4:sub_19DFE4
0x0019E00C,0x001CC00C,0xA8037D5D,load,1,13,0x0019DFF0:sub_19DFF0
0x0019E028,0x001CC028,0xA8037D54,load,4,9,0x0019DFF0:sub_19DFF0
0x0019E0C8,0x001CC0C8,0xA8037D23,load,1,1,0x0019E0A8:sub_19E0A8
0x0019E0FC,0x001CC0FC,0xA8037D23,load,1,12,0x0019E0A8:sub_19E0A8
0x0019E294,0x001CC294,0xA8037D23,load,1,1,0x0019E18C:sub_19E18C
0x0019E2A0,0x001CC2A0,0xA8037D23,store,1,1,0x0019E18C:sub_19E18C
0x0019E2A8,0x001CC2A8,0xA8037D23,load,1,1,0x0019E18C:sub_19E18C
0x0019E2B4,0x001CC2B4,0xA8037D23,store,1,1,0x0019E18C:sub_19E18C
0x0019E2BC,0x001CC2BC,0xA8037D23,load,1,11,0x0019E18C:sub_19E18C
0x0019E2C8,0x001CC2C8,0xA8037D23,store,1,1,0x0019E18C:sub_19E18C
0x0019E2D0,0x001CC2D0,0xA8037D23,load,1,12,0x0019E18C:sub_19E18C
0x0019E2DC,0x001CC2DC,0xA8037D23,store,1,1,0x0019E18C:sub_19E18C
0x0019E2E4,0x001CC2E4,0xA8037D23,load,1,15,0x0019E18C:sub_19E18C
0x0019E2F0,0x001CC2F0,0xA8037D23,store,1,1,0x0019E18C:sub_19E18C
0x0019E2F8,0x001CC2F8,0xA8037D23,load,1,8,0x0019E18C:sub_19E18C
0x0019E304,0x001CC304,0xA8037D23,store,1,1,0x0019E18C:sub_19E18C
0x0019E30C,0x001CC30C,0xA8037D23,load,1,9,0x0019E18C:sub_19E18C
0x0019E318,0x001CC318,0xA8037D23,store,1,1,0x0019E18C:sub_19E18C
0x0019E320,0x001CC320,0xA8037D23,load,1,10,0x0019E18C:sub_19E18C
0x0019E328,0x001CC328,0xA8037D23,store,1,1,0x0019E18C:sub_19E18C
0x0019E428,0x001CC428,0xA803B098,store,4,13,0x0019E3B0:sub_19E3B0
0x0019E4B4,0x001CC4B4,0xA803B225,load,1,13,0x0019E490:sub_19E490
0x0019E4D8,0x001CC4D8,0xA8037D2C,load,4,9,0x0019E490:sub_19E490
0x0019E51C,0x001CC51C,0xA803B225,load,1,13,0x0019E500:sub_19E500
0x0019E540,0x001CC540,0xA8037D2C,load,4,25,0x0019E500:sub_19E500
0x0019E924,0x001CC924,0xA803B21E,load,1,20,0x0019E83C:sub_19E83C
0x0019E93C,0x001CC93C,0xA8037D2C,load,4,9,0x0019E83C:sub_19E83C
0x0019E95C,0x001CC95C,0xA8037E1E,load,1,16,0x0019E83C:sub_19E83C
0x0019E988,0x001CC988,0xA8037D2C,load,4,9,0x0019E83C:sub_19E83C
0x0019EB0C,0x001CCB0C,0xA803B21E,load,1,13,0x0019EAD4:sub_19EAD4
0x0019EB38,0x001CCB38,0xA8037D2C,load,4,9,0x0019EAD4:sub_19EAD4
0x0019EB94,0x001CCB94,0xA803B21E,load,1,13,0x0019EB70:sub_19EB70
0x0019EBC0,0x001CCBC0,0xA8037D2C,load,4,9,0x0019EB70:sub_19EB70
0x0019EC00,0x001CCC00,0xA803B7A8,load,1,8,0x0019EBF8:sub_19EBF8
0x0019EC0C,0x001CCC0C,0xA803B7A8,store,1,0,0x0019EC04:sub_19EC04
0x0019EC3C,0x001CCC3C,0xA803B21E,load,1,13,
0x0019EC60,0x001CCC60,0xA8037C01,load,1,10,
0x0019EC90,0x001CCC90,0xA8037D2C,load,4,9,
0x0019ECB8,0x001CCCB8,0xA803B225,load,1,1,0x0019ECAC:sub_19ECAC
0x0019EDD0,0x001CCDD0,0xA8037D2C,load,4,9,0x0019ECAC:sub_19ECAC
0x0019EDE0,0x001CCDE0,0xA8037D2C,load,4,9,0x0019ECAC:sub_19ECAC
0x0019EFCC,0x001CCFCC,0xA803B21E,load,1,18,0x0019EF5C:sub_19EF5C
0x0019F080,0x001CD080,0xA803B7A8,store,1,16,0x0019EF5C:sub_19EF5C
0x0019F12C,0x001CD12C,0xA803B21E,load,1,13,0x0019F090:sub_19F090
0x0019F2E4,0x001CD2E4,0xA8037D2C,load,4,9,0x0019F090:sub_19F090
0x0019F354,0x001CD354,0xA803B21E,load,1,22,0x0019F090:sub_19F090
0x0019F37C,0x001CD37C,0xA8037D2C,load,4,9,0x0019F090:sub_19F090
0x0019F4B0,0x001CD4B0,0xA803B21E,load,1,29,0x0019F090:sub_19F090
0x0019F4D4,0x001CD4D4,0xA8037D2C,load,4,9,0x0019F090:sub_19F090
0x0019F4F0,0x001CD4F0,0xA803B225,load,1,25,0x0019F090:sub_19F090
0x0019F538,0x001CD538,0xA8037D2C,load,4,9,0x0019F090:sub_19F090
0x0019F5F8,0x001CD5F8,0xA803B21E,load,1,13,0x0019F5C0:sub_19F5C0
0x0019F624,0x001CD624,0xA8037D2C,load,4,9,0x0019F5C0:sub_19F5C0
0x0019FB2C,0x001CDB2C,0xA803B225,load,1,12,0x0019FAF8:sub_19FAF8
0x0019FB40,0x001CDB40,0xA8037D2C,load,4,9,0x0019FAF8:sub_19FAF8
0x0019FB58,0x001CDB58,0xA8037D62,load,1,12,0x0019FAF8:sub_19FAF8
0x0019FB64,0x001CDB64,0xA803B225,load,1,1,0x0019FAF8:sub_19FAF8
0x0019FB84,0x001CDB84,0xA8037D2C,load,4,9,0x0019FAF8:sub_19FAF8
0x0019FB8C,0x001CDB8C,0xA8037D63,load,1,12,0x0019FAF8:sub_19FAF8
0x0019FBA8,0x001CDBA8,0xA8037D2C,load,4,9,0x0019FAF8:sub_19FAF8
0x0019FBB4,0x001CDBB4,0xA8037D64,load,1,12,0x0019FAF8:sub_19FAF8
0x0019FBE0,0x001CDBE0,0xA8037D2C,load,4,9,0x0019FAF8:sub_19FAF8
0x0019FBF4,0x001CDBF4,0xA8037D65,load,1,12,0x0019FAF8:sub_19FAF8
0x0019FC24,0x001CDC24,0xA8037D2C,load,4,9,0x0019FAF8:sub_19FAF8
0x0019FC28,0x001CDC28,0xA8037D66,load,1,12,0x0019FAF8:sub_19FAF8
0x0019FC4C,0x001CDC4C,0xA8037D67,load,1,12,0x0019FAF8:sub_19FAF8
0x0019FC54,0x001CDC54,0xA8037D2C,load,4,9,0x0019FAF8:sub_19FAF8
0x0019FC78,0x001CDC78,0xA8037D2C,load,4,9,0x0019FAF8:sub_19FAF8
0x0019FC8C,0x001CDC8C,0xA8037D68,load,1,12,0x0019FAF8:sub_19FAF8
0x0019FCAC,0x001CDCAC,0xA8037D2C,load,4,9,0x0019FAF8:sub_19FAF8
0x0019FCC4,0x001CDCC4,0xA8037D6A,load,1,12,0x0019FAF8:sub_19FAF8
0x0019FCF4,0x001CDCF4,0xA8037D2C,load,4,9,0x0019FAF8:sub_19FAF8
0x0019FCF8,0x001CDCF8,0xA8037D6B,load,1,12,0x0019FAF8:sub_19FAF8
0x0019FD18,0x001CDD18,0xA8037D2C,load,4,9,0x0019FAF8:sub_19FAF8
0x0019FD2C,0x001CDD2C,0xA8037D6C,load,1,12,0x0019FAF8:sub_19FAF8
0x0019FD48,0x001CDD48,0xA8037D2C,load,4,9,0x0019FAF8:sub_19FAF8
0x0019FD60,0x001CDD60,0xA8037D6D,load,1,12,0x0019FAF8:sub_19FAF8
0x0019FD80,0x001CDD80,0xA8037D2C,load,4,9,0x0019FAF8:sub_19FAF8
0x0019FD8C,0x001CDD8C,0xA8037D6E,load,1,12,0x0019FAF8:sub_19FAF8
0x0019FDB4,0x001CDDB4,0xA8037D2C,load,4,9,0x0019FAF8:sub_19FAF8
0x0019FDC8,0x001CDDC8,0xA8037D6F,load,1,12,0x0019FAF8:sub_19FAF8
0x0019FDEC,0x001CDDEC,0xA8037D65,load,1,12,0x0019FAF8:sub_19FAF8
0x0019FDF0,0x001CDDF0,0xA8037D64,load,1,8,0x0019FAF8:sub_19FAF8
0x0019FDF4,0x001CDDF4,0xA8037D66,load,1,25,0x0019FAF8:sub_19FAF8
0x0019FDF8,0x001CDDF8,0xA8037D6B,load,1,13,0x0019FAF8:sub_19FAF8
0x0019FE1C,0x001CDE1C,0xA8037D2C,load,4,9,0x0019FAF8:sub_19FAF8
0x0019FE34,0x001CDE34,0xA8037D6F,store,1,25,0x0019FAF8:sub_19FAF8
0x0019FE44,0x001CDE44,0xA8037D6E,store,1,25,0x0019FAF8:sub_19FAF8
0x0019FE54,0x001CDE54,0xA8037D6D,store,1,25,0x0019FAF8:sub_19FAF8
0x0019FE64,0x001CDE64,0xA8037D6C,store,1,25,0x0019FAF8:sub_19FAF8
0x0019FE74,0x001CDE74,0xA8037D6B,store,1,25,0x0019FAF8:sub_19FAF8
0x0019FE84,0x001CDE84,0xA8037D6A,store,1,25,0x0019FAF8:sub_19FAF8
0x0019FE94,0x001CDE94,0xA8037D66,store,1,25,0x0019FAF8:sub_19FAF8
0x0019FEA4,0x001CDEA4,0xA8037D64,store,1,25,0x0019FAF8:sub_19FAF8
0x0019FEB4,0x001CDEB4,0xA8037D65,store,1,25,0x0019FAF8:sub_19FAF8
0x0019FEC4,0x001CDEC4,0xA8037D63,store,1,25,0x0019FAF8:sub_19FAF8
0x0019FED4,0x001CDED4,0xA8037D62,store,1,25,0x0019FAF8:sub_19FAF8
0x0019FEE8,0x001CDEE8,0xA8037D62,store,1,0,0x0019FAF8:sub_19FAF8
0x0019FEEC,0x001CDEEC,0xA8037D71,store,1,0,0x0019FAF8:sub_19FAF8
0x0019FEF0,0x001CDEF0,0xA8037D63,store,1,0,0x0019FAF8:sub_19FAF8
0x0019FEF4,0x001CDEF4,0xA8037D64,store,1,0,0x0019FAF8:sub_19FAF8
0x0019FEF8,0x001CDEF8,0xA8037D65,store,1,0,0x0019FAF8:sub_19FAF8
0x0019FEFC,0x001CDEFC,0xA8037D66,store,1,0,0x0019FAF8:sub_19FAF8
0x0019FF00,0x001CDF00,0xA8037D67,store,1,0,0x0019FAF8:sub_19FAF8
0x0019FF04,0x001CDF04,0xA8037D68,store,1,0,0x0019FAF8:sub_19FAF8
0x0019FF08,0x001CDF08,0xA8037D69,store,1,0,0x0019FAF8:sub_19FAF8
0x0019FF0C,0x001CDF0C,0xA8037D6A,store,1,0,0x0019FAF8:sub_19FAF8
0x0019FF10,0x001CDF10,0xA8037D6B,store,1,0,0x0019FAF8:sub_19FAF8
0x0019FF14,0x001CDF14,0xA8037D6C,store,1,0,0x0019FAF8:sub_19FAF8
0x0019FF18,0x001CDF18,0xA8037D6D,store,1,0,0x0019FAF8:sub_19FAF8
0x0019FF1C,0x001CDF1C,0xA8037D6E,store,1,0,0x0019FAF8:sub_19FAF8
0x0019FF20,0x001CDF20,0xA8037D6F,store,1,0,0x0019FAF8:sub_19FAF8
0x0019FF40,0x001CDF40,0xA8037D65,load,1,13,
0x0019FF50,0x001CDF50,0xA8037D64,load,1,13,
0x0019FF60,0x001CDF60,0xA8037D66,store,1,13,
0x0019FF7C,0x001CDF7C,0xA8037D6D,load,1,13,0x0019FF70:sub_19FF70
0x0019FF90,0x001CDF90,0xA8037D65,load,1,8,0x0019FF70:sub_19FF70
0x0019FF9C,0x001CDF9C,0xA8037D6B,load,1,9,0x0019FF70:sub_19FF70
0x0019FFBC,0x001CDFBC,0xA803B225,load,1,12,0x0019FF70:sub_19FF70
0x0019FFE4,0x001CDFE4,0xA8037D2C,load,4,9,0x0019FF70:sub_19FF70
0x0019FFFC,0x001CDFFC,0xA8037D6C,load,1,13,0x0019FFF4:sub_19FFF4
0x001A0008,0x001CE008,0xA8037D6D,load,1,8,0x0019FFF4:sub_19FFF4
0x001A0020,0x001CE020,0xA8037D6E,load,1,13,0x0019FFF4:sub_19FFF4
0x001A003C,0x001CE03C,0xA8037D6E,load,1,8,
0x001A0054,0x001CE054,0xA8037D6D,load,1,8,0x001A0050:sub_1A0050
0x001A0070,0x001CE070,0xA8037D6D,load,1,13,0x001A0068:sub_1A0068
0x001A0088,0x001CE088,0xA8037D70,load,1,13,0x001A0068:sub_1A0068
0x001A00A8,0x001CE0A8,0xA8037D6D,load,1,13,
0x001A00C0,0x001CE0C0,0xA8037D71,load,1,13,
0x001A00E4,0x001CE0E4,0xA8037D6F,load,1,8,0x001A00E0:sub_1A00E0
0x001A0130,0x001CE130,0xA8037D6F,load,1,13,0x001A00F8:sub_1A00F8
0x001A01C0,0x001CE1C0,0xA8037D6F,load,1,13,0x001A01B8:sub_1A01B8
0x001A024C,0x001CE24C,0xA803B7AA,load,2,9,0x001A021C:sub_1A021C
0x001A0258,0x001CE258,0xA803B0FA,load,1,12,0x001A021C:sub_1A021C
0x001A0264,0x001CE264,0xA803B7AA,store,2,1,0x001A021C:sub_1A021C
0x001A0280,0x001CE280,0xA803B7AA,load,2,8,0x001A021C:sub_1A021C
0x001A028C,0x001CE28C,0xA803B0FA,load,1,12,0x001A021C:sub_1A021C
0x001A0290,0x001CE290,0xA803B7AA,store,2,1,0x001A021C:sub_1A021C
0x001A02AC,0x001CE2AC,0xA803B7AA,load,2,1,0x001A021C:sub_1A021C
0x001A02B8,0x001CE2B8,0xA803B0FA,load,1,12,0x001A021C:sub_1A021C
0x001A02BC,0x001CE2BC,0xA803B7AA,store,2,11,0x001A021C:sub_1A021C
0x001A02D8,0x001CE2D8,0xA803B7AA,load,2,13,0x001A021C:sub_1A021C
0x001A02E4,0x001CE2E4,0xA803B7AA,store,2,9,0x001A021C:sub_1A021C
0x001A02E8,0x001CE2E8,0xA803B0FA,load,1,12,0x001A021C:sub_1A021C
0x001A0304,0x001CE304,0xA803B7AA,load,2,11,0x001A021C:sub_1A021C
0x001A0310,0x001CE310,0xA803B0FA,load,1,12,0x001A021C:sub_1A021C
0x001A0314,0x001CE314,0xA803B7AA,store,2,1,0x001A021C:sub_1A021C
0x001A06AC,0x001CE6AC,0xA803B0A0,store,1,0,0x001A0640:sub_1A0640
0x001A06F0,0x001CE6F0,0xA803B08A,store,1,0,0x001A0640:sub_1A0640
0x001A06F8,0x001CE6F8,0xA803B0E6,store,1,0,0x001A0640:sub_1A0640
0x001A0718,0x001CE718,0xA803B0A0,store,1,1,0x001A0640:sub_1A0640
0x001A0A80,0x001CEA80,0xA8037D6A,load,1,8,
0x001A0DAC,0x001CEDAC,0xA803B0F9,store,1,0,0x001A0D90:sub_1A0D90
0x001A0DB0,0x001CEDB0,0xA8037D71,store,1,0,0x001A0D90:sub_1A0D90
0x001A0DD0,0x001CEDD0,0xA8037BA8,store,1,0,0x001A0D90:sub_1A0D90
0x001A0DF0,0x001CEDF0,0xA8037BA8,store,1,16,0x001A0D90:sub_1A0D90
0x001A0DFC,0x001CEDFC,0xA803B0F9,store,1,16,0x001A0D90:sub_1A0D90
0x001A0E18,0x001CEE18,0xA8037D71,store,1,16,0x001A0D90:sub_1A0D90
0x001A0FDC,0x001CEFDC,0xA8037D60,store,1,9,0x001A0EE8:sub_1A0EE8
0x001A1100,0x001CF100,0xA8037B95,store,1,1,0x001A105C:sub_1A105C
0x001A1104,0x001CF104,0xA8037B95,load,1,12,0x001A105C:sub_1A105C
0x001A1134,0x001CF134,0xA8037B95,load,1,1,0x001A105C:sub_1A105C
0x001A1234,0x001CF234,0xA8037BA8,load,1,8,0x001A119C:sub_1A119C
0x001A155C,0x001CF55C,0xA8037B95,store,1,11,0x001A14B8:sub_1A14B8
0x001A168C,0x001CF68C,0xA8037D60,load,1,24,0x001A15FC:sub_1A15FC
0x001A1758,0x001CF758,0xA8037B95,load,1,11,0x001A15FC:sub_1A15FC
0x001A17C8,0x001CF7C8,0xA8037B95,store,1,1,0x001A15FC:sub_1A15FC
0x001A17CC,0x001CF7CC,0xA8037B95,load,1,1,0x001A15FC:sub_1A15FC
0x001A18C4,0x001CF8C4,0xA803B0FA,store,1,0,
0x001A18C8,0x001CF8C8,0xA803B0FA,store,1,8,
0x001A1F10,0x001CFF10,0xA8037D69,store,1,13,0x001A1EF0:sub_1A1EF0
0x001A254C,0x001D054C,0xA8037D6D,store,1,13,
0x001A2558,0x001D0558,0xA8037D6D,store,1,0,
0x001A2740,0x001D0740,0xA803B098,store,4,13,0x001A26E4:sub_1A26E4
0x001A280C,0x001D080C,0xA8035220,load,1,24,0x001A2750:sub_1A2750
0x001A2830,0x001D0830,0xA8037D61,store,1,13,0x001A2750:sub_1A2750
0x001A2960,0x001D0960,0xA8037D69,load,1,8,
0x001A29A0,0x001D09A0,0xA803B0F9,load,1,13,0x001A2998:sub_1A2998
0x001A29F4,0x001D09F4,0xA8037D6E,store,1,9,0x001A2998:sub_1A2998
0x001A2A64,0x001D0A64,0xA803B0BC,store,1,11,0x001A2998:sub_1A2998
0x001A2AB8,0x001D0AB8,0xA8037D61,load,1,12,0x001A2A9C:sub_1A2A9C
0x001A2AC0,0x001D0AC0,0xA8037D6D,store,1,13,0x001A2A9C:sub_1A2A9C
0x001A2B0C,0x001D0B0C,0xA803B0FA,store,1,0,
0x001A2C68,0x001D0C68,0xA8035220,store,1,11,
0x001A2E40,0x001D0E40,0xA803B098,store,4,1,
0x001A2F24,0x001D0F24,0xA803B0FA,store,1,8,
0x001A30A0,0x001D10A0,0xA8037D72,load,1,1,0x001A3098:sub_1A3098
0x001A30D0,0x001D10D0,0xA8037D72,store,1,0,0x001A3098:sub_1A3098
0x001A30E8,0x001D10E8,0xA8037D72,store,1,13,
0x001A3130,0x001D1130,0xA8037D72,store,1,17,0x001A310C:sub_1A310C
0x001A33F0,0x001D13F0,0xA8037BA8,store,1,0,0x001A33D8:sub_1A33D8
0x001A342C,0x001D142C,0xA8037D72,load,1,15,0x001A33D8:sub_1A33D8
0x001A3454,0x001D1454,0xA8037D72,store,1,0,0x001A33D8:sub_1A33D8
0x001A346C,0x001D146C,0xA8037BA8,store,1,13,0x001A33D8:sub_1A33D8
0x001A3A20,0x001D1A20,0xA803B21F,load,1,9,0x001A3A18:sub_1A3A18
0x001A3A4C,0x001D1A4C,0xA8037D2C,load,4,9,0x001A3A18:sub_1A3A18
0x001A3CF0,0x001D1CF0,0xA803B0A0,load,1,1,0x001A3BA4:sub_1A3BA4
0x001A403C,0x001D203C,0xA803B0A0,load,1,1,0x001A3F20:sub_1A3F20
0x001A4284,0x001D2284,0xA8037B9A,load,1,1,0x001A427C:sub_1A427C
0x001A42B8,0x001D22B8,0xA8037B9A,load,1,1,0x001A427C:sub_1A427C
0x001A42D8,0x001D22D8,0xA8037B9A,store,1,0,0x001A427C:sub_1A427C
0x001A433C,0x001D233C,0xA8037D74,load,1,1,0x001A4334:sub_1A4334
0x001A4350,0x001D2350,0xA8037D73,load,1,8,0x001A4334:sub_1A4334
0x001A435C,0x001D235C,0xA8037D73,store,1,0,0x001A4334:sub_1A4334
0x001A4360,0x001D2360,0xA8037D74,load,1,12,0x001A4334:sub_1A4334
0x001A43F0,0x001D23F0,0xA8037D73,load,1,13,
0x001A4408,0x001D2408,0xA8037D75,load,1,10,
0x001A444C,0x001D244C,0xA8037D75,load,1,13,
0x001A47A0,0x001D27A0,0xA8037D79,store,1,0,0x001A4798:sub_1A4798
0x001A47A8,0x001D27A8,0xA8037D73,store,1,0,0x001A4798:sub_1A4798
0x001A47C8,0x001D27C8,0xA8037D79,load,1,1,0x001A47B8:sub_1A47B8
0x001A47E0,0x001D27E0,0xA8037D78,load,1,17,0x001A47B8:sub_1A47B8
0x001A4818,0x001D2818,0xA8037D77,load,1,17,0x001A47B8:sub_1A47B8
0x001A482C,0x001D282C,0xA8037D73,load,1,10,0x001A47B8:sub_1A47B8
0x001A4844,0x001D2844,0xA8037D76,load,1,10,0x001A47B8:sub_1A47B8
0x001A4860,0x001D2860,0xA8037D75,load,1,8,0x001A47B8:sub_1A47B8
0x001A4874,0x001D2874,0xA8037D76,load,1,10,0x001A47B8:sub_1A47B8
0x001A48C0,0x001D28C0,0xA803B7F8,store,1,24,0x001A47B8:sub_1A47B8
0x001A48DC,0x001D28DC,0xA8037D76,store,1,12,0x001A47B8:sub_1A47B8
0x001A48E0,0x001D28E0,0xA8037D73,store,1,11,0x001A47B8:sub_1A47B8
0x001A48E4,0x001D28E4,0xA8037D77,store,1,11,0x001A47B8:sub_1A47B8
0x001A48E8,0x001D28E8,0xA8037D74,store,1,0,0x001A47B8:sub_1A47B8
0x001A48F0,0x001D28F0,0xA8037D75,store,1,0,0x001A47B8:sub_1A47B8
0x001A4930,0x001D2930,0xA8037D74,store,1,10,0x001A47B8:sub_1A47B8
0x001A4938,0x001D2938,0xA8037D74,load,1,11,0x001A47B8:sub_1A47B8
0x001A4950,0x001D2950,0xA8037D78,store,1,0,0x001A47B8:sub_1A47B8
0x001A49E4,0x001D29E4,0xA8037D75,store,1,18,0x001A47B8:sub_1A47B8
0x001A49EC,0x001D29EC,0xA8037D78,store,1,0,0x001A47B8:sub_1A47B8
0x001A4A90,0x001D2A90,0xA8037D79,load,1,13,0x001A4A30:sub_1A4A30
0x001A4AD8,0x001D2AD8,0xA8037D79,load,1,1,0x001A4AD0:sub_1A4AD0
0x001A4AEC,0x001D2AEC,0xA8037D74,load,1,12,0x001A4AD0:sub_1A4AD0
0x001A4B00,0x001D2B00,0xA8037D73,load,1,13,0x001A4AD0:sub_1A4AD0
0x001A4B10,0x001D2B10,0xA8037D79,store,1,0,0x001A4AD0:sub_1A4AD0
0x001A4B1C,0x001D2B1C,0xA8037D73,load,1,10,0x001A4AD0:sub_1A4AD0
0x001A4B28,0x001D2B28,0xA803B7F9,load,1,10,0x001A4AD0:sub_1A4AD0
0x001A4C30,0x001D2C30,0xA8037D79,load,1,9,0x001A4BD0:sub_1A4BD0
0x001A4C4C,0x001D2C4C,0xA8037D79,load,1,10,0x001A4BD0:sub_1A4BD0
0x001A4C84,0x001D2C84,0xA8037D74,load,1,12,0x001A4BD0:sub_1A4BD0
0x001A4C98,0x001D2C98,0xA8037D73,load,1,11,0x001A4BD0:sub_1A4BD0
0x001A4CC4,0x001D2CC4,0xA8037D79,load,1,10,0x001A4BD0:sub_1A4BD0
0x001A4CD8,0x001D2CD8,0xA8037D74,load,1,12,0x001A4BD0:sub_1A4BD0
0x001A4CEC,0x001D2CEC,0xA8037D73,load,1,18,0x001A4BD0:sub_1A4BD0
0x001A4CF8,0x001D2CF8,0xA803B7F9,load,1,9,0x001A4BD0:sub_1A4BD0
0x001A4DAC,0x001D2DAC,0xA8037D73,store,1,0,0x001A4BD0:sub_1A4BD0
0x001A4DB8,0x001D2DB8,0xA8037D74,store,1,0,0x001A4BD0:sub_1A4BD0
0x001A4DD4,0x001D2DD4,0xA8037D80,store,4,8,0x001A4DCC:sub_1A4DCC
0x001A4DE0,0x001D2DE0,0xA8037D84,store,4,8,0x001A4DD8:sub_1A4DD8
0x001A4DEC,0x001D2DEC,0xA8037D88,store,4,8,0x001A4DE4:sub_1A4DE4
0x001A4DF8,0x001D2DF8,0xA8037D8C,store,4,8,0x001A4DF0:sub_1A4DF0
0x001A4E04,0x001D2E04,0xA8037D90,store,4,8,0x001A4DFC:sub_1A4DFC
0x001A4E10,0x001D2E10,0xA8037D94,store,4,8,0x001A4E08:sub_1A4E08
0x001A4E1C,0x001D2E1C,0xA8037D98,store,4,8,0x001A4E14:sub_1A4E14
0x001A4E28,0x001D2E28,0xA8037D9C,store,4,8,0x001A4E20:sub_1A4E20
0x001A4E34,0x001D2E34,0xA8037DA0,store,4,8,0x001A4E2C:sub_1A4E2C
0x001A4E40,0x001D2E40,0xA8037DA4,store,4,8,0x001A4E38:sub_1A4E38
0x001A4E4C,0x001D2E4C,0xA8037DA8,store,4,8,
0x001A4E58,0x001D2E58,0xA8037DAC,store,4,8,0x001A4E50:sub_1A4E50
0x001A4E64,0x001D2E64,0xA8037DB0,store,4,8,0x001A4E5C:sub_1A4E5C
0x001A4E70,0x001D2E70,0xA8037DB4,store,4,8,0x001A4E68:sub_1A4E68
0x001A4E7C,0x001D2E7C,0xA8037DB8,store,4,8,0x001A4E74:sub_1A4E74
0x001A4E88,0x001D2E88,0xA8037DBC,store,4,8,0x001A4E80:sub_1A4E80
0x001A4E94,0x001D2E94,0xA8037DC0,store,4,8,0x001A4E8C:sub_1A4E8C
0x001A4EA0,0x001D2EA0,0xA8037DC4,store,4,8,0x001A4E98:sub_1A4E98
0x001A4EAC,0x001D2EAC,0xA8037DC8,store,4,8,0x001A4EA4:sub_1A4EA4
0x001A4EB8,0x001D2EB8,0xA8037DCC,store,4,8,0x001A4EB0:sub_1A4EB0
0x001A4EC4,0x001D2EC4,0xA8037DD0,store,4,8,0x001A4EBC:sub_1A4EBC
0x001A4ED0,0x001D2ED0,0xA8037DD4,store,4,8,0x001A4EC8:sub_1A4EC8
0x001A4EDC,0x001D2EDC,0xA8037DD8,store,4,8,0x001A4ED4:sub_1A4ED4
0x001A4EE8,0x001D2EE8,0xA8037DDC,store,4,8,0x001A4EE0:sub_1A4EE0
0x001A4EF4,0x001D2EF4,0xA8037DE0,store,4,8,0x001A4EEC:sub_1A4EEC
0x001A4F00,0x001D2F00,0xA8037D84,load,4,1,0x001A4EF8:sub_1A4EF8
0x001A4F2C,0x001D2F2C,0xA8037D88,load,4,1,0x001A4F24:sub_1A4F24
0x001A4F58,0x001D2F58,0xA8037D8C,load,4,1,0x001A4F50:sub_1A4F50
0x001A4F84,0x001D2F84,0xA8037D90,load,4,1,0x001A4F7C:sub_1A4F7C
0x001A4FB0,0x001D2FB0,0xA8037D94,load,4,1,0x001A4FA8:sub_1A4FA8
0x001A4FDC,0x001D2FDC,0xA8037D98,load,4,1,0x001A4FD4:sub_1A4FD4
0x001A5008,0x001D3008,0xA8037D9C,load,4,1,0x001A5000:sub_1A5000
0x001A5034,0x001D3034,0xA8037DA0,load,4,1,0x001A502C:sub_1A502C
0x001A5060,0x001D3060,0xA8037DA4,load,4,1,0x001A5058:sub_1A5058
0x001A508C,0x001D308C,0xA8037DA8,load,4,1,0x001A5084:sub_1A5084
0x001A50B8,0x001D30B8,0xA8037DAC,load,4,1,0x001A50B0:sub_1A50B0
0x001A50E4,0x001D30E4,0xA8037DB0,load,4,1,0x001A50DC:sub_1A50DC
0x001A5110,0x001D3110,0xA8037DB4,load,4,1,0x001A5108:sub_1A5108
0x001A513C,0x001D313C,0xA8037DB8,load,4,1,0x001A5134:sub_1A5134
0x001A5168,0x001D3168,0xA8037DBC,load,4,1,0x001A5160:sub_1A5160
0x001A5194,0x001D3194,0xA8037DC0,load,4,1,0x001A518C:sub_1A518C
0x001A51C0,0x001D31C0,0xA8037DC4,load,4,1,0x001A51B8:sub_1A51B8
0x001A51F8,0x001D31F8,0xA8037DC8,load,4,1,0x001A51F0:sub_1A51F0
0x001A5224,0x001D3224,0xA8037DCC,load,4,1,0x001A521C:sub_1A521C
0x001A525C,0x001D325C,0xA8037DD0,load,4,1,0x001A5254:sub_1A5254
0x001A5288,0x001D3288,0xA8037DD4,load,4,1,0x001A5280:sub_1A5280
0x001A52C0,0x001D32C0,0xA8037DD8,load,4,1,0x001A52B8:sub_1A52B8
0x001A52EC,0x001D32EC,0xA8037DDC,load,4,1,0x001A52E4:sub_1A52E4
0x001A5318,0x001D3318,0xA8037DE0,load,4,1,0x001A5310:sub_1A5310
0x001A534C,0x001D334C,0xA803B220,load,1,13,0x001A5344:sub_1A5344
0x001A53A0,0x001D33A0,0xA803B220,load,1,13,0x001A5344:sub_1A5344
0x001A5400,0x001D3400,0xA803B220,load,1,13,0x001A53F8:sub_1A53F8
0x001A5438,0x001D3438,0xA803B220,load,1,13,0x001A5430:sub_1A5430
0x001A5488,0x001D3488,0xA803B220,load,1,13,0x001A5430:sub_1A5430
0x001A54C4,0x001D34C4,0xA803B220,load,1,13,0x001A5430:sub_1A5430
0x001A5500,0x001D3500,0xA803B220,load,1,13,0x001A54F8:sub_1A54F8
0x001A5538,0x001D3538,0xA803B220,load,1,13,0x001A5530:sub_1A5530
0x001A5564,0x001D3564,0xA8037BA2,store,1,0,0x001A5530:sub_1A5530
0x001A5568,0x001D3568,0xA803B0EE,store,1,0,0x001A5530:sub_1A5530
0x001A557C,0x001D357C,0xA803B220,load,1,13,0x001A5574:sub_1A5574
0x001A55B4,0x001D35B4,0xA803B220,load,1,13,0x001A55AC:sub_1A55AC
0x001A55EC,0x001D35EC,0xA803B220,load,1,13,0x001A55E4:sub_1A55E4
0x001A5624,0x001D3624,0xA803B220,load,1,13,0x001A561C:sub_1A561C
0x001A5708,0x001D3708,0xA803B220,load,1,13,0x001A5700:sub_1A5700
0x001A5784,0x001D3784,0xA803B220,load,1,13,0x001A577C:sub_1A577C
0x001A57D4,0x001D37D4,0xA803B220,load,1,13,0x001A57CC:sub_1A57CC
0x001A5824,0x001D3824,0xA803B220,load,1,13,0x001A581C:sub_1A581C
0x001A5878,0x001D3878,0xA803B220,load,1,13,0x001A5870:sub_1A5870
0x001A58CC,0x001D38CC,0xA803B220,load,1,13,0x001A58C4:sub_1A58C4
0x001A591C,0x001D391C,0xA803B220,load,1,13,0x001A5914:sub_1A5914
0x001A5964,0x001D3964,0xA803B220,load,1,13,0x001A595C:sub_1A595C
0x001A59B0,0x001D39B0,0xA803B220,load,1,13,0x001A59A8:sub_1A59A8
0x001A5A04,0x001D3A04,0xA803B220,load,1,13,0x001A59A8:sub_1A59A8
0x001A5A7C,0x001D3A7C,0xA803B098,load,4,10,0x001A59A8:sub_1A59A8
0x001A5ABC,0x001D3ABC,0xA803B220,load,1,13,0x001A5AB4:sub_1A5AB4
0x001A5AF8,0x001D3AF8,0xA803B220,load,1,13,0x001A5AB4:sub_1A5AB4
0x001A5B3C,0x001D3B3C,0xA803B220,load,1,13,0x001A5AB4:sub_1A5AB4
0x001A5B90,0x001D3B90,0xA8037D80,load,4,1,0x001A5AB4:sub_1A5AB4
0x001A5BBC,0x001D3BBC,0xA803B220,load,1,13,0x001A5BB4:sub_1A5BB4
0x001A5BFC,0x001D3BFC,0xA803B0B2,store,1,1,0x001A5BF0:sub_1A5BF0
0x001A5C04,0x001D3C04,0xA803B0F6,store,1,1,0x001A5BF0:sub_1A5BF0
0x001A5C10,0x001D3C10,0xA803B220,load,1,13,0x001A5C08:sub_1A5C08
0x001A5C7C,0x001D3C7C,0xA803B220,load,1,13,0x001A5C08:sub_1A5C08
0x001A5CB4,0x001D3CB4,0xA803B220,load,1,13,0x001A5CAC:sub_1A5CAC
0x001A5CC8,0x001D3CC8,0xA8037D7E,load,1,11,0x001A5CAC:sub_1A5CAC
0x001A5D04,0x001D3D04,0xA8037D7E,load,1,11,0x001A5CAC:sub_1A5CAC
0x001A5D28,0x001D3D28,0xA803B0E8,store,4,8,0x001A5CAC:sub_1A5CAC
0x001A5D34,0x001D3D34,0xA803B0E0,store,4,13,0x001A5CAC:sub_1A5CAC
0x001A5D54,0x001D3D54,0xA80347F0,store,1,24,0x001A5CAC:sub_1A5CAC
0x001A5D58,0x001D3D58,0xA803B0F6,store,1,17,0x001A5CAC:sub_1A5CAC
0x001A5D60,0x001D3D60,0xA803B0B2,store,1,17,0x001A5CAC:sub_1A5CAC
0x001A5D7C,0x001D3D7C,0xA803B0B2,load,1,8,0x001A5CAC:sub_1A5CAC
0x001A5D98,0x001D3D98,0xA8037D9C,load,4,1,0x001A5CAC:sub_1A5CAC
0x001A5DAC,0x001D3DAC,0xA8037D98,load,4,1,0x001A5CAC:sub_1A5CAC
0x001A5DC8,0x001D3DC8,0xA8037D98,load,4,10,0x001A5CAC:sub_1A5CAC
0x001A5E0C,0x001D3E0C,0xA803B220,load,1,13,0x001A5E04:sub_1A5E04
0x001A5E84,0x001D3E84,0xA803B220,load,1,13,0x001A5E04:sub_1A5E04
0x001A5EFC,0x001D3EFC,0xA803B220,load,1,13,0x001A5EF4:sub_1A5EF4
0x001A5F74,0x001D3F74,0xA803B220,load,1,13,0x001A5F6C:sub_1A5F6C
0x001A5FF8,0x001D3FF8,0xA8037D7D,load,1,13,0x001A5FE4:sub_1A5FE4
0x001A6014,0x001D4014,0xA803B0E5,load,1,13,0x001A5FE4:sub_1A5FE4
0x001A6034,0x001D4034,0xA8037D7D,load,1,13,0x001A602C:sub_1A602C
0x001A6060,0x001D4060,0xA803B0E5,load,1,8,0x001A602C:sub_1A602C
0x001A6094,0x001D4094,0xA803B220,load,1,13,0x001A608C:sub_1A608C
0x001A60D8,0x001D40D8,0xA803B220,load,1,13,0x001A608C:sub_1A608C
0x001A6114,0x001D4114,0xA803B220,load,1,13,0x001A610C:sub_1A610C
0x001A614C,0x001D414C,0xA803B220,load,1,13,0x001A6144:sub_1A6144
0x001A6184,0x001D4184,0xA803B220,load,1,13,0x001A617C:sub_1A617C
0x001A61C8,0x001D41C8,0xA803B220,load,1,13,0x001A61C0:sub_1A61C0
0x001A6200,0x001D4200,0xA803B220,load,1,13,0x001A61F8:sub_1A61F8
0x001A6238,0x001D4238,0xA803B220,load,1,13,0x001A6230:sub_1A6230
0x001A6278,0x001D4278,0xA803B220,load,1,13,0x001A6270:sub_1A6270
0x001A62CC,0x001D42CC,0xA803B220,load,1,13,0x001A62C4:sub_1A62C4
0x001A6320,0x001D4320,0xA803B220,load,1,13,0x001A6318:sub_1A6318
0x001A6358,0x001D4358,0xA803B220,load,1,13,0x001A6350:sub_1A6350
0x001A6390,0x001D4390,0xA803B220,load,1,13,0x001A6388:sub_1A6388
0x001A63A4,0x001D43A4,0xA8037BAF,load,1,10,0x001A6388:sub_1A6388
0x001A63B0,0x001D43B0,0xA8037BAD,load,1,11,0x001A6388:sub_1A6388
0x001A63C0,0x001D43C0,0xA8037BAD,store,1,0,0x001A6388:sub_1A6388
0x001A63C4,0x001D43C4,0xA8037BAF,store,1,0,0x001A6388:sub_1A6388
0x001A63F8,0x001D43F8,0xA803B09D,load,1,12,0x001A6388:sub_1A6388
0x001A6414,0x001D4414,0xA803B09D,load,1,11,0x001A6388:sub_1A6388
0x001A64E0,0x001D44E0,0xA803B21E,load,1,8,0x001A64B8:sub_1A64B8
0x001A6508,0x001D4508,0xA803B0F6,store,1,17,0x001A64B8:sub_1A64B8
0x001A650C,0x001D450C,0xA803B0B2,store,1,17,0x001A64B8:sub_1A64B8
0x001A652C,0x001D452C,0xA803B0E8,store,4,22,0x001A64B8:sub_1A64B8
0x001A6530,0x001D4530,0xA803B0E0,store,4,20,0x001A64B8:sub_1A64B8
0x001A6838,0x001D4838,0xA803B220,load,1,13,0x001A6830:sub_1A6830
0x001A6858,0x001D4858,0xA803B09D,load,1,9,0x001A6830:sub_1A6830
0x001A6870,0x001D4870,0xA803B09D,load,1,10,0x001A6830:sub_1A6830
0x001A688C,0x001D488C,0xA803B084,load,4,11,0x001A6830:sub_1A6830
0x001A689C,0x001D489C,0xA803B084,store,4,16,0x001A6830:sub_1A6830
0x001A68A0,0x001D48A0,0xA803B098,store,4,0,0x001A6830:sub_1A6830
0x001A68C4,0x001D48C4,0xA803B0CD,store,1,0,0x001A6830:sub_1A6830
0x001A68C8,0x001D48C8,0xA803B0E6,store,1,0,0x001A6830:sub_1A6830
0x001A68CC,0x001D48CC,0xA803B09D,store,1,0,0x001A6830:sub_1A6830
0x001A68D0,0x001D48D0,0xA803B0B0,store,1,0,0x001A6830:sub_1A6830
0x001A68D4,0x001D48D4,0xA803B08A,store,1,0,0x001A6830:sub_1A6830
0x001A68D8,0x001D48D8,0xA8037BAB,store,1,0,0x001A6830:sub_1A6830
0x001A68DC,0x001D48DC,0xA803B104,store,4,0,0x001A6830:sub_1A6830
0x001A68E0,0x001D48E0,0xA8037BAF,store,1,0,0x001A6830:sub_1A6830
0x001A6908,0x001D4908,0xA803B0BD,store,1,0,0x001A6830:sub_1A6830
0x001A690C,0x001D490C,0xA803B0BE,store,1,0,0x001A6830:sub_1A6830
0x001A6910,0x001D4910,0xA803B0BA,store,1,0,0x001A6830:sub_1A6830
0x001A6914,0x001D4914,0xA8037BAE,store,1,0,0x001A6830:sub_1A6830
0x001A6918,0x001D4918,0xA803B0ED,store,1,0,0x001A6830:sub_1A6830
0x001A691C,0x001D491C,0xA8037B99,store,1,0,0x001A6830:sub_1A6830
0x001A6920,0x001D4920,0xA8037BA2,store,1,0,0x001A6830:sub_1A6830
0x001A692C,0x001D492C,0xA803B0EE,store,1,0,0x001A6830:sub_1A6830
0x001A699C,0x001D499C,0xA803B21E,load,1,13,0x001A6994:sub_1A6994
0x001A69D8,0x001D49D8,0xA8037D2C,load,4,9,0x001A6994:sub_1A6994
0x001A6A1C,0x001D4A1C,0xA803B09D,load,1,13,0x001A6994:sub_1A6994
0x001A6AA0,0x001D4AA0,0xA803B220,load,1,16,0x001A6A4C:sub_1A6A4C
0x001A6B48,0x001D4B48,0xA803B220,load,1,11,0x001A6AFC:sub_1A6AFC
0x001A6E18,0x001D4E18,0xA8037D7D,store,1,8,
0x001A6E34,0x001D4E34,0xA8037D7D,store,1,0,0x001A6E1C:sub_1A6E1C
0x001A6E98,0x001D4E98,0xA8037D7D,load,1,10,0x001A6E70:sub_1A6E70
0x001A6EB0,0x001D4EB0,0xA8037D7D,load,1,11,0x001A6E70:sub_1A6E70
0x001A6EC8,0x001D4EC8,0xA803B0E5,store,1,20,0x001A6E70:sub_1A6E70
0x001A6F48,0x001D4F48,0xA803B220,load,1,15,0x001A6E70:sub_1A6E70
0x001A6FD0,0x001D4FD0,0xA803B09D,load,1,13,0x001A6E70:sub_1A6E70
0x001A7034,0x001D5034,0xA803B220,load,1,12,0x001A6E70:sub_1A6E70
0x001A7048,0x001D5048,0xA803B0E5,store,1,16,0x001A6E70:sub_1A6E70
0x001A7070,0x001D5070,0xA803B0E8,load,4,21,0x001A6E70:sub_1A6E70
0x001A71DC,0x001D51DC,0xA8037D7C,load,1,13,0x001A71C8:sub_1A71C8
0x001A7218,0x001D5218,0xA8037D7C,store,1,13,0x001A71F4:sub_1A71F4
0x001A721C,0x001D521C,0xA8037D7C,store,1,0,0x001A71F4:sub_1A71F4
0x001A722C,0x001D522C,0xA803B098,load,4,13,0x001A7228:sub_1A7228
0x001A723C,0x001D523C,0xA803B09D,load,1,13,0x001A7228:sub_1A7228
0x001A724C,0x001D524C,0xA803B0B0,load,1,13,0x001A7228:sub_1A7228
0x001A72DC,0x001D52DC,0xA803B22C,load,1,13,0x001A727C:sub_1A727C
0x001A7314,0x001D5314,0xA803B834,store,4,9,0x001A727C:sub_1A727C
0x001A7320,0x001D5320,0xA8037D2C,load,4,9,0x001A727C:sub_1A727C
0x001A7344,0x001D5344,0xA803B21F,load,1,13,0x001A7334:sub_1A7334
0x001A73C8,0x001D53C8,0xA8037D2C,load,4,9,0x001A7334:sub_1A7334
0x001A7518,0x001D5518,0xA803B21F,load,1,13,0x001A748C:sub_1A748C
0x001A7534,0x001D5534,0xA8037D2C,load,4,25,0x001A748C:sub_1A748C
0x001A7570,0x001D5570,0xA803B09D,load,1,12,0x001A756C:sub_1A756C
0x001A77C0,0x001D57C0,0xA8037F4C,load,2,16,0x001A77B8:sub_1A77B8
0x001A77C8,0x001D57C8,0xA8037F48,load,2,20,0x001A77B8:sub_1A77B8
0x001A7858,0x001D5858,0xA8037F4A,load,2,19,0x001A77B8:sub_1A77B8
0x001A7860,0x001D5860,0xA8034D4C,load,4,29,0x001A77B8:sub_1A77B8
0x001A7870,0x001D5870,0xA803B82A,store,2,29,0x001A77B8:sub_1A77B8
0x001A7874,0x001D5874,0xA803B22C,load,1,10,0x001A77B8:sub_1A77B8
0x001A78E8,0x001D58E8,0xA8034D4C,load,4,1,0x001A77B8:sub_1A77B8
0x001A7900,0x001D5900,0xA803B82A,store,2,13,0x001A77B8:sub_1A77B8
0x001A7980,0x001D5980,0xA803B840,load,1,17,0x001A77B8:sub_1A77B8
0x001A79B8,0x001D59B8,0xA8037F54,load,2,16,0x001A77B8:sub_1A77B8
0x001A79DC,0x001D59DC,0xA8037F4E,load,2,20,0x001A77B8:sub_1A77B8
0x001A79E8,0x001D59E8,0xA8037F4A,load,2,16,0x001A77B8:sub_1A77B8
0x001A7A00,0x001D5A00,0xA803B22C,load,1,19,0x001A77B8:sub_1A77B8
0x001A7A3C,0x001D5A3C,0xA8034D4C,load,4,8,0x001A77B8:sub_1A77B8
0x001A7A44,0x001D5A44,0xA803B82A,store,2,8,0x001A77B8:sub_1A77B8
0x001A7A64,0x001D5A64,0xA803B82A,load,2,13,0x001A77B8:sub_1A77B8
0x001A7A7C,0x001D5A7C,0xA8037D2C,load,4,9,0x001A77B8:sub_1A77B8
0x001A7A9C,0x001D5A9C,0xA8037EFA,load,2,11,0x001A77B8:sub_1A77B8
0x001A7B04,0x001D5B04,0xA8037DE4,store,1,0,0x001A77B8:sub_1A77B8
0x001A7B18,0x001D5B18,0xA8037D2C,load,4,9,0x001A77B8:sub_1A77B8
0x001A7B3C,0x001D5B3C,0xA8037EFA,load,2,22,0x001A77B8:sub_1A77B8
0x001A7B40,0x001D5B40,0xA8037EFC,load,2,9,0x001A77B8:sub_1A77B8
0x001A7B7C,0x001D5B7C,0xA803B22C,load,1,10,0x001A77B8:sub_1A77B8
0x001A7B80,0x001D5B80,0xA803B82A,store,2,13,0x001A77B8:sub_1A77B8
0x001A7B9C,0x001D5B9C,0xA8037D2C,load,4,9,0x001A77B8:sub_1A77B8
0x001A7BB0,0x001D5BB0,0xA803B82A,load,2,13,0x001A77B8:sub_1A77B8
0x001A7BD0,0x001D5BD0,0xA803B82A,store,2,9,0x001A77B8:sub_1A77B8
0x001A7C54,0x001D5C54,0xA8037D2C,load,4,9,0x001A77B8:sub_1A77B8
0x001A7E54,0x001D5E54,0xA8037DE8,store,4,24,0x001A7D00:sub_1A7D00
0x001A7E5C,0x001D5E5C,0xA803B830,load,4,10,0x001A7D00:sub_1A7D00
0x001A7E60,0x001D5E60,0xA8037DE8,load,4,11,0x001A7D00:sub_1A7D00
0x001A7E74,0x001D5E74,0xA803B83C,load,4,12,0x001A7D00:sub_1A7D00
0x001A7EBC,0x001D5EBC,0xA803B824,load,4,9,0x001A7D00:sub_1A7D00
0x001A7EDC,0x001D5EDC,0xA803B21F,load,1,10,0x001A7D00:sub_1A7D00
0x001A7EFC,0x001D5EFC,0xA803B21F,load,1,26,0x001A7D00:sub_1A7D00
0x001A7F24,0x001D5F24,0xA803B824,store,4,25,0x001A7D00:sub_1A7D00
0x001A7F5C,0x001D5F5C,0xA803B21F,load,1,9,0x001A7D00:sub_1A7D00
0x001A7F80,0x001D5F80,0xA803B21F,load,1,8,0x001A7D00:sub_1A7D00
0x001A8014,0x001D6014,0xA803B830,store,4,1,0x001A7FE0:sub_1A7FE0
0x001A8018,0x001D6018,0xA803B83C,store,4,0,0x001A7FE0:sub_1A7FE0
0x001A8070,0x001D6070,0xA803B83C,store,4,13,0x001A7FE0:sub_1A7FE0
0x001A807C,0x001D607C,0xA803B830,store,4,12,0x001A7FE0:sub_1A7FE0
0x001A8110,0x001D6110,0xA803B83C,store,4,15,0x001A7FE0:sub_1A7FE0
0x001A8188,0x001D6188,0xA803B824,store,4,8,0x001A7FE0:sub_1A7FE0
0x001A8200,0x001D6200,0xA803B834,store,4,1,0x001A8194:sub_1A8194
0x001A8230,0x001D6230,0xA803B22C,load,1,10,0x001A8194:sub_1A8194
0x001A823C,0x001D623C,0xA803B820,load,4,1,0x001A8194:sub_1A8194
0x001A8254,0x001D6254,0xA803B824,load,4,26,0x001A8194:sub_1A8194
0x001A82C0,0x001D62C0,0xA8037D2C,load,4,25,0x001A8194:sub_1A8194
0x001A82C8,0x001D62C8,0xA803B82A,load,2,29,0x001A8194:sub_1A8194
0x001A8300,0x001D6300,0xA8037D2C,load,4,9,0x001A8194:sub_1A8194
0x001A845C,0x001D645C,0xA8037D2C,load,4,9,0x001A8194:sub_1A8194
0x001A84A0,0x001D64A0,0xA803B834,store,4,13,0x001A8480:sub_1A8480
0x001A84C4,0x001D64C4,0xA803B820,load,4,1,0x001A8480:sub_1A8480
0x001A84E0,0x001D64E0,0xA803B824,load,4,16,0x001A8480:sub_1A8480
0x001A85A4,0x001D65A4,0xA8037EFA,load,2,13,0x001A8480:sub_1A8480
0x001A85A8,0x001D65A8,0xA8037F48,load,2,1,0x001A8480:sub_1A8480
0x001A8628,0x001D6628,0xA803B098,load,4,13,0x001A8480:sub_1A8480
0x001A863C,0x001D663C,0xA803B0B0,load,1,9,0x001A8480:sub_1A8480
0x001A876C,0x001D676C,0xA8037EFA,load,2,9,0x001A8480:sub_1A8480
0x001A87A8,0x001D67A8,0xA8037D2C,load,4,9,0x001A8480:sub_1A8480
0x001A87D4,0x001D67D4,0xA8037D2C,load,4,9,0x001A8480:sub_1A8480
0x001A8804,0x001D6804,0xA803B22C,load,1,13,0x001A87F8:sub_1A87F8
0x001A885C,0x001D685C,0xA8037D2C,load,4,9,0x001A87F8:sub_1A87F8
0x001A88B0,0x001D68B0,0xA8037D2C,load,4,25,0x001A87F8:sub_1A87F8
0x001A8B10,0x001D6B10,0xA803B840,store,1,1,0x001A89A0:sub_1A89A0
0x001A8B4C,0x001D6B4C,0xA803B21F,load,1,13,0x001A8B1C:sub_1A8B1C
0x001A8B74,0x001D6B74,0xA8037D2C,load,4,9,0x001A8B1C:sub_1A8B1C
0x001A8BB0,0x001D6BB0,0xA8037D2C,load,4,9,0x001A8B1C:sub_1A8B1C
0x001A8BE8,0x001D6BE8,0xA8037D2C,load,4,9,0x001A8B1C:sub_1A8B1C
0x001A8C10,0x001D6C10,0xA8037D2C,load,4,9,0x001A8B1C:sub_1A8B1C
0x001A8C40,0x001D6C40,0xA8037EFA,load,2,12,0x001A8B1C:sub_1A8B1C
0x001A8C48,0x001D6C48,0xA8037D2C,load,4,9,0x001A8B1C:sub_1A8B1C
0x001A8C68,0x001D6C68,0xA8037D2C,load,4,9,0x001A8B1C:sub_1A8B1C
0x001A8C80,0x001D6C80,0xA8037EFC,load,2,12,0x001A8B1C:sub_1A8B1C
0x001A8CB4,0x001D6CB4,0xA8037F54,load,2,12,0x001A8B1C:sub_1A8B1C
0x001A8CBC,0x001D6CBC,0xA8037D2C,load,4,9,0x001A8B1C:sub_1A8B1C
0x001A8CE0,0x001D6CE0,0xA8037D2C,load,4,9,0x001A8B1C:sub_1A8B1C
0x001A8CE8,0x001D6CE8,0xA8037F4A,load,2,12,0x001A8B1C:sub_1A8B1C
0x001A8D04,0x001D6D04,0xA8037D2C,load,4,9,0x001A8B1C:sub_1A8B1C
0x001A8D10,0x001D6D10,0xA8037F48,load,2,12,0x001A8B1C:sub_1A8B1C
0x001A8D48,0x001D6D48,0xA8037D2C,load,4,9,0x001A8B1C:sub_1A8B1C
0x001A8D50,0x001D6D50,0xA8037F4E,load,2,12,0x001A8B1C:sub_1A8B1C
0x001A8D80,0x001D6D80,0xA8037D2C,load,4,25,0x001A8B1C:sub_1A8B1C
0x001A8D84,0x001D6D84,0xA8037F4C,load,2,28,0x001A8B1C:sub_1A8B1C
0x001A8DF0,0x001D6DF0,0xA803B7B3,load,1,8,
0x001A8DF8,0x001D6DF8,0xA803B7B2,load,1,8,
0x001A8DFC,0x001D6DFC,0xA803B7B1,load,1,8,
0x001A9678,0x001D7678,0xA803B21F,load,1,13,0x001A951C:sub_1A951C
0x001A96BC,0x001D76BC,0xA8037D2C,load,4,9,0x001A951C:sub_1A951C
0x001A97CC,0x001D77CC,0xA8035224,load,1,1,0x001A974C:sub_1A974C
0x001A9804,0x001D7804,0xA803B21E,load,1,13,0x001A974C:sub_1A974C
0x001A9840,0x001D7840,0xA803B21F,load,1,12,0x001A974C:sub_1A974C
0x001A9894,0x001D7894,0xA803B21F,load,1,8,0x001A974C:sub_1A974C
0x001A98AC,0x001D78AC,0xA8037D2C,load,4,9,0x001A974C:sub_1A974C
0x001A98CC,0x001D78CC,0xA803B12C,load,4,9,0x001A974C:sub_1A974C
0x001A9980,0x001D7980,0xA8037D5B,load,1,13,0x001A98EC:sub_1A98EC
0x001A9994,0x001D7994,0xA8037D5C,load,1,13,0x001A98EC:sub_1A98EC
0x001A9998,0x001D7998,0xA8037DF4,load,4,1,0x001A98EC:sub_1A98EC
0x001A99B0,0x001D79B0,0xA8037DF4,store,4,0,0x001A98EC:sub_1A98EC
0x001A99C4,0x001D79C4,0xA8037DF4,load,4,11,0x001A98EC:sub_1A98EC
0x001A99F4,0x001D79F4,0xA803B865,store,1,13,0x001A99E8:sub_1A99E8
0x001A9A58,0x001D7A58,0xA803B21F,load,1,1,0x001A9A00:sub_1A9A00
0x001A9AB0,0x001D7AB0,0xA8035225,load,1,18,0x001A9A00:sub_1A9A00
0x001A9AC4,0x001D7AC4,0xA8035225,store,1,26,0x001A9A00:sub_1A9A00
0x001A9AE4,0x001D7AE4,0xA80349A5,load,1,25,0x001A9A00:sub_1A9A00
0x001A9B0C,0x001D7B0C,0xA8037D2C,load,4,9,0x001A9A00:sub_1A9A00
0x001A9B24,0x001D7B24,0xA8037D2C,load,4,9,0x001A9A00:sub_1A9A00
0x001A9BFC,0x001D7BFC,0xA803B21F,load,1,8,0x001A9B50:sub_1A9B50
0x001A9CE8,0x001D7CE8,0xA803B21F,load,1,8,0x001A9B50:sub_1A9B50
0x001A9D0C,0x001D7D0C,0xA8037D2C,load,4,9,0x001A9B50:sub_1A9B50
0x001A9D64,0x001D7D64,0xA803B21F,load,1,13,0x001A9D5C:sub_1A9D5C
0x001A9D88,0x001D7D88,0xA8037D2C,load,4,9,0x001A9D5C:sub_1A9D5C
0x001A9EA8,0x001D7EA8,0xA803B21F,load,1,13,0x001A9EA0:sub_1A9EA0
0x001A9ED0,0x001D7ED0,0xA8037D2C,load,4,25,0x001A9EA0:sub_1A9EA0
0x001AA030,0x001D8030,0xA803B21F,load,1,1,0x001AA024:sub_1AA024
0x001AA050,0x001D8050,0xA803B21F,load,1,1,0x001AA024:sub_1AA024
0x001AA054,0x001D8054,0xA803B21F,load,1,9,0x001AA024:sub_1AA024
0x001AA068,0x001D8068,0xA803B21F,load,1,27,0x001AA024:sub_1AA024
0x001AA0A8,0x001D80A8,0xA8037D2C,load,4,9,0x001AA024:sub_1AA024
0x001AA0E0,0x001D80E0,0xA8037D2C,load,4,9,0x001AA024:sub_1AA024
0x001AA120,0x001D8120,0xA8037D2C,load,4,9,0x001AA024:sub_1AA024
0x001AA160,0x001D8160,0xA8037D2C,load,4,9,0x001AA024:sub_1AA024
0x001AA198,0x001D8198,0xA8037D2C,load,4,9,0x001AA024:sub_1AA024
0x001AA1D4,0x001D81D4,0xA8037D2C,load,4,9,0x001AA024:sub_1AA024
0x001AA214,0x001D8214,0xA8037D2C,load,4,9,0x001AA024:sub_1AA024
0x001AA24C,0x001D824C,0xA8037D2C,load,4,9,0x001AA024:sub_1AA024
0x001AA288,0x001D8288,0xA8037D2C,load,4,9,0x001AA024:sub_1AA024
0x001AA2C8,0x001D82C8,0xA8037D2C,load,4,9,0x001AA024:sub_1AA024
0x001AA300,0x001D8300,0xA8037D2C,load,4,9,0x001AA024:sub_1AA024
0x001AA33C,0x001D833C,0xA8037D2C,load,4,9,0x001AA024:sub_1AA024
0x001AA37C,0x001D837C,0xA8037D2C,load,4,9,0x001AA024:sub_1AA024
0x001AA3B4,0x001D83B4,0xA8037D2C,load,4,9,0x001AA024:sub_1AA024
0x001AA3F0,0x001D83F0,0xA8037D2C,load,4,9,0x001AA024:sub_1AA024
0x001AA430,0x001D8430,0xA8037D2C,load,4,9,0x001AA024:sub_1AA024
0x001AA468,0x001D8468,0xA8037D2C,load,4,25,0x001AA024:sub_1AA024
0x001AA4B8,0x001D84B8,0xA8037D2C,load,4,9,0x001AA024:sub_1AA024
0x001AA4F4,0x001D84F4,0xA8037D2C,load,4,9,0x001AA024:sub_1AA024
0x001AA618,0x001D8618,0xA803B21F,load,1,13,0x001AA5C0:sub_1AA5C0
0x001AA6D0,0x001D86D0,0xA8037D2C,load,4,9,0x001AA5C0:sub_1AA5C0
0x001AA708,0x001D8708,0xA8037D2C,load,4,9,0x001AA5C0:sub_1AA5C0
0x001AA738,0x001D8738,0xA8037D2C,load,4,9,0x001AA5C0:sub_1AA5C0
0x001AA764,0x001D8764,0xA8037D2C,load,4,9,0x001AA5C0:sub_1AA5C0
0x001AA798,0x001D8798,0xA8037D2C,load,4,9,0x001AA5C0:sub_1AA5C0
0x001AA7C8,0x001D87C8,0xA8037D2C,load,4,9,0x001AA5C0:sub_1AA5C0
0x001AA7F4,0x001D87F4,0xA8037D2C,load,4,9,0x001AA5C0:sub_1AA5C0
0x001AA828,0x001D8828,0xA8037D2C,load,4,9,0x001AA5C0:sub_1AA5C0
0x001AA858,0x001D8858,0xA8037D2C,load,4,9,0x001AA5C0:sub_1AA5C0
0x001AA884,0x001D8884,0xA8037D2C,load,4,9,0x001AA5C0:sub_1AA5C0
0x001AA8BC,0x001D88BC,0xA8037D2C,load,4,9,0x001AA5C0:sub_1AA5C0
0x001AA8EC,0x001D88EC,0xA8037D2C,load,4,9,0x001AA5C0:sub_1AA5C0
0x001AA918,0x001D8918,0xA8037D2C,load,4,25,0x001AA5C0:sub_1AA5C0
0x001AABB0,0x001D8BB0,0xA803B21F,load,1,13,0x001AAB6C:sub_1AAB6C
0x001AAC98,0x001D8C98,0xA8037D2C,load,4,9,0x001AAB6C:sub_1AAB6C
0x001AACD0,0x001D8CD0,0xA8037D2C,load,4,9,0x001AAB6C:sub_1AAB6C
0x001AAF7C,0x001D8F7C,0xA803B21F,load,1,13,0x001AAF38:sub_1AAF38
0x001AB0E8,0x001D90E8,0xA8037D2C,load,4,9,0x001AAF38:sub_1AAF38
0x001AB11C,0x001D911C,0xA8037D2C,load,4,9,0x001AAF38:sub_1AAF38
0x001AB220,0x001D9220,0xA803B21F,load,1,13,0x001AB1CC:sub_1AB1CC
0x001AB370,0x001D9370,0xA8037D2C,load,4,9,0x001AB1CC:sub_1AB1CC
0x001AB6B4,0x001D96B4,0xA803B21F,load,1,13,0x001AB658:sub_1AB658
0x001AB6D8,0x001D96D8,0xA8037D2C,load,4,9,0x001AB658:sub_1AB658
0x001AB79C,0x001D979C,0xA803B21F,load,1,1,0x001AB790:sub_1AB790
0x001AB920,0x001D9920,0xA8037D2C,load,4,9,0x001AB790:sub_1AB790
0x001AB9F0,0x001D99F0,0xA8037D2C,load,4,9,0x001AB790:sub_1AB790
0x001ABA34,0x001D9A34,0xA8037D2C,load,4,9,0x001AB790:sub_1AB790
0x001ABA50,0x001D9A50,0xA8037D2C,load,4,9,0x001AB790:sub_1AB790
0x001ABA78,0x001D9A78,0xA8037D2C,load,4,9,0x001AB790:sub_1AB790
0x001ABB2C,0x001D9B2C,0xA803B21F,load,1,13,0x001ABB10:sub_1ABB10
0x001ABB50,0x001D9B50,0xA8037D2C,load,4,25,0x001ABB10:sub_1ABB10
0x001ABB9C,0x001D9B9C,0xA803B21F,load,1,11,0x001ABB10:sub_1ABB10
0x001ABBC8,0x001D9BC8,0xA8037D2C,load,4,9,0x001ABB10:sub_1ABB10
0x001ABBF4,0x001D9BF4,0xA803B21F,load,1,13,0x001ABBE8:sub_1ABBE8
0x001ABC28,0x001D9C28,0xA803B21F,load,1,9,0x001ABBE8:sub_1ABBE8
0x001ABCA0,0x001D9CA0,0xA8037D2C,load,4,9,0x001ABBE8:sub_1ABBE8
0x001ABCE8,0x001D9CE8,0xA8037D2C,load,4,9,0x001ABBE8:sub_1ABBE8
0x001ABD20,0x001D9D20,0xA8037D2C,load,4,9,0x001ABBE8:sub_1ABBE8
0x001ABD44,0x001D9D44,0xA8037D2C,load,4,9,0x001ABBE8:sub_1ABBE8
0x001ABD88,0x001D9D88,0xA8037D2C,load,4,25,0x001ABBE8:sub_1ABBE8
0x001ABDC8,0x001D9DC8,0xA8035226,store,1,12,0x001ABDA4:sub_1ABDA4
0x001ABDD0,0x001D9DD0,0xA8035227,store,1,12,0x001ABDA4:sub_1ABDA4
0x001ABDE0,0x001D9DE0,0xA8035227,load,1,9,0x001ABDA4:sub_1ABDA4
0x001ABE24,0x001D9E24,0xA8035226,load,1,8,0x001ABDA4:sub_1ABDA4
0x001ABEC8,0x001D9EC8,0xA8037EFA,store,2,11,0x001ABEA0:sub_1ABEA0
0x001ABEE4,0x001D9EE4,0xA8037EFC,store,2,15,0x001ABEA0:sub_1ABEA0
0x001ABF0C,0x001D9F0C,0xA8037F4A,store,2,12,0x001ABEA0:sub_1ABEA0
0x001ABF2C,0x001D9F2C,0xA8037F48,store,2,9,0x001ABEA0:sub_1ABEA0
0x001ABF4C,0x001D9F4C,0xA8037F4E,store,2,10,0x001ABEA0:sub_1ABEA0
0x001ABF68,0x001D9F68,0xA8037F54,store,2,15,0x001ABEA0:sub_1ABEA0
0x001ABF8C,0x001D9F8C,0xA8037F4C,store,2,12,0x001ABEA0:sub_1ABEA0
0x001ABFD4,0x001D9FD4,0xA8035226,store,1,1,0x001ABFB4:sub_1ABFB4
0x001ABFD8,0x001D9FD8,0xA8035227,store,1,1,0x001ABFB4:sub_1ABFB4
0x001ABFF0,0x001D9FF0,0xA803B21F,load,1,17,0x001ABFB4:sub_1ABFB4
0x001AC0DC,0x001DA0DC,0xA8035227,load,1,8,0x001ABFB4:sub_1ABFB4
0x001AC0F8,0x001DA0F8,0xA8035227,store,1,12,0x001ABFB4:sub_1ABFB4
0x001AC10C,0x001DA10C,0xA8035226,store,1,15,0x001ABFB4:sub_1ABFB4
0x001AC13C,0x001DA13C,0xA8037D2C,load,4,9,0x001ABFB4:sub_1ABFB4
0x001AC204,0x001DA204,0xA803B21E,load,1,13,0x001AC1F8:sub_1AC1F8
0x001AC214,0x001DA214,0xA803B21F,load,1,9,0x001AC1F8:sub_1AC1F8
0x001AC22C,0x001DA22C,0xA803B21F,load,1,26,0x001AC1F8:sub_1AC1F8
0x001AC2F0,0x001DA2F0,0xA8037D2C,load,4,25,0x001AC1F8:sub_1AC1F8
0x001AC320,0x001DA320,0xA8037D2C,load,4,9,0x001AC1F8:sub_1AC1F8
0x001AC34C,0x001DA34C,0xA8037D2C,load,4,9,0x001AC1F8:sub_1AC1F8
0x001AC374,0x001DA374,0xA8037D2C,load,4,9,0x001AC1F8:sub_1AC1F8
0x001AC3B4,0x001DA3B4,0xA8037D2C,load,4,9,0x001AC1F8:sub_1AC1F8
0x001AC3D4,0x001DA3D4,0xA8037D2C,load,4,9,0x001AC1F8:sub_1AC1F8
0x001ACA18,0x001DAA18,0xA803B21F,load,1,12,0x001AC6D0:sub_1AC6D0
0x001ACA30,0x001DAA30,0xA803B21F,load,1,17,0x001AC6D0:sub_1AC6D0
0x001ACB18,0x001DAB18,0xA8037D2C,load,4,9,0x001AC6D0:sub_1AC6D0
0x001ACB40,0x001DAB40,0xA8037D2C,load,4,9,0x001AC6D0:sub_1AC6D0
0x001ACB58,0x001DAB58,0xA8037D2C,load,4,9,0x001AC6D0:sub_1AC6D0
0x001ACBB8,0x001DABB8,0xA8037D2C,load,4,9,0x001AC6D0:sub_1AC6D0
0x001ACBE4,0x001DABE4,0xA8037D2C,load,4,9,0x001AC6D0:sub_1AC6D0
0x001ACC08,0x001DAC08,0xA8037D2C,load,4,9,0x001AC6D0:sub_1AC6D0
0x001ACC44,0x001DAC44,0xA8037D2C,load,4,9,0x001AC6D0:sub_1AC6D0
0x001ACC68,0x001DAC68,0xA8037D2C,load,4,9,0x001AC6D0:sub_1AC6D0
0x001ACCA8,0x001DACA8,0xA8037D2C,load,4,9,0x001AC6D0:sub_1AC6D0
0x001ACCD0,0x001DACD0,0xA8037D2C,load,4,9,0x001AC6D0:sub_1AC6D0
0x001ACCFC,0x001DACFC,0xA8037D2C,load,4,9,0x001AC6D0:sub_1AC6D0
0x001ACD34,0x001DAD34,0xA8037D2C,load,4,9,0x001AC6D0:sub_1AC6D0
0x001ACD60,0x001DAD60,0xA8037D2C,load,4,9,0x001AC6D0:sub_1AC6D0
0x001ACD98,0x001DAD98,0xA8037D2C,load,4,9,0x001AC6D0:sub_1AC6D0
0x001ACDC0,0x001DADC0,0xA8037D2C,load,4,9,0x001AC6D0:sub_1AC6D0
0x001AD018,0x001DB018,0xA803B21F,load,1,13,0x001AD010:sub_1AD010
0x001AD0AC,0x001DB0AC,0xA8037D2C,load,4,9,0x001AD010:sub_1AD010
0x001AD128,0x001DB128,0xA8035229,load,1,12,0x001AD10C:sub_1AD10C
0x001AD12C,0x001DB12C,0xA803522F,load,1,1,0x001AD10C:sub_1AD10C
0x001AD140,0x001DB140,0xA803522B,load,1,12,0x001AD10C:sub_1AD10C
0x001AD148,0x001DB148,0xA8037DF8,load,1,1,0x001AD10C:sub_1AD10C
0x001AD158,0x001DB158,0xA8035228,load,1,12,0x001AD10C:sub_1AD10C
0x001AD160,0x001DB160,0xA803522E,load,1,1,0x001AD10C:sub_1AD10C
0x001AD170,0x001DB170,0xA803522D,load,1,12,0x001AD10C:sub_1AD10C
0x001AD178,0x001DB178,0xA8037DF9,load,1,1,0x001AD10C:sub_1AD10C
0x001AD18C,0x001DB18C,0xA803522A,load,1,12,0x001AD10C:sub_1AD10C
0x001AD190,0x001DB190,0xA8035230,load,1,1,0x001AD10C:sub_1AD10C
0x001AD21C,0x001DB21C,0xA8037DF9,store,1,8,0x001AD1A8:sub_1AD1A8
0x001AD23C,0x001DB23C,0xA8035231,store,1,15,0x001AD1A8:sub_1AD1A8
0x001AD244,0x001DB244,0xA8037DF9,load,1,8,0x001AD1A8:sub_1AD1A8
0x001AD248,0x001DB248,0xA8037DF9,store,1,8,0x001AD1A8:sub_1AD1A8
0x001AD264,0x001DB264,0xA8037DF8,store,1,0,0x001AD1A8:sub_1AD1A8
0x001AD278,0x001DB278,0xA8035230,store,1,16,0x001AD1A8:sub_1AD1A8
0x001AD28C,0x001DB28C,0xA803522F,store,1,11,0x001AD1A8:sub_1AD1A8
0x001AD2A0,0x001DB2A0,0xA803B21F,load,1,9,0x001AD1A8:sub_1AD1A8
0x001AD2B0,0x001DB2B0,0xA803522E,store,1,8,0x001AD1A8:sub_1AD1A8
0x001AD480,0x001DB480,0xA8037D2C,load,4,9,0x001AD1A8:sub_1AD1A8
0x001AD4CC,0x001DB4CC,0xA8037DF8,store,1,1,0x001AD1A8:sub_1AD1A8
0x001AD4F4,0x001DB4F4,0xA8037DF8,store,1,1,0x001AD1A8:sub_1AD1A8
0x001AD504,0x001DB504,0xA8037DF8,store,1,1,0x001AD1A8:sub_1AD1A8
0x001AD520,0x001DB520,0xA803522F,load,1,1,0x001AD510:sub_1AD510
0x001AD524,0x001DB524,0xA8035229,load,1,13,0x001AD510:sub_1AD510
0x001AD540,0x001DB540,0xA803B7B4,load,2,13,0x001AD510:sub_1AD510
0x001AD54C,0x001DB54C,0xA803522F,load,1,23,0x001AD510:sub_1AD510
0x001AD558,0x001DB558,0xA803B21F,load,1,11,0x001AD510:sub_1AD510
0x001AD588,0x001DB588,0xA8037DF9,load,1,11,0x001AD510:sub_1AD510
0x001AD58C,0x001DB58C,0xA8035231,load,1,13,0x001AD510:sub_1AD510
0x001AD590,0x001DB590,0xA8035230,load,1,27,0x001AD510:sub_1AD510
0x001AD594,0x001DB594,0xA803522E,load,1,25,0x001AD510:sub_1AD510
0x001AD598,0x001DB598,0xA8037DF8,load,1,15,0x001AD510:sub_1AD510
0x001AD5B0,0x001DB5B0,0xA803522D,store,1,11,0x001AD510:sub_1AD510
0x001AD5B4,0x001DB5B4,0xA803522C,store,1,13,0x001AD510:sub_1AD510
0x001AD5B8,0x001DB5B8,0xA803522A,store,1,27,0x001AD510:sub_1AD510
0x001AD5BC,0x001DB5BC,0xA8035228,store,1,25,0x001AD510:sub_1AD510
0x001AD5C4,0x001DB5C4,0xA803522B,store,1,15,0x001AD510:sub_1AD510
0x001AD5EC,0x001DB5EC,0xA803522F,load,1,27,0x001AD510:sub_1AD510
0x001AD628,0x001DB628,0xA803B21F,load,1,16,0x001AD510:sub_1AD510
0x001AD79C,0x001DB79C,0xA803522B,load,1,12,0x001AD510:sub_1AD510
0x001AD7A0,0x001DB7A0,0xA8037DF8,load,1,8,0x001AD510:sub_1AD510
0x001AD7B8,0x001DB7B8,0xA8035228,load,1,16,0x001AD510:sub_1AD510
0x001AD7BC,0x001DB7BC,0xA803522E,load,1,15,0x001AD510:sub_1AD510
0x001AD7D4,0x001DB7D4,0xA803522D,load,1,20,0x001AD510:sub_1AD510
0x001AD7D8,0x001DB7D8,0xA8037DF9,load,1,19,0x001AD510:sub_1AD510
0x001AD7F0,0x001DB7F0,0xA803522A,load,1,25,0x001AD510:sub_1AD510
0x001AD7F4,0x001DB7F4,0xA8035230,load,1,26,0x001AD510:sub_1AD510
0x001AD898,0x001DB898,0xA803B21F,load,1,13,0x001AD880:sub_1AD880
0x001AD8C0,0x001DB8C0,0xA8037D2C,load,4,9,0x001AD880:sub_1AD880
0x001ADA08,0x001DBA08,0xA803B21F,load,1,13,0x001ADA00:sub_1ADA00
0x001ADA40,0x001DBA40,0xA8037D2C,load,4,9,0x001ADA00:sub_1ADA00
0x001ADA84,0x001DBA84,0xA8035229,store,1,13,0x001ADA78:sub_1ADA78
0x001ADAB0,0x001DBAB0,0xA803B834,load,4,12,0x001ADAAC:sub_1ADAAC
0x001ADAB8,0x001DBAB8,0xA803B820,store,4,12,0x001ADAAC:sub_1ADAAC
0x001ADB14,0x001DBB14,0xA803B21E,load,1,10,0x001ADACC:sub_1ADACC
0x001ADB30,0x001DBB30,0xA803B21E,load,1,13,0x001ADACC:sub_1ADACC
0x001ADB48,0x001DBB48,0xA803B0E6,store,1,0,0x001ADACC:sub_1ADACC
0x001ADB4C,0x001DBB4C,0xA8037BA1,store,1,0,0x001ADACC:sub_1ADACC
0x001ADB88,0x001DBB88,0xA803B7AA,store,2,0,0x001ADACC:sub_1ADACC
0x001ADB90,0x001DBB90,0xA803B21E,load,1,10,0x001ADACC:sub_1ADACC
0x001ADBD0,0x001DBBD0,0xA803B084,load,4,12,0x001ADACC:sub_1ADACC
0x001ADBF0,0x001DBBF0,0xA803B084,store,4,15,0x001ADACC:sub_1ADACC
0x001ADBF4,0x001DBBF4,0xA803B7AA,store,2,0,0x001ADACC:sub_1ADACC
0x001ADC1C,0x001DBC1C,0xA803B0D4,load,4,12,0x001ADACC:sub_1ADACC
0x001ADC30,0x001DBC30,0xA803B0D4,store,4,10,0x001ADACC:sub_1ADACC
0x001ADC7C,0x001DBC7C,0xA803B21E,load,1,12,0x001ADACC:sub_1ADACC
0x001ADC90,0x001DBC90,0xA803B084,load,4,13,0x001ADACC:sub_1ADACC
0x001ADCA0,0x001DBCA0,0xA803B084,store,4,1,0x001ADACC:sub_1ADACC
0x001ADCC0,0x001DBCC0,0xA803B12C,load,4,9,0x001ADACC:sub_1ADACC
0x001ADCF0,0x001DBCF0,0xA8037D2C,load,4,9,0x001ADACC:sub_1ADACC
0x001ADD18,0x001DBD18,0xA803B21E,load,1,24,0x001ADACC:sub_1ADACC
0x001ADD38,0x001DBD38,0xA803B084,load,4,8,0x001ADACC:sub_1ADACC
0x001ADD48,0x001DBD48,0xA803B084,store,4,1,0x001ADACC:sub_1ADACC
0x001ADD70,0x001DBD70,0xA803B0D4,load,4,10,0x001ADACC:sub_1ADACC
0x001ADD84,0x001DBD84,0xA803B0D4,store,4,12,0x001ADACC:sub_1ADACC
0x001ADDA0,0x001DBDA0,0xA8037BDA,store,1,0,0x001ADACC:sub_1ADACC
0x001ADDB0,0x001DBDB0,0xA8037D2C,load,4,9,0x001ADACC:sub_1ADACC
0x001ADDD0,0x001DBDD0,0xA8037D2C,load,4,9,0x001ADACC:sub_1ADACC
0x001ADDF8,0x001DBDF8,0xA803B0D4,load,4,1,0x001ADDF0:sub_1ADDF0
0x001ADE20,0x001DBE20,0xA803B0D4,store,4,1,0x001ADDF0:sub_1ADDF0
0x001ADE2C,0x001DBE2C,0xA803B0D4,load,4,1,0x001ADDF0:sub_1ADDF0
0x001ADEA4,0x001DBEA4,0xA803B09D,load,1,13,0x001ADE9C:sub_1ADE9C
0x001ADED0,0x001DBED0,0xA803C078,store,4,0,0x001ADE9C:sub_1ADE9C
0x001ADED8,0x001DBED8,0xA803C078,load,4,27,0x001ADE9C:sub_1ADE9C
0x001ADEE8,0x001DBEE8,0xA803C078,store,4,12,0x001ADE9C:sub_1ADE9C
0x001ADF18,0x001DBF18,0xA803B223,load,1,25,0x001ADE9C:sub_1ADE9C
0x001ADF3C,0x001DBF3C,0xA8037D2C,load,4,25,0x001ADE9C:sub_1ADE9C
0x001ADF88,0x001DBF88,0xA803C078,load,4,12,0x001ADF58:sub_1ADF58
0x001ADFB8,0x001DBFB8,0xA803C078,load,4,9,0x001ADF58:sub_1ADF58
0x001ADFDC,0x001DBFDC,0xA803B21E,load,1,24,0x001ADF58:sub_1ADF58
0x001AE008,0x001DC008,0xA8037D2C,load,4,9,0x001ADF58:sub_1ADF58
0x001AE054,0x001DC054,0xA8037D2C,load,4,9,0x001ADF58:sub_1ADF58
0x001AE098,0x001DC098,0xA803C078,load,4,24,0x001AE078:sub_1AE078
0x001AE0D4,0x001DC0D4,0xA803C074,load,4,13,0x001AE0A4:sub_1AE0A4
0x001AE120,0x001DC120,0xA803B21E,load,1,8,0x001AE0A4:sub_1AE0A4
0x001AE150,0x001DC150,0xA8037D2C,load,4,9,0x001AE0A4:sub_1AE0A4
0x001AE1E0,0x001DC1E0,0xA803C074,store,4,13,0x001AE1AC:sub_1AE1AC
0x001AE3F4,0x001DC3F4,0xA803B21E,load,1,13,0x001AE3E0:sub_1AE3E0
0x001AE428,0x001DC428,0xA803B21E,load,1,11,0x001AE3E0:sub_1AE3E0
0x001AE460,0x001DC460,0xA8037D2C,load,4,25,0x001AE3E0:sub_1AE3E0
0x001AE4E0,0x001DC4E0,0xA803B21E,load,1,11,0x001AE3E0:sub_1AE3E0
0x001AE570,0x001DC570,0xA803B21E,load,1,13,0x001AE558:sub_1AE558
0x001AE59C,0x001DC59C,0xA8037D2C,load,4,9,0x001AE558:sub_1AE558
0x001AE5D8,0x001DC5D8,0xA803B21E,load,1,13,0x001AE5C0:sub_1AE5C0
0x001AE60C,0x001DC60C,0xA8037D2C,load,4,25,0x001AE5C0:sub_1AE5C0
0x001AE740,0x001DC740,0xA8035239,load,1,8,0x001AE720:sub_1AE720
0x001AE784,0x001DC784,0xA8035238,load,1,25,0x001AE764:sub_1AE764
0x001AE7A4,0x001DC7A4,0xA803B21F,load,1,13,0x001AE79C:sub_1AE79C
0x001AE7E4,0x001DC7E4,0xA8035238,load,1,25,0x001AE79C:sub_1AE79C
0x001AE7F4,0x001DC7F4,0xA8037D2C,load,4,9,0x001AE79C:sub_1AE79C
0x001AE7FC,0x001DC7FC,0xA8035238,load,1,12,0x001AE79C:sub_1AE79C
0x001AE81C,0x001DC81C,0xA803B21F,load,1,13,0x001AE814:sub_1AE814
0x001AE85C,0x001DC85C,0xA8035239,load,1,11,0x001AE814:sub_1AE814
0x001AE878,0x001DC878,0xA8037D2C,load,4,9,0x001AE814:sub_1AE814
0x001AE880,0x001DC880,0xA8035239,load,1,12,0x001AE814:sub_1AE814
0x001AE8B8,0x001DC8B8,0xA803C07C,load,1,16,0x001AE898:sub_1AE898
0x001AE910,0x001DC910,0xA8035239,load,1,11,0x001AE898:sub_1AE898
0x001AE914,0x001DC914,0xA8035238,load,1,10,0x001AE898:sub_1AE898
0x001AE93C,0x001DC93C,0xA8035236,store,1,12,0x001AE930:sub_1AE930
0x001AE940,0x001DC940,0xA8035239,store,1,12,0x001AE930:sub_1AE930
0x001AE94C,0x001DC94C,0xA8035238,store,1,12,0x001AE930:sub_1AE930
0x001AE954,0x001DC954,0xA8035237,store,1,12,0x001AE930:sub_1AE930
0x001AE9B8,0x001DC9B8,0xA8037E14,store,4,8,0x001AE9B0:sub_1AE9B0
0x001AEA18,0x001DCA18,0xA803B21E,load,1,13,0x001AE9BC:sub_1AE9BC
0x001AEA70,0x001DCA70,0xA803B21E,load,1,16,0x001AE9BC:sub_1AE9BC
0x001AEAB0,0x001DCAB0,0xA803B21E,load,1,10,0x001AE9BC:sub_1AE9BC
0x001AEAD8,0x001DCAD8,0xA803B21E,load,1,10,0x001AE9BC:sub_1AE9BC
0x001AEBD0,0x001DCBD0,0xA803B21E,load,1,19,0x001AEB74:sub_1AEB74
0x001AEE40,0x001DCE40,0xA803B21E,load,1,1,0x001AEE04:sub_1AEE04
0x001AEE78,0x001DCE78,0xA803B21E,load,1,9,0x001AEE04:sub_1AEE04
0x001AEED8,0x001DCED8,0xA8037D2C,load,4,9,0x001AEE04:sub_1AEE04
0x001AEF04,0x001DCF04,0xA8037D2C,load,4,9,0x001AEE04:sub_1AEE04
0x001AEFCC,0x001DCFCC,0xA8037D2C,load,4,9,0x001AEE04:sub_1AEE04
0x001AF144,0x001DD144,0xA803B21E,load,1,13,0x001AF11C:sub_1AF11C
0x001AF18C,0x001DD18C,0xA8037D2C,load,4,9,0x001AF11C:sub_1AF11C
0x001AF1E0,0x001DD1E0,0xA8037D2C,load,4,9,0x001AF11C:sub_1AF11C
0x001AF240,0x001DD240,0xA803B21E,load,1,13,0x001AF200:sub_1AF200
0x001AF294,0x001DD294,0xA8037D2C,load,4,9,0x001AF200:sub_1AF200
0x001AF2E8,0x001DD2E8,0xA8037D2C,load,4,9,0x001AF200:sub_1AF200
0x001AF314,0x001DD314,0xA8035278,store,4,8,0x001AF200:sub_1AF200
0x001AF32C,0x001DD32C,0xA803B21E,load,1,24,0x001AF200:sub_1AF200
0x001AF37C,0x001DD37C,0xA8037D2C,load,4,9,0x001AF200:sub_1AF200
0x001AF3D4,0x001DD3D4,0xA8037D2C,load,4,9,0x001AF200:sub_1AF200
0x001AF404,0x001DD404,0xA8037BAB,store,1,10,0x001AF3F0:sub_1AF3F0
0x001AF418,0x001DD418,0xA8035278,store,4,26,0x001AF3F0:sub_1AF3F0
0x001AF430,0x001DD430,0xA803B21E,load,1,13,0x001AF3F0:sub_1AF3F0
0x001AF4C8,0x001DD4C8,0xA8037D2C,load,4,9,0x001AF3F0:sub_1AF3F0
0x001AF50C,0x001DD50C,0xA8037D2C,load,4,9,0x001AF3F0:sub_1AF3F0
0x001AF548,0x001DD548,0xA803B22A,load,1,13,0x001AF538:sub_1AF538
0x001AF568,0x001DD568,0xA8037D2C,load,4,25,0x001AF538:sub_1AF538
0x001AF590,0x001DD590,0xA803B22A,load,1,13,0x001AF580:sub_1AF580
0x001AF5B0,0x001DD5B0,0xA8037D2C,load,4,25,0x001AF580:sub_1AF580
0x001AF5EC,0x001DD5EC,0xA803B22A,load,1,13,0x001AF5C8:sub_1AF5C8
0x001AF610,0x001DD610,0xA8037D2C,load,4,25,0x001AF5C8:sub_1AF5C8
0x001AF6E8,0x001DD6E8,0xA803B22A,load,1,13,0x001AF6D0:sub_1AF6D0
0x001AF710,0x001DD710,0xA8037D2C,load,4,25,0x001AF6D0:sub_1AF6D0
0x001AF754,0x001DD754,0xA803B22A,load,1,10,0x001AF72C:sub_1AF72C
0x001AF808,0x001DD808,0xA8037D2C,load,4,25,0x001AF72C:sub_1AF72C
0x001AF88C,0x001DD88C,0xA8037D2C,load,4,9,0x001AF72C:sub_1AF72C
0x001AFA44,0x001DDA44,0xA803B22A,load,1,9,0x001AF9E4:sub_1AF9E4
0x001AFA64,0x001DDA64,0xA8037D2C,load,4,9,0x001AF9E4:sub_1AF9E4
0x001AFA94,0x001DDA94,0xA803B22A,load,1,13,0x001AF9E4:sub_1AF9E4
0x001AFAA8,0x001DDAA8,0xA8037D2C,load,4,9,0x001AF9E4:sub_1AF9E4
0x001AFAC4,0x001DDAC4,0xA803B22A,load,1,28,0x001AF9E4:sub_1AF9E4
0x001AFAE4,0x001DDAE4,0xA8037D2C,load,4,25,0x001AF9E4:sub_1AF9E4
0x001AFB24,0x001DDB24,0xA8037D2C,load,4,9,0x001AF9E4:sub_1AF9E4
0x001AFB48,0x001DDB48,0xA803B22A,load,1,13,
0x001AFB6C,0x001DDB6C,0xA8037D2C,load,4,9,
0x001AFB90,0x001DDB90,0xA803B22A,load,1,13,
0x001AFBB8,0x001DDBB8,0xA8037D2C,load,4,9,
0x001AFBDC,0x001DDBDC,0xA803B22A,load,1,13,
0x001AFC04,0x001DDC04,0xA8037D2C,load,4,9,
0x001AFC28,0x001DDC28,0xA803B22A,load,1,13,
0x001AFC4C,0x001DDC4C,0xA8037D2C,load,4,9,
0x001AFC98,0x001DDC98,0xA803B22A,load,1,26,0x001AFC68:sub_1AFC68
0x001AFCB8,0x001DDCB8,0xA8037D2C,load,4,25,0x001AFC68:sub_1AFC68
0x001AFD38,0x001DDD38,0xA8037D2C,load,4,9,0x001AFC68:sub_1AFC68
0x001AFDA0,0x001DDDA0,0xA803C08C,load,4,1,0x001AFD98:sub_1AFD98
0x001AFDCC,0x001DDDCC,0xA803C08C,store,4,8,0x001AFDC4:sub_1AFDC4
0x001AFF9C,0x001DDF9C,0xA803B21E,load,1,13,0x001AFF54:sub_1AFF54
0x001AFFC4,0x001DDFC4,0xA8037D2C,load,4,9,0x001AFF54:sub_1AFF54
0x001AFFE8,0x001DDFE8,0xA803B21E,load,1,13,0x001AFF54:sub_1AFF54
0x001B002C,0x001DE02C,0xA803B21E,load,1,13,0x001B0008:sub_1B0008
0x001B0078,0x001DE078,0xA803B21E,load,1,13,0x001B0008:sub_1B0008
0x001B00A4,0x001DE0A4,0xA8037D2C,load,4,9,0x001B0008:sub_1B0008
0x001B00D4,0x001DE0D4,0xA8037D2C,load,4,9,0x001B0008:sub_1B0008
0x001B0100,0x001DE100,0xA803B21E,load,1,13,0x001B0008:sub_1B0008
0x001B0144,0x001DE144,0xA803B21E,load,1,13,0x001B0120:sub_1B0120
0x001B0190,0x001DE190,0xA803B21E,load,1,13,0x001B0120:sub_1B0120
0x001B0254,0x001DE254,0xA8037D2C,load,4,9,0x001B0120:sub_1B0120
0x001B0280,0x001DE280,0xA803B21E,load,1,13,0x001B0120:sub_1B0120
0x001B02EC,0x001DE2EC,0xA803B21E,load,1,13,0x001B02C0:sub_1B02C0
0x001B0328,0x001DE328,0xA8037D2C,load,4,9,0x001B02C0:sub_1B02C0
0x001B0344,0x001DE344,0xA803B21E,load,1,13,0x001B0338:sub_1B0338
0x001B0428,0x001DE428,0xA803B0D4,load,4,9,0x001B0338:sub_1B0338
0x001B0434,0x001DE434,0xA803B0D4,store,4,24,0x001B0338:sub_1B0338
0x001B0488,0x001DE488,0xA8037E18,store,1,8,
0x001B0490,0x001DE490,0xA8037E18,load,1,1,0x001B048C:sub_1B048C
0x001B04A0,0x001DE4A0,0xA8037E18,store,1,13,0x001B048C:sub_1B048C
0x001B04B0,0x001DE4B0,0xA8037E18,load,1,13,0x001B04AC:sub_1B04AC
0x001B04D8,0x001DE4D8,0xA803B084,load,4,13,0x001B04C0:sub_1B04C0
0x001B04E4,0x001DE4E4,0xA803B084,store,4,1,0x001B04C0:sub_1B04C0
0x001B04E8,0x001DE4E8,0xA803B084,load,4,10,0x001B04C0:sub_1B04C0
0x001B04F4,0x001DE4F4,0xA803B084,store,4,9,0x001B04C0:sub_1B04C0
0x001B0524,0x001DE524,0xA803B21E,load,1,13,0x001B0500:sub_1B0500
0x001B0590,0x001DE590,0xA803B21E,load,1,12,0x001B0500:sub_1B0500
0x001B05C8,0x001DE5C8,0xA803B084,load,4,9,0x001B0500:sub_1B0500
0x001B05D4,0x001DE5D4,0xA803B084,store,4,16,0x001B0500:sub_1B0500
0x001B05D8,0x001DE5D8,0xA803B084,load,4,26,0x001B0500:sub_1B0500
0x001B05E4,0x001DE5E4,0xA803B084,store,4,8,0x001B0500:sub_1B0500
0x001B0650,0x001DE650,0xA803C08C,load,4,1,0x001B0500:sub_1B0500
0x001B066C,0x001DE66C,0xA8037BDA,store,1,12,0x001B0500:sub_1B0500
0x001B06BC,0x001DE6BC,0xA803B0D4,load,4,12,0x001B0500:sub_1B0500
0x001B06CC,0x001DE6CC,0xA803B0D4,store,4,25,0x001B0500:sub_1B0500
0x001B07E4,0x001DE7E4,0xA8037D2C,load,4,9,0x001B0500:sub_1B0500
0x001B08A4,0x001DE8A4,0xA803B21E,load,1,13,0x001B0898:sub_1B0898
0x001B08C8,0x001DE8C8,0xA8037D2C,load,4,9,0x001B0898:sub_1B0898
0x001B0914,0x001DE914,0xA8037D2C,load,4,9,0x001B0898:sub_1B0898
0x001B094C,0x001DE94C,0xA8037D2C,load,4,9,0x001B0898:sub_1B0898
0x001B0998,0x001DE998,0xA8037D2C,load,4,25,0x001B0898:sub_1B0898
0x001B09FC,0x001DE9FC,0xA803B21E,load,1,13,0x001B09E8:sub_1B09E8
0x001B0A1C,0x001DEA1C,0xA803C081,load,1,12,0x001B09E8:sub_1B09E8
0x001B0A24,0x001DEA24,0xA8037D2C,load,4,9,0x001B09E8:sub_1B09E8
0x001B0A50,0x001DEA50,0xA8037D2C,load,4,9,0x001B09E8:sub_1B09E8
0x001B0A58,0x001DEA58,0xA803C084,load,1,12,0x001B09E8:sub_1B09E8
0x001B0A88,0x001DEA88,0xA8037D2C,load,4,25,0x001B09E8:sub_1B09E8
0x001B0AA8,0x001DEAA8,0xA803B21E,load,1,13,
0x001B0ACC,0x001DEACC,0xA803B15C,store,4,0,
0x001B0AD4,0x001DEAD4,0xA8037D2C,load,4,9,
0x001B0B4C,0x001DEB4C,0xA803B21E,load,1,13,0x001B0AF0:sub_1B0AF0
0x001B0BFC,0x001DEBFC,0xA8037D2C,load,4,9,0x001B0AF0:sub_1B0AF0
0x001B0C28,0x001DEC28,0xA803B21E,load,1,13,0x001B0AF0:sub_1B0AF0
0x001B0C50,0x001DEC50,0xA8037D2C,load,4,25,0x001B0AF0:sub_1B0AF0
0x001B0CEC,0x001DECEC,0xA803B21E,load,1,13,0x001B0CA0:sub_1B0CA0
0x001B0D08,0x001DED08,0xA803C084,load,1,20,0x001B0CA0:sub_1B0CA0
0x001B0D4C,0x001DED4C,0xA803B21E,load,1,15,0x001B0CA0:sub_1B0CA0
0x001B0E00,0x001DEE00,0xA8037D2C,load,4,9,0x001B0CA0:sub_1B0CA0
0x001B0E1C,0x001DEE1C,0xA803B21E,load,1,22,0x001B0CA0:sub_1B0CA0
0x001B0E48,0x001DEE48,0xA803C080,load,1,24,0x001B0CA0:sub_1B0CA0
0x001B0E50,0x001DEE50,0xA803B12C,load,4,9,0x001B0CA0:sub_1B0CA0
0x001B0E74,0x001DEE74,0xA803B21E,load,1,13,0x001B0CA0:sub_1B0CA0
0x001B0E98,0x001DEE98,0xA8037D2C,load,4,9,0x001B0CA0:sub_1B0CA0
0x001B0ECC,0x001DEECC,0xA803B09D,load,1,8,0x001B0EBC:sub_1B0EBC
0x001B0F64,0x001DEF64,0xA803B21E,load,1,13,0x001B0F18:sub_1B0F18
0x001B0FC0,0x001DEFC0,0xA803B21E,load,1,21,0x001B0F18:sub_1B0F18
0x001B1058,0x001DF058,0xA803B21E,load,1,13,0x001B0F18:sub_1B0F18
0x001B1090,0x001DF090,0xA803C08C,load,4,1,0x001B0F18:sub_1B0F18
0x001B10B0,0x001DF0B0,0xA803B09D,load,1,13,0x001B0F18:sub_1B0F18
0x001B10FC,0x001DF0FC,0xA8037D2C,load,4,9,0x001B0F18:sub_1B0F18
0x001B1150,0x001DF150,0xA803B21E,load,1,20,0x001B0F18:sub_1B0F18
0x001B11A4,0x001DF1A4,0xA803B21E,load,1,21,0x001B0F18:sub_1B0F18
0x001B11D4,0x001DF1D4,0xA803B21E,load,1,17,0x001B0F18:sub_1B0F18
0x001B11E8,0x001DF1E8,0xA803C08C,load,4,1,0x001B0F18:sub_1B0F18
0x001B11F8,0x001DF1F8,0xA803C089,store,1,16,0x001B0F18:sub_1B0F18
0x001B1234,0x001DF234,0xA803B21E,load,1,21,0x001B0F18:sub_1B0F18
0x001B1248,0x001DF248,0xA803C08C,load,4,1,0x001B0F18:sub_1B0F18
0x001B1258,0x001DF258,0xA803C089,store,1,16,0x001B0F18:sub_1B0F18
0x001B1328,0x001DF328,0xA8037D2C,load,4,9,0x001B0F18:sub_1B0F18
0x001B13A8,0x001DF3A8,0xA8037D2C,load,4,9,0x001B0F18:sub_1B0F18
0x001B13CC,0x001DF3CC,0xA8037D2C,load,4,9,0x001B0F18:sub_1B0F18
0x001B143C,0x001DF43C,0xA803B21E,load,1,13,0x001B13F0:sub_1B13F0
0x001B1498,0x001DF498,0xA803B21E,load,1,9,0x001B13F0:sub_1B13F0
0x001B1518,0x001DF518,0xA803B21E,load,1,13,0x001B13F0:sub_1B13F0
0x001B1580,0x001DF580,0xA803B21E,load,1,26,0x001B13F0:sub_1B13F0
0x001B15D8,0x001DF5D8,0xA803B21E,load,1,9,0x001B13F0:sub_1B13F0
0x001B15FC,0x001DF5FC,0xA8037D2C,load,4,25,0x001B13F0:sub_1B13F0
0x001B1620,0x001DF620,0xA8035280,load,4,8,0x001B1618:sub_1B1618
0x001B163C,0x001DF63C,0xA803B21E,load,1,13,0x001B1624:sub_1B1624
0x001B1664,0x001DF664,0xA8037D2C,load,4,25,0x001B1624:sub_1B1624
0x001B16C8,0x001DF6C8,0xA803B21E,load,1,13,0x001B167C:sub_1B167C
0x001B1724,0x001DF724,0xA803B21E,load,1,10,0x001B167C:sub_1B167C
0x001B1750,0x001DF750,0xA803C085,load,1,15,0x001B167C:sub_1B167C
0x001B17C0,0x001DF7C0,0xA803B21E,load,1,13,0x001B167C:sub_1B167C
0x001B17DC,0x001DF7DC,0xA8037D2C,load,4,9,0x001B167C:sub_1B167C
0x001B1810,0x001DF810,0xA803B21E,load,1,10,0x001B167C:sub_1B167C
0x001B185C,0x001DF85C,0xA803B21E,load,1,24,0x001B167C:sub_1B167C
0x001B1914,0x001DF914,0xA8037D2C,load,4,9,0x001B167C:sub_1B167C
0x001B197C,0x001DF97C,0xA803C086,store,1,8,0x001B1934:sub_1B1934
0x001B1980,0x001DF980,0xA803C088,store,1,8,0x001B1934:sub_1B1934
0x001B1984,0x001DF984,0xA803C087,store,1,0,0x001B1934:sub_1B1934
0x001B1988,0x001DF988,0xA803C085,store,1,0,0x001B1934:sub_1B1934
0x001B1990,0x001DF990,0xA803C089,store,1,0,0x001B1934:sub_1B1934
0x001B199C,0x001DF99C,0xA803C087,load,1,1,0x001B1934:sub_1B1934
0x001B19E4,0x001DF9E4,0xA803B21E,load,1,29,0x001B1934:sub_1B1934
0x001B1A0C,0x001DFA0C,0xA803B15C,store,4,17,0x001B1934:sub_1B1934
0x001B1A10,0x001DFA10,0xA803B15C,load,4,16,0x001B1934:sub_1B1934
0x001B1A60,0x001DFA60,0xA803B21E,load,1,11,0x001B1934:sub_1B1934
0x001B1A88,0x001DFA88,0xA8037D2C,load,4,25,0x001B1934:sub_1B1934
0x001B1AC8,0x001DFAC8,0xA8037D2C,load,4,9,0x001B1934:sub_1B1934
0x001B1B08,0x001DFB08,0xA803B21E,load,1,13,0x001B1934:sub_1B1934
0x001B1B94,0x001DFB94,0xA803B15C,load,4,16,0x001B1934:sub_1B1934
0x001B1BA8,0x001DFBA8,0xA803B15C,load,4,16,0x001B1934:sub_1B1934
0x001B1BBC,0x001DFBBC,0xA803B15C,store,4,26,0x001B1934:sub_1B1934
0x001B1C14,0x001DFC14,0xA803B21E,load,1,13,0x001B1934:sub_1B1934
0x001B1CB8,0x001DFCB8,0xA8037D2C,load,4,25,0x001B1934:sub_1B1934
0x001B1CD4,0x001DFCD4,0xA8037D2C,load,4,9,0x001B1934:sub_1B1934
0x001B1D3C,0x001DFD3C,0xA803B21E,load,1,12,0x001B1934:sub_1B1934
0x001B1D4C,0x001DFD4C,0xA8035280,store,4,11,0x001B1934:sub_1B1934
0x001B1D64,0x001DFD64,0xA8037E18,store,1,25,0x001B1934:sub_1B1934
0x001B1D70,0x001DFD70,0xA8037D2C,load,4,9,0x001B1934:sub_1B1934
0x001B1E80,0x001DFE80,0xA803B21E,load,1,28,0x001B1934:sub_1B1934
0x001B1E9C,0x001DFE9C,0xA8037D2C,load,4,25,0x001B1934:sub_1B1934
0x001B1EC8,0x001DFEC8,0xA8037D2C,load,4,9,0x001B1934:sub_1B1934
0x001B1EE4,0x001DFEE4,0xA803B21E,load,1,18,0x001B1934:sub_1B1934
0x001B1F08,0x001DFF08,0xA8037D2C,load,4,25,0x001B1934:sub_1B1934
0x001B1F68,0x001DFF68,0xA803B21E,load,1,13,0x001B1934:sub_1B1934
0x001B2090,0x001E0090,0xA803C080,load,1,29,0x001B1934:sub_1B1934
0x001B2134,0x001E0134,0xA8037D2C,load,4,9,0x001B1934:sub_1B1934
0x001B2164,0x001E0164,0xA8037D2C,load,4,9,0x001B1934:sub_1B1934
0x001B21A4,0x001E01A4,0xA8037D2C,load,4,25,0x001B1934:sub_1B1934
0x001B21E4,0x001E01E4,0xA803C080,load,1,29,0x001B1934:sub_1B1934
0x001B21F4,0x001E01F4,0xA8037D2C,load,4,9,0x001B1934:sub_1B1934
0x001B2220,0x001E0220,0xA8037D2C,load,4,9,0x001B1934:sub_1B1934
0x001B2280,0x001E0280,0xA803B21E,load,1,13,0x001B2254:sub_1B2254
0x001B2300,0x001E0300,0xA8037D2C,load,4,9,0x001B2254:sub_1B2254
0x001B23B4,0x001E03B4,0xA803B228,load,1,13,0x001B23A0:sub_1B23A0
0x001B24F0,0x001E04F0,0xA803B228,load,1,13,0x001B24E4:sub_1B24E4
0x001B2624,0x001E0624,0xA8037D2C,load,4,9,0x001B24E4:sub_1B24E4
0x001B2660,0x001E0660,0xA803B084,load,4,11,0x001B2648:sub_1B2648
0x001B2670,0x001E0670,0xA803B0D4,load,4,15,0x001B2648:sub_1B2648
0x001B2680,0x001E0680,0xA803B0BE,load,1,11,0x001B2648:sub_1B2648
0x001B2684,0x001E0684,0xA803B084,store,4,12,0x001B2648:sub_1B2648
0x001B2690,0x001E0690,0xA803B0D4,store,4,13,0x001B2648:sub_1B2648
0x001B2780,0x001E0780,0xA8037E20,load,1,1,0x001B2770:sub_1B2770
0x001B2790,0x001E0790,0xA803B21E,load,1,13,0x001B2770:sub_1B2770
0x001B279C,0x001E079C,0xA8037E20,store,1,0,0x001B2770:sub_1B2770
0x001B27AC,0x001E07AC,0xA8037D2C,load,4,9,0x001B2770:sub_1B2770
0x001B27E8,0x001E07E8,0xA8037E21,load,1,1,0x001B2770:sub_1B2770
0x001B27F8,0x001E07F8,0xA803B21E,load,1,8,0x001B2770:sub_1B2770
0x001B2804,0x001E0804,0xA8037E21,store,1,0,0x001B2770:sub_1B2770
0x001B2814,0x001E0814,0xA8037D2C,load,4,9,0x001B2770:sub_1B2770
0x001B2840,0x001E0840,0xA803B21E,load,1,8,0x001B2770:sub_1B2770
0x001B285C,0x001E085C,0xA8037D2C,load,4,9,0x001B2770:sub_1B2770
0x001B2898,0x001E0898,0xA803B21E,load,1,13,0x001B2884:sub_1B2884
0x001B28AC,0x001E08AC,0xA8037E20,load,1,24,0x001B2884:sub_1B2884
0x001B28CC,0x001E08CC,0xA8037D2C,load,4,9,0x001B2884:sub_1B2884
0x001B28F8,0x001E08F8,0xA803B21E,load,1,9,0x001B2884:sub_1B2884
0x001B2910,0x001E0910,0xA8037E21,load,1,24,0x001B2884:sub_1B2884
0x001B292C,0x001E092C,0xA8037E22,load,1,24,0x001B2884:sub_1B2884
0x001B2948,0x001E0948,0xA8037D2C,load,4,9,0x001B2884:sub_1B2884
0x001B297C,0x001E097C,0xA8037D2C,load,4,9,0x001B2884:sub_1B2884
0x001B29B0,0x001E09B0,0xA803B21E,load,1,13,0x001B299C:sub_1B299C
0x001B29C8,0x001E09C8,0xA8037E20,store,1,12,0x001B299C:sub_1B299C
0x001B29E0,0x001E09E0,0xA803B21E,load,1,24,0x001B299C:sub_1B299C
0x001B29E8,0x001E09E8,0xA8037D2C,load,4,9,0x001B299C:sub_1B299C
0x001B2A10,0x001E0A10,0xA8037E20,store,1,12,0x001B299C:sub_1B299C
0x001B2A18,0x001E0A18,0xA803B21E,load,1,15,0x001B299C:sub_1B299C
0x001B2A2C,0x001E0A2C,0xA8037E21,store,1,24,0x001B299C:sub_1B299C
0x001B2A48,0x001E0A48,0xA8037E22,store,1,10,0x001B299C:sub_1B299C
0x001B2A58,0x001E0A58,0xA8037D2C,load,4,9,0x001B299C:sub_1B299C
0x001B2A74,0x001E0A74,0xA8037E21,store,1,24,0x001B299C:sub_1B299C
0x001B2A84,0x001E0A84,0xA8037D2C,load,4,9,0x001B299C:sub_1B299C
0x001B2ABC,0x001E0ABC,0xA803B084,load,4,8,0x001B2AA4:sub_1B2AA4
0x001B2AC8,0x001E0AC8,0xA803B084,store,4,13,0x001B2AA4:sub_1B2AA4
0x001B2B54,0x001E0B54,0xA8037E28,store,4,8,0x001B2B4C:sub_1B2B4C
0x001B2C2C,0x001E0C2C,0xA8037BAB,store,1,10,0x001B2BF4:sub_1B2BF4
0x001B2FD4,0x001E0FD4,0xA803B21E,load,1,11,0x001B2EE8:sub_1B2EE8
0x001B3080,0x001E1080,0xA803B228,load,1,13,
0x001B3104,0x001E1104,0xA8037D2C,load,4,9,
0x001B3138,0x001E1138,0xA803B228,load,1,13,0x001B312C:sub_1B312C
0x001B3154,0x001E1154,0xA803B0BE,load,1,9,0x001B312C:sub_1B312C
0x001B32A0,0x001E12A0,0xA8037D2C,load,4,9,0x001B312C:sub_1B312C
0x001B331C,0x001E131C,0xA8037D2C,load,4,9,0x001B312C:sub_1B312C
0x001B34FC,0x001E14FC,0xA8037E2C,load,4,9,0x001B34F8:sub_1B34F8
0x001B351C,0x001E151C,0xA8039570,load,4,1,0x001B34F8:sub_1B34F8
0x001B3520,0x001E1520,0xA80395A4,load,4,13,0x001B34F8:sub_1B34F8
0x001B3528,0x001E1528,0xA8037E2C,store,4,11,0x001B34F8:sub_1B34F8
0x001B3628,0x001E1628,0xA8037E2C,load,4,25,0x001B3610:sub_1B3610
0x001B3664,0x001E1664,0xA8039570,load,4,1,0x001B3610:sub_1B3610
0x001B3668,0x001E1668,0xA80395A4,load,4,29,0x001B3610:sub_1B3610
0x001B3694,0x001E1694,0xA8039570,load,4,29,0x001B3610:sub_1B3610
0x001B36A8,0x001E16A8,0xA80395A4,load,4,24,0x001B3610:sub_1B3610
0x001B3790,0x001E1790,0xA8039570,load,4,12,0x001B3784:sub_1B3784
0x001B3794,0x001E1794,0xA80395A4,load,4,9,0x001B3784:sub_1B3784
0x001B3804,0x001E1804,0xA803B21E,load,1,15,0x001B3784:sub_1B3784
0x001B38BC,0x001E18BC,0xA8039570,load,4,17,0x001B38B0:sub_1B38B0
0x001B38C4,0x001E18C4,0xA80395A4,load,4,16,0x001B38B0:sub_1B38B0
0x001B3974,0x001E1974,0xA803B21E,load,1,15,0x001B38B0:sub_1B38B0
0x001B39B8,0x001E19B8,0xA8037D2C,load,4,9,0x001B38B0:sub_1B38B0
0x001B3A68,0x001E1A68,0xA8037E2C,load,4,25,0x001B3A4C:sub_1B3A4C
0x001B3AA4,0x001E1AA4,0xA8039570,load,4,1,0x001B3A4C:sub_1B3A4C
0x001B3AA8,0x001E1AA8,0xA80395A4,load,4,29,0x001B3A4C:sub_1B3A4C
0x001B3AD4,0x001E1AD4,0xA8039570,load,4,29,0x001B3A4C:sub_1B3A4C
0x001B3AF0,0x001E1AF0,0xA8037E2C,load,4,27,0x001B3A4C:sub_1B3A4C
0x001B3B08,0x001E1B08,0xA8039570,load,4,1,0x001B3A4C:sub_1B3A4C
0x001B3B0C,0x001E1B0C,0xA80395A4,load,4,29,0x001B3A4C:sub_1B3A4C
0x001B3B14,0x001E1B14,0xA8037E2C,store,4,28,0x001B3A4C:sub_1B3A4C
0x001B3B20,0x001E1B20,0xA8037E2C,load,4,28,0x001B3A4C:sub_1B3A4C
0x001B3B9C,0x001E1B9C,0xA8039570,load,4,1,0x001B3A4C:sub_1B3A4C
0x001B3BA0,0x001E1BA0,0xA80395A4,load,4,29,0x001B3A4C:sub_1B3A4C
0x001B3BD8,0x001E1BD8,0xA80395A4,load,4,13,0x001B3A4C:sub_1B3A4C
0x001B3E10,0x001E1E10,0xA8039570,load,4,12,0x001B3E04:sub_1B3E04
0x001B3E14,0x001E1E14,0xA80395A4,load,4,1,0x001B3E04:sub_1B3E04
0x001B3E30,0x001E1E30,0xA80395A4,load,4,15,0x001B3E04:sub_1B3E04
0x001B3E34,0x001E1E34,0xA8039578,load,4,11,0x001B3E04:sub_1B3E04
0x001B3E38,0x001E1E38,0xA8039574,load,4,1,0x001B3E04:sub_1B3E04
0x001B3FA0,0x001E1FA0,0xA8039570,load,4,12,
0x001B3FA4,0x001E1FA4,0xA803958C,load,4,8,
0x001B3FB4,0x001E1FB4,0xA8037E30,load,4,9,0x001B3FB0:sub_1B3FB0
0x001B3FD0,0x001E1FD0,0xA8039570,load,4,1,0x001B3FB0:sub_1B3FB0
0x001B3FD4,0x001E1FD4,0xA803958C,load,4,13,0x001B3FB0:sub_1B3FB0
0x001B3FDC,0x001E1FDC,0xA8037E30,store,4,11,0x001B3FB0:sub_1B3FB0
0x001B42B4,0x001E22B4,0xA8039570,load,4,11,0x001B4280:sub_1B4280
0x001B42C4,0x001E22C4,0xA803958C,load,4,24,0x001B4280:sub_1B4280
0x001B42EC,0x001E22EC,0xA8039570,load,4,12,0x001B42D0:sub_1B42D0
0x001B42F0,0x001E22F0,0xA803958C,load,4,9,0x001B42D0:sub_1B42D0
0x001B4360,0x001E2360,0xA803B21E,load,1,15,0x001B42D0:sub_1B42D0
0x001B4418,0x001E2418,0xA8039570,load,4,17,0x001B440C:sub_1B440C
0x001B4420,0x001E2420,0xA803958C,load,4,16,0x001B440C:sub_1B440C
0x001B44D0,0x001E24D0,0xA803B21E,load,1,15,0x001B440C:sub_1B440C
0x001B4514,0x001E2514,0xA8037D2C,load,4,9,0x001B440C:sub_1B440C
0x001B45DC,0x001E25DC,0xA8039570,load,4,11,0x001B45A8:sub_1B45A8
0x001B4634,0x001E2634,0xA803958C,load,4,17,0x001B45A8:sub_1B45A8
0x001B4644,0x001E2644,0xA8037E30,load,4,9,0x001B45A8:sub_1B45A8
0x001B46B4,0x001E26B4,0xA8039570,load,4,12,0x001B46A8:sub_1B46A8
0x001B46B8,0x001E26B8,0xA803958C,load,4,1,0x001B46A8:sub_1B46A8
0x001B46D4,0x001E26D4,0xA803958C,load,4,15,0x001B46A8:sub_1B46A8
0x001B46D8,0x001E26D8,0xA8039578,load,4,11,0x001B46A8:sub_1B46A8
0x001B46DC,0x001E26DC,0xA8039574,load,4,1,0x001B46A8:sub_1B46A8
0x001B4794,0x001E2794,0xA803B21E,load,1,13,0x001B477C:sub_1B477C
0x001B47B0,0x001E27B0,0xA8039584,load,4,17,0x001B477C:sub_1B477C
0x001B47B8,0x001E27B8,0xA8039570,load,4,9,0x001B477C:sub_1B477C
0x001B47C8,0x001E27C8,0xA8039578,load,4,13,0x001B477C:sub_1B477C
0x001B485C,0x001E285C,0xA8037D2C,load,4,9,0x001B477C:sub_1B477C
0x001B48A4,0x001E28A4,0xA8039584,load,4,25,0x001B4870:sub_1B4870
0x001B48B0,0x001E28B0,0xA8039570,load,4,12,0x001B4870:sub_1B4870
0x001B48FC,0x001E28FC,0xA8039584,load,4,1,0x001B48C0:sub_1B48C0
0x001B4908,0x001E2908,0xA8039570,load,4,8,0x001B48C0:sub_1B48C0
0x001B492C,0x001E292C,0xA8039584,load,4,10,0x001B4918:sub_1B4918
0x001B493C,0x001E293C,0xA8039570,load,4,16,0x001B4918:sub_1B4918
0x001B494C,0x001E294C,0xA8039584,load,4,20,0x001B4918:sub_1B4918
0x001B4958,0x001E2958,0xA8039570,load,4,18,0x001B4918:sub_1B4918
0x001B4BC0,0x001E2BC0,0xA8039584,load,4,10,0x001B4BAC:sub_1B4BAC
0x001B4BD0,0x001E2BD0,0xA8039570,load,4,16,0x001B4BAC:sub_1B4BAC
0x001B4BE0,0x001E2BE0,0xA8039584,load,4,20,0x001B4BAC:sub_1B4BAC
0x001B4BEC,0x001E2BEC,0xA8039570,load,4,18,0x001B4BAC:sub_1B4BAC
0x001B4E4C,0x001E2E4C,0xA8039570,load,4,17,0x001B4E40:sub_1B4E40
0x001B4E54,0x001E2E54,0xA8039584,load,4,16,0x001B4E40:sub_1B4E40
0x001B4ED0,0x001E2ED0,0xA803B21E,load,1,15,0x001B4E40:sub_1B4E40
0x001B4F80,0x001E2F80,0xA8037D2C,load,4,9,0x001B4E40:sub_1B4E40
0x001B4FD0,0x001E2FD0,0xA8039584,load,4,26,0x001B4FA8:sub_1B4FA8
0x001B4FF8,0x001E2FF8,0xA8039588,load,4,15,0x001B4FA8:sub_1B4FA8
0x001B507C,0x001E307C,0xA8037D2C,load,4,9,0x001B4FA8:sub_1B4FA8
0x001B50A8,0x001E30A8,0xA8037D2C,load,4,9,0x001B4FA8:sub_1B4FA8
0x001B50DC,0x001E30DC,0xA8037D2C,load,4,25,0x001B4FA8:sub_1B4FA8
0x001B5104,0x001E3104,0xA8039584,load,4,10,0x001B50F8:sub_1B50F8
0x001B5108,0x001E3108,0xA8039570,load,4,21,0x001B50F8:sub_1B50F8
0x001B5500,0x001E3500,0xA803957C,load,4,8,0x001B54E8:sub_1B54E8
0x001B5514,0x001E3514,0xA803B21E,load,1,13,
0x001B5518,0x001E3518,0xA803957C,load,4,17,
0x001B551C,0x001E351C,0xA8039570,load,4,12,
0x001B553C,0x001E353C,0xA8039570,load,4,13,
0x001B554C,0x001E354C,0xA8039578,load,4,21,
0x001B5590,0x001E3590,0xA8037D2C,load,4,9,
0x001B55B8,0x001E35B8,0xA803957C,load,4,12,0x001B55AC:sub_1B55AC
0x001B55C0,0x001E35C0,0xA8039578,load,4,1,0x001B55AC:sub_1B55AC
0x001B55D8,0x001E35D8,0xA8039578,load,4,1,0x001B55AC:sub_1B55AC
0x001B55F0,0x001E35F0,0xA8039570,load,4,13,0x001B55E4:sub_1B55E4
0x001B55F4,0x001E35F4,0xA803957C,load,4,1,0x001B55E4:sub_1B55E4
0x001B5608,0x001E3608,0xA803957C,load,4,12,0x001B55E4:sub_1B55E4
0x001B5610,0x001E3610,0xA8039578,load,4,10,0x001B55E4:sub_1B55E4
0x001B5628,0x001E3628,0xA8039578,load,4,10,0x001B55E4:sub_1B55E4
0x001B5690,0x001E3690,0xA803B21E,load,1,12,0x001B55E4:sub_1B55E4
0x001B56C4,0x001E36C4,0xA8039578,load,4,8,0x001B55E4:sub_1B55E4
0x001B570C,0x001E370C,0xA8037D2C,load,4,9,0x001B55E4:sub_1B55E4
0x001B574C,0x001E374C,0xA8039570,load,4,11,0x001B572C:sub_1B572C
0x001B5750,0x001E3750,0xA803957C,load,4,9,0x001B572C:sub_1B572C
0x001B5D38,0x001E3D38,0xA8039570,load,4,10,0x001B5CE4:sub_1B5CE4
0x001B5D50,0x001E3D50,0xA803957C,load,4,1,0x001B5D48:sub_1B5D48
0x001B5D64,0x001E3D64,0xA8039578,load,4,1,0x001B5D48:sub_1B5D48
0x001B5D7C,0x001E3D7C,0xA8039578,load,4,1,0x001B5D48:sub_1B5D48
0x001B5D9C,0x001E3D9C,0xA8039580,load,4,13,0x001B5D88:sub_1B5D88
0x001B5DA0,0x001E3DA0,0xA803957C,load,4,24,0x001B5D88:sub_1B5D88
0x001B5DC4,0x001E3DC4,0xA803B21E,load,1,9,0x001B5D88:sub_1B5D88
0x001B5DFC,0x001E3DFC,0xA8037D2C,load,4,9,0x001B5D88:sub_1B5D88
0x001B5E28,0x001E3E28,0xA8037D2C,load,4,9,0x001B5D88:sub_1B5D88
0x001B5E5C,0x001E3E5C,0xA8037D2C,load,4,25,0x001B5D88:sub_1B5D88
0x001B5E84,0x001E3E84,0xA803957C,load,4,1,0x001B5E78:sub_1B5E78
0x001B5E9C,0x001E3E9C,0xA8039574,load,4,28,0x001B5E78:sub_1B5E78
0x001B5EA0,0x001E3EA0,0xA8039570,load,4,29,0x001B5E78:sub_1B5E78
0x001B5EC0,0x001E3EC0,0xA8039574,load,4,28,0x001B5E78:sub_1B5E78
0x001B5F08,0x001E3F08,0xA8039570,load,4,10,0x001B5ECC:sub_1B5ECC
0x001B5F40,0x001E3F40,0xA803B225,load,1,8,0x001B5ECC:sub_1B5ECC
0x001B5F64,0x001E3F64,0xA8037D2C,load,4,25,0x001B5ECC:sub_1B5ECC
0x001B5F84,0x001E3F84,0xA8039598,load,4,9,0x001B5F80:sub_1B5F80
0x001B5F88,0x001E3F88,0xA8039594,load,4,8,0x001B5F88:sub_1B5F88
0x001B5FAC,0x001E3FAC,0xA803957C,load,4,16,0x001B5FA0:sub_1B5FA0
0x001B5FB0,0x001E3FB0,0xA8039570,load,4,17,0x001B5FA0:sub_1B5FA0
0x001B5FC0,0x001E3FC0,0xA8039580,load,4,10,0x001B5FA0:sub_1B5FA0
0x001B5FCC,0x001E3FCC,0xA803957C,load,4,1,0x001B5FA0:sub_1B5FA0
0x001B60E0,0x001E40E0,0xA8039570,load,4,8,0x001B5FA0:sub_1B5FA0
0x001B6114,0x001E4114,0xA8039570,load,4,11,0x001B5FA0:sub_1B5FA0
0x001B61A0,0x001E41A0,0xA803B0E6,store,1,8,0x001B6178:sub_1B6178
0x001B61AC,0x001E41AC,0xA803B0E6,load,1,8,
0x001B6390,0x001E4390,0xA803AFEC,store,4,8,0x001B62D0:sub_1B62D0
0x001B63AC,0x001E43AC,0xA803B0C8,store,1,15,0x001B62D0:sub_1B62D0
0x001B63B4,0x001E43B4,0xA803B0F5,load,1,8,0x001B62D0:sub_1B62D0
0x001B6494,0x001E4494,0xA803B0F5,load,1,8,0x001B62D0:sub_1B62D0
0x001B6510,0x001E4510,0xA803B0E6,load,1,24,0x001B6500:sub_1B6500
0x001B6514,0x001E4514,0xA803B0E6,store,1,8,0x001B6500:sub_1B6500
0x001B6534,0x001E4534,0xA803B0E6,store,1,24,0x001B6500:sub_1B6500
0x001B6584,0x001E4584,0xA803AFEC,store,4,8,0x001B6544:sub_1B6544
0x001B6620,0x001E4620,0xA803B0E6,store,1,16,0x001B6610:sub_1B6610
0x001B6648,0x001E4648,0xA803B0E6,store,1,16,0x001B6610:sub_1B6610
0x001B6668,0x001E4668,0xA803B0E6,store,1,16,0x001B6654:sub_1B6654
0x001B6690,0x001E4690,0xA803B0E6,store,1,16,0x001B6654:sub_1B6654
0x001B66DC,0x001E46DC,0xA803B0E6,store,1,16,0x001B66C8:sub_1B66C8
0x001B6704,0x001E4704,0xA803B0E6,store,1,16,0x001B66C8:sub_1B66C8
0x001B67B4,0x001E47B4,0xA803B0E6,store,1,16,0x001B679C:sub_1B679C
0x001B67DC,0x001E47DC,0xA803B0E6,store,1,16,0x001B679C:sub_1B679C
0x001B68BC,0x001E48BC,0xA803B0E6,store,1,24,0x001B679C:sub_1B679C
0x001B68E4,0x001E48E4,0xA803B0E6,store,1,24,0x001B679C:sub_1B679C
0x001B6AD0,0x001E4AD0,0xA803B098,load,4,13,
0x001B6D38,0x001E4D38,0xA803B08A,load,1,8,0x001B6D30:sub_1B6D30
0x001B6D98,0x001E4D98,0xA803B0AC,store,4,27,0x001B6D30:sub_1B6D30
0x001B7048,0x001E5048,0xA803B09D,load,1,1,0x001B702C:sub_1B702C
0x001B7090,0x001E5090,0xA803B0AC,store,4,28,0x001B702C:sub_1B702C
0x001B70A4,0x001E50A4,0xA803AFEC,store,4,10,0x001B702C:sub_1B702C
0x001B70AC,0x001E50AC,0xA803B0AC,load,4,12,0x001B702C:sub_1B702C
0x001B71D8,0x001E51D8,0xA803AFEC,store,4,1,0x001B702C:sub_1B702C
0x001B7200,0x001E5200,0xA803AFEC,store,4,13,0x001B702C:sub_1B702C
0x001B73E0,0x001E53E0,0xA8037BA2,load,1,24,0x001B731C:sub_1B731C
0x001B74DC,0x001E54DC,0xA8037BA2,load,1,13,0x001B731C:sub_1B731C
0x001B7554,0x001E5554,0xA8037BA2,load,1,26,0x001B731C:sub_1B731C
0x001B7634,0x001E5634,0xA8037BA2,load,1,9,0x001B731C:sub_1B731C
0x001B76AC,0x001E56AC,0xA8037BA2,load,1,16,0x001B731C:sub_1B731C
0x001B7754,0x001E5754,0xA8037BA5,store,1,19,0x001B731C:sub_1B731C
0x001B78A8,0x001E58A8,0xA803B09C,store,1,0,0x001B7884:sub_1B7884
0x001B78F8,0x001E58F8,0xA803B0F5,load,1,19,0x001B7884:sub_1B7884
0x001B7A30,0x001E5A30,0xA803B0F5,load,1,21,0x001B7884:sub_1B7884
0x001B7A80,0x001E5A80,0xA803B09D,load,1,8,0x001B7884:sub_1B7884
0x001B7AA8,0x001E5AA8,0xA803B08B,load,1,8,0x001B7884:sub_1B7884
0x001B7AD8,0x001E5AD8,0xA803B08B,load,1,8,0x001B7884:sub_1B7884
0x001B7B20,0x001E5B20,0xA803B09C,load,1,8,0x001B7884:sub_1B7884
0x001B7B40,0x001E5B40,0xA803B09C,load,1,9,0x001B7884:sub_1B7884
0x001B7C40,0x001E5C40,0xA803B09D,load,1,13,0x001B7884:sub_1B7884
0x001B7C78,0x001E5C78,0xA803B09C,store,1,9,0x001B7884:sub_1B7884
0x001B7C7C,0x001E5C7C,0xA803B09C,load,1,15,0x001B7884:sub_1B7884
0x001B7E14,0x001E5E14,0xA803B09D,store,1,24,0x001B7E04:sub_1B7E04
0x001B7E2C,0x001E5E2C,0xA803B220,load,1,13,0x001B7E04:sub_1B7E04
0x001B7E4C,0x001E5E4C,0xA803B09D,load,1,26,0x001B7E04:sub_1B7E04
0x001B7E60,0x001E5E60,0xA803B0B0,store,1,0,0x001B7E04:sub_1B7E04
0x001B7EC4,0x001E5EC4,0xA8037D2C,load,4,9,0x001B7E04:sub_1B7E04
0x001B806C,0x001E606C,0xA803B0B2,load,1,13,0x001B7E04:sub_1B7E04
0x001B8080,0x001E6080,0xA803B0E0,load,4,25,0x001B7E04:sub_1B7E04
0x001B8084,0x001E6084,0xA803B0E8,load,4,27,0x001B7E04:sub_1B7E04
0x001B8150,0x001E6150,0xA803B057,load,1,10,0x001B7E04:sub_1B7E04
0x001B81EC,0x001E61EC,0xA803B0ED,load,1,27,0x001B7E04:sub_1B7E04
0x001B8210,0x001E6210,0xA803B0E0,load,4,1,0x001B7E04:sub_1B7E04
0x001B8240,0x001E6240,0xA803B0E8,load,4,13,0x001B7E04:sub_1B7E04
0x001B8488,0x001E6488,0xA803B08A,load,1,8,0x001B7E04:sub_1B7E04
0x001B8578,0x001E6578,0xA803B0A0,load,1,1,0x001B8570:sub_1B8570
0x001B85F4,0x001E65F4,0xA803B0CA,store,1,13,0x001B8570:sub_1B8570
0x001B8650,0x001E6650,0xA803B0A0,load,1,1,0x001B8620:sub_1B8620
0x001B86CC,0x001E66CC,0xA803B0CA,store,1,13,0x001B8620:sub_1B8620
0x001B8948,0x001E6948,0xA803B09C,store,1,0,0x001B8750:sub_1B8750
0x001B8A80,0x001E6A80,0xA80347F0,load,1,11,0x001B8750:sub_1B8750
0x001B8AA0,0x001E6AA0,0xA803B09C,store,1,1,0x001B8750:sub_1B8750
0x001B8BC8,0x001E6BC8,0xA803AFEC,load,4,8,0x001B8B88:sub_1B8B88
0x001B8D90,0x001E6D90,0xA803B0D0,load,4,8,0x001B8D68:sub_1B8D68
0x001B8DA0,0x001E6DA0,0xA803AFEC,load,4,8,0x001B8D68:sub_1B8D68
0x001B8DCC,0x001E6DCC,0xA803B09C,store,1,0,0x001B8D68:sub_1B8D68
0x001B8DD0,0x001E6DD0,0xA803AFEC,load,4,25,0x001B8D68:sub_1B8D68
0x001B8DF4,0x001E6DF4,0xA803B09C,load,1,16,0x001B8D68:sub_1B8D68
0x001B8FBC,0x001E6FBC,0xA80347F0,load,1,11,0x001B8D68:sub_1B8D68
0x001B8FDC,0x001E6FDC,0xA803B09C,store,1,10,0x001B8D68:sub_1B8D68
0x001B8FE4,0x001E6FE4,0xA803B09C,load,1,9,0x001B8D68:sub_1B8D68
0x001B9174,0x001E7174,0xA803AFEC,load,4,8,0x001B9168:sub_1B9168
0x001B919C,0x001E719C,0xA803B09C,store,1,0,0x001B9168:sub_1B9168
0x001B9358,0x001E7358,0xA80347F0,load,1,11,0x001B9168:sub_1B9168
0x001B9378,0x001E7378,0xA803B09C,store,1,9,0x001B9168:sub_1B9168
0x001B9380,0x001E7380,0xA803B09C,load,1,9,0x001B9168:sub_1B9168
0x001B94A8,0x001E74A8,0xA803B09C,store,1,0,0x001B9490:sub_1B9490
0x001B94D4,0x001E74D4,0xA803B09C,load,1,15,0x001B9490:sub_1B9490
0x001B96C8,0x001E76C8,0xA803B0D0,store,4,12,0x001B9490:sub_1B9490
0x001B96CC,0x001E76CC,0xA803AFEC,store,4,12,0x001B9490:sub_1B9490
0x001B9720,0x001E7720,0xA80347F0,load,1,11,0x001B9490:sub_1B9490
0x001B9740,0x001E7740,0xA803B09C,store,1,1,0x001B9490:sub_1B9490
0x001B9C70,0x001E7C70,0xA803B0D0,store,4,8,0x001B9490:sub_1B9490
0x001B9C78,0x001E7C78,0xA803AFEC,store,4,8,0x001B9490:sub_1B9490
0x001BA16C,0x001E816C,0xA803AFEC,store,4,13,0x001B9490:sub_1B9490
0x001BA190,0x001E8190,0xA803AFFA,load,1,24,0x001B9490:sub_1B9490
0x001BA1B0,0x001E81B0,0xA803AFEC,store,4,1,0x001B9490:sub_1B9490
0x001BA1C8,0x001E81C8,0xA803AFF5,load,1,15,0x001B9490:sub_1B9490
0x001BA1EC,0x001E81EC,0xA803AFEC,store,4,12,0x001B9490:sub_1B9490
0x001BA1F4,0x001E81F4,0xA803B022,load,1,11,0x001B9490:sub_1B9490
0x001BA20C,0x001E820C,0xA803B051,load,1,17,0x001B9490:sub_1B9490
0x001BA238,0x001E8238,0xA803B053,load,1,10,0x001B9490:sub_1B9490
0x001BA250,0x001E8250,0xA803B004,load,1,15,0x001B9490:sub_1B9490
0x001BA278,0x001E8278,0xA803AFEC,store,4,0,0x001B9490:sub_1B9490
0x001BA284,0x001E8284,0xA803AC53,load,1,27,0x001B9490:sub_1B9490
0x001BA2B0,0x001E82B0,0xA803AFF5,load,1,10,0x001B9490:sub_1B9490
0x001BA2D4,0x001E82D4,0xA803AFEC,store,4,12,0x001B9490:sub_1B9490
0x001BA2FC,0x001E82FC,0xA803AFEC,store,4,12,0x001B9490:sub_1B9490
0x001BA310,0x001E8310,0xA803B0E6,load,1,8,0x001BA308:sub_1BA308
0x001BA33C,0x001E833C,0xA8037BA6,store,1,11,0x001BA308:sub_1BA308
0x001BA370,0x001E8370,0xA8037B96,store,1,0,0x001BA308:sub_1BA308
0x001BA394,0x001E8394,0xA803B098,store,4,10,0x001BA308:sub_1BA308
0x001BA3CC,0x001E83CC,0xA803B0CD,store,1,8,0x001BA308:sub_1BA308
0x001BA3D8,0x001E83D8,0xA8037BAA,store,1,0,0x001BA308:sub_1BA308
0x001BA414,0x001E8414,0xA803AFEC,store,4,11,0x001BA308:sub_1BA308
0x001BA454,0x001E8454,0xA803AFF5,load,1,10,0x001BA308:sub_1BA308
0x001BA4A8,0x001E84A8,0xA8037BAF,load,1,16,0x001BA308:sub_1BA308
0x001BA5B4,0x001E85B4,0xA8037B96,store,1,1,0x001BA308:sub_1BA308
0x001BA65C,0x001E865C,0xA803B0CD,load,1,13,0x001BA654:sub_1BA654
0x001BA66C,0x001E866C,0xA8037BA6,store,1,0,0x001BA654:sub_1BA654
0x001BA68C,0x001E868C,0xA803B0CD,load,1,1,0x001BA654:sub_1BA654
0x001BA6A8,0x001E86A8,0xA803B0CD,store,1,0,0x001BA654:sub_1BA654
0x001BA6BC,0x001E86BC,0xA8037B96,load,1,17,0x001BA654:sub_1BA654
0x001BA6C8,0x001E86C8,0xA8037B96,store,1,17,0x001BA654:sub_1BA654
0x001BA734,0x001E8734,0xA803B0CD,store,1,0,0x001BA654:sub_1BA654
0x001BA7B8,0x001E87B8,0xA803B098,store,4,12,0x001BA654:sub_1BA654
0x001BA890,0x001E8890,0xA803B098,store,4,13,0x001BA654:sub_1BA654
0x001BA8A4,0x001E88A4,0xA803B098,store,4,13,0x001BA654:sub_1BA654
0x001BBD58,0x001E9D58,0xA803B0BC,store,1,13,0x001BBD40:jpt_1C5C74
0x001BBFB8,0x001E9FB8,0xA8037BAF,load,1,1,0x001BBFB0:sub_1BBFB0
0x001BBFEC,0x001E9FEC,0xA803B0BE,load,1,15,0x001BBFB0:sub_1BBFB0
0x001BC04C,0x001EA04C,0xA803B03A,load,1,12,0x001BBFB0:sub_1BBFB0
0x001BC0A4,0x001EA0A4,0xA803B005,load,1,24,0x001BBFB0:sub_1BBFB0
0x001BC0B4,0x001EA0B4,0xA803AFF5,load,1,11,0x001BBFB0:sub_1BBFB0
0x001BC0F8,0x001EA0F8,0xA803B03A,load,1,13,0x001BBFB0:sub_1BBFB0
0x001BC11C,0x001EA11C,0xA803B004,load,1,13,0x001BBFB0:sub_1BBFB0
0x001BC12C,0x001EA12C,0xA803B03A,load,1,13,0x001BBFB0:sub_1BBFB0
0x001BC190,0x001EA190,0xA803B03A,load,1,17,0x001BBFB0:sub_1BBFB0
0x001BC19C,0x001EA19C,0xA803B025,load,1,8,0x001BBFB0:sub_1BBFB0
0x001BC1B0,0x001EA1B0,0xA803B025,load,1,8,0x001BBFB0:sub_1BBFB0
0x001BC1D4,0x001EA1D4,0xA803AFF6,load,1,8,0x001BBFB0:sub_1BBFB0
0x001BC1E4,0x001EA1E4,0xA803AFF4,load,1,11,0x001BBFB0:sub_1BBFB0
0x001BC1F4,0x001EA1F4,0xA803B03A,load,1,9,0x001BBFB0:sub_1BBFB0
0x001BC238,0x001EA238,0xA803AFF5,load,1,13,0x001BBFB0:sub_1BBFB0
0x001BC26C,0x001EA26C,0xA803AFF4,load,1,1,0x001BBFB0:sub_1BBFB0
0x001BC2D4,0x001EA2D4,0xA803AFF5,load,1,13,0x001BBFB0:sub_1BBFB0
0x001BC2F8,0x001EA2F8,0xA803AFF4,load,1,12,0x001BBFB0:sub_1BBFB0
0x001BC308,0x001EA308,0xA803B03A,load,1,1,0x001BBFB0:sub_1BBFB0
0x001BC34C,0x001EA34C,0xA803B03A,load,1,24,0x001BBFB0:sub_1BBFB0
0x001BC37C,0x001EA37C,0xA803B03A,load,1,10,0x001BBFB0:sub_1BBFB0
0x001BC3C8,0x001EA3C8,0xA803B03A,load,1,11,0x001BBFB0:sub_1BBFB0
0x001BC3FC,0x001EA3FC,0xA803AFF4,load,1,10,0x001BBFB0:sub_1BBFB0
0x001BC40C,0x001EA40C,0xA803B03A,load,1,17,0x001BBFB0:sub_1BBFB0
0x001BC42C,0x001EA42C,0xA803B004,load,1,1,0x001BBFB0:sub_1BBFB0
0x001BC478,0x001EA478,0xA803AFF6,load,1,13,0x001BBFB0:sub_1BBFB0
0x001BC488,0x001EA488,0xA803AFF4,load,1,9,0x001BBFB0:sub_1BBFB0
0x001BC498,0x001EA498,0xA803B03A,load,1,10,0x001BBFB0:sub_1BBFB0
0x001BC510,0x001EA510,0xA803B00F,load,1,16,0x001BBFB0:sub_1BBFB0
0x001BC520,0x001EA520,0xA803B004,load,1,1,0x001BBFB0:sub_1BBFB0
0x001BC544,0x001EA544,0xA803AFF4,load,1,8,0x001BBFB0:sub_1BBFB0
0x001BC564,0x001EA564,0xA803AFF5,load,1,9,0x001BBFB0:sub_1BBFB0
0x001BC5A0,0x001EA5A0,0xA803AFF4,load,1,10,0x001BBFB0:sub_1BBFB0
0x001BC5B0,0x001EA5B0,0xA803AFF7,load,1,17,0x001BBFB0:sub_1BBFB0
0x001BC5C0,0x001EA5C0,0xA803B03A,load,1,24,0x001BBFB0:sub_1BBFB0
0x001BC618,0x001EA618,0xA803B03A,load,1,17,0x001BBFB0:sub_1BBFB0
0x001BC628,0x001EA628,0xA803B004,load,1,1,0x001BBFB0:sub_1BBFB0
0x001BC638,0x001EA638,0xA803AFF5,load,1,8,0x001BBFB0:sub_1BBFB0
0x001BC64C,0x001EA64C,0xA803B010,load,1,13,0x001BBFB0:sub_1BBFB0
0x001BC670,0x001EA670,0xA803B004,load,1,11,0x001BBFB0:sub_1BBFB0
0x001BC680,0x001EA680,0xA803AFF5,load,1,17,0x001BBFB0:sub_1BBFB0
0x001BC6F8,0x001EA6F8,0xA803B03A,load,1,8,0x001BBFB0:sub_1BBFB0
0x001BC758,0x001EA758,0xA803B004,load,1,12,0x001BBFB0:sub_1BBFB0
0x001BC77C,0x001EA77C,0xA803B03E,load,1,1,0x001BBFB0:sub_1BBFB0
0x001BC7FC,0x001EA7FC,0xA803B03A,load,1,24,0x001BBFB0:sub_1BBFB0
0x001BC81C,0x001EA81C,0xA803AFF5,load,1,13,0x001BBFB0:sub_1BBFB0
0x001BC830,0x001EA830,0xA803AFF6,load,1,9,0x001BBFB0:sub_1BBFB0
0x001BC840,0x001EA840,0xA803AFF4,load,1,10,0x001BBFB0:sub_1BBFB0
0x001BC850,0x001EA850,0xA803B03A,load,1,15,0x001BBFB0:sub_1BBFB0
0x001BC894,0x001EA894,0xA803AFF5,load,1,17,0x001BBFB0:sub_1BBFB0
0x001BC8EC,0x001EA8EC,0xA803B03A,load,1,16,0x001BBFB0:sub_1BBFB0
0x001BC9B4,0x001EA9B4,0xA803B041,load,1,12,0x001BBFB0:sub_1BBFB0
0x001BC9C4,0x001EA9C4,0xA803B03A,load,1,11,0x001BBFB0:sub_1BBFB0
0x001BCA38,0x001EAA38,0xA803B03A,load,1,15,0x001BBFB0:sub_1BBFB0
0x001BCA58,0x001EAA58,0xA803B03A,load,1,15,0x001BBFB0:sub_1BBFB0
0x001BCA84,0x001EAA84,0xA803B03A,load,1,9,0x001BBFB0:sub_1BBFB0
0x001BCAB8,0x001EAAB8,0xA803B03A,load,1,11,0x001BBFB0:sub_1BBFB0
0x001BCAD8,0x001EAAD8,0xA803AFF5,load,1,17,0x001BBFB0:sub_1BBFB0
0x001BCAEC,0x001EAAEC,0xA803AFF4,load,1,12,0x001BBFB0:sub_1BBFB0
0x001BCB30,0x001EAB30,0xA803B03A,load,1,8,0x001BBFB0:sub_1BBFB0
0x001BCB64,0x001EAB64,0xA803B03D,load,1,8,0x001BBFB0:sub_1BBFB0
0x001BCB74,0x001EAB74,0xA803B03A,load,1,11,0x001BBFB0:sub_1BBFB0
0x001BCBA4,0x001EABA4,0xA803B03E,load,1,10,0x001BBFB0:sub_1BBFB0
0x001BCBBC,0x001EABBC,0xA803B03A,load,1,12,0x001BBFB0:sub_1BBFB0
0x001BCBF0,0x001EABF0,0xA803AFF4,load,1,8,0x001BBFB0:sub_1BBFB0
0x001BCC00,0x001EAC00,0xA803B03A,load,1,11,0x001BBFB0:sub_1BBFB0
0x001BCC20,0x001EAC20,0xA803B004,load,1,16,0x001BBFB0:sub_1BBFB0
0x001BCC6C,0x001EAC6C,0xA803B03A,load,1,24,0x001BBFB0:sub_1BBFB0
0x001BCCBC,0x001EACBC,0xA803AFF5,load,1,8,0x001BBFB0:sub_1BBFB0
0x001BCCD0,0x001EACD0,0xA803B004,load,1,11,0x001BBFB0:sub_1BBFB0
0x001BCCE0,0x001EACE0,0xA803B00F,load,1,9,0x001BBFB0:sub_1BBFB0
0x001BCD04,0x001EAD04,0xA803B015,load,1,16,0x001BBFB0:sub_1BBFB0
0x001BCD14,0x001EAD14,0xA803B03A,load,1,9,0x001BBFB0:sub_1BBFB0
0x001BCD34,0x001EAD34,0xA803B005,load,1,9,0x001BBFB0:sub_1BBFB0
0x001BCD68,0x001EAD68,0xA803B03A,load,1,9,0x001BBFB0:sub_1BBFB0
0x001BCD88,0x001EAD88,0xA803B03A,load,1,17,0x001BBFB0:sub_1BBFB0
0x001BD018,0x001EB018,0xA803B0EA,load,2,24,0x001BCF54:sub_1BCF54
0x001BD01C,0x001EB01C,0xA803B0E2,load,2,8,0x001BCF54:sub_1BCF54
0x001BD02C,0x001EB02C,0xA803B0B2,load,1,17,0x001BCF54:sub_1BCF54
0x001BD11C,0x001EB11C,0xA803B0E8,load,4,10,
0x001BD124,0x001EB124,0xA803B0E0,load,4,18,
0x001BD13C,0x001EB13C,0xA803B0E8,load,4,8,
0x001BD150,0x001EB150,0xA803B0E0,load,4,17,
0x001BD184,0x001EB184,0xA803B0E8,load,4,24,
0x001BD188,0x001EB188,0xA803B0E0,load,4,15,
0x001BD1A4,0x001EB1A4,0xA803B0E8,load,4,12,
0x001BD1BC,0x001EB1BC,0xA803B0E0,load,4,18,
0x001BD1E8,0x001EB1E8,0xA803B0E0,load,4,8,
0x001BD1F0,0x001EB1F0,0xA803B0E8,load,4,9,
0x001BD20C,0x001EB20C,0xA803B0E8,load,4,24,
0x001BD224,0x001EB224,0xA803B0E0,load,4,15,
0x001BD254,0x001EB254,0xA803B0E8,load,4,12,
0x001BD25C,0x001EB25C,0xA803B0E2,load,2,8,
0x001BD270,0x001EB270,0xA803B0E8,load,4,25,
0x001BD27C,0x001EB27C,0xA803B0E2,load,2,8,
0x001BD2A0,0x001EB2A0,0xA803B09D,load,1,13,0x001BD288:sub_1BD288
0x001BD2B4,0x001EB2B4,0xA80347F0,load,1,17,0x001BD288:sub_1BD288
0x001BD2DC,0x001EB2DC,0xA803B0E0,load,4,17,0x001BD288:sub_1BD288
0x001BD2FC,0x001EB2FC,0xA803B0B2,load,1,25,0x001BD288:sub_1BD288
0x001BD304,0x001EB304,0xA803B0E8,load,4,9,0x001BD288:sub_1BD288
0x001BD31C,0x001EB31C,0xA803B0E0,load,4,13,0x001BD288:sub_1BD288
0x001BD348,0x001EB348,0xA803B0B2,load,1,10,0x001BD288:sub_1BD288
0x001BD374,0x001EB374,0xA803B0E8,load,4,16,0x001BD288:sub_1BD288
0x001BD398,0x001EB398,0xA803B0B2,load,1,13,
0x001BD3A4,0x001EB3A4,0xA803B0E8,load,4,24,
0x001BD3C4,0x001EB3C4,0xA803B0B2,load,1,15,
0x001BD3D0,0x001EB3D0,0xA803B0E8,load,4,24,
0x001BD3D8,0x001EB3D8,0xA803B0E0,load,4,25,
0x001BD3FC,0x001EB3FC,0xA803B0B2,load,1,25,
0x001BD404,0x001EB404,0xA803B0E8,load,4,24,
0x001BD420,0x001EB420,0xA803B0B2,load,1,25,
0x001BD428,0x001EB428,0xA803B0E8,load,4,24,
0x001BD444,0x001EB444,0xA803B0B2,load,1,11,
0x001BD454,0x001EB454,0xA803B0E8,load,4,15,
0x001BD470,0x001EB470,0xA803B0B2,load,1,25,
0x001BD478,0x001EB478,0xA803B0E8,load,4,24,
0x001BD494,0x001EB494,0xA803B0B2,load,1,25,
0x001BD49C,0x001EB49C,0xA803B0E8,load,4,24,
0x001BD4AC,0x001EB4AC,0xA803B0B2,load,1,25,
0x001BD4B4,0x001EB4B4,0xA803B0E8,load,4,24,
0x001BD4D8,0x001EB4D8,0xA803B0B2,load,1,25,
0x001BD4EC,0x001EB4EC,0xA803B0E8,load,4,12,
0x001BD534,0x001EB534,0xA803B0E0,load,4,17,
0x001BD548,0x001EB548,0xA803B0B2,load,1,9,
0x001BD550,0x001EB550,0xA803B0E8,load,4,24,
0x001BD55C,0x001EB55C,0xA803B0E0,load,4,25,
0x001BD574,0x001EB574,0xA803B0B2,load,1,16,
0x001BD594,0x001EB594,0xA803B0E8,load,4,11,
0x001BD59C,0x001EB59C,0xA803B0E0,load,4,15,
0x001BD5CC,0x001EB5CC,0xA803B0B2,load,1,25,
0x001BD5E4,0x001EB5E4,0xA803B0E8,load,4,11,
0x001BD5EC,0x001EB5EC,0xA803B0E0,load,4,8,
0x001BD644,0x001EB644,0xA803B0B2,load,1,25,
0x001BD64C,0x001EB64C,0xA803B0E8,load,4,9,
0x001BD668,0x001EB668,0xA803B0B2,load,1,10,
0x001BD674,0x001EB674,0xA803B0E8,load,4,9,
0x001BD6C4,0x001EB6C4,0xA803B0B2,load,1,13,
0x001BD6D0,0x001EB6D0,0xA803B0E8,load,4,24,
0x001BD6EC,0x001EB6EC,0xA803B0B2,load,1,25,
0x001BD700,0x001EB700,0xA803B0E8,load,4,24,
0x001BD70C,0x001EB70C,0xA803B0E0,load,4,8,
0x001BD724,0x001EB724,0xA803B0ED,load,1,9,
0x001BD734,0x001EB734,0xA803B0B2,load,1,15,
0x001BD73C,0x001EB73C,0xA803B0E8,load,4,8,
0x001BD758,0x001EB758,0xA803B0B2,load,1,8,
0x001BD760,0x001EB760,0xA803B0E8,load,4,11,
0x001BD77C,0x001EB77C,0xA803B0B2,load,1,25,
0x001BD78C,0x001EB78C,0xA803B0E8,load,4,11,
0x001BD794,0x001EB794,0xA803B0E0,load,4,15,
0x001BD7A8,0x001EB7A8,0xA803B0B2,load,1,12,
0x001BD7B8,0x001EB7B8,0xA803B0E8,load,4,24,
0x001BD7BC,0x001EB7BC,0xA803B0E0,load,4,25,
0x001BD7D4,0x001EB7D4,0xA803B0B2,load,1,25,
0x001BD7DC,0x001EB7DC,0xA803B0E8,load,4,24,
0x001BD7F8,0x001EB7F8,0xA803B0B2,load,1,25,
0x001BD800,0x001EB800,0xA803B0E8,load,4,24,
0x001BD81C,0x001EB81C,0xA803B0B2,load,1,1,
0x001BD834,0x001EB834,0xA803B0E8,load,4,15,
0x001BD84C,0x001EB84C,0xA803B0E0,load,4,13,
0x001BD870,0x001EB870,0xA803B0B2,load,1,25,
0x001BD888,0x001EB888,0xA803B0E8,load,4,24,
0x001BD890,0x001EB890,0xA803B0E8,load,4,12,
0x001BD8C0,0x001EB8C0,0xA803B0E0,load,4,1,
0x001BD8F0,0x001EB8F0,0xA803B0B2,load,1,25,
0x001BD8F8,0x001EB8F8,0xA803B0E8,load,4,24,
0x001BD908,0x001EB908,0xA803B0B2,load,1,25,
0x001BD920,0x001EB920,0xA803B0E8,load,4,24,
0x001BD928,0x001EB928,0xA803B0B2,load,1,25,
0x001BD930,0x001EB930,0xA803B0E8,load,4,24,
0x001BD940,0x001EB940,0xA803B0B2,load,1,9,
0x001BD94C,0x001EB94C,0xA803B0E0,load,4,8,
0x001BD970,0x001EB970,0xA803B0E8,load,4,24,
0x001BD990,0x001EB990,0xA803B0B2,load,1,25,
0x001BD998,0x001EB998,0xA803B0E8,load,4,12,
0x001BD9F8,0x001EB9F8,0xA803B0CE,store,1,13,
0x001BDA08,0x001EBA08,0xA803B0CE,store,1,12,
0x001BDA3C,0x001EBA3C,0xA803B0E6,load,1,1,0x001BDA34:sub_1BDA34
0x001BDA90,0x001EBA90,0xA803B0B4,store,4,1,0x001BDA34:sub_1BDA34
0x001BDAA4,0x001EBAA4,0xA803B0B4,store,4,1,0x001BDA34:sub_1BDA34
0x001BDAB8,0x001EBAB8,0xA803B0B4,store,4,1,0x001BDA34:sub_1BDA34
0x001BDACC,0x001EBACC,0xA803B0B4,store,4,1,0x001BDA34:sub_1BDA34
0x001BDAE0,0x001EBAE0,0xA803B0B4,store,4,1,0x001BDA34:sub_1BDA34
0x001BDAF4,0x001EBAF4,0xA803B0B4,store,4,1,0x001BDA34:sub_1BDA34
0x001BDB08,0x001EBB08,0xA803B0B4,store,4,1,0x001BDA34:sub_1BDA34
0x001BDB1C,0x001EBB1C,0xA803B0B4,store,4,1,0x001BDA34:sub_1BDA34
0x001BDB30,0x001EBB30,0xA803B0B4,store,4,1,0x001BDA34:sub_1BDA34
0x001BDB44,0x001EBB44,0xA803B0B4,store,4,1,0x001BDA34:sub_1BDA34
0x001BDB58,0x001EBB58,0xA803B0B4,store,4,1,0x001BDA34:sub_1BDA34
0x001BDB6C,0x001EBB6C,0xA803B0B4,store,4,1,0x001BDA34:sub_1BDA34
0x001BDB80,0x001EBB80,0xA803B0B4,store,4,1,0x001BDA34:sub_1BDA34
0x001BDBA4,0x001EBBA4,0xA803B0B4,store,4,1,0x001BDA34:sub_1BDA34
0x001BDBC8,0x001EBBC8,0xA803B0B4,store,4,1,0x001BDA34:sub_1BDA34
0x001BDBF0,0x001EBBF0,0xA803B0D9,store,1,0,0x001BDA34:sub_1BDA34
0x001BDC28,0x001EBC28,0xA8037BAF,load,1,13,0x001BDBFC:sub_1BDBFC
0x001BDC3C,0x001EBC3C,0xA803B0BD,load,1,11,0x001BDBFC:sub_1BDBFC
0x001BDC50,0x001EBC50,0xA8037BAE,load,1,15,0x001BDBFC:sub_1BDBFC
0x001BDC9C,0x001EBC9C,0xA8037BAE,load,1,13,0x001BDBFC:sub_1BDBFC
0x001BDCC0,0x001EBCC0,0xA803B0BE,load,1,11,0x001BDBFC:sub_1BDBFC
0x001BDCFC,0x001EBCFC,0xA803B0E6,load,1,21,0x001BDBFC:sub_1BDBFC
0x001BDD08,0x001EBD08,0xA803B0E6,store,1,8,0x001BDBFC:sub_1BDBFC
0x001BDD0C,0x001EBD0C,0xA803B0B4,load,4,19,0x001BDBFC:sub_1BDBFC
0x001BDD14,0x001EBD14,0xA803B0D9,load,1,20,0x001BDBFC:sub_1BDBFC
0x001BDDB4,0x001EBDB4,0xA803B0D9,load,1,8,
0x001BDDBC,0x001EBDBC,0xA803B08A,store,1,8,
0x001BDDD0,0x001EBDD0,0xA803B098,load,4,1,0x001BDDC8:sub_1BDDC8
0x001BDDF0,0x001EBDF0,0xA803B0E6,load,1,1,0x001BDDC8:sub_1BDDC8
0x001BDE24,0x001EBE24,0xA803B0D9,load,1,15,0x001BDDC8:sub_1BDDC8
0x001BDE4C,0x001EBE4C,0xA803B0D9,store,1,9,0x001BDDC8:sub_1BDDC8
0x001BDE78,0x001EBE78,0xA803B0E6,load,1,12,0x001BDDC8:sub_1BDDC8
0x001BDEDC,0x001EBEDC,0xA803B0B3,store,1,12,0x001BDDC8:sub_1BDDC8
0x001BE074,0x001EC074,0xA803B07F,store,1,0,0x001BE05C:sub_1BE05C
0x001BE07C,0x001EC07C,0xA803B0A7,store,1,0,0x001BE05C:sub_1BE05C
0x001BE090,0x001EC090,0xA803B07F,store,1,12,0x001BE05C:sub_1BE05C
0x001BE0A0,0x001EC0A0,0xA803B0A7,store,1,12,0x001BE05C:sub_1BE05C
0x001BE0B4,0x001EC0B4,0xA803B07F,store,1,13,0x001BE05C:sub_1BE05C
0x001BE0C4,0x001EC0C4,0xA803B0A7,store,1,12,0x001BE05C:sub_1BE05C
0x001BE0CC,0x001EC0CC,0xA803B07F,store,1,12,0x001BE05C:sub_1BE05C
0x001BE0D8,0x001EC0D8,0xA803B0A7,store,1,12,0x001BE05C:sub_1BE05C
0x001BE0F0,0x001EC0F0,0xA803B0B3,store,1,12,0x001BE0E4:sub_1BE0E4
0x001BE0F4,0x001EC0F4,0xA803B098,store,4,0,0x001BE0E4:sub_1BE0E4
0x001BE104,0x001EC104,0xA803B0E6,store,1,0,0x001BE0E4:sub_1BE0E4
0x001BE108,0x001EC108,0xA803B08A,store,1,0,0x001BE0E4:sub_1BE0E4
0x001BE10C,0x001EC10C,0xA803B0D9,store,1,0,0x001BE0E4:sub_1BE0E4
0x001BE11C,0x001EC11C,0xA803B09D,store,1,0,0x001BE0E4:sub_1BE0E4
0x001BE120,0x001EC120,0xA803B0B0,store,1,0,
0x001BE128,0x001EC128,0xA803B0CD,store,1,0,
0x001BE1A4,0x001EC1A4,0xA803B0AC,store,4,17,0x001BE12C:sub_1BE12C
0x001BE1BC,0x001EC1BC,0xA803B0AC,store,4,13,0x001BE12C:sub_1BE12C
0x001BE204,0x001EC204,0xA803B0AC,load,4,12,0x001BE12C:sub_1BE12C
0x001BE228,0x001EC228,0xA803B0AC,store,4,9,0x001BE12C:sub_1BE12C
0x001BE240,0x001EC240,0xA803B0AC,store,4,15,0x001BE12C:sub_1BE12C
0x001BE260,0x001EC260,0xA803B0AC,store,4,24,0x001BE12C:sub_1BE12C
0x001BE2A4,0x001EC2A4,0xA803B0AC,store,4,17,0x001BE12C:sub_1BE12C
0x001BE2C0,0x001EC2C0,0xA803B0AC,store,4,1,0x001BE12C:sub_1BE12C
0x001BE2D8,0x001EC2D8,0xA803B0AC,store,4,15,
0x001BE2F0,0x001EC2F0,0xA803B0AC,store,4,13,
0x001BE308,0x001EC308,0xA803B0AC,store,4,9,
0x001BE380,0x001EC380,0xA803B0E6,load,1,9,0x001BE370:sub_1BE370
0x001BE394,0x001EC394,0xA803B098,load,4,27,0x001BE370:sub_1BE370
0x001BE3BC,0x001EC3BC,0xA803AFEC,store,4,0,0x001BE370:sub_1BE370
0x001BE444,0x001EC444,0xA803AFEC,store,4,25,0x001BE370:sub_1BE370
0x001BE4C8,0x001EC4C8,0xA803AFEC,store,4,13,0x001BE370:sub_1BE370
0x001BE4D8,0x001EC4D8,0xA803AFEC,store,4,13,0x001BE370:sub_1BE370
0x001BE4E8,0x001EC4E8,0xA803AFEC,store,4,13,0x001BE370:sub_1BE370
0x001BE4F8,0x001EC4F8,0xA803AFEC,store,4,13,0x001BE370:sub_1BE370
0x001BE52C,0x001EC52C,0xA803B0E6,load,1,1,0x001BE524:sub_1BE524
0x001BE56C,0x001EC56C,0xA803AFEC,store,4,0,
0x001BE6F0,0x001EC6F0,0xA803AFEC,store,4,13,
0x001BE700,0x001EC700,0xA803AFEC,store,4,13,
0x001BE710,0x001EC710,0xA803AFEC,store,4,13,
0x001BE720,0x001EC720,0xA803AFEC,store,4,13,
0x001BE76C,0x001EC76C,0xA803AFEC,store,4,0,
0x001BE7B8,0x001EC7B8,0xA803AFEC,store,4,13,
0x001BE7C8,0x001EC7C8,0xA803AFEC,store,4,13,
0x001BE7D8,0x001EC7D8,0xA803AFEC,store,4,13,
0x001BE7E8,0x001EC7E8,0xA803AFEC,store,4,13,
0x001BEA18,0x001ECA18,0xA803AFEC,store,4,13,
0x001BEA4C,0x001ECA4C,0xA8037BAF,load,1,13,0x001BEA3C:sub_1BEA3C
0x001BEAA4,0x001ECAA4,0xA803AFEC,store,4,9,
0x001BEAE0,0x001ECAE0,0xA803B09D,store,1,13,
0x001BEB8C,0x001ECB8C,0xA803B052,load,1,10,
0x001BED40,0x001ECD40,0xA803AFEC,store,4,13,
0x001BEE60,0x001ECE60,0xA8037BAF,load,1,26,
0x001BEEB0,0x001ECEB0,0xA803AFEC,store,4,9,
0x001BEF70,0x001ECF70,0xA803B052,load,1,10,
0x001BF290,0x001ED290,0xA803B0D9,load,1,13,0x001BF288:sub_1BF288
0x001BF2D0,0x001ED2D0,0xA803B08B,load,1,12,0x001BF288:sub_1BF288
0x001BF2EC,0x001ED2EC,0xA803B08B,store,1,15,0x001BF288:sub_1BF288
0x001BF2FC,0x001ED2FC,0xA803B0F5,store,1,16,0x001BF288:sub_1BF288
0x001BF338,0x001ED338,0xA803B0AC,store,4,19,0x001BF288:sub_1BF288
0x001BF3E0,0x001ED3E0,0xA803B0C1,store,1,18,0x001BF288:sub_1BF288
0x001BF3F8,0x001ED3F8,0xA803B0F5,store,1,12,0x001BF288:sub_1BF288
0x001BF43C,0x001ED43C,0xA803B0AC,store,4,11,0x001BF288:sub_1BF288
0x001BF4D0,0x001ED4D0,0xA803B0C1,store,1,1,0x001BF288:sub_1BF288
0x001BF548,0x001ED548,0xA803B0C0,store,1,1,0x001BF288:sub_1BF288
0x001BF598,0x001ED598,0xA803B098,load,4,27,0x001BF554:sub_1BF554
0x001BF660,0x001ED660,0xA803AFEC,store,4,13,0x001BF63C:sub_1BF63C
0x001BF684,0x001ED684,0xA803B08A,load,1,1,0x001BF67C:sub_1BF67C
0x001BF6C0,0x001ED6C0,0xA803B052,load,1,10,0x001BF67C:sub_1BF67C
0x001BF750,0x001ED750,0xA803AFEC,store,4,25,0x001BF67C:sub_1BF67C
0x001BF820,0x001ED820,0xA803B0BE,load,1,9,0x001BF67C:sub_1BF67C
0x001BFA5C,0x001EDA5C,0xA803B0BE,load,1,9,0x001BF67C:sub_1BF67C
0x001BFA98,0x001EDA98,0xA803B0D8,load,1,1,0x001BF67C:sub_1BF67C
0x001BFAB8,0x001EDAB8,0xA803AFFA,load,1,1,0x001BF67C:sub_1BF67C
0x001BFD60,0x001EDD60,0xA8037BAF,load,1,13,0x001BFD58:sub_1BFD58
0x001BFDA0,0x001EDDA0,0xA803B0CD,load,1,11,0x001BFD58:sub_1BFD58
0x001BFE38,0x001EDE38,0xA803B0CD,load,1,11,0x001BFD58:sub_1BFD58
0x001BFEC8,0x001EDEC8,0xA803B0CD,load,1,11,0x001BFD58:sub_1BFD58
0x001BFFF4,0x001EDFF4,0xA803AFEC,store,4,1,
0x001BFFFC,0x001EDFFC,0xA803AFEC,load,4,25,
0x001C0018,0x001EE018,0xA803AFEC,load,4,12,
0x001C0028,0x001EE028,0xA803B08A,load,1,1,
0x001C0048,0x001EE048,0xA803B007,load,1,13,
0x001C0058,0x001EE058,0xA803B0E4,load,1,24,
0x001C0078,0x001EE078,0xA803B0E4,load,1,25,
0x001C008C,0x001EE08C,0xA803AFEC,store,4,11,
0x001C00B0,0x001EE0B0,0xA803B0E4,load,1,16,
0x001C00C0,0x001EE0C0,0xA803AFEC,store,4,9,
0x001C0290,0x001EE290,0xA8037B99,store,1,16,
0x001C0298,0x001EE298,0xA803AFEC,store,4,11,
0x001C02B4,0x001EE2B4,0xA803AFEC,store,4,0,
0x001C037C,0x001EE37C,0xA803B0E4,load,1,24,
0x001C03AC,0x001EE3AC,0xA803B0E4,load,1,12,
0x001C040C,0x001EE40C,0xA803AFEC,store,4,1,
0x001C0418,0x001EE418,0xA803ACE4,store,1,25,
0x001C044C,0x001EE44C,0xA803B09D,load,1,13,
0x001C066C,0x001EE66C,0xA803B0B4,load,4,1,0x001C0630:sub_1C0630
0x001C06A0,0x001EE6A0,0xA803B0B4,load,4,16,0x001C0630:sub_1C0630
0x001C070C,0x001EE70C,0xA803B0B4,load,4,10,0x001C0630:sub_1C0630
0x001C0738,0x001EE738,0xA803B0B4,load,4,17,0x001C0630:sub_1C0630
0x001C0770,0x001EE770,0xA803B0B4,load,4,24,0x001C0630:sub_1C0630
0x001C07F4,0x001EE7F4,0xA803B0B4,load,4,18,0x001C0630:sub_1C0630
0x001C0820,0x001EE820,0xA803B0B4,load,4,19,0x001C0630:sub_1C0630
0x001C083C,0x001EE83C,0xA803B0B4,load,4,12,0x001C0630:sub_1C0630
0x001C085C,0x001EE85C,0xA803B0B4,load,4,9,0x001C0630:sub_1C0630
0x001C0888,0x001EE888,0xA803B0B4,load,4,17,0x001C0630:sub_1C0630
0x001C08D8,0x001EE8D8,0xA803B0B4,load,4,25,0x001C0630:sub_1C0630
0x001C095C,0x001EE95C,0xA803B0B4,load,4,11,0x001C0630:sub_1C0630
0x001C0B78,0x001EEB78,0xA803B08B,store,1,24,
0x001C0B80,0x001EEB80,0xA803B0F5,store,1,25,
0x001C0B8C,0x001EEB8C,0xA803B0D9,load,1,8,
0x001C0B90,0x001EEB90,0xA803B0D9,load,1,16,
0x001C0C14,0x001EEC14,0xA803B08A,load,1,10,
0x001C0C2C,0x001EEC2C,0xA803B08A,load,1,1,
0x001C0D48,0x001EED48,0xA803B08A,load,1,12,
0x001C0D70,0x001EED70,0xA803B08A,load,1,10,
0x001C0F00,0x001EEF00,0xA803B08A,load,1,24,0x001C0EC8:sub_1C0EC8
0x001C0F10,0x001EEF10,0xA803B08A,load,1,8,0x001C0EC8:sub_1C0EC8
0x001C0F68,0x001EEF68,0xA803B08A,load,1,24,0x001C0F30:sub_1C0F30
0x001C0F78,0x001EEF78,0xA803B08A,load,1,8,0x001C0F30:sub_1C0F30
0x001C0FBC,0x001EEFBC,0xA803B08A,load,1,9,0x001C0F98:sub_1C0F98
0x001C0FD0,0x001EEFD0,0xA803B098,store,4,8,0x001C0F98:sub_1C0F98
0x001C0FD8,0x001EEFD8,0xA803B0D8,store,1,11,0x001C0F98:sub_1C0F98
0x001C1064,0x001EF064,0xA803AFEC,store,4,13,0x001C0F98:sub_1C0F98
0x001C1150,0x001EF150,0xA803AFEC,store,4,18,0x001C0F98:sub_1C0F98
0x001C118C,0x001EF18C,0xA803B08A,load,1,10,0x001C1184:sub_1C1184
0x001C11B0,0x001EF1B0,0xA803B08A,load,1,24,0x001C1184:sub_1C1184
0x001C11C8,0x001EF1C8,0xA803B08A,load,1,10,0x001C1184:sub_1C1184
0x001C11EC,0x001EF1EC,0xA803B08A,load,1,24,0x001C1184:sub_1C1184
0x001C1208,0x001EF208,0xA803B08A,load,1,9,0x001C11FC:sub_1C11FC
0x001C1220,0x001EF220,0xA803B098,store,4,12,0x001C11FC:sub_1C11FC
0x001C1228,0x001EF228,0xA803B0D8,store,1,11,0x001C11FC:sub_1C11FC
0x001C126C,0x001EF26C,0xA803AFEC,store,4,16,0x001C11FC:sub_1C11FC
0x001C1350,0x001EF350,0xA803B08A,load,1,1,0x001C11FC:sub_1C11FC
0x001C1360,0x001EF360,0xA803B08A,store,1,1,0x001C11FC:sub_1C11FC
0x001C1380,0x001EF380,0xA803B08A,load,1,1,
0x001C1390,0x001EF390,0xA803B08A,store,1,1,
0x001C13B4,0x001EF3B4,0xA803B098,load,4,1,0x001C13AC:sub_1C13AC
0x001C13DC,0x001EF3DC,0xA803B0D9,load,1,16,0x001C13AC:sub_1C13AC
0x001C13E4,0x001EF3E4,0xA8037B94,load,1,1,0x001C13AC:sub_1C13AC
0x001C13FC,0x001EF3FC,0xA803B0D9,load,1,26,0x001C13AC:sub_1C13AC
0x001C1468,0x001EF468,0xA803B0CD,load,1,11,0x001C13AC:sub_1C13AC
0x001C14B0,0x001EF4B0,0xA803B0C0,load,1,26,0x001C13AC:sub_1C13AC
0x001C14F4,0x001EF4F4,0xA803B0C0,load,1,10,0x001C13AC:sub_1C13AC
0x001C1518,0x001EF518,0xA803B0C0,load,1,15,0x001C13AC:sub_1C13AC
0x001C167C,0x001EF67C,0xA803B0D9,load,1,16,0x001C13AC:sub_1C13AC
0x001C16E4,0x001EF6E4,0xA803B07F,load,1,1,0x001C13AC:sub_1C13AC
0x001C1708,0x001EF708,0xA803B08B,load,1,12,0x001C13AC:sub_1C13AC
0x001C1728,0x001EF728,0xA803B08B,load,1,10,0x001C13AC:sub_1C13AC
0x001C18EC,0x001EF8EC,0xA803B0C0,load,1,27,0x001C13AC:sub_1C13AC
0x001C191C,0x001EF91C,0xA803B08B,load,1,12,0x001C13AC:sub_1C13AC
0x001C1AB8,0x001EFAB8,0xA803B0E6,store,1,1,0x001C1A70:sub_1C1A70
0x001C1BD4,0x001EFBD4,0xA803AFEC,store,4,8,0x001C1A70:sub_1C1A70
0x001C1BE8,0x001EFBE8,0xA803B0CD,store,1,18,0x001C1A70:sub_1C1A70
0x001C1C1C,0x001EFC1C,0xA803B0E6,store,1,1,0x001C1A70:sub_1C1A70
0x001C1C28,0x001EFC28,0xA803B0E6,store,1,1,0x001C1A70:sub_1C1A70
0x001C1C40,0x001EFC40,0xA803B0E6,store,1,1,0x001C1A70:sub_1C1A70
0x001C1CDC,0x001EFCDC,0xA803AFFA,load,1,11,0x001C1A70:sub_1C1A70
0x001C1CEC,0x001EFCEC,0xA803AFFA,store,1,0,0x001C1A70:sub_1C1A70
0x001C1D2C,0x001EFD2C,0xA803B0D9,load,1,8,0x001C1D20:sub_1C1D20
0x001C1D54,0x001EFD54,0xA803B0D9,load,1,9,0x001C1D20:sub_1C1D20
0x001C1D5C,0x001EFD5C,0xA803B07F,load,1,12,0x001C1D20:sub_1C1D20
0x001C1D78,0x001EFD78,0xA803B07F,load,1,1,0x001C1D20:sub_1C1D20
0x001C1DCC,0x001EFDCC,0xA803AFEC,store,4,8,0x001C1D20:sub_1C1D20
0x001C2040,0x001F0040,0xA803B0D9,load,1,16,0x001C2038:sub_1C2038
0x001C20A0,0x001F00A0,0xA803B08A,load,1,17,0x001C2038:sub_1C2038
0x001C229C,0x001F029C,0xA803B0F5,load,1,10,0x001C2038:sub_1C2038
0x001C22A0,0x001F02A0,0xA803B08B,load,1,15,0x001C2038:sub_1C2038
0x001C23B8,0x001F03B8,0xA803B0EC,store,1,11,0x001C2038:sub_1C2038
0x001C2450,0x001F0450,0xA803B08B,load,1,18,0x001C2038:sub_1C2038
0x001C2458,0x001F0458,0xA803B0F5,load,1,26,0x001C2038:sub_1C2038
0x001C24C8,0x001F04C8,0xA803B08A,load,1,1,0x001C2038:sub_1C2038
0x001C2544,0x001F0544,0xA803B07F,store,1,0,0x001C2038:sub_1C2038
0x001C2548,0x001F0548,0xA803B0A7,store,1,0,0x001C2038:sub_1C2038
0x001C2568,0x001F0568,0xA803B09F,load,1,12,0x001C2038:sub_1C2038
0x001C256C,0x001F056C,0xA803B07F,load,1,1,0x001C2038:sub_1C2038
0x001C257C,0x001F057C,0xA803B0C1,load,1,13,0x001C2038:sub_1C2038
0x001C2588,0x001F0588,0xA803B08B,load,1,9,0x001C2038:sub_1C2038
0x001C25AC,0x001F05AC,0xA803B0AC,store,4,23,0x001C2038:sub_1C2038
0x001C25C4,0x001F05C4,0xA803B0AC,load,4,12,0x001C2038:sub_1C2038
0x001C2654,0x001F0654,0xA803B0D8,load,1,1,0x001C2038:sub_1C2038
0x001C274C,0x001F074C,0xA803B0AC,store,4,8,0x001C2038:sub_1C2038
0x001C2768,0x001F0768,0xA803B0AC,load,4,12,0x001C2038:sub_1C2038
0x001C2830,0x001F0830,0xA803B098,load,4,18,0x001C2038:sub_1C2038
0x001C2884,0x001F0884,0xA803B07F,store,1,9,0x001C2038:sub_1C2038
0x001C288C,0x001F088C,0xA803B0A7,store,1,13,0x001C2038:sub_1C2038
0x001C289C,0x001F089C,0xA803B08A,load,1,17,0x001C2038:sub_1C2038
0x001C2A84,0x001F0A84,0xA803B07A,load,1,13,0x001C2038:sub_1C2038
0x001C2B48,0x001F0B48,0xA803B08B,load,1,18,0x001C2038:sub_1C2038
0x001C2BA4,0x001F0BA4,0xA803B07F,store,1,13,0x001C2038:sub_1C2038
0x001C2BB4,0x001F0BB4,0xA803B0A7,store,1,13,0x001C2038:sub_1C2038
0x001C2C24,0x001F0C24,0xA803B0A7,store,1,13,0x001C2038:sub_1C2038
0x001C3068,0x001F1068,0xA803B08B,load,1,10,0x001C2038:sub_1C2038
0x001C30AC,0x001F10AC,0xA803B08B,load,1,1,0x001C2038:sub_1C2038
0x001C3104,0x001F1104,0xA803B08B,load,1,8,0x001C2038:sub_1C2038
0x001C3224,0x001F1224,0xA803B0F5,load,1,28,0x001C3154:sub_1C3154
0x001C3230,0x001F1230,0xA803B08B,load,1,24,0x001C3154:sub_1C3154
0x001C323C,0x001F123C,0xA803B0C8,load,1,26,0x001C3154:sub_1C3154
0x001C32D4,0x001F12D4,0xA803B0AC,store,4,1,0x001C3154:sub_1C3154
0x001C32DC,0x001F12DC,0xA803B08B,load,1,8,0x001C3154:sub_1C3154
0x001C32E0,0x001F12E0,0xA803B0F5,load,1,9,0x001C3154:sub_1C3154
0x001C32E4,0x001F12E4,0xA803B0C8,load,1,10,0x001C3154:sub_1C3154
0x001C32F0,0x001F12F0,0xA803B0F5,load,1,12,0x001C3154:sub_1C3154
0x001C32FC,0x001F12FC,0xA803B0AC,load,4,11,0x001C3154:sub_1C3154
0x001C3300,0x001F1300,0xA803B08B,load,1,8,0x001C3154:sub_1C3154
0x001C349C,0x001F149C,0xA803B0F5,load,1,12,0x001C3154:sub_1C3154
0x001C34B8,0x001F14B8,0xA803AFEC,store,4,11,0x001C3154:sub_1C3154
0x001C34BC,0x001F14BC,0xA803B08B,load,1,8,0x001C3154:sub_1C3154
0x001C34C0,0x001F14C0,0xA803B0C8,load,1,10,0x001C3154:sub_1C3154
0x001C34CC,0x001F14CC,0xA803B0F5,load,1,8,0x001C3154:sub_1C3154
0x001C34D0,0x001F14D0,0xA803B0C8,load,1,9,0x001C3154:sub_1C3154
0x001C34DC,0x001F14DC,0xA803B08B,load,1,24,0x001C3154:sub_1C3154
0x001C36E0,0x001F16E0,0xA803AFEC,store,4,11,0x001C3154:sub_1C3154
0x001C3700,0x001F1700,0xA803AFEC,store,4,1,0x001C3154:sub_1C3154
0x001C3798,0x001F1798,0xA803AFEC,store,4,8,0x001C3154:sub_1C3154
0x001C37D8,0x001F17D8,0xA803B0F5,load,1,8,0x001C3154:sub_1C3154
0x001C37F0,0x001F17F0,0xA803B0C8,load,1,10,0x001C3154:sub_1C3154
0x001C37F8,0x001F17F8,0xA803B08B,load,1,8,0x001C3154:sub_1C3154
0x001C3804,0x001F1804,0xA803B0C8,load,1,26,0x001C3154:sub_1C3154
0x001C3808,0x001F1808,0xA803B0F5,load,1,25,0x001C3154:sub_1C3154
0x001C3814,0x001F1814,0xA803B08B,load,1,24,0x001C3154:sub_1C3154
0x001C389C,0x001F189C,0xA803B0F5,load,1,9,0x001C3154:sub_1C3154
0x001C38B0,0x001F18B0,0xA803B08B,load,1,8,0x001C3154:sub_1C3154
0x001C38B4,0x001F18B4,0xA803B0C8,load,1,10,0x001C3154:sub_1C3154
0x001C38C0,0x001F18C0,0xA803B0F5,load,1,20,0x001C3154:sub_1C3154
0x001C38C4,0x001F18C4,0xA803B0C8,load,1,24,0x001C3154:sub_1C3154
0x001C38D8,0x001F18D8,0xA803B08B,load,1,24,0x001C3154:sub_1C3154
0x001C3918,0x001F1918,0xA803B0F5,load,1,9,0x001C3154:sub_1C3154
0x001C3948,0x001F1948,0xA803B0C8,load,1,25,0x001C3154:sub_1C3154
0x001C394C,0x001F194C,0xA803B0F5,load,1,15,0x001C3154:sub_1C3154
0x001C3960,0x001F1960,0xA803B08B,load,1,24,0x001C3154:sub_1C3154
0x001C3988,0x001F1988,0xA803B098,load,4,12,0x001C3980:sub_1C3980
0x001C39B8,0x001F19B8,0xA803B0F5,store,1,10,0x001C3980:sub_1C3980
0x001C39BC,0x001F19BC,0xA803B0C8,store,1,8,0x001C3980:sub_1C3980
0x001C39D4,0x001F19D4,0xA803B0D9,load,1,8,0x001C3980:sub_1C3980
0x001C39E4,0x001F19E4,0xA803B08A,store,1,8,0x001C3980:sub_1C3980
0x001C3A28,0x001F1A28,0xA803AFEC,store,4,8,0x001C3980:sub_1C3980
0x001C3A4C,0x001F1A4C,0xA803B0CD,load,1,10,0x001C3980:sub_1C3980
0x001C3A58,0x001F1A58,0xA803B08B,store,1,1,0x001C3980:sub_1C3980
0x001C3A60,0x001F1A60,0xA803B0F4,load,1,13,0x001C3980:sub_1C3980
0x001C3A70,0x001F1A70,0xA803B0C0,load,1,1,0x001C3980:sub_1C3980
0x001C3A80,0x001F1A80,0xA803B08B,load,1,12,0x001C3980:sub_1C3980
0x001C3B08,0x001F1B08,0xA803B0AC,store,4,25,0x001C3980:sub_1C3980
0x001C3B24,0x001F1B24,0xA803B0AC,load,4,12,0x001C3980:sub_1C3980
0x001C3B44,0x001F1B44,0xA803B08A,load,1,8,0x001C3980:sub_1C3980
0x001C3B60,0x001F1B60,0xA803B08A,load,1,24,0x001C3980:sub_1C3980
0x001C3BF0,0x001F1BF0,0xA803B0C0,load,1,1,0x001C3980:sub_1C3980
0x001C3C18,0x001F1C18,0xA803B0F5,load,1,12,0x001C3980:sub_1C3980
0x001C3C2C,0x001F1C2C,0xA803B0C8,load,1,10,0x001C3980:sub_1C3980
0x001C3D94,0x001F1D94,0xA803B0C0,load,1,1,0x001C3980:sub_1C3980
0x001C4190,0x001F2190,0xA803B098,load,4,9,0x001C4180:sub_1C4180
0x001C4194,0x001F2194,0xA803B0D9,load,1,10,0x001C4180:sub_1C4180
0x001C41A4,0x001F21A4,0xA803B0DC,load,4,13,0x001C4180:sub_1C4180
0x001C41A8,0x001F21A8,0xA803B0D9,load,1,27,0x001C4180:sub_1C4180
0x001C41AC,0x001F21AC,0xA803B098,store,4,13,0x001C4180:sub_1C4180
0x001C41DC,0x001F21DC,0xA803B08A,load,1,12,0x001C4180:sub_1C4180
0x001C41EC,0x001F21EC,0xA803B0D8,load,1,9,0x001C4180:sub_1C4180
0x001C4210,0x001F2210,0xA803B0BC,store,1,24,0x001C4180:sub_1C4180
0x001C4220,0x001F2220,0xA803B0C0,load,1,16,0x001C4180:sub_1C4180
0x001C4234,0x001F2234,0xA803B0AC,store,4,27,0x001C4180:sub_1C4180
0x001C4294,0x001F2294,0xA803B0CD,load,1,13,0x001C4180:sub_1C4180
0x001C42C4,0x001F22C4,0xA803B0D8,load,1,10,0x001C4180:sub_1C4180
0x001C4324,0x001F2324,0xA803B0C0,load,1,27,0x001C4180:sub_1C4180
0x001C432C,0x001F232C,0xA803B0C1,load,1,16,0x001C4180:sub_1C4180
0x001C4340,0x001F2340,0xA803B0AC,store,4,25,0x001C4180:sub_1C4180
0x001C44E0,0x001F24E0,0xA803C090,load,1,13,0x001C4180:sub_1C4180
0x001C4588,0x001F2588,0xA803B0C0,load,1,27,0x001C4180:sub_1C4180
0x001C4594,0x001F2594,0xA803B0C1,load,1,16,0x001C4180:sub_1C4180
0x001C4674,0x001F2674,0xA803AFEC,store,4,11,0x001C4180:sub_1C4180
0x001C47CC,0x001F27CC,0xA803B0CC,load,1,17,0x001C4180:sub_1C4180
0x001C47FC,0x001F27FC,0xA803AFEC,store,4,13,0x001C4180:sub_1C4180
0x001C4818,0x001F2818,0xA803B0AC,store,4,16,0x001C4180:sub_1C4180
0x001C4834,0x001F2834,0xA803B0AC,load,4,12,0x001C4180:sub_1C4180
0x001C48B0,0x001F28B0,0xA803B0A0,load,1,8,0x001C4180:sub_1C4180
0x001C48B4,0x001F28B4,0xA803B0CA,load,1,1,0x001C4180:sub_1C4180
0x001C49AC,0x001F29AC,0xA803B0C0,load,1,17,0x001C4180:sub_1C4180
0x001C49B8,0x001F29B8,0xA803B0C1,load,1,16,0x001C4180:sub_1C4180
0x001C49C8,0x001F29C8,0xA803B0AC,store,4,11,0x001C4180:sub_1C4180
0x001C4B2C,0x001F2B2C,0xA803B08A,load,1,1,0x001C4B24:sub_1C4B24
0x001C4B50,0x001F2B50,0xA803B08A,load,1,13,0x001C4B24:sub_1C4B24
0x001C4B70,0x001F2B70,0xA803B0D9,load,1,16,
0x001C4BB4,0x001F2BB4,0xA803C090,store,1,9,
0x001C4BC4,0x001F2BC4,0xA803B0D8,load,1,10,
0x001C4CEC,0x001F2CEC,0xA803B0BC,store,1,13,
0x001C4EC4,0x001F2EC4,0xA803B0ED,store,1,17,
0x001C4ED4,0x001F2ED4,0xA803B08A,load,1,8,
0x001C4EDC,0x001F2EDC,0xA803B08A,load,1,1,
0x001C4F0C,0x001F2F0C,0xA803B0D9,load,1,16,0x001C4F04:sub_1C4F04
0x001C4F7C,0x001F2F7C,0xA803B0D9,load,1,16,0x001C4F04:sub_1C4F04
0x001C4FF0,0x001F2FF0,0xA803B0D9,load,1,8,0x001C4F04:sub_1C4F04
0x001C4FFC,0x001F2FFC,0xA803B0E6,store,1,8,0x001C4F04:sub_1C4F04
0x001C5004,0x001F3004,0xA803B0D9,load,1,8,0x001C4F04:sub_1C4F04
0x001C5010,0x001F3010,0xA803B08A,store,1,8,0x001C4F04:sub_1C4F04
0x001C5018,0x001F3018,0xA803B0AC,store,4,1,0x001C4F04:sub_1C4F04
0x001C5034,0x001F3034,0xA803B0AC,load,4,12,0x001C4F04:sub_1C4F04
0x001C50B0,0x001F30B0,0xA803B088,store,1,1,0x001C4F04:sub_1C4F04
0x001C50B4,0x001F30B4,0xA803B088,load,1,11,0x001C4F04:sub_1C4F04
0x001C50C0,0x001F30C0,0xA803B0CB,store,1,11,0x001C4F04:sub_1C4F04
0x001C50F4,0x001F30F4,0xA803B088,store,1,0,0x001C4F04:sub_1C4F04
0x001C510C,0x001F310C,0xA803B098,load,4,1,0x001C5100:sub_1C5100
0x001C5118,0x001F3118,0xA803B0E6,load,1,16,0x001C5100:sub_1C5100
0x001C5130,0x001F3130,0xA803B098,store,4,1,0x001C5100:sub_1C5100
0x001C5134,0x001F3134,0xA803B0E6,store,1,12,0x001C5100:sub_1C5100
0x001C5158,0x001F3158,0xA803B0D9,load,1,8,0x001C5100:sub_1C5100
0x001C516C,0x001F316C,0xA803B0D9,load,1,19,0x001C5100:sub_1C5100
0x001C5174,0x001F3174,0xA803B0D9,store,1,12,0x001C5100:sub_1C5100
0x001C5190,0x001F3190,0xA803B08A,load,1,8,0x001C5100:sub_1C5100
0x001C51A0,0x001F31A0,0xA803B0AC,store,4,24,0x001C5100:sub_1C5100
0x001C51BC,0x001F31BC,0xA803B0AC,load,4,12,0x001C5100:sub_1C5100
0x001C523C,0x001F323C,0xA803B0B3,load,1,12,0x001C5100:sub_1C5100
0x001C5258,0x001F3258,0xA803B08A,store,1,8,0x001C5100:sub_1C5100
0x001C5260,0x001F3260,0xA803AFEC,store,4,0,0x001C5100:sub_1C5100
0x001C52B8,0x001F32B8,0xA803B088,store,1,1,0x001C5100:sub_1C5100
0x001C52BC,0x001F32BC,0xA803B088,load,1,11,0x001C5100:sub_1C5100
0x001C52C4,0x001F32C4,0xA803B0CB,store,1,11,0x001C5100:sub_1C5100
0x001C5300,0x001F3300,0xA803B088,store,1,0,0x001C5100:sub_1C5100
0x001C5310,0x001F3310,0xA803AFEC,store,4,13,0x001C5100:sub_1C5100
0x001C5320,0x001F3320,0xA803AFEC,store,4,13,0x001C5100:sub_1C5100
0x001C5330,0x001F3330,0xA803AFEC,store,4,13,0x001C5100:sub_1C5100
0x001C5340,0x001F3340,0xA803AFEC,store,4,13,0x001C5100:sub_1C5100
0x001C5358,0x001F3358,0xA803B098,store,4,12,0x001C534C:sub_1C534C
0x001C5368,0x001F3368,0xA8037E40,store,1,0,0x001C534C:sub_1C534C
0x001C5374,0x001F3374,0xA803B0AC,store,4,1,0x001C534C:sub_1C534C
0x001C5390,0x001F3390,0xA803B0AC,load,4,12,0x001C534C:sub_1C534C
0x001C5450,0x001F3450,0xA803AFEC,store,4,0,
0x001C54CC,0x001F34CC,0xA803B0E6,load,1,8,
0x001C54D4,0x001F34D4,0xA803B0E6,load,1,8,
0x001C55E0,0x001F35E0,0xA803B0E6,load,1,8,0x001C55D8:sub_1C55D8
0x001C5604,0x001F3604,0xA803B098,store,4,1,0x001C55D8:sub_1C55D8
0x001C5608,0x001F3608,0xA803B0AC,store,4,12,0x001C55D8:sub_1C55D8
0x001C5624,0x001F3624,0xA803B0AC,load,4,12,
0x001C573C,0x001F373C,0xA803AFEC,store,4,1,
0x001C57F4,0x001F37F4,0xA803B0D9,load,1,8,
0x001C57FC,0x001F37FC,0xA803B08A,store,1,8,
0x001C5814,0x001F3814,0xA803B0D9,load,1,1,
0x001C582C,0x001F382C,0xA803B088,store,1,1,
0x001C5830,0x001F3830,0xA803B088,load,1,8,
0x001C583C,0x001F383C,0xA803B0CB,store,1,8,
0x001C5854,0x001F3854,0xA803B088,store,1,0,
0x001C5864,0x001F3864,0xA803AFEC,store,4,1,
0x001C5874,0x001F3874,0xA803AFEC,store,4,1,
0x001C5884,0x001F3884,0xA803AFEC,store,4,1,
0x001C5890,0x001F3890,0xA803AFEC,store,4,0,
0x001C58AC,0x001F38AC,0xA803B0E6,load,1,8,0x001C58A4:sub_1C58A4
0x001C58B4,0x001F38B4,0xA803B09E,store,1,8,0x001C58A4:sub_1C58A4
0x001C58C0,0x001F38C0,0xA803B09E,load,1,1,
0x001C58C4,0x001F38C4,0xA803B0E6,load,1,8,
0x001C5A30,0x001F3A30,0xA803B0B3,store,1,11,0x001C5988:sub_1C5988
0x001C5A34,0x001F3A34,0xA8037BAF,store,1,12,0x001C5988:sub_1C5988
0x001C5A38,0x001F3A38,0xA8037BAA,store,1,0,0x001C5988:sub_1C5988
0x001C5AC0,0x001F3AC0,0xA803B098,store,4,8,
0x001C5AC8,0x001F3AC8,0xA803B08A,store,1,17,
0x001C5AD8,0x001F3AD8,0xA803B0D9,store,1,8,
0x001C5B40,0x001F3B40,0xA803B0AC,store,4,12,
0x001C5B5C,0x001F3B5C,0xA803B0AC,load,4,12,
0x001C5D88,0x001F3D88,0xA803B088,store,1,1,
0x001C5D8C,0x001F3D8C,0xA803B088,load,1,21,
0x001C5D94,0x001F3D94,0xA803B0CB,store,1,21,
0x001C5DB0,0x001F3DB0,0xA803B088,store,1,0,
0x001C5DB4,0x001F3DB4,0xA803B088,load,1,21,
0x001C5DBC,0x001F3DBC,0xA803B0CB,store,1,21,
0x001C5DD0,0x001F3DD0,0xA803B3EC,store,4,1,
0x001C5DDC,0x001F3DDC,0xA803B3EC,store,4,1,
0x001C5DE8,0x001F3DE8,0xA803B3EC,store,4,1,
0x001C5DF4,0x001F3DF4,0xA803B3EC,store,4,1,
0x001C5E04,0x001F3E04,0xA803B0E6,store,1,24,0x001C5DF8:sub_1C5DF8
0x001C5E1C,0x001F3E1C,0xA803B0D9,store,1,8,0x001C5DF8:sub_1C5DF8
0x001C5EB4,0x001F3EB4,0xA803B0AC,store,4,9,0x001C5DF8:sub_1C5DF8
0x001C5ED0,0x001F3ED0,0xA803B0AC,load,4,12,0x001C5DF8:sub_1C5DF8
0x001C5FF8,0x001F3FF8,0xA803AFEC,store,4,1,0x001C5DF8:sub_1C5DF8
0x001C6034,0x001F4034,0xA803B098,load,4,13,0x001C5DF8:sub_1C5DF8
0x001C6048,0x001F4048,0xA803B0DC,load,4,10,0x001C5DF8:sub_1C5DF8
0x001C6050,0x001F4050,0xA803B098,store,4,10,0x001C5DF8:sub_1C5DF8
0x001C60FC,0x001F40FC,0xA803B08A,load,1,8,0x001C5DF8:sub_1C5DF8
0x001C6118,0x001F4118,0xA803B088,store,1,1,0x001C5DF8:sub_1C5DF8
0x001C611C,0x001F411C,0xA803B088,load,1,24,0x001C5DF8:sub_1C5DF8
0x001C6128,0x001F4128,0xA803B0CB,store,1,24,0x001C5DF8:sub_1C5DF8
0x001C614C,0x001F414C,0xA803C094,store,4,17,0x001C5DF8:sub_1C5DF8
0x001C6174,0x001F4174,0xA803B088,store,1,0,0x001C5DF8:sub_1C5DF8
0x001C6184,0x001F4184,0xA803AFEC,store,4,1,
0x001C6194,0x001F4194,0xA803AFEC,store,4,1,
0x001C61A4,0x001F41A4,0xA803AFEC,store,4,1,
0x001C61B0,0x001F41B0,0xA803AFEC,store,4,0,
0x001C61C8,0x001F41C8,0xA803B0E6,store,1,24,0x001C61BC:sub_1C61BC
0x001C61E4,0x001F41E4,0xA80347F1,store,1,13,0x001C61BC:sub_1C61BC
0x001C61E8,0x001F41E8,0xA8037B9C,store,1,0,0x001C61BC:sub_1C61BC
0x001C61F0,0x001F41F0,0xA803B0D9,store,1,8,0x001C61BC:sub_1C61BC
0x001C6290,0x001F4290,0xA803B0AC,store,4,12,0x001C61BC:sub_1C61BC
0x001C62AC,0x001F42AC,0xA803B0AC,load,4,12,0x001C61BC:sub_1C61BC
0x001C63BC,0x001F43BC,0xA803AFEC,store,4,1,0x001C61BC:sub_1C61BC
0x001C6464,0x001F4464,0xA803B0BE,load,1,10,0x001C61BC:sub_1C61BC
0x001C64A8,0x001F44A8,0xA803B088,store,1,1,0x001C61BC:sub_1C61BC
0x001C64AC,0x001F44AC,0xA803B088,load,1,15,0x001C61BC:sub_1C61BC
0x001C64B4,0x001F44B4,0xA803B0CB,store,1,15,0x001C61BC:sub_1C61BC
0x001C64E4,0x001F44E4,0xA803C094,store,4,17,0x001C61BC:sub_1C61BC
0x001C64EC,0x001F44EC,0xA803B08A,load,1,8,0x001C61BC:sub_1C61BC
0x001C650C,0x001F450C,0xA803B088,store,1,0,0x001C61BC:sub_1C61BC
0x001C651C,0x001F451C,0xA803AFEC,store,4,1,
0x001C652C,0x001F452C,0xA803AFEC,store,4,1,
0x001C653C,0x001F453C,0xA803AFEC,store,4,1,
0x001C6548,0x001F4548,0xA803AFEC,store,4,0,
0x001C6558,0x001F4558,0xA803B08A,load,1,1,0x001C6554:sub_1C6554
0x001C6588,0x001F4588,0xA803B098,store,4,0,0x001C6554:sub_1C6554
0x001C6598,0x001F4598,0xA803B098,store,4,11,0x001C6554:sub_1C6554
0x001C6714,0x001F4714,0xA803B0D9,load,1,9,0x001C6554:sub_1C6554
0x001C672C,0x001F472C,0xA803B098,load,4,21,0x001C6554:sub_1C6554
0x001C6730,0x001F4730,0xA803B0D9,load,1,16,0x001C6554:sub_1C6554
0x001C673C,0x001F473C,0xA803B0DC,store,4,21,0x001C6554:sub_1C6554
0x001C6740,0x001F4740,0xA803B098,store,4,12,0x001C6554:sub_1C6554
0x001C678C,0x001F478C,0xA803B0ED,store,1,19,0x001C6554:sub_1C6554
0x001C6820,0x001F4820,0xA8037B9E,load,1,22,0x001C6554:sub_1C6554
0x001C6844,0x001F4844,0xA803B0D8,store,1,1,0x001C6554:sub_1C6554
0x001C6850,0x001F4850,0xA803C090,store,1,13,0x001C6554:sub_1C6554
0x001C6908,0x001F4908,0xA803B07F,store,1,0,0x001C6554:sub_1C6554
0x001C690C,0x001F490C,0xA803B0A7,store,1,0,0x001C6554:sub_1C6554
0x001C6910,0x001F4910,0xA803B07F,load,1,1,0x001C6554:sub_1C6554
0x001C6918,0x001F4918,0xA803B09F,store,1,1,0x001C6554:sub_1C6554
0x001C6A48,0x001F4A48,0xA803B08B,load,1,23,0x001C6554:sub_1C6554
0x001C6A78,0x001F4A78,0xA803B08B,load,1,29,0x001C6554:sub_1C6554
0x001C6B38,0x001F4B38,0xA803B0ED,store,1,13,0x001C6554:sub_1C6554
0x001C6BCC,0x001F4BCC,0xA803B0ED,store,1,29,0x001C6554:sub_1C6554
0x001C6BE0,0x001F4BE0,0xA803B0ED,store,1,23,0x001C6554:sub_1C6554
0x001C6C84,0x001F4C84,0xA803B0ED,store,1,15,0x001C6554:sub_1C6554
0x001C6CB0,0x001F4CB0,0xA803B07F,store,1,10,0x001C6554:sub_1C6554
0x001C6CB8,0x001F4CB8,0xA803B0A7,store,1,13,0x001C6554:sub_1C6554
0x001C6D58,0x001F4D58,0xA803B07F,store,1,11,0x001C6554:sub_1C6554
0x001C6D60,0x001F4D60,0xA803B0A7,store,1,13,0x001C6554:sub_1C6554
0x001C6D70,0x001F4D70,0xA803B0CC,store,1,15,0x001C6554:sub_1C6554
0x001C6D80,0x001F4D80,0xA803B07F,store,1,15,0x001C6554:sub_1C6554
0x001C6D88,0x001F4D88,0xA803B0A7,store,1,13,0x001C6554:sub_1C6554
0x001C6DF4,0x001F4DF4,0xA803B0D9,load,1,8,0x001C6DE8:sub_1C6DE8
0x001C6E04,0x001F4E04,0xA803B08A,load,1,8,0x001C6DE8:sub_1C6DE8
0x001C6E28,0x001F4E28,0xA8037E40,store,1,1,0x001C6DE8:sub_1C6DE8
0x001C6E2C,0x001F4E2C,0xA803B0AC,store,4,12,0x001C6DE8:sub_1C6DE8
0x001C6E48,0x001F4E48,0xA803B0AC,load,4,12,0x001C6DE8:sub_1C6DE8
0x001C6EA4,0x001F4EA4,0xA8037E40,store,1,1,0x001C6DE8:sub_1C6DE8
0x001C6EAC,0x001F4EAC,0xA803B0AC,store,4,13,0x001C6DE8:sub_1C6DE8
0x001C6EC8,0x001F4EC8,0xA803B0AC,load,4,12,0x001C6DE8:sub_1C6DE8
0x001C6F08,0x001F4F08,0xA803B098,load,4,12,0x001C6DE8:sub_1C6DE8
0x001C6F14,0x001F4F14,0xA803B098,store,4,26,0x001C6DE8:sub_1C6DE8
0x001C6F1C,0x001F4F1C,0xA803B098,load,4,11,0x001C6DE8:sub_1C6DE8
0x001C6F2C,0x001F4F2C,0xA803B0E6,load,1,9,0x001C6DE8:sub_1C6DE8
0x001C6F58,0x001F4F58,0xA803B0D9,load,1,8,0x001C6F4C:sub_1C6F4C
0x001C6F5C,0x001F4F5C,0xA803B09E,store,1,8,0x001C6F4C:sub_1C6F4C
0x001C6F68,0x001F4F68,0xA803B09E,load,1,1,0x001C6F4C:sub_1C6F4C
0x001C6F6C,0x001F4F6C,0xA803B0D9,load,1,16,0x001C6F4C:sub_1C6F4C
0x001C6F7C,0x001F4F7C,0xA803B0CD,load,1,9,0x001C6F4C:sub_1C6F4C
0x001C6F94,0x001F4F94,0xA803B0CB,load,1,21,0x001C6F4C:sub_1C6F4C
0x001C6FA0,0x001F4FA0,0xA803B088,store,1,20,0x001C6F4C:sub_1C6F4C
0x001C6FAC,0x001F4FAC,0xA803B0AC,store,4,23,0x001C6F4C:sub_1C6F4C
0x001C6FC8,0x001F4FC8,0xA803B0AC,load,4,12,0x001C6F4C:sub_1C6F4C
0x001C7064,0x001F5064,0xA803B0C0,load,1,12,0x001C6F4C:sub_1C6F4C
0x001C7070,0x001F5070,0xA803B0CB,load,1,10,0x001C6F4C:sub_1C6F4C
0x001C7078,0x001F5078,0xA803B0F4,store,1,12,0x001C6F4C:sub_1C6F4C
0x001C7080,0x001F5080,0xA803B088,store,1,13,0x001C6F4C:sub_1C6F4C
0x001C70B0,0x001F50B0,0xA803B0AC,store,4,19,0x001C6F4C:sub_1C6F4C
0x001C70CC,0x001F50CC,0xA803B0AC,load,4,12,0x001C6F4C:sub_1C6F4C
0x001C7144,0x001F5144,0xA803B0DC,load,4,18,0x001C6F4C:sub_1C6F4C
0x001C714C,0x001F514C,0xA803B098,store,4,18,0x001C6F4C:sub_1C6F4C
0x001C7160,0x001F5160,0xA803B08B,load,1,16,0x001C6F4C:sub_1C6F4C
0x001C7168,0x001F5168,0xA803B0F5,load,1,18,0x001C6F4C:sub_1C6F4C
0x001C7178,0x001F5178,0xA803B08A,store,1,8,0x001C6F4C:sub_1C6F4C
0x001C7238,0x001F5238,0xA803B0AC,store,4,15,0x001C6F4C:sub_1C6F4C
0x001C7254,0x001F5254,0xA803B0AC,load,4,12,0x001C6F4C:sub_1C6F4C
0x001C7280,0x001F5280,0xA803B098,store,4,24,0x001C6F4C:sub_1C6F4C
0x001C7294,0x001F5294,0xA803B08B,load,1,16,0x001C6F4C:sub_1C6F4C
0x001C729C,0x001F529C,0xA803B0F5,load,1,24,0x001C6F4C:sub_1C6F4C
0x001C72AC,0x001F52AC,0xA803B08A,store,1,8,0x001C6F4C:sub_1C6F4C
0x001C733C,0x001F533C,0xA803B0D9,load,1,16,0x001C7334:sub_1C7334
0x001C73AC,0x001F53AC,0xA803B0CD,store,1,9,0x001C7334:sub_1C7334
0x001C73B8,0x001F53B8,0xA803B0CD,store,1,0,0x001C7334:sub_1C7334
0x001C73CC,0x001F53CC,0xA803B0B3,load,1,8,0x001C73C4:sub_1C73C4
0x001C73E8,0x001F53E8,0xA803B098,store,4,12,0x001C73C4:sub_1C73C4
0x001C73F4,0x001F53F4,0xA803B0E6,store,1,8,0x001C73C4:sub_1C73C4
0x001C73FC,0x001F53FC,0xA803B0E6,load,1,8,0x001C73C4:sub_1C73C4
0x001C7410,0x001F5410,0xA803B0E6,load,1,15,0x001C73C4:sub_1C73C4
0x001C7424,0x001F5424,0xA803B0E6,store,1,10,0x001C73C4:sub_1C73C4
0x001C7428,0x001F5428,0xA803B0E6,load,1,1,0x001C73C4:sub_1C73C4
0x001C7440,0x001F5440,0xA80347F1,store,1,12,0x001C73C4:sub_1C73C4
0x001C7444,0x001F5444,0xA8037B9C,store,1,0,0x001C73C4:sub_1C73C4
0x001C7488,0x001F5488,0xA803B0AC,store,4,16,0x001C73C4:sub_1C73C4
0x001C75E4,0x001F55E4,0xA8037B94,load,1,13,0x001C758C:sub_1C758C
0x001C7610,0x001F5610,0xA803AFEC,store,4,17,0x001C758C:sub_1C758C
0x001C762C,0x001F562C,0xA803AFEC,store,4,16,0x001C758C:sub_1C758C
0x001C783C,0x001F583C,0xA803AFEC,store,4,8,0x001C758C:sub_1C758C
0x001C7858,0x001F5858,0xA803AFEC,store,4,1,0x001C758C:sub_1C758C
0x001C7B00,0x001F5B00,0xA803B098,store,4,12,0x001C7AD8:sub_1C7AD8
0x001C7B08,0x001F5B08,0xA8037B94,store,1,0,0x001C7AD8:sub_1C7AD8
0x001C7B14,0x001F5B14,0xA803AFEC,store,4,13,0x001C7AD8:sub_1C7AD8
0x001C7B78,0x001F5B78,0xA8037B94,load,1,1,0x001C7AD8:sub_1C7AD8
0x001C7B88,0x001F5B88,0xA8037B94,store,1,24,0x001C7AD8:sub_1C7AD8
0x001C7B94,0x001F5B94,0xA8037B94,load,1,8,0x001C7AD8:sub_1C7AD8
0x001C7BD8,0x001F5BD8,0xA8037B94,load,1,1,
0x001C7BE8,0x001F5BE8,0xA8037B94,store,1,0,
0x001C7C08,0x001F5C08,0xA8037B94,load,1,1,
0x001C7C18,0x001F5C18,0xA8037B94,store,1,1,
0x001C7C40,0x001F5C40,0xA8037B94,store,1,0,
0x001C7FD0,0x001F5FD0,0xA803B0D9,load,1,9,0x001C7F54:sub_1C7F54
0x001C7FF4,0x001F5FF4,0xA803AFEC,store,4,8,0x001C7F54:sub_1C7F54
0x001C8124,0x001F6124,0xA8037E41,store,1,9,0x001C7F54:sub_1C7F54
0x001C8158,0x001F6158,0xA803B098,store,4,13,0x001C814C:sub_1C814C
0x001C8170,0x001F6170,0xA803B0D8,store,1,10,0x001C814C:sub_1C814C
0x001C82C0,0x001F62C0,0xA803AFEC,store,4,20,0x001C814C:sub_1C814C
0x001C8584,0x001F6584,0xA803B098,store,4,13,
0x001C85A8,0x001F65A8,0xA803B0D8,load,1,12,
0x001C85D0,0x001F65D0,0xA803B0D8,store,1,1,
0x001C85D8,0x001F65D8,0xA803B0D8,load,1,16,
0x001C86F0,0x001F66F0,0xA8037BA5,load,1,8,
0x001C870C,0x001F670C,0xA8037BA5,load,1,8,
0x001C8720,0x001F6720,0xA8037E41,load,1,1,
0x001C87C0,0x001F67C0,0xA803B0D8,load,1,12,0x001C87B8:sub_1C87B8
0x001C87E8,0x001F67E8,0xA803B0D8,store,1,10,0x001C87B8:sub_1C87B8
0x001C87F0,0x001F67F0,0xA803B0D8,load,1,24,0x001C87B8:sub_1C87B8
0x001C895C,0x001F695C,0xA8037E41,load,1,1,0x001C87B8:sub_1C87B8
0x001C89AC,0x001F69AC,0xA803B0D8,load,1,12,0x001C89A4:sub_1C89A4
0x001C89B4,0x001F69B4,0xA803B05C,store,1,12,0x001C89A4:sub_1C89A4
0x001C89E0,0x001F69E0,0xA803B098,store,4,13,0x001C89A4:sub_1C89A4
0x001C91A8,0x001F71A8,0xA803C094,store,4,1,0x001C919C:sub_1C919C
0x001C91B8,0x001F71B8,0xA80352A4,store,1,12,0x001C919C:sub_1C919C
0x001C91C0,0x001F71C0,0xA8037E44,store,4,0,0x001C919C:sub_1C919C
0x001C91D4,0x001F71D4,0xA803B0ED,load,1,13,0x001C91CC:sub_1C91CC
0x001C92B0,0x001F72B0,0xA803C094,store,4,1,0x001C9244:sub_1C9244
0x001C9354,0x001F7354,0xA803B098,load,4,15,0x001C9244:sub_1C9244
0x001C9368,0x001F7368,0xA803AFEC,store,4,17,0x001C9244:sub_1C9244
0x001C9390,0x001F7390,0xA803B098,load,4,12,0x001C9244:sub_1C9244
0x001C93F4,0x001F73F4,0xA803C094,store,4,17,0x001C9244:sub_1C9244
0x001C9408,0x001F7408,0xA803C094,load,4,8,0x001C9244:sub_1C9244
0x001C95F0,0x001F75F0,0xA803B0ED,load,1,1,0x001C9244:sub_1C9244
0x001C960C,0x001F760C,0xA803B0ED,load,1,12,0x001C9244:sub_1C9244
0x001C9628,0x001F7628,0xA803B007,load,1,13,0x001C9244:sub_1C9244
0x001C9684,0x001F7684,0xA80352A4,load,1,8,0x001C9244:sub_1C9244
0x001C96BC,0x001F76BC,0xA80352A4,store,1,24,0x001C9244:sub_1C9244
0x001C9764,0x001F7764,0xA803AFEC,store,4,26,0x001C9244:sub_1C9244
0x001C9784,0x001F7784,0xA803AFEC,store,4,28,0x001C9244:sub_1C9244
0x001C97AC,0x001F77AC,0xA803B007,load,1,9,0x001C9244:sub_1C9244
0x001C99E4,0x001F79E4,0xA803AFEC,store,4,8,0x001C995C:sub_1C995C
0x001C9A98,0x001F7A98,0xA803AFEC,store,4,8,0x001C995C:sub_1C995C
0x001C9BE4,0x001F7BE4,0xA80352A5,store,1,24,0x001C9B90:sub_1C9B90
0x001C9BF0,0x001F7BF0,0xA80352A5,load,1,1,0x001C9B90:sub_1C9B90
0x001C9C2C,0x001F7C2C,0xA803B09D,load,1,1,0x001C9C24:sub_1C9C24
0x001C9C44,0x001F7C44,0xA803B098,store,4,0,0x001C9C24:sub_1C9C24
0x001C9C6C,0x001F7C6C,0xA803B0E6,store,1,12,0x001C9C24:sub_1C9C24
0x001C9C78,0x001F7C78,0xA8037BA9,store,1,0,0x001C9C24:sub_1C9C24
0x001C9E68,0x001F7E68,0xA803B09D,load,1,13,0x001C9E60:sub_1C9E60
0x001C9E9C,0x001F7E9C,0xA803B0E6,store,1,15,0x001C9E60:sub_1C9E60
0x001C9EA8,0x001F7EA8,0xA8037BA9,store,1,0,0x001C9E60:sub_1C9E60
0x001C9FB8,0x001F7FB8,0xA803B009,load,1,12,0x001C9E60:sub_1C9E60
0x001CA194,0x001F8194,0xA8037BAC,load,1,10,0x001C9E60:sub_1C9E60
0x001CA208,0x001F8208,0xA8037BAC,load,1,16,0x001C9E60:sub_1C9E60
0x001CA250,0x001F8250,0xA803B0E6,store,1,11,0x001CA244:sub_1CA244
0x001CA298,0x001F8298,0xA803AFEC,store,4,9,0x001CA244:sub_1CA244
0x001CA308,0x001F8308,0xA803B0E8,load,4,10,0x001CA244:sub_1CA244
0x001CA30C,0x001F830C,0xA803B0E0,load,4,11,0x001CA244:sub_1CA244
0x001CA460,0x001F8460,0xA8037BAC,load,1,13,0x001CA244:sub_1CA244
0x001CA484,0x001F8484,0xA803AFEC,store,4,12,0x001CA478:sub_1CA478
0x001CA4AC,0x001F84AC,0xA803AFEC,store,4,9,0x001CA478:sub_1CA478
0x001CA6F4,0x001F86F4,0xA803B08B,store,1,8,0x001CA478:sub_1CA478
0x001CA6FC,0x001F86FC,0xA803B0F5,store,1,9,0x001CA478:sub_1CA478
0x001CA714,0x001F8714,0xA803B08B,load,1,8,0x001CA478:sub_1CA478
0x001CA71C,0x001F871C,0xA803B0F5,load,1,9,0x001CA478:sub_1CA478
0x001CA808,0x001F8808,0xA803B03E,load,1,13,0x001CA478:sub_1CA478
0x001CA820,0x001F8820,0xA803AFEC,store,4,24,0x001CA478:sub_1CA478
0x001CA97C,0x001F897C,0xA803B098,store,4,8,0x001CA96C:sub_1CA96C
0x001CAA80,0x001F8A80,0xA803B098,load,4,1,0x001CAA78:sub_1CAA78
0x001CAA9C,0x001F8A9C,0xA803B098,store,4,9,0x001CAA78:sub_1CAA78
0x001CAAAC,0x001F8AAC,0xA803B09D,store,1,13,0x001CAA78:sub_1CAA78
0x001CAB9C,0x001F8B9C,0xA803C078,load,4,10,0x001CAA78:sub_1CAA78
0x001CAC34,0x001F8C34,0xA803C078,load,4,10,0x001CAA78:sub_1CAA78
0x001CADEC,0x001F8DEC,0xA803B0D4,load,4,18,0x001CADE4:sub_1CADE4
0x001CAE10,0x001F8E10,0xA803B08A,store,1,13,0x001CADE4:sub_1CADE4
0x001CAE14,0x001F8E14,0xA803B09D,store,1,16,0x001CADE4:sub_1CADE4
0x001CAE18,0x001F8E18,0xA803B098,store,4,12,0x001CADE4:sub_1CADE4
0x001CAE20,0x001F8E20,0xA803B0D4,store,4,11,0x001CADE4:sub_1CADE4
0x001CAE6C,0x001F8E6C,0xA803B0ED,load,1,1,0x001CADE4:sub_1CADE4
0x001CAEA0,0x001F8EA0,0xA803AFEC,store,4,10,0x001CADE4:sub_1CADE4
0x001CAEA4,0x001F8EA4,0xA803B08B,store,1,1,0x001CADE4:sub_1CADE4
0x001CAEBC,0x001F8EBC,0xA803B08B,load,1,21,0x001CADE4:sub_1CADE4
0x001CAEC8,0x001F8EC8,0xA803AFEC,store,4,20,0x001CADE4:sub_1CADE4
0x001CB0A4,0x001F90A4,0xA80352A7,load,1,17,0x001CADE4:sub_1CADE4
0x001CB0C4,0x001F90C4,0xA80352A7,load,1,9,0x001CADE4:sub_1CADE4
0x001CB0DC,0x001F90DC,0xA80352A7,load,1,13,0x001CADE4:sub_1CADE4
0x001CB3AC,0x001F93AC,0xA80352A6,store,1,13,0x001CADE4:sub_1CADE4
0x001CB3CC,0x001F93CC,0xA803B0ED,load,1,13,0x001CB3BC:sub_1CB3BC
0x001CB3DC,0x001F93DC,0xA80352A6,load,1,1,0x001CB3BC:sub_1CB3BC
0x001CB3F4,0x001F93F4,0xA803B08B,load,1,8,0x001CB3BC:sub_1CB3BC
0x001CB408,0x001F9408,0xA803AFEC,store,4,11,0x001CB3BC:sub_1CB3BC
0x001CB41C,0x001F941C,0xA803B08B,load,1,10,0x001CB3BC:sub_1CB3BC
0x001CB428,0x001F9428,0xA803AFEC,store,4,1,0x001CB3BC:sub_1CB3BC
0x001CB478,0x001F9478,0xA80352A7,load,1,12,0x001CB3BC:sub_1CB3BC
0x001CB47C,0x001F947C,0xA803B08B,load,1,25,0x001CB3BC:sub_1CB3BC
0x001CB494,0x001F9494,0xA803AFEC,store,4,11,0x001CB3BC:sub_1CB3BC
0x001CB4AC,0x001F94AC,0xA80352A7,load,1,13,0x001CB3BC:sub_1CB3BC
0x001CB4E0,0x001F94E0,0xA803B08B,load,1,8,0x001CB3BC:sub_1CB3BC
0x001CB4F8,0x001F94F8,0xA803B08B,load,1,8,0x001CB3BC:sub_1CB3BC
0x001CB510,0x001F9510,0xA803B08B,load,1,8,0x001CB3BC:sub_1CB3BC
0x001CB5B0,0x001F95B0,0xA803B0ED,load,1,13,0x001CB5A0:sub_1CB5A0
0x001CB5C4,0x001F95C4,0xA80352A6,load,1,1,0x001CB5A0:sub_1CB5A0
0x001CB5DC,0x001F95DC,0xA803B08B,load,1,15,0x001CB5A0:sub_1CB5A0
0x001CB5EC,0x001F95EC,0xA803AFEC,store,4,11,0x001CB5A0:sub_1CB5A0
0x001CB604,0x001F9604,0xA803B08B,load,1,9,0x001CB5A0:sub_1CB5A0
0x001CB614,0x001F9614,0xA803AFEC,store,4,1,0x001CB5A0:sub_1CB5A0
0x001CB658,0x001F9658,0xA803B08B,load,1,8,0x001CB5A0:sub_1CB5A0
0x001CB66C,0x001F966C,0xA803B08B,load,1,8,0x001CB5A0:sub_1CB5A0
0x001CB680,0x001F9680,0xA803B08B,load,1,8,0x001CB5A0:sub_1CB5A0
0x001CB6B0,0x001F96B0,0xA80352A7,load,1,15,0x001CB5A0:sub_1CB5A0
0x001CB6B4,0x001F96B4,0xA803B08B,load,1,25,0x001CB5A0:sub_1CB5A0
0x001CB6CC,0x001F96CC,0xA803AFEC,store,4,11,0x001CB5A0:sub_1CB5A0
0x001CB6E4,0x001F96E4,0xA80352A7,load,1,13,0x001CB5A0:sub_1CB5A0
0x001CB7B8,0x001F97B8,0xA803B098,store,4,13,0x001CB7A4:sub_1CB7A4
0x001CB7C4,0x001F97C4,0xA803B09D,store,1,12,0x001CB7A4:sub_1CB7A4
0x001CB81C,0x001F981C,0xA80352A6,load,1,16,0x001CB814:sub_1CB814
0x001CB87C,0x001F987C,0xA803B0E6,store,1,0,0x001CB814:sub_1CB814
0x001CB884,0x001F9884,0xA803B098,store,4,0,0x001CB814:sub_1CB814
0x001CB88C,0x001F988C,0xA803B0ED,load,1,10,0x001CB814:sub_1CB814
0x001CB8B8,0x001F98B8,0xA803B0E6,store,1,8,0x001CB814:sub_1CB814
0x001CB8C4,0x001F98C4,0xA803B0B3,store,1,8,0x001CB814:sub_1CB814
0x001CB8C8,0x001F98C8,0xA803B098,store,4,12,0x001CB814:sub_1CB814
0x001CB914,0x001F9914,0xA803B098,store,4,13,0x001CB814:sub_1CB814
0x001CB918,0x001F9918,0xA803B09D,store,1,12,0x001CB814:sub_1CB814
0x001CBBF8,0x001F9BF8,0xA803B036,load,1,13,0x001CBBA4:sub_1CBBA4
0x001CBC10,0x001F9C10,0xA803B036,store,1,12,0x001CBBA4:sub_1CBBA4
0x001CBC14,0x001F9C14,0xA803B036,store,1,18,0x001CBBA4:sub_1CBBA4
0x001CBC4C,0x001F9C4C,0xA803B08B,store,1,9,0x001CBBA4:sub_1CBBA4
0x001CBC60,0x001F9C60,0xA803B0F5,store,1,13,0x001CBBA4:sub_1CBBA4
0x001CBC70,0x001F9C70,0xA803B08A,load,1,8,0x001CBBA4:sub_1CBBA4
0x001CBD24,0x001F9D24,0xA803B0F5,load,1,9,0x001CBBA4:sub_1CBBA4
0x001CBD30,0x001F9D30,0xA803B0D9,load,1,8,0x001CBBA4:sub_1CBBA4
0x001CBD34,0x001F9D34,0xA803B0F5,load,1,20,0x001CBBA4:sub_1CBBA4
0x001CBD44,0x001F9D44,0xA803B08B,load,1,8,0x001CBBA4:sub_1CBBA4
0x001CBDE0,0x001F9DE0,0xA803B08B,store,1,10,0x001CBBA4:sub_1CBBA4
0x001CBE00,0x001F9E00,0xA803B036,load,1,1,0x001CBBA4:sub_1CBBA4
0x001CBE18,0x001F9E18,0xA803B036,store,1,19,0x001CBBA4:sub_1CBBA4
0x001CBE28,0x001F9E28,0xA803B036,store,1,11,0x001CBBA4:sub_1CBBA4
0x001CBE30,0x001F9E30,0xA803B036,store,1,19,0x001CBBA4:sub_1CBBA4
0x001CBE94,0x001F9E94,0xA803AFEC,store,4,13,0x001CBBA4:sub_1CBBA4
0x001CC040,0x001FA040,0xA803B08A,load,1,13,0x001CC020:sub_1CC020
0x001CC088,0x001FA088,0xA803B007,load,1,15,0x001CC020:sub_1CC020
0x001CC0E8,0x001FA0E8,0xA803AFEC,store,4,9,0x001CC020:sub_1CC020
0x001CC164,0x001FA164,0xA803B08A,load,1,11,0x001CC0FC:sub_1CC0FC
0x001CC1C4,0x001FA1C4,0xA803AFEC,store,4,11,0x001CC0FC:sub_1CC0FC
0x001CC1E8,0x001FA1E8,0xA803AFEC,store,4,8,0x001CC0FC:sub_1CC0FC
0x001CC24C,0x001FA24C,0xA803B007,load,1,24,0x001CC0FC:sub_1CC0FC
0x001CC2E8,0x001FA2E8,0xA803AFEC,store,4,9,0x001CC0FC:sub_1CC0FC
0x001CC30C,0x001FA30C,0xA803AFEC,store,4,11,0x001CC0FC:sub_1CC0FC
0x001CC354,0x001FA354,0xA803AFEC,store,4,10,0x001CC0FC:sub_1CC0FC
0x001CC378,0x001FA378,0xA803AFEC,store,4,26,0x001CC0FC:sub_1CC0FC
0x001CC3E4,0x001FA3E4,0xA803AFEC,store,4,15,0x001CC0FC:sub_1CC0FC
0x001CC410,0x001FA410,0xA803AFEC,store,4,13,0x001CC0FC:sub_1CC0FC
0x001CC430,0x001FA430,0xA803AFEC,store,4,1,0x001CC0FC:sub_1CC0FC
0x001CC470,0x001FA470,0xA803AFEC,store,4,12,0x001CC0FC:sub_1CC0FC
0x001CC490,0x001FA490,0xA803AFEC,store,4,9,0x001CC0FC:sub_1CC0FC
0x001CC4E0,0x001FA4E0,0xA803AFEC,store,4,25,0x001CC0FC:sub_1CC0FC
0x001CC4EC,0x001FA4EC,0xA803AFEC,store,4,18,0x001CC0FC:sub_1CC0FC
0x001CC578,0x001FA578,0xA803B08A,load,1,11,0x001CC510:sub_1CC510
0x001CC5D8,0x001FA5D8,0xA803AFEC,store,4,11,0x001CC510:sub_1CC510
0x001CC5FC,0x001FA5FC,0xA803AFEC,store,4,26,0x001CC510:sub_1CC510
0x001CC660,0x001FA660,0xA803B007,load,1,24,0x001CC510:sub_1CC510
0x001CC6FC,0x001FA6FC,0xA803AFEC,store,4,11,0x001CC510:sub_1CC510
0x001CC720,0x001FA720,0xA803AFEC,store,4,26,0x001CC510:sub_1CC510
0x001CC770,0x001FA770,0xA803AFEC,store,4,13,0x001CC510:sub_1CC510
0x001CC78C,0x001FA78C,0xA803AFEC,store,4,1,0x001CC510:sub_1CC510
0x001CC7F4,0x001FA7F4,0xA803AFEC,store,4,17,0x001CC510:sub_1CC510
0x001CC824,0x001FA824,0xA803AFEC,store,4,13,0x001CC510:sub_1CC510
0x001CC844,0x001FA844,0xA803AFEC,store,4,1,0x001CC510:sub_1CC510
0x001CC884,0x001FA884,0xA803AFEC,store,4,12,0x001CC510:sub_1CC510
0x001CC8A4,0x001FA8A4,0xA803AFEC,store,4,9,0x001CC510:sub_1CC510
0x001CC8E0,0x001FA8E0,0xA803AFEC,store,4,10,0x001CC510:sub_1CC510
0x001CC904,0x001FA904,0xA803AFEC,store,4,25,0x001CC510:sub_1CC510
0x001CC930,0x001FA930,0xA803B0ED,load,1,13,0x001CC928:sub_1CC928
0x001CC950,0x001FA950,0xA803B08A,load,1,8,0x001CC928:sub_1CC928
0x001CC96C,0x001FA96C,0xA803B098,store,4,12,0x001CC928:sub_1CC928
0x001CCA68,0x001FAA68,0xA803B098,store,4,12,0x001CCA1C:sub_1CCA1C
0x001CCA70,0x001FAA70,0xA803B0E6,store,1,16,0x001CCA1C:sub_1CCA1C
0x001CCA8C,0x001FAA8C,0xA803B08A,load,1,13,0x001CCA1C:sub_1CCA1C
0x001CCA98,0x001FAA98,0xA803B08A,store,1,13,0x001CCA1C:sub_1CCA1C
0x001CCAA0,0x001FAAA0,0xA803B0ED,load,1,1,0x001CCA1C:sub_1CCA1C
0x001CCAB4,0x001FAAB4,0xA803B08A,store,1,1,0x001CCA1C:sub_1CCA1C
0x001CCB3C,0x001FAB3C,0xA803B08A,load,1,13,0x001CCA1C:sub_1CCA1C
0x001CCB4C,0x001FAB4C,0xA803B08A,store,1,13,0x001CCA1C:sub_1CCA1C
0x001CCC5C,0x001FAC5C,0xA803B0F5,load,1,18,0x001CCC30:sub_1CCC30
0x001CCCA4,0x001FACA4,0xA803B08B,load,1,8,0x001CCC30:sub_1CCC30
0x001CCD40,0x001FAD40,0xA803B08B,load,1,8,0x001CCC30:sub_1CCC30
0x001CCEE4,0x001FAEE4,0xA803B08B,load,1,8,0x001CCC30:sub_1CCC30
0x001CCEF8,0x001FAEF8,0xA803B08B,load,1,8,0x001CCC30:sub_1CCC30
0x001CCFEC,0x001FAFEC,0xA803B08B,load,1,8,0x001CCC30:sub_1CCC30
0x001CCFF8,0x001FAFF8,0xA803B08B,load,1,8,0x001CCC30:sub_1CCC30
0x001CD00C,0x001FB00C,0xA803B08B,load,1,8,0x001CCC30:sub_1CCC30
0x001CD158,0x001FB158,0xA803B08A,load,1,15,0x001CD140:sub_1CD140
0x001CD168,0x001FB168,0xA803B08B,store,1,13,0x001CD140:sub_1CD140
0x001CD16C,0x001FB16C,0xA803B0F5,store,1,12,0x001CD140:sub_1CD140
0x001CD1D0,0x001FB1D0,0xA803B036,load,1,8,0x001CD140:sub_1CD140
0x001CD274,0x001FB274,0xA803B0E6,store,1,16,0x001CD25C:sub_1CD25C
0x001CD278,0x001FB278,0xA803B098,store,4,17,0x001CD25C:sub_1CD25C
0x001CD2E8,0x001FB2E8,0xA803AFEC,store,4,8,0x001CD25C:sub_1CD25C
0x001CD35C,0x001FB35C,0xA803B08A,store,1,1,0x001CD25C:sub_1CD25C
0x001CD3E0,0x001FB3E0,0xA803B0F5,load,1,8,0x001CD25C:sub_1CD25C
0x001CD3EC,0x001FB3EC,0xA803B08B,load,1,8,0x001CD25C:sub_1CD25C
0x001CD410,0x001FB410,0xA803B08A,store,1,9,0x001CD25C:sub_1CD25C
0x001CD5A0,0x001FB5A0,0xA803B036,load,1,12,0x001CD4FC:sub_1CD4FC
0x001CD5B4,0x001FB5B4,0xA803B036,store,1,17,0x001CD4FC:sub_1CD4FC
0x001CD5BC,0x001FB5BC,0xA803B036,store,1,15,0x001CD4FC:sub_1CD4FC
0x001CD708,0x001FB708,0xA803B098,load,4,1,0x001CD700:sub_1CD700
0x001CD784,0x001FB784,0xA803AFEC,store,4,1,0x001CD700:sub_1CD700
0x001CD7A0,0x001FB7A0,0xA803AFEC,store,4,27,0x001CD700:sub_1CD700
0x001CD7C4,0x001FB7C4,0xA803B00E,store,1,13,0x001CD700:sub_1CD700
0x001CD814,0x001FB814,0xA803B069,store,1,11,0x001CD700:sub_1CD700
0x001CD824,0x001FB824,0xA803B06F,store,1,16,0x001CD700:sub_1CD700
0x001CD830,0x001FB830,0xA803B061,store,1,25,0x001CD700:sub_1CD700
0x001CD83C,0x001FB83C,0xA803B098,load,4,1,0x001CD834:sub_1CD834
0x001CD8B8,0x001FB8B8,0xA803AFEC,store,4,24,0x001CD834:sub_1CD834
0x001CD8D4,0x001FB8D4,0xA803AFEC,store,4,15,0x001CD834:sub_1CD834
0x001CD8F4,0x001FB8F4,0xA803B00E,store,1,0,0x001CD834:sub_1CD834
0x001CD940,0x001FB940,0xA803B069,store,1,0,0x001CD834:sub_1CD834
0x001CD94C,0x001FB94C,0xA803B06F,store,1,0,0x001CD834:sub_1CD834
0x001CD964,0x001FB964,0xA803B098,load,4,1,0x001CD958:sub_1CD958
0x001CD9F8,0x001FB9F8,0xA803B098,load,4,1,0x001CD958:sub_1CD958
0x001CDA24,0x001FBA24,0xA803B08A,load,1,10,0x001CD958:sub_1CD958
0x001CDB14,0x001FBB14,0xA803AFEC,store,4,9,0x001CD958:sub_1CD958
0x001CDBD8,0x001FBBD8,0xA803B00E,load,1,13,0x001CD958:sub_1CD958
0x001CDC00,0x001FBC00,0xA803AFEC,store,4,13,0x001CD958:sub_1CD958
0x001CDC94,0x001FBC94,0xA803B098,store,4,1,0x001CDC70:sub_1CDC70
0x001CDC98,0x001FBC98,0xA803B08A,store,1,13,0x001CDC70:sub_1CDC70
0x001CDC9C,0x001FBC9C,0xA803B0E6,store,1,12,0x001CDC70:sub_1CDC70
0x001CDCA4,0x001FBCA4,0xA803B09D,store,1,17,0x001CDC70:sub_1CDC70
0x001CDD1C,0x001FBD1C,0xA803AFEC,store,4,8,0x001CDC70:sub_1CDC70
0x001CDD3C,0x001FBD3C,0xA803AFEC,store,4,1,0x001CDC70:sub_1CDC70
0x001CDDA0,0x001FBDA0,0xA803B09D,store,1,13,0x001CDC70:sub_1CDC70
0x001CDDA4,0x001FBDA4,0xA803B098,store,4,12,0x001CDC70:sub_1CDC70
0x001CDEE0,0x001FBEE0,0xA803B09D,store,1,10,0x001CDECC:sub_1CDECC
0x001CDEE8,0x001FBEE8,0xA803B098,store,4,9,0x001CDECC:sub_1CDECC
0x001CDF58,0x001FBF58,0xA803AFEC,store,4,1,0x001CDECC:sub_1CDECC
0x001CDF74,0x001FBF74,0xA803AFEC,store,4,15,0x001CDECC:sub_1CDECC
0x001CE0A8,0x001FC0A8,0xA8037B96,load,1,17,0x001CDECC:sub_1CDECC
0x001CE0C4,0x001FC0C4,0xA8037B96,store,1,17,0x001CDECC:sub_1CDECC
0x001CE10C,0x001FC10C,0xA803B057,load,1,1,0x001CDECC:sub_1CDECC
0x001CE11C,0x001FC11C,0xA803B057,store,1,0,0x001CDECC:sub_1CDECC
0x001CE124,0x001FC124,0xA803B057,load,1,1,0x001CDECC:sub_1CDECC
0x001CE184,0x001FC184,0xA803B057,load,1,1,0x001CDECC:sub_1CDECC
0x001CE198,0x001FC198,0xA803B057,store,1,1,0x001CDECC:sub_1CDECC
0x001CE1A0,0x001FC1A0,0xA803B057,load,1,1,0x001CDECC:sub_1CDECC
0x001CE1D0,0x001FC1D0,0xA803AFEC,store,4,12,0x001CDECC:sub_1CDECC
0x001CE1EC,0x001FC1EC,0xA803AFEC,store,4,11,0x001CDECC:sub_1CDECC
0x001CE2D0,0x001FC2D0,0xA8037BAB,store,1,9,0x001CE2BC:sub_1CE2BC
0x001CE2DC,0x001FC2DC,0xA803B09D,store,1,17,0x001CE2BC:sub_1CE2BC
0x001CE2E0,0x001FC2E0,0xA803B098,store,4,16,0x001CE2BC:sub_1CE2BC
0x001CE358,0x001FC358,0xA803AFEC,store,4,13,0x001CE2BC:sub_1CE2BC
0x001CE41C,0x001FC41C,0xA803B057,store,1,0,0x001CE2BC:sub_1CE2BC
0x001CE444,0x001FC444,0xA803B09D,store,1,8,0x001CE2BC:sub_1CE2BC
0x001CE460,0x001FC460,0xA8037B96,load,1,1,0x001CE2BC:sub_1CE2BC
0x001CE4D4,0x001FC4D4,0xA803B057,load,1,13,0x001CE2BC:sub_1CE2BC
0x001CE4F0,0x001FC4F0,0xA803B055,load,1,8,0x001CE2BC:sub_1CE2BC
0x001CE4FC,0x001FC4FC,0xA8037B96,load,1,17,0x001CE2BC:sub_1CE2BC
0x001CE508,0x001FC508,0xA8037B96,store,1,17,0x001CE2BC:sub_1CE2BC
0x001CE530,0x001FC530,0xA803B09D,store,1,10,0x001CE2BC:sub_1CE2BC
0x001CE54C,0x001FC54C,0xA8037B96,load,1,9,0x001CE2BC:sub_1CE2BC
0x001CE5B8,0x001FC5B8,0xA8037B96,store,1,0,0x001CE2BC:sub_1CE2BC
0x001CE610,0x001FC610,0xA803B09D,store,1,13,0x001CE5EC:sub_1CE5EC
0x001CE614,0x001FC614,0xA803B098,store,4,12,0x001CE5EC:sub_1CE5EC
0x001CE784,0x001FC784,0xA803AFEC,store,4,21,0x001CE5EC:sub_1CE5EC
0x001CE870,0x001FC870,0xA803B0CA,load,1,12,0x001CE84C:sub_1CE84C
0x001CE874,0x001FC874,0xA803B0A0,load,1,1,0x001CE84C:sub_1CE84C
0x001CE8A4,0x001FC8A4,0xA803AFEC,store,4,26,0x001CE84C:sub_1CE84C
0x001CE8C8,0x001FC8C8,0xA803B009,load,1,17,0x001CE84C:sub_1CE84C
0x001CEFB0,0x001FCFB0,0xA803B0F5,store,1,8,0x001CEF54:sub_1CEF54
0x001CEFC0,0x001FCFC0,0xA803AFF1,load,1,8,0x001CEF54:sub_1CEF54
0x001CEFC4,0x001FCFC4,0xA803B08B,store,1,12,0x001CEF54:sub_1CEF54
0x001CEFF8,0x001FCFF8,0xA803AFF1,load,1,13,0x001CEF54:sub_1CEF54
0x001CF00C,0x001FD00C,0xA803AFF1,store,1,10,0x001CEF54:sub_1CEF54
0x001CF014,0x001FD014,0xA803AFF1,store,1,10,0x001CEF54:sub_1CEF54
0x001CF024,0x001FD024,0xA803AFF1,load,1,9,0x001CEF54:sub_1CEF54
0x001CF034,0x001FD034,0xA803AFF1,store,1,13,0x001CEF54:sub_1CEF54
0x001CF03C,0x001FD03C,0xA803AFF1,store,1,13,0x001CEF54:sub_1CEF54
0x001CF078,0x001FD078,0xA803B08B,store,1,1,0x001CF050:sub_1CF050
0x001CF084,0x001FD084,0xA803B0F5,store,1,13,0x001CF050:sub_1CF050
0x001CF0D0,0x001FD0D0,0xA803AFF1,load,1,8,0x001CF050:sub_1CF050
0x001CF0F4,0x001FD0F4,0xA803AFEC,store,4,11,0x001CF050:sub_1CF050
0x001CF110,0x001FD110,0xA803AFEC,store,4,10,0x001CF050:sub_1CF050
0x001CF180,0x001FD180,0xA803B08A,load,1,1,0x001CF178:sub_1CF178
0x001CF1B0,0x001FD1B0,0xA803B098,store,4,10,0x001CF178:sub_1CF178
0x001CF2E0,0x001FD2E0,0xA803B08B,store,1,13,0x001CF178:sub_1CF178
0x001CF2EC,0x001FD2EC,0xA803B0F5,store,1,9,0x001CF178:sub_1CF178
0x001CF33C,0x001FD33C,0xA803AFF1,load,1,8,0x001CF178:sub_1CF178
0x001CF358,0x001FD358,0xA803AFEC,store,4,8,0x001CF178:sub_1CF178
0x001CF374,0x001FD374,0xA803AFEC,store,4,1,0x001CF178:sub_1CF178
0x001CF3FC,0x001FD3FC,0xA803AFEC,store,4,12,0x001CF178:sub_1CF178
0x001CF440,0x001FD440,0xA803B07F,load,1,1,0x001CF438:sub_1CF438
0x001CF47C,0x001FD47C,0xA803AFEC,store,4,13,0x001CF438:sub_1CF438
0x001CF554,0x001FD554,0xA803AFEC,store,4,15,0x001CF438:sub_1CF438
0x001CF5E8,0x001FD5E8,0xA803AFEC,store,4,13,0x001CF438:sub_1CF438
0x001CF688,0x001FD688,0xA803AFEC,store,4,12,0x001CF438:sub_1CF438
0x001CF73C,0x001FD73C,0xA8037BA2,load,1,13,0x001CF734:sub_1CF734
0x001CF74C,0x001FD74C,0xA803B08A,load,1,1,0x001CF734:sub_1CF734
0x001CF78C,0x001FD78C,0xA803AFF1,load,1,8,0x001CF734:sub_1CF734
0x001CF7A8,0x001FD7A8,0xA803AFF1,store,1,12,0x001CF734:sub_1CF734
0x001CF7D0,0x001FD7D0,0xA803B009,load,1,8,0x001CF734:sub_1CF734
0x001CF7D8,0x001FD7D8,0xA803B07F,load,1,24,0x001CF734:sub_1CF734
0x001CF7E4,0x001FD7E4,0xA803B09F,store,1,24,0x001CF734:sub_1CF734
0x001CF804,0x001FD804,0xA803B009,load,1,15,0x001CF734:sub_1CF734
0x001CF810,0x001FD810,0xA803B0A7,load,1,10,0x001CF734:sub_1CF734
0x001CF918,0x001FD918,0xA803B08B,store,1,26,0x001CF734:sub_1CF734
0x001CF920,0x001FD920,0xA803B0F5,store,1,24,0x001CF734:sub_1CF734
0x001CF9A8,0x001FD9A8,0xA8037BA2,load,1,1,0x001CF9A0:sub_1CF9A0
0x001CF9C8,0x001FD9C8,0xA803B08A,load,1,1,0x001CF9A0:sub_1CF9A0
0x001CFA58,0x001FDA58,0xA803B08A,load,1,11,0x001CF9A0:sub_1CF9A0
0x001CFA70,0x001FDA70,0xA803B08B,store,1,10,0x001CF9A0:sub_1CF9A0
0x001CFA7C,0x001FDA7C,0xA803B0F5,store,1,13,0x001CF9A0:sub_1CF9A0
0x001CFACC,0x001FDACC,0xA803AFF1,load,1,8,0x001CF9A0:sub_1CF9A0
0x001CFAE8,0x001FDAE8,0xA803AFEC,store,4,9,0x001CF9A0:sub_1CF9A0
0x001CFB04,0x001FDB04,0xA803AFEC,store,4,8,0x001CF9A0:sub_1CF9A0
0x001CFB50,0x001FDB50,0xA803AFEC,store,4,24,0x001CF9A0:sub_1CF9A0
0x001CFB80,0x001FDB80,0xA8037BA2,load,1,1,0x001CFB78:sub_1CFB78
0x001CFBA0,0x001FDBA0,0xA803B08A,load,1,13,0x001CFB78:sub_1CFB78
0x001CFBD8,0x001FDBD8,0xA803B009,store,1,13,0x001CFB78:sub_1CFB78
0x001CFC30,0x001FDC30,0xA803B08A,load,1,10,0x001CFB78:sub_1CFB78
0x001CFC48,0x001FDC48,0xA803B08B,store,1,15,0x001CFB78:sub_1CFB78
0x001CFC54,0x001FDC54,0xA803B0F5,store,1,9,0x001CFB78:sub_1CFB78
0x001CFCC0,0x001FDCC0,0xA803AFEC,store,4,13,0x001CFB78:sub_1CFB78
0x001CFCDC,0x001FDCDC,0xA803AFEC,store,4,8,0x001CFB78:sub_1CFB78
0x001CFD24,0x001FDD24,0xA803AFF1,load,1,8,0x001CFB78:sub_1CFB78
0x001CFD40,0x001FDD40,0xA803AFF1,store,1,12,0x001CFB78:sub_1CFB78
0x001CFD4C,0x001FDD4C,0xA803AFF1,store,1,16,0x001CFB78:sub_1CFB78
0x001CFD5C,0x001FDD5C,0xA803B08B,store,1,1,0x001CFB78:sub_1CFB78
0x001CFD68,0x001FDD68,0xA803B0F5,store,1,18,0x001CFB78:sub_1CFB78
0x001CFD9C,0x001FDD9C,0xA803AFEC,store,4,17,0x001CFB78:sub_1CFB78
0x001CFDE0,0x001FDDE0,0xA8037BA2,load,1,1,0x001CFDD8:sub_1CFDD8
0x001CFE08,0x001FDE08,0xA803B08A,load,1,1,0x001CFDD8:sub_1CFDD8
0x001CFEAC,0x001FDEAC,0xA803AFEC,store,4,13,0x001CFDD8:sub_1CFDD8
0x001CFEE4,0x001FDEE4,0xA803AC19,load,1,26,0x001CFDD8:sub_1CFDD8
0x001CFF00,0x001FDF00,0xA803B09F,load,1,1,0x001CFDD8:sub_1CFDD8
0x001CFF04,0x001FDF04,0xA803B07F,load,1,17,0x001CFDD8:sub_1CFDD8
0x001CFF9C,0x001FDF9C,0xA803B0A7,load,1,13,0x001CFDD8:sub_1CFDD8
0x001D0068,0x001FE068,0xA803B08B,store,1,25,0x001CFDD8:sub_1CFDD8
0x001D0074,0x001FE074,0xA803B0F5,store,1,24,0x001CFDD8:sub_1CFDD8
0x001D00B4,0x001FE0B4,0xA803AFF1,load,1,8,0x001CFDD8:sub_1CFDD8
0x001D00E0,0x001FE0E0,0xA803AFEC,store,4,12,0x001CFDD8:sub_1CFDD8
0x001D00FC,0x001FE0FC,0xA803AFEC,store,4,11,0x001CFDD8:sub_1CFDD8
0x001D0234,0x001FE234,0xA803B0A7,load,1,11,0x001CFDD8:sub_1CFDD8
0x001D0264,0x001FE264,0xA803AFEC,store,4,1,0x001CFDD8:sub_1CFDD8
0x001D02E0,0x001FE2E0,0xA8037BA2,load,1,1,0x001D02D8:sub_1D02D8
0x001D0308,0x001FE308,0xA803B08A,load,1,1,0x001D02D8:sub_1D02D8
0x001D0320,0x001FE320,0xA803B08A,store,1,12,0x001D02D8:sub_1D02D8
0x001D0394,0x001FE394,0xA803AFEC,store,4,15,0x001D02D8:sub_1D02D8
0x001D03C4,0x001FE3C4,0xA803AC19,load,1,26,0x001D02D8:sub_1D02D8
0x001D03E0,0x001FE3E0,0xA803B09F,load,1,8,0x001D02D8:sub_1D02D8
0x001D03E4,0x001FE3E4,0xA803B07F,load,1,1,0x001D02D8:sub_1D02D8
0x001D0474,0x001FE474,0xA803B0A7,load,1,8,0x001D02D8:sub_1D02D8
0x001D0608,0x001FE608,0xA803B08B,store,1,25,0x001D02D8:sub_1D02D8
0x001D0614,0x001FE614,0xA803B0F5,store,1,24,0x001D02D8:sub_1D02D8
0x001D0654,0x001FE654,0xA803AFF1,load,1,8,0x001D02D8:sub_1D02D8
0x001D0680,0x001FE680,0xA803AFEC,store,4,13,0x001D02D8:sub_1D02D8
0x001D06A0,0x001FE6A0,0xA803AFEC,store,4,12,0x001D02D8:sub_1D02D8
0x001D0744,0x001FE744,0xA803B0A7,load,1,11,0x001D02D8:sub_1D02D8
0x001D0790,0x001FE790,0xA803AFEC,store,4,8,0x001D02D8:sub_1D02D8
0x001D08E0,0x001FE8E0,0xA803B09D,load,1,13,0x001D08D8:sub_1D08D8
0x001D09B0,0x001FE9B0,0xA8037E48,load,1,13,0x001D08D8:sub_1D08D8
0x001D09C0,0x001FE9C0,0xA8037E48,store,1,24,0x001D08D8:sub_1D08D8
0x001D0A34,0x001FEA34,0xA8037E48,store,1,1,0x001D08D8:sub_1D08D8
0x001D0A48,0x001FEA48,0xA8037E48,store,1,1,0x001D08D8:sub_1D08D8
0x001D0C64,0x001FEC64,0xA803B225,load,1,13,0x001D0C60:sub_1D0C60
0x001D0C88,0x001FEC88,0xA8037D2C,load,4,9,0x001D0C60:sub_1D0C60
0x001D0E3C,0x001FEE3C,0xA803B09D,load,1,18,0x001D0D14:sub_1D0D14
0x001D0E50,0x001FEE50,0xA8037E50,store,4,0,0x001D0D14:sub_1D0D14
0x001D0F0C,0x001FEF0C,0xA8037E4C,store,4,27,0x001D0D14:sub_1D0D14
0x001D0FF0,0x001FEFF0,0xA8037E58,load,1,15,0x001D0D14:sub_1D0D14
0x001D0FFC,0x001FEFFC,0xA803AFEC,store,4,8,0x001D0D14:sub_1D0D14
0x001D126C,0x001FF26C,0xA803B098,store,4,12,0x001D1214:sub_1D1214
0x001D1278,0x001FF278,0xA8037BAB,store,1,10,0x001D1214:sub_1D1214
0x001D127C,0x001FF27C,0xA803B09D,store,1,13,0x001D1214:sub_1D1214
0x001D1344,0x001FF344,0xA8037E50,store,4,18,0x001D1214:sub_1D1214
0x001D13F0,0x001FF3F0,0xA803AFEC,store,4,19,0x001D1214:sub_1D1214
0x001D1708,0x001FF708,0xA8037E50,load,4,1,
0x001D170C,0x001FF70C,0xA8037E4C,load,4,8,
0x001D1830,0x001FF830,0xA8037E50,load,4,1,
0x001D1850,0x001FF850,0xA8037E50,load,4,9,
0x001D1854,0x001FF854,0xA8037E4C,load,4,8,
0x001D1978,0x001FF978,0xA8037E50,load,4,9,
0x001D1988,0x001FF988,0xA8037E4C,load,4,8,
0x001D1994,0x001FF994,0xA8037E50,store,4,1,
0x001D1AB4,0x001FFAB4,0xA8037E50,load,4,12,
0x001D1AB8,0x001FFAB8,0xA8037E4C,load,4,13,
0x001D1AD4,0x001FFAD4,0xA8037BA6,store,1,0,
0x001D1B1C,0x001FFB1C,0xA803B09D,load,1,11,
0x001D1B20,0x001FFB20,0xA80347F0,load,1,10,
0x001D1B4C,0x001FFB4C,0xA803B0B2,load,1,9,
0x001D1B58,0x001FFB58,0xA803B0B2,load,1,11,
0x001D1B60,0x001FFB60,0xA803B0E8,load,4,12,
0x001D1B7C,0x001FFB7C,0xA803B0B2,load,1,13,
0x001D1B90,0x001FFB90,0xA803B0E8,load,4,8,
0x001D1BA0,0x001FFBA0,0xA803B0E0,load,4,10,
0x001D1BD8,0x001FFBD8,0xA803B0E8,load,4,8,
0x001D1BE4,0x001FFBE4,0xA803B0E0,load,4,11,
0x001D1C40,0x001FFC40,0xA803B098,store,4,15,
0x001D1C5C,0x001FFC5C,0xA803B0E8,load,4,10,
0x001D1C60,0x001FFC60,0xA803B0E0,load,4,1,
0x001D1CA8,0x001FFCA8,0xA803B108,store,1,13,
0x001D1CDC,0x001FFCDC,0xA803AFEC,store,4,8,
0x001D1CF8,0x001FFCF8,0xA803AFEC,store,4,1,
0x001D1D1C,0x001FFD1C,0xA803B108,store,1,0,
0x001D1D50,0x001FFD50,0xA803AFEC,store,4,8,
0x001D1D6C,0x001FFD6C,0xA803AFEC,store,4,1,
0x001D1D94,0x001FFD94,0xA803B108,store,1,13,
0x001D1DC8,0x001FFDC8,0xA803AFEC,store,4,8,
0x001D1DE4,0x001FFDE4,0xA803AFEC,store,4,1,
0x001D1E08,0x001FFE08,0xA803B108,store,1,0,
0x001D1E3C,0x001FFE3C,0xA803AFEC,store,4,8,
0x001D1E58,0x001FFE58,0xA803AFEC,store,4,1,
0x001D1E88,0x001FFE88,0xA803B098,store,4,9,0x001D1E74:sub_1D1E74
0x001D1E9C,0x001FFE9C,0xA803B09D,load,1,11,0x001D1E74:sub_1D1E74
0x001D1EA0,0x001FFEA0,0xA80347F0,load,1,10,0x001D1E74:sub_1D1E74
0x001D1EF8,0x001FFEF8,0xA8037BA2,store,1,0,0x001D1E74:sub_1D1E74
0x001D1EFC,0x001FFEFC,0xA803AFEC,store,4,1,0x001D1E74:sub_1D1E74
0x001D1F34,0x001FFF34,0xA803B108,store,1,0,0x001D1E74:sub_1D1E74
0x001D1F48,0x001FFF48,0xA803B0B2,load,1,9,0x001D1E74:sub_1D1E74
0x001D1F50,0x001FFF50,0xA803B0E8,load,4,12,0x001D1E74:sub_1D1E74
0x001D1F68,0x001FFF68,0xA803B0E0,load,4,10,0x001D1E74:sub_1D1E74
0x001D1F90,0x001FFF90,0xA803B0B2,load,1,13,0x001D1E74:sub_1D1E74
0x001D1FA0,0x001FFFA0,0xA803B0E8,load,4,11,0x001D1E74:sub_1D1E74
0x001D1FCC,0x001FFFCC,0xA803B0E8,load,4,15,0x001D1E74:sub_1D1E74
0x001D1FD4,0x001FFFD4,0xA803B0E0,load,4,11,0x001D1E74:sub_1D1E74
0x001D2058,0x00200058,0xA803B098,store,4,13,0x001D2018:sub_1D2018
0x001D2068,0x00200068,0xA803B09D,load,1,13,0x001D2018:sub_1D2018
0x001D2078,0x00200078,0xA80347F0,load,1,11,0x001D2018:sub_1D2018
0x001D20C0,0x002000C0,0xA803AFEC,store,4,13,0x001D2018:sub_1D2018
0x001D2158,0x00200158,0xA803B0F5,store,1,10,0x001D2018:sub_1D2018
0x001D2178,0x00200178,0xA803B0F5,load,1,9,0x001D2018:sub_1D2018
0x001D21B4,0x002001B4,0xA803B21E,load,1,17,0x001D2018:sub_1D2018
0x001D226C,0x0020026C,0xA803B0B2,load,1,21,0x001D2018:sub_1D2018
0x001D2274,0x00200274,0xA803B0E8,load,4,22,0x001D2018:sub_1D2018
0x001D228C,0x0020028C,0xA803B0E0,load,4,13,0x001D2018:sub_1D2018
0x001D2300,0x00200300,0xA803B21E,load,1,17,0x001D2018:sub_1D2018
0x001D2310,0x00200310,0xA8037D2C,load,4,9,0x001D2018:sub_1D2018
0x001D2340,0x00200340,0xA8037D2C,load,4,9,0x001D2018:sub_1D2018
0x001D2360,0x00200360,0xA803B0B2,load,1,19,0x001D2018:sub_1D2018
0x001D2370,0x00200370,0xA803B0E8,load,4,12,0x001D2018:sub_1D2018
0x001D23A0,0x002003A0,0xA803B0E8,load,4,19,0x001D2018:sub_1D2018
0x001D23A8,0x002003A8,0xA803B0E0,load,4,17,0x001D2018:sub_1D2018
0x001D2448,0x00200448,0xA803B108,store,1,13,0x001D2018:sub_1D2018
0x001D24E0,0x002004E0,0xA803B108,store,1,0,0x001D24B8:sub_1D24B8
0x001D24EC,0x002004EC,0xA803B098,store,4,12,0x001D24B8:sub_1D24B8
0x001D24F4,0x002004F4,0xA803B09D,load,1,13,0x001D24B8:sub_1D24B8
0x001D2504,0x00200504,0xA80347F0,load,1,11,0x001D24B8:sub_1D24B8
0x001D254C,0x0020054C,0xA803AFEC,store,4,10,0x001D24B8:sub_1D24B8
0x001D25E0,0x002005E0,0xA803B0B2,load,1,9,0x001D24B8:sub_1D24B8
0x001D25E8,0x002005E8,0xA803B0E8,load,4,12,0x001D24B8:sub_1D24B8
0x001D2600,0x00200600,0xA803B0E0,load,4,11,0x001D24B8:sub_1D24B8
0x001D27CC,0x002007CC,0xA803B0B2,load,1,8,0x001D24B8:sub_1D24B8
0x001D27DC,0x002007DC,0xA803B0E8,load,4,15,0x001D24B8:sub_1D24B8
0x001D280C,0x0020080C,0xA803B0E0,load,4,9,0x001D24B8:sub_1D24B8
0x001D2810,0x00200810,0xA803B0E8,load,4,10,0x001D24B8:sub_1D24B8
0x001D2868,0x00200868,0xA803B098,store,4,9,0x001D2858:sub_1D2858
0x001D2878,0x00200878,0xA803B09D,load,1,11,0x001D2858:sub_1D2858
0x001D2888,0x00200888,0xA80347F0,load,1,10,0x001D2858:sub_1D2858
0x001D28D0,0x002008D0,0xA803AFEC,store,4,9,0x001D2858:sub_1D2858
0x001D2954,0x00200954,0xA803B0F5,store,1,8,0x001D2858:sub_1D2858
0x001D2958,0x00200958,0xA803B08B,store,1,10,0x001D2858:sub_1D2858
0x001D2978,0x00200978,0xA803B08B,load,1,8,0x001D2858:sub_1D2858
0x001D29A8,0x002009A8,0xA803B0B2,load,1,9,0x001D2858:sub_1D2858
0x001D29B0,0x002009B0,0xA803B0E8,load,4,8,0x001D2858:sub_1D2858
0x001D29C8,0x002009C8,0xA803B0E0,load,4,10,0x001D2858:sub_1D2858
0x001D29F0,0x002009F0,0xA803B0B2,load,1,13,0x001D2858:sub_1D2858
0x001D2A00,0x00200A00,0xA803B0E8,load,4,12,0x001D2858:sub_1D2858
0x001D2A30,0x00200A30,0xA803B0E0,load,4,9,0x001D2858:sub_1D2858
0x001D2A34,0x00200A34,0xA803B0E8,load,4,8,0x001D2858:sub_1D2858
0x001D2A88,0x00200A88,0xA803B09D,load,1,11,0x001D2A7C:sub_1D2A7C
0x001D2A8C,0x00200A8C,0xA80347F0,load,1,10,0x001D2A7C:sub_1D2A7C
0x001D2ADC,0x00200ADC,0xA803B0B2,load,1,26,0x001D2A7C:sub_1D2A7C
0x001D2AE4,0x00200AE4,0xA803B0E8,load,4,12,0x001D2A7C:sub_1D2A7C
0x001D2AFC,0x00200AFC,0xA803B0E0,load,4,10,0x001D2A7C:sub_1D2A7C
0x001D2B40,0x00200B40,0xA803B0B2,load,1,24,0x001D2A7C:sub_1D2A7C
0x001D2B54,0x00200B54,0xA803B0E8,load,4,8,0x001D2A7C:sub_1D2A7C
0x001D2B7C,0x00200B7C,0xA803B0E8,load,4,25,0x001D2A7C:sub_1D2A7C
0x001D2B84,0x00200B84,0xA803B0E0,load,4,15,0x001D2A7C:sub_1D2A7C
0x001D2BFC,0x00200BFC,0xA803B098,store,4,10,0x001D2BC8:sub_1D2BC8
0x001D2C10,0x00200C10,0xA803B0E8,load,4,27,0x001D2BC8:sub_1D2BC8
0x001D2C14,0x00200C14,0xA803B0E0,load,4,26,0x001D2BC8:sub_1D2BC8
0x001D2D3C,0x00200D3C,0xA803B0E8,load,4,15,0x001D2BC8:sub_1D2BC8
0x001D2D40,0x00200D40,0xA803B0E0,load,4,12,0x001D2BC8:sub_1D2BC8
0x001D2E60,0x00200E60,0xA803B098,store,4,15,0x001D2BC8:sub_1D2BC8
0x001D2E7C,0x00200E7C,0xA803B0E0,load,4,1,0x001D2BC8:sub_1D2BC8
0x001D2E80,0x00200E80,0xA803B0E8,load,4,10,0x001D2BC8:sub_1D2BC8
0x001D3034,0x00201034,0xA803B0E5,store,1,15,
0x001D3064,0x00201064,0xA8037E70,load,4,8,
0x001D30A0,0x002010A0,0xA803B0E8,load,4,13,
0x001D310C,0x0020110C,0xA8037E6C,load,4,15,
0x001D3144,0x00201144,0xA803B0E0,load,4,13,
0x001D3320,0x00201320,0xA803B0E5,store,1,27,0x001D3310:sub_1D3310
0x001D344C,0x0020144C,0xA803B098,load,4,8,0x001D3420:sub_1D3420
0x001D3454,0x00201454,0xA803B220,load,1,13,0x001D3420:sub_1D3420
0x001D3468,0x00201468,0xA803B0E8,load,4,12,0x001D3420:sub_1D3420
0x001D34A0,0x002014A0,0xA803B0E0,load,4,12,0x001D3420:sub_1D3420
0x001D34A4,0x002014A4,0xA8037E70,store,4,15,0x001D3420:sub_1D3420
0x001D34D0,0x002014D0,0xA8037E6C,store,4,9,0x001D3420:sub_1D3420
0x001D35E4,0x002015E4,0xA803B220,load,1,13,0x001D3420:sub_1D3420
0x001D3680,0x00201680,0xA803B0E8,load,4,11,0x001D3670:sub_1D3670
0x001D3684,0x00201684,0xA803B098,store,4,13,0x001D3670:sub_1D3670
0x001D3690,0x00201690,0xA803B09D,store,1,12,0x001D3670:sub_1D3670
0x001D36C4,0x002016C4,0xA803B0E0,load,4,12,0x001D3670:sub_1D3670
0x001D36D0,0x002016D0,0xA8037E70,store,4,11,0x001D3670:sub_1D3670
0x001D3700,0x00201700,0xA8037E6C,store,4,22,0x001D3670:sub_1D3670
0x001D39DC,0x002019DC,0xA803B055,load,1,9,0x001D3670:sub_1D3670
0x001D39E8,0x002019E8,0xA803B0D8,store,1,9,0x001D3670:sub_1D3670
0x001D3A58,0x00201A58,0xA803AFEC,store,4,21,0x001D3670:sub_1D3670
0x001D3C60,0x00201C60,0xA803B0E5,load,1,13,0x001D3670:sub_1D3670
0x001D3C70,0x00201C70,0xA8037E6C,load,4,12,0x001D3670:sub_1D3670
0x001D3D30,0x00201D30,0xA803B0E5,load,1,1,0x001D3CF0:sub_1D3CF0
0x001D3D48,0x00201D48,0xA803B0E0,load,4,1,0x001D3CF0:sub_1D3CF0
0x001D3D4C,0x00201D4C,0xA8037E6C,load,4,11,0x001D3CF0:sub_1D3CF0
0x001D3E3C,0x00201E3C,0xA803B0E5,load,1,13,0x001D3E0C:sub_1D3E0C
0x001D3E4C,0x00201E4C,0xA8037E70,load,4,15,0x001D3E0C:sub_1D3E0C
0x001D3F10,0x00201F10,0xA803B0E5,load,1,1,0x001D3ECC:sub_1D3ECC
0x001D3F28,0x00201F28,0xA803B0E8,load,4,13,0x001D3ECC:sub_1D3ECC
0x001D3F2C,0x00201F2C,0xA8037E70,load,4,11,0x001D3ECC:sub_1D3ECC
0x001D4008,0x00202008,0xA803B0BE,load,1,13,0x001D3FE8:sub_1D3FE8
0x001D4018,0x00202018,0xA803B09D,store,1,0,0x001D3FE8:sub_1D3FE8
0x001D4034,0x00202034,0xA803B098,store,4,10,0x001D3FE8:sub_1D3FE8
0x001D404C,0x0020204C,0xA803B056,store,1,0,0x001D3FE8:sub_1D3FE8
0x001D4080,0x00202080,0xA803AFEC,store,4,8,0x001D3FE8:sub_1D3FE8
0x001D409C,0x0020209C,0xA803AFEC,store,4,1,0x001D3FE8:sub_1D3FE8
0x001D40C4,0x002020C4,0xA803B056,store,1,13,0x001D3FE8:sub_1D3FE8
0x001D40F8,0x002020F8,0xA803AFEC,store,4,8,0x001D3FE8:sub_1D3FE8
0x001D4114,0x00202114,0xA803AFEC,store,4,1,0x001D3FE8:sub_1D3FE8
0x001D4144,0x00202144,0xA803B098,store,4,15,0x001D4130:sub_1D4130
0x001D414C,0x0020214C,0xA803B09D,store,1,12,0x001D4130:sub_1D4130
0x001D4248,0x00202248,0xA803B056,load,1,13,0x001D4130:sub_1D4130
0x001D426C,0x0020226C,0xA803B056,store,1,13,0x001D4130:sub_1D4130
0x001D42F4,0x002022F4,0xA803B056,load,1,13,0x001D42E8:sub_1D42E8
0x001D4308,0x00202308,0xA803B098,store,4,8,0x001D42E8:sub_1D42E8
0x001D431C,0x0020231C,0xA803B0E8,load,4,12,0x001D42E8:sub_1D42E8
0x001D4350,0x00202350,0xA803B0E0,load,4,12,0x001D42E8:sub_1D42E8
0x001D4358,0x00202358,0xA8037E70,store,4,8,0x001D42E8:sub_1D42E8
0x001D4384,0x00202384,0xA8037E6C,store,4,12,0x001D42E8:sub_1D42E8
0x001D4440,0x00202440,0xA803B098,store,4,24,0x001D42E8:sub_1D42E8
0x001D4468,0x00202468,0xA803B0E8,load,4,12,0x001D42E8:sub_1D42E8
0x001D449C,0x0020249C,0xA803B0E0,load,4,12,0x001D42E8:sub_1D42E8
0x001D44A0,0x002024A0,0xA8037E70,store,4,1,0x001D42E8:sub_1D42E8
0x001D44CC,0x002024CC,0xA8037E6C,store,4,12,0x001D42E8:sub_1D42E8
0x001D45E4,0x002025E4,0xA803B098,load,4,11,0x001D42E8:sub_1D42E8
0x001D4688,0x00202688,0xA8037E70,load,4,8,0x001D4634:sub_1D4634
0x001D46C4,0x002026C4,0xA803B0E8,load,4,13,0x001D4634:sub_1D4634
0x001D473C,0x0020273C,0xA8037E6C,load,4,10,0x001D4634:sub_1D4634
0x001D4774,0x00202774,0xA803B0E0,load,4,13,0x001D4634:sub_1D4634
0x001D490C,0x0020290C,0xA803B0E8,load,4,13,0x001D48FC:sub_1D48FC
0x001D4914,0x00202914,0xA803B0E0,load,4,12,0x001D48FC:sub_1D48FC
0x001D4954,0x00202954,0xA8037E70,store,4,9,0x001D48FC:sub_1D48FC
0x001D4A34,0x00202A34,0xA803B056,store,1,0,0x001D48FC:sub_1D48FC
0x001D4A88,0x00202A88,0xA803B0E0,load,4,13,0x001D48FC:sub_1D48FC
0x001D4AA4,0x00202AA4,0xA803B0E0,load,4,13,0x001D48FC:sub_1D48FC
0x001D4ADC,0x00202ADC,0xA803B0E8,load,4,13,0x001D48FC:sub_1D48FC
0x001D4BB8,0x00202BB8,0xA803B0E8,load,4,12,0x001D4B9C:sub_1D4B9C
0x001D4C1C,0x00202C1C,0xA803B0E0,load,4,12,0x001D4B9C:sub_1D4B9C
0x001D4E60,0x00202E60,0xA803B03E,load,1,13,0x001D4E10:sub_1D4E10
0x001D674C,0x0020474C,0xA803B08A,load,1,13,0x001D6744:sub_1D6744
0x001D6FFC,0x00204FFC,0xA803B098,load,4,12,0x001D6FE8:sub_1D6FE8
0x001D703C,0x0020503C,0xA803B220,load,1,13,0x001D6FE8:sub_1D6FE8
0x001D708C,0x0020508C,0xA803B0E6,load,1,15,0x001D6FE8:sub_1D6FE8
0x001D7098,0x00205098,0xA803B08A,load,1,13,0x001D6FE8:sub_1D6FE8
0x001D709C,0x0020509C,0xA803B0D9,load,1,9,0x001D6FE8:sub_1D6FE8
0x001D70B0,0x002050B0,0xA8037D2C,load,4,9,0x001D6FE8:sub_1D6FE8
0x001D70D4,0x002050D4,0xA803B0C4,store,4,11,0x001D6FE8:sub_1D6FE8
0x001D70F8,0x002050F8,0xA8037E80,store,1,13,0x001D70E0:sub_1D70E0
0x001D7110,0x00205110,0xA8037E81,store,1,9,0x001D70E0:sub_1D70E0
0x001D7140,0x00205140,0xA8037E80,store,1,0,0x001D712C:sub_1D712C
0x001D7154,0x00205154,0xA8037E81,store,1,0,0x001D712C:sub_1D712C
0x001D7194,0x00205194,0xA8037E88,store,1,13,0x001D712C:sub_1D712C
0x001D71B0,0x002051B0,0xA8037E89,store,1,9,0x001D712C:sub_1D712C
0x001D71E4,0x002051E4,0xA8037E88,store,1,0,0x001D712C:sub_1D712C
0x001D71F8,0x002051F8,0xA8037E89,store,1,0,0x001D712C:sub_1D712C
0x001D7228,0x00205228,0xA8037E80,load,1,13,0x001D7214:sub_1D7214
0x001D7248,0x00205248,0xA8037E81,load,1,11,0x001D7214:sub_1D7214
0x001D7270,0x00205270,0xA803B21E,load,1,15,0x001D7214:sub_1D7214
0x001D72B8,0x002052B8,0xA803B21E,load,1,9,0x001D7214:sub_1D7214
0x001D7300,0x00205300,0xA8037E88,load,1,13,0x001D72EC:sub_1D72EC
0x001D7320,0x00205320,0xA8037E89,load,1,15,0x001D72EC:sub_1D72EC
0x001D7348,0x00205348,0xA803B21E,load,1,13,0x001D72EC:sub_1D72EC
0x001D7360,0x00205360,0xA8037D2C,load,4,9,0x001D72EC:sub_1D72EC
0x001D7398,0x00205398,0xA803B21E,load,1,8,0x001D72EC:sub_1D72EC
0x001D73B0,0x002053B0,0xA8037D2C,load,4,9,0x001D72EC:sub_1D72EC
0x001D7400,0x00205400,0xA8037E88,load,1,13,0x001D73D4:sub_1D73D4
0x001D74E4,0x002054E4,0xA8037E89,load,1,15,0x001D73D4:sub_1D73D4
0x001D7520,0x00205520,0xA803B21E,load,1,8,0x001D73D4:sub_1D73D4
0x001D756C,0x0020556C,0xA803B21E,load,1,8,0x001D73D4:sub_1D73D4
0x001D75B0,0x002055B0,0xA8037D2C,load,4,9,0x001D73D4:sub_1D73D4
0x001D75F4,0x002055F4,0xA803B098,load,4,13,0x001D75EC:sub_1D75EC
0x001D7604,0x00205604,0xA803B0B0,load,1,8,0x001D75EC:sub_1D75EC
0x001D7610,0x00205610,0xA803B0B0,load,1,24,0x001D75EC:sub_1D75EC
0x001D7618,0x00205618,0xA803B09D,load,1,1,0x001D75EC:sub_1D75EC
0x001D7640,0x00205640,0xA803C098,store,4,8,0x001D75EC:sub_1D75EC
0x001D765C,0x0020565C,0xA803B0A8,load,4,8,0x001D7654:sub_1D7654
0x001D7688,0x00205688,0xA803B0B0,load,1,1,0x001D7654:sub_1D7654
0x001D76A4,0x002056A4,0xA803B09D,load,1,15,0x001D7654:sub_1D7654
0x001D76CC,0x002056CC,0xA803B0C4,load,4,8,0x001D7654:sub_1D7654
0x001D7700,0x00205700,0xA803C098,load,4,10,0x001D7654:sub_1D7654
0x001D77BC,0x002057BC,0xA803B09D,load,1,11,0x001D7654:sub_1D7654
0x001D77F0,0x002057F0,0xA803C098,load,4,1,0x001D7654:sub_1D7654
0x001D7808,0x00205808,0xA8037E78,load,1,8,0x001D7654:sub_1D7654
0x001D7818,0x00205818,0xA8037E78,store,1,13,0x001D7654:sub_1D7654
0x001D7860,0x00205860,0xA803C098,load,4,12,0x001D7654:sub_1D7654
0x001D78F8,0x002058F8,0xA8037E78,store,1,8,0x001D7654:sub_1D7654
0x001D792C,0x0020592C,0xA8037E78,store,1,8,0x001D7654:sub_1D7654
0x001D7954,0x00205954,0xA803C098,store,4,8,0x001D7654:sub_1D7654
0x001D7990,0x00205990,0xA8037E78,store,1,24,0x001D7654:sub_1D7654
0x001D79BC,0x002059BC,0xA8037BA6,store,1,0,0x001D7654:sub_1D7654
0x001D7A8C,0x00205A8C,0xA8037BA6,store,1,0,0x001D7654:sub_1D7654
0x001D7AB8,0x00205AB8,0xA8037BAC,load,1,11,0x001D7654:sub_1D7654
0x001D7AC8,0x00205AC8,0xA8037BAC,store,1,15,0x001D7654:sub_1D7654
0x001D7B40,0x00205B40,0xA8037BAC,load,1,17,0x001D7654:sub_1D7654
0x001D7B54,0x00205B54,0xA8037BAC,store,1,12,0x001D7654:sub_1D7654
0x001D7C4C,0x00205C4C,0xA8037BAC,load,1,9,0x001D7654:sub_1D7654
0x001D7D78,0x00205D78,0xA803B0E6,load,1,13,0x001D7D5C:sub_1D7D5C
0x001D7D88,0x00205D88,0xA803B098,load,4,8,0x001D7D5C:sub_1D7D5C
0x001D7D98,0x00205D98,0xA8037BAD,load,1,10,0x001D7D5C:sub_1D7D5C
0x001D7DAC,0x00205DAC,0xA8037BAF,load,1,12,0x001D7D5C:sub_1D7D5C
0x001D7DBC,0x00205DBC,0xA803B09D,load,1,24,0x001D7D5C:sub_1D7D5C
0x001D7DF8,0x00205DF8,0xA8037BA6,load,1,8,0x001D7D5C:sub_1D7D5C
0x001D7E08,0x00205E08,0xA8037BAB,load,1,9,0x001D7D5C:sub_1D7D5C
0x001D7E38,0x00205E38,0xA803B098,load,4,11,0x001D7D5C:sub_1D7D5C
0x001D7E48,0x00205E48,0xA8037BAF,load,1,8,0x001D7D5C:sub_1D7D5C
0x001D7E5C,0x00205E5C,0xA803B0BE,load,1,9,0x001D7D5C:sub_1D7D5C
0x001D7E70,0x00205E70,0xA803B09D,load,1,11,0x001D7D5C:sub_1D7D5C
0x001D7E84,0x00205E84,0xA8037BA6,load,1,15,0x001D7D5C:sub_1D7D5C
0x001D7E98,0x00205E98,0xA8037BAB,load,1,13,0x001D7D5C:sub_1D7D5C
0x001D7EB4,0x00205EB4,0xA803B084,load,4,24,0x001D7D5C:sub_1D7D5C
0x001D8880,0x00206880,0xA803B09D,load,1,12,0x001D8878:sub_1D8878
0x001D8968,0x00206968,0xA803B0F5,store,1,15,0x001D8878:sub_1D8878
0x001D8978,0x00206978,0xA803AFEC,store,4,10,0x001D8878:sub_1D8878
0x001D928C,0x0020728C,0xA803AFEC,store,4,10,0x001D9138:sub_1D9138
0x001D947C,0x0020747C,0xA8037E94,load,1,12,0x001D9470:sub_1D9470
0x001D94CC,0x002074CC,0xA8037E95,load,1,9,0x001D9470:sub_1D9470
0x001D9518,0x00207518,0xA8037E96,load,1,13,0x001D9470:sub_1D9470
0x001D957C,0x0020757C,0xA8037E92,load,1,12,0x001D9470:sub_1D9470
0x001D95E0,0x002075E0,0xA8037E91,load,1,13,0x001D9470:sub_1D9470
0x001D9610,0x00207610,0xA8037E96,load,1,12,0x001D9470:sub_1D9470
0x001D9668,0x00207668,0xA8037E92,load,1,11,0x001D9470:sub_1D9470
0x001D96C8,0x002076C8,0xA8037E94,load,1,8,0x001D9470:sub_1D9470
0x001D9708,0x00207708,0xA8037E95,load,1,11,0x001D9470:sub_1D9470
0x001D97B0,0x002077B0,0xA8037E95,load,1,13,0x001D9788:sub_1D9788
0x001D9D10,0x00207D10,0xA8037E91,load,1,1,0x001D9D08:sub_1D9D08
0x001D9D24,0x00207D24,0xA8037E92,load,1,13,0x001D9D08:sub_1D9D08
0x001D9D34,0x00207D34,0xA8037E96,store,1,13,0x001D9D08:sub_1D9D08
0x001D9D3C,0x00207D3C,0xA8037E92,store,1,21,0x001D9D08:sub_1D9D08
0x001D9D40,0x00207D40,0xA8037E91,load,1,18,0x001D9D08:sub_1D9D08
0x001D9D58,0x00207D58,0xA8037E96,load,1,20,0x001D9D08:sub_1D9D08
0x001D9DB8,0x00207DB8,0xA8037E92,load,1,20,0x001D9D08:sub_1D9D08
0x001D9E14,0x00207E14,0xA8037E94,store,1,11,0x001D9D08:sub_1D9D08
0x001D9F94,0x00207F94,0xA8037E94,load,1,20,0x001D9D08:sub_1D9D08
0x001D9FE8,0x00207FE8,0xA8037E95,load,1,21,0x001D9D08:sub_1D9D08
0x001DA030,0x00208030,0xA8037E93,load,1,8,0x001D9D08:sub_1D9D08
0x001DA0C8,0x002080C8,0xA8037E90,load,1,19,0x001D9D08:sub_1D9D08
0x001DA130,0x00208130,0xA8037E91,load,1,1,0x001DA128:sub_1DA128
0x001DA140,0x00208140,0xA8037E90,load,1,19,0x001DA128:sub_1DA128
0x001DA158,0x00208158,0xA8037E92,load,1,11,0x001DA128:sub_1DA128
0x001DA17C,0x0020817C,0xA8037E96,store,1,11,0x001DA128:sub_1DA128
0x001DA180,0x00208180,0xA8037E92,store,1,0,0x001DA128:sub_1DA128
0x001DA19C,0x0020819C,0xA8037E96,load,1,17,0x001DA128:sub_1DA128
0x001DA1FC,0x002081FC,0xA8037E92,load,1,17,0x001DA128:sub_1DA128
0x001DA268,0x00208268,0xA8037E94,load,1,17,0x001DA128:sub_1DA128
0x001DA2BC,0x002082BC,0xA8037E95,load,1,19,0x001DA128:sub_1DA128
0x001DA304,0x00208304,0xA8037E95,load,1,15,0x001DA128:sub_1DA128
0x001DA30C,0x0020830C,0xA8037E93,load,1,11,0x001DA128:sub_1DA128
0x001DA338,0x00208338,0xA8037E94,store,1,15,0x001DA128:sub_1DA128
0x001DA538,0x00208538,0xA8037E91,load,1,1,0x001DA530:sub_1DA530
0x001DA548,0x00208548,0xA8037E90,load,1,25,0x001DA530:sub_1DA530
0x001DA568,0x00208568,0xA8037E92,load,1,9,0x001DA530:sub_1DA530
0x001DA60C,0x0020860C,0xA8037E94,load,1,11,0x001DA530:sub_1DA530
0x001DA664,0x00208664,0xA8037E95,load,1,9,0x001DA530:sub_1DA530
0x001DA6B0,0x002086B0,0xA8037E96,load,1,12,0x001DA530:sub_1DA530
0x001DA974,0x00208974,0xA8037E91,load,1,1,0x001DA96C:sub_1DA96C
0x001DA988,0x00208988,0xA8037E90,load,1,24,0x001DA96C:sub_1DA96C
0x001DA9A8,0x002089A8,0xA8037E92,load,1,9,0x001DA96C:sub_1DA96C
0x001DAA70,0x00208A70,0xA8037E96,load,1,8,0x001DA96C:sub_1DA96C
0x001DAAB8,0x00208AB8,0xA8037E92,store,1,0,0x001DA96C:sub_1DA96C
0x001DAAD4,0x00208AD4,0xA8037E92,load,1,11,0x001DA96C:sub_1DA96C
0x001DAC08,0x00208C08,0xA803AFF1,store,1,16,0x001DABD4:sub_1DABD4
0x001DAC18,0x00208C18,0xA803AFF2,store,1,16,0x001DABD4:sub_1DABD4
0x001DAC4C,0x00208C4C,0xA803B09D,store,1,13,0x001DABD4:sub_1DABD4
0x001DAC50,0x00208C50,0xA803B098,store,4,12,0x001DABD4:sub_1DABD4
0x001DAC58,0x00208C58,0xA8037E94,store,1,0,0x001DABD4:sub_1DABD4
0x001DAC5C,0x00208C5C,0xA8037E93,store,1,0,0x001DABD4:sub_1DABD4
0x001DAC60,0x00208C60,0xA8037E92,store,1,0,0x001DABD4:sub_1DABD4
0x001DAC68,0x00208C68,0xA8037E91,store,1,0,0x001DABD4:sub_1DABD4
0x001DADA4,0x00208DA4,0xA8037E90,load,1,20,0x001DABD4:sub_1DABD4
0x001DAEB4,0x00208EB4,0xA8037E96,load,1,22,0x001DABD4:sub_1DABD4
0x001DB0A0,0x002090A0,0xA8037BA1,load,1,1,0x001DB098:sub_1DB098
0x001DB0B4,0x002090B4,0xA8037BA1,store,1,1,0x001DB098:sub_1DB098
0x001DB0C8,0x002090C8,0xA803B0AC,store,4,1,0x001DB098:sub_1DB098
0x001DB0F4,0x002090F4,0xA803B0AC,load,4,11,0x001DB098:sub_1DB098
0x001DB1AC,0x002091AC,0xA8037BA1,load,1,16,0x001DB098:sub_1DB098
0x001DB1D0,0x002091D0,0xA8037BA1,load,1,24,0x001DB098:sub_1DB098
0x001DB1DC,0x002091DC,0xA8037BA1,load,1,11,0x001DB098:sub_1DB098
0x001DB2C4,0x002092C4,0xA803AFEC,store,4,0,0x001DB098:sub_1DB098
0x001DB318,0x00209318,0xA803AFEC,store,4,13,0x001DB098:sub_1DB098
0x001DB398,0x00209398,0xA803AFEC,store,4,15,0x001DB098:sub_1DB098
0x001DB404,0x00209404,0xA803AFEC,store,4,13,0x001DB098:sub_1DB098
0x001DB4D0,0x002094D0,0xA803AFEC,store,4,8,0x001DB098:sub_1DB098
0x001DB550,0x00209550,0xA803AFEC,store,4,0,0x001DB098:sub_1DB098
0x001DB5B4,0x002095B4,0xA803AFEC,store,4,0,0x001DB098:sub_1DB098
0x001DB75C,0x0020975C,0xA803AFEC,store,4,16,0x001DB098:sub_1DB098
0x001DB790,0x00209790,0xA803AFEC,store,4,16,0x001DB098:sub_1DB098
0x001DB7A8,0x002097A8,0xA803AFEC,store,4,16,0x001DB098:sub_1DB098
0x001DB7F8,0x002097F8,0xA803B090,store,4,1,0x001DB7CC:sub_1DB7CC
0x001DB810,0x00209810,0xA803B090,load,4,15,0x001DB7CC:sub_1DB7CC
0x001DB904,0x00209904,0xA803AFEC,store,4,11,0x001DB8A8:sub_1DB8A8
0x001DB96C,0x0020996C,0xA803B0E6,store,1,0,0x001DB94C:sub_1DB94C
0x001DB970,0x00209970,0xA803B08A,store,1,0,0x001DB94C:sub_1DB94C
0x001DB974,0x00209974,0xA8037BA1,store,1,0,0x001DB94C:sub_1DB94C
0x001DB978,0x00209978,0xA803B098,store,4,19,0x001DB94C:sub_1DB94C
0x001DB980,0x00209980,0xA8037B98,store,1,17,0x001DB94C:sub_1DB94C
0x001DB9A8,0x002099A8,0xA803AFEC,store,4,11,0x001DB94C:sub_1DB94C
0x001DB9C4,0x002099C4,0xA803AFEC,store,4,10,0x001DB94C:sub_1DB94C
0x001DBAC8,0x00209AC8,0xA803B090,store,4,1,0x001DB94C:sub_1DB94C
0x001DBAE4,0x00209AE4,0xA803B090,load,4,12,0x001DB94C:sub_1DB94C
0x001DBCB0,0x00209CB0,0xA803AFEC,store,4,21,0x001DB94C:sub_1DB94C
0x001DBEBC,0x00209EBC,0xA803AFEC,store,4,13,0x001DB94C:sub_1DB94C
0x001DBF18,0x00209F18,0xA803AFEC,store,4,21,0x001DB94C:sub_1DB94C
0x001DC10C,0x0020A10C,0xA803B090,store,4,1,0x001DB94C:sub_1DB94C
0x001DC29C,0x0020A29C,0xA803B090,store,4,1,0x001DC24C:sub_1DC24C
0x001DC2BC,0x0020A2BC,0xA803B090,load,4,15,0x001DC24C:sub_1DC24C
0x001DC384,0x0020A384,0xA803AFEC,store,4,11,0x001DC24C:sub_1DC24C
0x001DC8F0,0x0020A8F0,0xA803B21E,load,1,13,0x001DC8E8:sub_1DC8E8
0x001DC99C,0x0020A99C,0xA8037D2C,load,4,9,0x001DC8E8:sub_1DC8E8
0x001DCB68,0x0020AB68,0xA803B00F,load,1,13,0x001DC8E8:sub_1DC8E8
0x001DCBA8,0x0020ABA8,0xA803B008,load,1,13,0x001DC8E8:sub_1DC8E8
0x001DCDB4,0x0020ADB4,0xA8035238,store,1,8,0x001DC8E8:sub_1DC8E8
0x001DCDCC,0x0020ADCC,0xA8035239,store,1,12,0x001DC8E8:sub_1DC8E8
0x001DCDDC,0x0020ADDC,0xA803B058,load,1,13,0x001DC8E8:sub_1DC8E8
0x001DCDF0,0x0020ADF0,0xA803B055,load,1,25,0x001DC8E8:sub_1DC8E8
0x001DCE08,0x0020AE08,0xA803B055,load,1,1,0x001DC8E8:sub_1DC8E8
0x001DCE18,0x0020AE18,0xA803B053,load,1,25,0x001DC8E8:sub_1DC8E8
0x001DCE30,0x0020AE30,0xA803B052,load,1,13,0x001DC8E8:sub_1DC8E8
0x001DCE48,0x0020AE48,0xA803B051,load,1,13,0x001DC8E8:sub_1DC8E8
0x001DCE60,0x0020AE60,0xA803B050,load,1,13,0x001DC8E8:sub_1DC8E8
0x001DCE78,0x0020AE78,0xA803B04F,load,1,13,0x001DC8E8:sub_1DC8E8
0x001DCE90,0x0020AE90,0xA803B04E,load,1,13,0x001DC8E8:sub_1DC8E8
0x001DCEA8,0x0020AEA8,0xA803B04D,load,1,13,0x001DC8E8:sub_1DC8E8
0x001DCEC0,0x0020AEC0,0xA803B042,load,1,13,0x001DC8E8:sub_1DC8E8
0x001DCED8,0x0020AED8,0xA803B041,load,1,13,0x001DC8E8:sub_1DC8E8
0x001DCF00,0x0020AF00,0xA803B036,load,1,13,0x001DC8E8:sub_1DC8E8
0x001DCF28,0x0020AF28,0xA803B064,load,1,13,0x001DC8E8:sub_1DC8E8
0x001DCF50,0x0020AF50,0xA803B05E,load,1,13,0x001DC8E8:sub_1DC8E8
0x001DCF70,0x0020AF70,0xA803B05C,load,1,13,0x001DC8E8:sub_1DC8E8
0x001DCF88,0x0020AF88,0xA803B05A,load,1,13,0x001DC8E8:sub_1DC8E8
0x001DCFA0,0x0020AFA0,0xA803B059,load,1,13,0x001DC8E8:sub_1DC8E8
0x001DD154,0x0020B154,0xA803B21E,load,1,13,0x001DD140:sub_1DD140
0x001DD2D0,0x0020B2D0,0xA8035238,load,1,8,0x001DD140:sub_1DD140
0x001DD2DC,0x0020B2DC,0xA8035239,load,1,11,0x001DD140:sub_1DD140
0x001DD418,0x0020B418,0xA8037D2C,load,4,9,0x001DD140:sub_1DD140
0x001DD85C,0x0020B85C,0xA8037D2C,load,4,9,0x001DD140:sub_1DD140
0x001DDA18,0x0020BA18,0xA803B025,store,1,18,0x001DD140:sub_1DD140
0x001DDA34,0x0020BA34,0xA803B028,store,1,19,0x001DD140:sub_1DD140
0x001DDA50,0x0020BA50,0xA803B027,store,1,16,0x001DD140:sub_1DD140
0x001DDA6C,0x0020BA6C,0xA803B00D,store,1,12,0x001DD140:sub_1DD140
0x001DDA88,0x0020BA88,0xA803B076,store,1,10,0x001DD140:sub_1DD140
0x001DDAA4,0x0020BAA4,0xA803B06D,store,1,12,0x001DD140:sub_1DD140
0x001DDAC0,0x0020BAC0,0xA803B00C,store,1,10,0x001DD140:sub_1DD140
0x001DDADC,0x0020BADC,0xA803B00B,store,1,13,0x001DD140:sub_1DD140
0x001DDAF8,0x0020BAF8,0xA803B04D,store,1,17,0x001DD140:sub_1DD140
0x001DDB14,0x0020BB14,0xA803B042,store,1,13,0x001DD140:sub_1DD140
0x001DDB30,0x0020BB30,0xA803B041,store,1,9,0x001DD140:sub_1DD140
0x001DDB4C,0x0020BB4C,0xA803B03E,store,1,11,0x001DD140:sub_1DD140
0x001DDB68,0x0020BB68,0xA803B03C,store,1,13,0x001DD140:sub_1DD140
0x001DDB84,0x0020BB84,0xA803B03A,store,1,10,0x001DD140:sub_1DD140
0x001DDBA0,0x0020BBA0,0xA803B036,store,1,24,0x001DD140:sub_1DD140
0x001DDBBC,0x0020BBBC,0xA803B02B,store,1,15,0x001DD140:sub_1DD140
0x001DDBD8,0x0020BBD8,0xA803B064,store,1,10,0x001DD140:sub_1DD140
0x001DDBF4,0x0020BBF4,0xA803B063,store,1,13,0x001DD140:sub_1DD140
0x001DDC10,0x0020BC10,0xA803B05F,store,1,9,0x001DD140:sub_1DD140
0x001DDC2C,0x0020BC2C,0xA803B05E,store,1,12,0x001DD140:sub_1DD140
0x001DDC48,0x0020BC48,0xA803B05D,store,1,15,0x001DD140:sub_1DD140
0x001DDC64,0x0020BC64,0xA803B05C,store,1,24,0x001DD140:sub_1DD140
0x001DDC80,0x0020BC80,0xA803B05A,store,1,15,0x001DD140:sub_1DD140
0x001DDC9C,0x0020BC9C,0xA803B059,store,1,17,0x001DD140:sub_1DD140
0x001DDCB8,0x0020BCB8,0xA803B058,store,1,13,0x001DD140:sub_1DD140
0x001DDCD4,0x0020BCD4,0xA803B055,store,1,9,0x001DD140:sub_1DD140
0x001DDCEC,0x0020BCEC,0xA803B053,store,1,8,0x001DD140:sub_1DD140
0x001DDD08,0x0020BD08,0xA803B052,store,1,18,0x001DD140:sub_1DD140
0x001DDD24,0x0020BD24,0xA803B051,store,1,12,0x001DD140:sub_1DD140
0x001DDD40,0x0020BD40,0xA803B050,store,1,13,0x001DD140:sub_1DD140
0x001DDD5C,0x0020BD5C,0xA803B04F,store,1,24,0x001DD140:sub_1DD140
0x001DDD78,0x0020BD78,0xA803B04E,store,1,15,0x001DD140:sub_1DD140
0x001DDD94,0x0020BD94,0xA803B00A,store,1,9,0x001DD140:sub_1DD140
0x001DDDB0,0x0020BDB0,0xA803B009,store,1,18,0x001DD140:sub_1DD140
0x001DDDCC,0x0020BDCC,0xA803B008,store,1,13,0x001DD140:sub_1DD140
0x001DDDE8,0x0020BDE8,0xA803B004,store,1,13,0x001DD140:sub_1DD140
0x001DDE04,0x0020BE04,0xA803B024,store,1,12,0x001DD140:sub_1DD140
0x001DDE20,0x0020BE20,0xA803B022,store,1,24,0x001DD140:sub_1DD140
0x001DDE3C,0x0020BE3C,0xA803B020,store,1,9,0x001DD140:sub_1DD140
0x001DDEA0,0x0020BEA0,0xA803B016,store,1,24,0x001DD140:sub_1DD140
0x001DDEBC,0x0020BEBC,0xA803B015,store,1,12,0x001DD140:sub_1DD140
0x001DDED8,0x0020BED8,0xA803B010,store,1,15,0x001DD140:sub_1DD140
0x001DDEF4,0x0020BEF4,0xA803B00F,store,1,18,0x001DD140:sub_1DD140
0x001DDF10,0x0020BF10,0xA803AFF1,store,1,24,0x001DD140:sub_1DD140
0x001DDF2C,0x0020BF2C,0xA803AFF3,store,1,15,0x001DD140:sub_1DD140
0x001DDF60,0x0020BF60,0xA803AFF2,store,1,11,0x001DD140:sub_1DD140
0x001DDFD4,0x0020BFD4,0xA803AFF9,load,1,12,0x001DD140:sub_1DD140
0x001DDFF0,0x0020BFF0,0xA803AFF9,store,1,11,0x001DD140:sub_1DD140
0x001DDFFC,0x0020BFFC,0xA803AFF8,load,1,8,0x001DD140:sub_1DD140
0x001DE01C,0x0020C01C,0xA803AFF8,store,1,15,0x001DD140:sub_1DD140
0x001DE034,0x0020C034,0xA803AFF8,store,1,10,0x001DD140:sub_1DD140
0x001DE050,0x0020C050,0xA803AFF4,store,1,13,0x001DD140:sub_1DD140
0x001DE06C,0x0020C06C,0xA803B003,store,1,15,0x001DD140:sub_1DD140
0x001DE074,0x0020C074,0xA8035238,load,1,15,0x001DD140:sub_1DD140
0x001DE080,0x0020C080,0xA803AFFC,store,1,15,0x001DD140:sub_1DD140
0x001DE088,0x0020C088,0xA8035239,load,1,12,0x001DD140:sub_1DD140
0x001DE094,0x0020C094,0xA803AFFB,store,1,12,0x001DD140:sub_1DD140
0x001DE0B0,0x0020C0B0,0xA803AFFA,store,1,11,0x001DD140:sub_1DD140
0x001DE0CC,0x0020C0CC,0xA803B06C,store,1,13,0x001DD140:sub_1DD140
0x001DE16C,0x0020C16C,0xA803B065,store,1,18,0x001DD140:sub_1DD140
0x001DE178,0x0020C178,0xA803B002,load,1,19,0x001DD140:sub_1DD140
0x001DE198,0x0020C198,0xA803B002,store,1,15,0x001DD140:sub_1DD140
0x001DE1B0,0x0020C1B0,0xA803B002,store,1,12,0x001DD140:sub_1DD140
0x001DE1CC,0x0020C1CC,0xA803B001,store,1,13,0x001DD140:sub_1DD140
0x001DE1E8,0x0020C1E8,0xA803B000,store,1,19,0x001DD140:sub_1DD140
0x001DE204,0x0020C204,0xA803AFFF,store,1,16,0x001DD140:sub_1DD140
0x001DE224,0x0020C224,0xA803AFF5,load,1,8,0x001DD140:sub_1DD140
0x001DE240,0x0020C240,0xA803AFF5,store,1,9,0x001DD140:sub_1DD140
0x001DE284,0x0020C284,0xA803B068,store,1,13,0x001DD140:sub_1DD140
0x001DE2BC,0x0020C2BC,0xA803B066,store,1,13,0x001DD140:sub_1DD140
0x001DE310,0x0020C310,0xA803B067,store,1,15,0x001DD140:sub_1DD140
0x001DE3F4,0x0020C3F4,0xA803AFF9,load,1,11,0x001DD140:sub_1DD140
0x001DE410,0x0020C410,0xA803AFF9,store,1,17,0x001DD140:sub_1DD140
0x001DE430,0x0020C430,0xA803AFF9,load,1,11,0x001DD140:sub_1DD140
0x001DE44C,0x0020C44C,0xA803AFF9,store,1,13,0x001DD140:sub_1DD140
0x001DE458,0x0020C458,0xA803AFF9,load,1,8,0x001DD140:sub_1DD140
0x001DE478,0x0020C478,0xA803AFF9,store,1,15,0x001DD140:sub_1DD140
0x001DE484,0x0020C484,0xA803AFF9,load,1,8,0x001DD140:sub_1DD140
0x001DE4A4,0x0020C4A4,0xA803AFF9,store,1,16,0x001DD140:sub_1DD140
0x001DE4B0,0x0020C4B0,0xA803AFF9,load,1,8,0x001DD140:sub_1DD140
0x001DE4D0,0x0020C4D0,0xA803AFF9,store,1,10,0x001DD140:sub_1DD140
0x001DE900,0x0020C900,0xA803B009,load,1,1,0x001DE8EC:sub_1DE8EC
0x001DE904,0x0020C904,0xA803AFEC,store,4,24,0x001DE8EC:sub_1DE8EC
0x001DED8C,0x0020CD8C,0xA803AFEC,load,4,8,0x001DED1C:sub_1DED1C
0x001DEF94,0x0020CF94,0xA803AFEC,load,4,20,0x001DED1C:sub_1DED1C
0x001DF0B4,0x0020D0B4,0xA803B0A0,store,1,0,0x001DF094:sub_1DF094
0x001DF11C,0x0020D11C,0xA803B0A0,store,1,0,0x001DF094:sub_1DF094
0x001DF124,0x0020D124,0xA803B0A0,store,1,13,0x001DF094:sub_1DF094
0x001DF150,0x0020D150,0xA803B0E6,store,1,11,0x001DF130:sub_1DF130
0x001DF154,0x0020D154,0xA803B098,store,4,12,0x001DF130:sub_1DF130
0x001DF158,0x0020D158,0xA803B0B3,store,1,11,0x001DF130:sub_1DF130
0x001DF1B4,0x0020D1B4,0xA803B098,store,4,1,0x001DF1A8:sub_1DF1A8
0x001DF1B8,0x0020D1B8,0xA803B00E,store,1,0,0x001DF1A8:sub_1DF1A8
0x001DF3DC,0x0020D3DC,0xA803B08A,load,1,13,0x001DF3CC:sub_1DF3CC
0x001DF3F8,0x0020D3F8,0xA803B09D,load,1,8,0x001DF3CC:sub_1DF3CC
0x001DF404,0x0020D404,0xA803AFF1,load,1,16,0x001DF3CC:sub_1DF3CC
0x001DF64C,0x0020D64C,0xA803B08A,load,1,8,0x001DF640:sub_1DF640
0x001DF660,0x0020D660,0xA803B08A,load,1,8,0x001DF640:sub_1DF640
0x001DF674,0x0020D674,0xA803B08A,load,1,8,0x001DF640:sub_1DF640
0x001DF698,0x0020D698,0xA803B08A,load,1,8,0x001DF68C:sub_1DF68C
0x001DF6AC,0x0020D6AC,0xA803B08A,load,1,8,0x001DF68C:sub_1DF68C
0x001DF6C0,0x0020D6C0,0xA803B08A,load,1,8,0x001DF68C:sub_1DF68C
0x001DF6F4,0x0020D6F4,0xA803B0D9,load,1,8,0x001DF6D8:sub_1DF6D8
0x001DF724,0x0020D724,0xA803B0D9,load,1,8,0x001DF6D8:sub_1DF6D8
0x001DF76C,0x0020D76C,0xA803B0CD,load,1,8,0x001DF750:sub_1DF750
0x001DF77C,0x0020D77C,0xA803B0CD,store,1,24,0x001DF750:sub_1DF750
0x001DFCA4,0x0020DCA4,0xA803AFEC,store,4,10,0x001DFB64:sub_1DFB64
0x001DFCCC,0x0020DCCC,0xA803B0F5,load,1,9,0x001DFB64:sub_1DFB64
0x001DFCE4,0x0020DCE4,0xA803B0F5,store,1,10,0x001DFB64:sub_1DFB64
0x001DFE48,0x0020DE48,0xA803B009,store,1,1,0x001DFE18:sub_1DFE18
0x001DFE68,0x0020DE68,0xA803B0A0,store,1,0,0x001DFE18:sub_1DFE18
0x001DFE80,0x0020DE80,0xA803B009,store,1,15,0x001DFE18:sub_1DFE18
0x001DFE9C,0x0020DE9C,0xA803B0A0,store,1,0,0x001DFE18:sub_1DFE18
0x001DFECC,0x0020DECC,0xA803B009,store,1,13,0x001DFE18:sub_1DFE18
0x001DFEF0,0x0020DEF0,0xA803B0A0,store,1,0,0x001DFE18:sub_1DFE18
0x001DFEF8,0x0020DEF8,0xA803B0CA,load,1,10,0x001DFE18:sub_1DFE18
0x001DFEFC,0x0020DEFC,0xA803B0A0,load,1,9,0x001DFE18:sub_1DFE18
0x001DFF34,0x0020DF34,0xA803B0A0,store,1,1,0x001DFE18:sub_1DFE18
0x001DFF70,0x0020DF70,0xA803B0A0,store,1,1,0x001DFE18:sub_1DFE18
0x001E0014,0x0020E014,0xA803B0A0,store,1,13,0x001DFE18:sub_1DFE18
0x001E0050,0x0020E050,0xA803B0A0,store,1,1,0x001DFE18:sub_1DFE18
0x001E005C,0x0020E05C,0xA803B0A0,store,1,1,0x001DFE18:sub_1DFE18
0x001E0068,0x0020E068,0xA803B0A0,store,1,1,0x001DFE18:sub_1DFE18
0x001E0094,0x0020E094,0xA803B0A0,store,1,1,0x001DFE18:sub_1DFE18
0x001E00B4,0x0020E0B4,0xA803B0A0,store,1,0,0x001DFE18:sub_1DFE18
0x001E00D4,0x0020E0D4,0xA803B0A0,store,1,0,0x001DFE18:sub_1DFE18
0x001E00F4,0x0020E0F4,0xA803B0A0,store,1,0,0x001DFE18:sub_1DFE18
0x001E010C,0x0020E10C,0xA803B069,load,1,13,0x001E0100:sub_1E0100
0x001E012C,0x0020E12C,0xA803B098,store,4,11,0x001E0100:sub_1E0100
0x001E0144,0x0020E144,0xA803B098,store,4,9,0x001E0100:sub_1E0100
0x001E0168,0x0020E168,0xA803B061,load,1,13,0x001E0100:sub_1E0100
0x001E0188,0x0020E188,0xA803B098,store,4,11,0x001E0100:sub_1E0100
0x001E01A0,0x0020E1A0,0xA803B098,store,4,9,0x001E0100:sub_1E0100
0x001E01CC,0x0020E1CC,0xA803B06F,load,1,13,0x001E0100:sub_1E0100
0x001E01E8,0x0020E1E8,0xA803B098,store,4,11,0x001E0100:sub_1E0100
0x001E01FC,0x0020E1FC,0xA803B098,store,4,9,0x001E0100:sub_1E0100
0x001E0204,0x0020E204,0xA803B06F,store,1,0,0x001E0100:sub_1E0100
0x001E0244,0x0020E244,0xA803B0A2,store,1,8,0x001E0100:sub_1E0100
0x001E025C,0x0020E25C,0xA803B061,load,1,1,0x001E0100:sub_1E0100
0x001E0270,0x0020E270,0xA803B098,store,4,10,0x001E0100:sub_1E0100
0x001E029C,0x0020E29C,0xA803B098,store,4,13,0x001E0100:sub_1E0100
0x001E02F4,0x0020E2F4,0xA803B084,load,4,13,0x001E0100:sub_1E0100
0x001E0300,0x0020E300,0xA803B084,store,4,11,0x001E0100:sub_1E0100
0x001E0308,0x0020E308,0xA8037BAB,load,1,15,0x001E0100:sub_1E0100
0x001E0390,0x0020E390,0xA803B098,store,4,9,0x001E0100:sub_1E0100
0x001E03B0,0x0020E3B0,0xA803B00E,load,1,13,
0x001E0434,0x0020E434,0xA803B21E,load,1,24,0x001E03DC:sub_1E03DC
0x001E0458,0x0020E458,0xA803B21E,load,1,13,0x001E03DC:sub_1E03DC
0x001E0470,0x0020E470,0xA8037D2C,load,4,9,0x001E03DC:sub_1E03DC
0x001E04A4,0x0020E4A4,0xA803B21E,load,1,9,0x001E03DC:sub_1E03DC
0x001E04C8,0x0020E4C8,0xA8037D2C,load,4,9,0x001E03DC:sub_1E03DC
0x001E04F0,0x0020E4F0,0xA803B21E,load,1,10,0x001E03DC:sub_1E03DC
0x001E0510,0x0020E510,0xA8037D2C,load,4,9,0x001E03DC:sub_1E03DC
0x001E053C,0x0020E53C,0xA803B21E,load,1,9,0x001E03DC:sub_1E03DC
0x001E0554,0x0020E554,0xA8037D2C,load,4,9,0x001E03DC:sub_1E03DC
0x001E0588,0x0020E588,0xA803B21E,load,1,9,0x001E03DC:sub_1E03DC
0x001E05AC,0x0020E5AC,0xA8037D2C,load,4,9,0x001E03DC:sub_1E03DC
0x001E05D4,0x0020E5D4,0xA803B21E,load,1,12,0x001E03DC:sub_1E03DC
0x001E05F8,0x0020E5F8,0xA8037D2C,load,4,9,0x001E03DC:sub_1E03DC
0x001E0650,0x0020E650,0xA803B108,load,1,13,0x001E0648:sub_1E0648
0x001E0670,0x0020E670,0xA803B098,store,4,10,0x001E0648:sub_1E0648
0x001E06EC,0x0020E6EC,0xA803B09D,store,1,9,0x001E06CC:sub_1E06CC
0x001E06F0,0x0020E6F0,0xA803B08A,store,1,12,0x001E06CC:sub_1E06CC
0x001E06F4,0x0020E6F4,0xA803B0E6,store,1,11,0x001E06CC:sub_1E06CC
0x001E06FC,0x0020E6FC,0xA803B098,store,4,11,0x001E06CC:sub_1E06CC
0x001E0720,0x0020E720,0xA803B0CD,store,1,0,0x001E06CC:sub_1E06CC
0x001E0724,0x0020E724,0xA803B108,store,1,13,0x001E06CC:sub_1E06CC
0x001E0730,0x0020E730,0xA803B108,load,1,11,0x001E06CC:sub_1E06CC
0x001E077C,0x0020E77C,0xA8037BAF,store,1,15,0x001E06CC:sub_1E06CC
0x001E0780,0x0020E780,0xA803B0CD,store,1,0,0x001E06CC:sub_1E06CC
0x001E07F8,0x0020E7F8,0xA803B108,load,1,13,0x001E07F0:sub_1E07F0
0x001E0820,0x0020E820,0xA803B098,store,4,13,0x001E07F0:sub_1E07F0
0x001E0840,0x0020E840,0xA803B21E,load,1,9,0x001E07F0:sub_1E07F0
0x001E0884,0x0020E884,0xA8037D2C,load,4,9,0x001E07F0:sub_1E07F0
0x001E0930,0x0020E930,0xA803B08A,load,1,13,0x001E0928:sub_1E0928
0x001E097C,0x0020E97C,0xA803AFEC,load,4,24,0x001E0928:sub_1E0928
0x001E0A68,0x0020EA68,0xA803B098,load,4,8,0x001E0928:sub_1E0928
0x001E0A84,0x0020EA84,0xA803B0D8,load,1,10,0x001E0928:sub_1E0928
0x001E0B08,0x0020EB08,0xA803AFEC,load,4,29,0x001E0928:sub_1E0928
0x001E0B5C,0x0020EB5C,0xA803B0E6,load,1,15,0x001E0B54:sub_1E0B54
0x001E0B7C,0x0020EB7C,0xA803AFEC,store,4,11,0x001E0B54:sub_1E0B54
0x001E0EC0,0x0020EEC0,0xA803AFEF,load,1,9,0x001E0EB8:sub_1E0EB8
0x001E0F8C,0x0020EF8C,0xA803B0AC,store,4,13,0x001E0EB8:sub_1E0EB8
0x001E0FA0,0x0020EFA0,0xA803B0AC,load,4,11,0x001E0EB8:sub_1E0EB8
0x001E1078,0x0020F078,0xA803B0AC,store,4,11,0x001E0EB8:sub_1E0EB8
0x001E1248,0x0020F248,0xA803AFEC,load,4,8,0x001E120C:sub_1E120C
0x001E14F4,0x0020F4F4,0xA803AFEC,store,4,24,0x001E14EC:sub_1E14EC
0x001E189C,0x0020F89C,0xA803AFEC,load,4,8,0x001E1880:sub_1E1880
0x001E19E4,0x0020F9E4,0xA803AFEC,load,4,8,0x001E19C0:sub_1E19C0
0x001E1C1C,0x0020FC1C,0xA803AFEC,load,4,8,0x001E1BF8:sub_1E1BF8
0x001E1DD0,0x0020FDD0,0xA803AFEC,store,4,24,0x001E1DC8:sub_1E1DC8
0x001E1DF0,0x0020FDF0,0xA803AFEC,load,4,8,0x001E1DC8:sub_1E1DC8
0x001E1F68,0x0020FF68,0xA803AFEC,load,4,8,0x001E1F44:sub_1E1F44
0x001E2178,0x00210178,0xA803AFEC,load,4,8,0x001E2154:sub_1E2154
0x001E230C,0x0021030C,0xA803AFEC,store,4,24,0x001E2304:sub_1E2304
0x001E232C,0x0021032C,0xA803AFEC,load,4,8,0x001E2304:sub_1E2304
0x001E2488,0x00210488,0xA803AFEC,load,4,8,0x001E2464:sub_1E2464
0x001E2698,0x00210698,0xA803AFEC,load,4,8,0x001E2674:sub_1E2674
0x001E282C,0x0021082C,0xA803AFEC,store,4,24,0x001E2824:sub_1E2824
0x001E284C,0x0021084C,0xA803AFEC,load,4,8,0x001E2824:sub_1E2824
0x001E29A8,0x002109A8,0xA803AFEC,load,4,8,0x001E2984:sub_1E2984
0x001E2BB8,0x00210BB8,0xA803AFEC,load,4,8,0x001E2B94:sub_1E2B94
0x001E2D4C,0x00210D4C,0xA803AFEC,store,4,24,0x001E2D44:sub_1E2D44
0x001E2D6C,0x00210D6C,0xA803AFEC,load,4,8,0x001E2D44:sub_1E2D44
0x001E2EC8,0x00210EC8,0xA803AFEC,load,4,8,0x001E2EA4:sub_1E2EA4
0x001E30D8,0x002110D8,0xA803AFEC,load,4,8,0x001E30B4:sub_1E30B4
0x001E326C,0x0021126C,0xA803AFEC,store,4,24,0x001E3264:sub_1E3264
0x001E328C,0x0021128C,0xA803AFEC,load,4,8,0x001E3264:sub_1E3264
0x001E35CC,0x002115CC,0xA803B009,load,1,13,0x001E35B0:sub_1E35B0
0x001E3600,0x00211600,0xA803AFEC,load,4,9,0x001E35B0:sub_1E35B0
0x001E37F8,0x002117F8,0xA803AFEC,load,4,8,0x001E37C0:sub_1E37C0
0x001E3A24,0x00211A24,0xA803AFEC,load,4,8,0x001E39F0:sub_1E39F0
0x001E3A3C,0x00211A3C,0xA803B0E4,store,1,24,0x001E39F0:sub_1E39F0
0x001E3BD4,0x00211BD4,0xA803AFEC,load,4,8,0x001E3BB0:sub_1E3BB0
0x001E3BE8,0x00211BE8,0xA803B0E4,store,1,24,0x001E3BB0:sub_1E3BB0
0x001E3CB8,0x00211CB8,0xA803AFEC,load,4,8,0x001E3C94:sub_1E3C94
0x001E3CCC,0x00211CCC,0xA803B0E4,store,1,24,0x001E3C94:sub_1E3C94
0x001E3D9C,0x00211D9C,0xA803AFEC,load,4,8,0x001E3D78:sub_1E3D78
0x001E3DB0,0x00211DB0,0xA803B0E4,store,1,24,0x001E3D78:sub_1E3D78
0x001E3E80,0x00211E80,0xA803AFEC,load,4,8,0x001E3E5C:sub_1E3E5C
0x001E3E94,0x00211E94,0xA803B0E4,store,1,24,0x001E3E5C:sub_1E3E5C
0x001E4168,0x00212168,0xA803B21E,load,1,1,0x001E415C:sub_1E415C
0x001E41D0,0x002121D0,0xA8037D2C,load,4,25,0x001E415C:sub_1E415C
0x001E41E4,0x002121E4,0xA8037D2C,load,4,9,0x001E415C:sub_1E415C
0x001E43FC,0x002123FC,0xA8037E97,load,1,1,
0x001E4408,0x00212408,0xA8037E97,store,1,1,
0x001E4410,0x00212410,0xA8037E97,load,1,8,
0x001E4418,0x00212418,0xA8037E97,store,1,13,
0x001E4428,0x00212428,0xA8037E97,load,1,8,
0x001E4434,0x00212434,0xA8037E97,store,1,13,
0x001E4444,0x00212444,0xA8037E97,load,1,8,
0x001E4450,0x00212450,0xA8037E97,store,1,13,
0x001E4460,0x00212460,0xA8037E97,load,1,8,
0x001E446C,0x0021246C,0xA8037E97,store,1,13,
0x001E447C,0x0021247C,0xA8037E97,load,1,1,0x001E4478:sub_1E4478
0x001E4494,0x00212494,0xA8037E97,store,1,1,0x001E4478:sub_1E4478
0x001E44B4,0x002124B4,0xA8037E97,store,1,13,0x001E4478:sub_1E4478
0x001E4518,0x00212518,0xA803B229,load,1,13,0x001E4510:sub_1E4510
0x001E453C,0x0021253C,0xA8037D2C,load,4,9,0x001E4510:sub_1E4510
0x001E4558,0x00212558,0xA803B229,load,1,13,0x001E4550:sub_1E4550
0x001E4594,0x00212594,0xA8037D2C,load,4,9,0x001E4550:sub_1E4550
0x001E45E0,0x002125E0,0xA803B229,load,1,13,0x001E45D4:sub_1E45D4
0x001E4614,0x00212614,0xA803B229,load,1,9,0x001E45D4:sub_1E45D4
0x001E461C,0x0021261C,0xA8037D2C,load,4,9,0x001E45D4:sub_1E45D4
0x001E4658,0x00212658,0xA8037D2C,load,4,9,0x001E45D4:sub_1E45D4
0x001E492C,0x0021292C,0xA8037B96,load,1,1,0x001E4924:sub_1E4924
0x001E4944,0x00212944,0xA8037B96,store,1,0,0x001E4924:sub_1E4924
0x001E4AEC,0x00212AEC,0xA803B0BE,load,1,13,0x001E4AD0:sub_1E4AD0
0x001E4AF8,0x00212AF8,0xA8037B96,load,1,8,0x001E4AD0:sub_1E4AD0
0x001E4C54,0x00212C54,0xA803B0BE,load,1,13,0x001E4C38:sub_1E4C38
0x001E4C64,0x00212C64,0xA8037B96,load,1,8,0x001E4C38:sub_1E4C38
0x001E4DBC,0x00212DBC,0xA8039570,load,4,12,
0x001E4DC0,0x00212DC0,0xA803959C,load,4,8,
0x001E4DD0,0x00212DD0,0xA8037E98,load,4,9,
0x001E4DF0,0x00212DF0,0xA8039570,load,4,1,
0x001E4DF4,0x00212DF4,0xA803959C,load,4,13,
0x001E4DFC,0x00212DFC,0xA8037E98,store,4,11,
0x001E4E80,0x00212E80,0xA8037E98,load,4,25,0x001E4E68:sub_1E4E68
0x001E4EBC,0x00212EBC,0xA8039570,load,4,1,0x001E4E68:sub_1E4E68
0x001E4EC0,0x00212EC0,0xA803959C,load,4,29,0x001E4E68:sub_1E4E68
0x001E4EEC,0x00212EEC,0xA8039570,load,4,28,0x001E4E68:sub_1E4E68
0x001E4F00,0x00212F00,0xA803959C,load,4,24,0x001E4E68:sub_1E4E68
0x001E4F80,0x00212F80,0xA803B21E,load,1,12,
0x001E4F84,0x00212F84,0xA8039570,load,4,13,
0x001E4F88,0x00212F88,0xA803959C,load,4,1,
0x001E4FA0,0x00212FA0,0xA803959C,load,4,12,
0x001E4FA4,0x00212FA4,0xA8039570,load,4,1,
0x001E4FC0,0x00212FC0,0xA803959C,load,4,12,
0x001E4FD8,0x00212FD8,0xA8037D2C,load,4,9,
0x001E5010,0x00213010,0xA8037E98,load,4,27,
0x001E504C,0x0021304C,0xA8039570,load,4,1,
0x001E5050,0x00213050,0xA803959C,load,4,29,
0x001E507C,0x0021307C,0xA8039570,load,4,29,
0x001E50BC,0x002130BC,0xA803959C,load,4,24,
0x001E5124,0x00213124,0xA8039570,load,4,12,
0x001E5128,0x00213128,0xA803959C,load,4,1,
0x001E5144,0x00213144,0xA803959C,load,4,15,
0x001E5148,0x00213148,0xA8039578,load,4,11,
0x001E514C,0x0021314C,0xA8039574,load,4,1,
0x001E7C88,0x00215C88,0xA80363B0,load,4,8,0x001E7C80:sub_1E7C80
0x001E7D84,0x00215D84,0xA80363B0,load,4,8,0x001E7D4C:sub_1E7D4C
0x001E7FF4,0x00215FF4,0xA80363B0,load,4,8,0x001E7FB8:sub_1E7FB8
0x001E9B30,0x00217B30,0xA80363B0,load,4,8,
0x001E9B54,0x00217B54,0xA80363B0,load,4,8,0x001E9B4C:sub_1E9B4C
0x001E9C70,0x00217C70,0xA80363B0,load,4,8,
0x001E9DB0,0x00217DB0,0xA80363B0,load,4,24,0x001E9D98:sub_1E9D98
0x001EA250,0x00218250,0xA80363B0,load,4,8,0x001EA248:sub_1EA248
0x001EB87C,0x0021987C,0xA80363B0,load,4,8,0x001EB858:sub_1EB858
0x001EBCE8,0x00219CE8,0xA80363B0,load,4,24,0x001EBCD8:sub_1EBCD8
0x001EBD0C,0x00219D0C,0xA80363B0,load,4,8,0x001EBCD8:sub_1EBCD8
0x001EBD30,0x00219D30,0xA80363E0,load,4,13,0x001EBD1C:sub_1EBD1C
0x001EBD64,0x00219D64,0xA80363E0,load,4,1,0x001EBD1C:sub_1EBD1C
0x001EBDB4,0x00219DB4,0xA8037EA4,load,4,1,0x001EBD1C:sub_1EBD1C
0x001EBDC4,0x00219DC4,0xA8037EA4,store,4,1,0x001EBD1C:sub_1EBD1C
0x001EBDF8,0x00219DF8,0xA80363D0,load,4,13,0x001EBD1C:sub_1EBD1C
0x001EBE04,0x00219E04,0xA8037EA4,store,4,13,0x001EBD1C:sub_1EBD1C
0x001EBE4C,0x00219E4C,0xA80363E0,load,4,1,0x001EBE18:sub_1EBE18
0x001EBF90,0x00219F90,0xA80363D4,load,4,13,0x001EBE18:sub_1EBE18
0x001EBFAC,0x00219FAC,0xA8037ED4,load,4,9,0x001EBE18:sub_1EBE18
0x001EC348,0x0021A348,0xA80363B0,load,4,8,0x001EC09C:sub_1EC09C
0x001EC708,0x0021A708,0xA80363C8,load,4,8,
0x001EC728,0x0021A728,0xA80363B0,load,4,8,
0x001EC740,0x0021A740,0xA80363B0,load,4,8,0x001EC73C:sub_1EC73C
0x001EC78C,0x0021A78C,0xA80363B0,load,4,8,0x001EC754:sub_1EC754
0x001EC804,0x0021A804,0xA80363B0,load,4,12,0x001EC754:sub_1EC754
0x001EC9AC,0x0021A9AC,0xA80363E8,load,4,24,0x001EC8B4:sub_1EC8B4
0x001EC9D4,0x0021A9D4,0xA80363EC,store,4,12,0x001EC8B4:sub_1EC8B4
0x001ECB44,0x0021AB44,0xA80363DC,load,4,12,0x001EC8B4:sub_1EC8B4
0x001ECCA8,0x0021ACA8,0xA8037ED4,load,4,13,0x001EC8B4:sub_1EC8B4
0x001ECCB4,0x0021ACB4,0xA80363D0,load,4,1,0x001EC8B4:sub_1EC8B4
0x001ECD00,0x0021AD00,0xA8037EA4,load,4,1,0x001EC8B4:sub_1EC8B4
0x001ECEF4,0x0021AEF4,0xA8037ED0,load,4,1,0x001EC8B4:sub_1EC8B4
0x001ECF00,0x0021AF00,0xA8037ED0,store,4,13,0x001EC8B4:sub_1EC8B4
0x001ECF08,0x0021AF08,0xA8037ECC,load,4,1,0x001EC8B4:sub_1EC8B4
0x001ECF14,0x0021AF14,0xA8037ECC,store,4,13,0x001EC8B4:sub_1EC8B4
0x001EDFB0,0x0021BFB0,0xA80363E0,load,4,8,0x001EDF3C:sub_1EDF3C
0x001EE498,0x0021C498,0xA803C09C,store,4,0,0x001EE490:sub_1EE490
0x001EE4AC,0x0021C4AC,0xA803C09C,load,4,1,0x001EE490:sub_1EE490
0x001EE4D0,0x0021C4D0,0xA80363B0,load,4,8,0x001EE4C8:sub_1EE4C8
0x001EE548,0x0021C548,0xA80363B0,load,4,24,0x001EE514:sub_1EE514
0x001EE594,0x0021C594,0xA80363B0,load,4,8,0x001EE514:sub_1EE514
0x001EE5E8,0x0021C5E8,0xA80363B0,load,4,8,
0x001EE6C0,0x0021C6C0,0xA803C09C,store,4,0,0x001EE6B8:sub_1EE6B8
0x001EE6DC,0x0021C6DC,0xA803C09C,load,4,1,0x001EE6B8:sub_1EE6B8
0x001EE7B0,0x0021C7B0,0xA803C09C,store,4,0,0x001EE7A8:sub_1EE7A8
0x001EE7C4,0x0021C7C4,0xA803C09C,load,4,1,0x001EE7A8:sub_1EE7A8
0x001EE810,0x0021C810,0xA80363B0,load,4,8,0x001EE7E0:sub_1EE7E0
0x001EE978,0x0021C978,0xA80363B0,load,4,8,
0x001EE994,0x0021C994,0xA803C09C,store,4,0,0x001EE98C:sub_1EE98C
0x001EE9AC,0x0021C9AC,0xA803C09C,load,4,1,0x001EE98C:sub_1EE98C
0x001EE9D0,0x0021C9D0,0xA803C09C,store,4,0,0x001EE9C8:sub_1EE9C8
0x001EE9EC,0x0021C9EC,0xA803C09C,load,4,1,0x001EE9C8:sub_1EE9C8
0x001EEA10,0x0021CA10,0xA803C09C,store,4,0,0x001EEA08:sub_1EEA08
0x001EEA2C,0x0021CA2C,0xA803C09C,load,4,1,0x001EEA08:sub_1EEA08
0x001EEE6C,0x0021CE6C,0xA803C0A0,load,4,13,0x001EEE68:sub_1EEE68
0x001EEE84,0x0021CE84,0xA803C0A0,store,4,13,0x001EEE68:sub_1EEE68
0x001EEE8C,0x0021CE8C,0xA803C0A0,store,4,1,0x001EEE68:sub_1EEE68
0x001EEF14,0x0021CF14,0xA8036854,load,4,12,0x001EEF10:sub_1EEF10
0x001EEF38,0x0021CF38,0xA8036854,load,4,13,0x001EEF10:sub_1EEF10
0x001EEF5C,0x0021CF5C,0xA8036854,load,4,1,0x001EEF58:sub_1EEF58
0x001EEF94,0x0021CF94,0xA8037EF4,load,4,1,0x001EEF8C:sub_1EEF8C
0x001EEFC8,0x0021CFC8,0xA8037EF0,load,4,1,0x001EEFC0:sub_1EEFC0
0x001EEFF8,0x0021CFF8,0xA8037EE8,load,4,1,0x001EEFF0:sub_1EEFF0
0x001EF028,0x0021D028,0xA8037EEC,load,4,1,0x001EF020:sub_1EF020
0x001EF058,0x0021D058,0xA8037EE4,load,4,1,0x001EF050:sub_1EF050
0x001EF088,0x0021D088,0xA8037EE0,load,4,1,0x001EF080:sub_1EF080
0x001EF0B8,0x0021D0B8,0xA8037EDC,load,4,1,0x001EF0B0:sub_1EF0B0
0x001EF0E8,0x0021D0E8,0xA8037ED8,load,4,1,0x001EF0E0:sub_1EF0E0
0x001EF11C,0x0021D11C,0xA80363B0,load,4,8,0x001EF114:sub_1EF114
