address,end,size,name,instructions,callers,callees,string_evidence,direct_categories,graph_inferred_categories
0x0010018C,0x00100234,0xA8,sub_10018C,42,8,0,0,unclassified,persistent_data
0x00100234,0x001002CC,0x98,sub_100234,38,1,0,0,unclassified,
0x001002CC,0x00101368,0x109C,sub_1002CC,1053,1,13,0,unclassified,
0x00101368,0x00101370,0x8,nullsub_14,2,1,0,0,unclassified,
0x00101538,0x00101C1C,0x6E4,sub_101538,411,1,23,0,unclassified,
0x00101C1C,0x00101E74,0x258,sub_101C1C,150,1,12,0,unclassified,
0x00101E74,0x00101E8C,0x18,sub_101E74,6,0,0,0,unclassified,
0x00101E8C,0x00101EA0,0x14,sub_101E8C,5,1,0,0,unclassified,
0x00101EA0,0x00101EB0,0x10,sub_101EA0,4,3,0,0,unclassified,
0x00101EB0,0x00102018,0x168,sub_101EB0,89,1,2,0,unclassified,
0x00102018,0x00102118,0x100,sub_102018,63,1,2,0,unclassified,
0x00102118,0x00102154,0x3C,sub_102118,15,0,3,0,unclassified,video_link
0x00102154,0x001021BC,0x68,sub_102154,26,0,2,0,unclassified,
0x0010251C,0x00102854,0x338,sub_10251C,205,2,6,0,unclassified,
0x00102854,0x0010294C,0xF8,sub_102854,62,2,3,0,unclassified,scaler_panel
0x0010294C,0x00102CA0,0x354,sub_10294C,213,0,14,0,unclassified,scaler_panel
0x00102CA0,0x00102F24,0x284,sub_102CA0,161,0,13,0,unclassified,scaler_panel
0x00102F2C,0x00102FB8,0x8C,sub_102F2C,35,2,1,0,unclassified,
0x00102FB8,0x00103044,0x8C,sub_102FB8,35,3,1,0,unclassified,
0x00103044,0x00103064,0x20,sub_103044,8,1,1,0,unclassified,
0x00103064,0x00103310,0x2AC,sub_103064,171,2,41,0,unclassified,
0x00103310,0x001035D0,0x2C0,sub_103310,176,0,29,0,unclassified,
0x001035D0,0x00103770,0x1A0,sub_1035D0,104,0,12,0,unclassified,
0x00103770,0x00103894,0x124,sub_103770,73,1,1,0,unclassified,
0x00103894,0x00103B04,0x270,sub_103894,154,5,12,0,unclassified,
0x00103B04,0x00103B8C,0x88,sub_103B04,27,0,1,0,unclassified,
0x00103B8C,0x00103D00,0x174,sub_103B8C,93,3,5,0,unclassified,
0x00103D00,0x00103D1C,0x1C,sub_103D00,7,1,0,0,unclassified,
0x00103D1C,0x00103D38,0x1C,sub_103D1C,7,1,0,0,unclassified,
0x00103D38,0x00103D54,0x1C,sub_103D38,7,1,0,0,unclassified,
0x00103D54,0x00103D70,0x1C,sub_103D54,7,1,0,0,unclassified,
0x00103D70,0x00103D8C,0x1C,sub_103D70,7,1,0,0,unclassified,
0x00103D8C,0x00103DA8,0x1C,sub_103D8C,7,1,0,0,unclassified,
0x00103DA8,0x00103DBC,0x14,sub_103DA8,5,1,1,0,unclassified,
0x00103DBC,0x001045D8,0x81C,sub_103DBC,519,1,21,0,unclassified,ddc_ci
0x001045D8,0x00104640,0x68,sub_1045D8,24,1,1,0,unclassified,
0x00104640,0x00104718,0xD8,sub_104640,54,1,8,0,unclassified,
0x00104718,0x00104728,0x10,sub_104718,4,1,1,0,unclassified,
0x00104728,0x001047B4,0x8C,sub_104728,34,4,0,0,unclassified,
0x001047B4,0x0010487C,0xC8,sub_1047B4,50,1,8,0,unclassified,
0x0010487C,0x00104884,0x8,nullsub_22,2,1,0,0,unclassified,
0x00104884,0x00104C60,0x3DC,sub_104884,242,2,6,0,unclassified,
0x00104C60,0x00104D40,0xE0,sub_104C60,54,3,0,0,unclassified,
0x00104D40,0x00104E20,0xE0,sub_104D40,54,1,0,0,unclassified,
0x00104E20,0x00104EF8,0xD8,sub_104E20,53,3,0,0,unclassified,
0x00104EF8,0x00104FD8,0xE0,sub_104EF8,54,1,0,0,unclassified,
0x00104FD8,0x00104FE4,0xC,sub_104FD8,3,1,0,0,unclassified,
0x00104FE4,0x00104FF0,0xC,sub_104FE4,3,1,0,0,unclassified,
0x00104FF0,0x00104FFC,0xC,sub_104FF0,3,1,0,0,unclassified,
0x00104FFC,0x001050A4,0xA8,sub_104FFC,42,1,15,0,unclassified,
0x001050A4,0x00105238,0x194,sub_1050A4,100,2,3,0,unclassified,
0x00105238,0x001053A8,0x170,sub_105238,89,0,18,0,unclassified,
0x001053A8,0x0010542C,0x84,sub_1053A8,33,1,5,0,unclassified,
0x0010542C,0x00105438,0xC,sub_10542C,3,2,0,0,unclassified,
0x00105438,0x001054EC,0xB4,sub_105438,41,2,2,0,unclassified,
0x00105500,0x001056B8,0x1B8,sub_105500,110,1,4,0,unclassified,
0x001056B8,0x00105724,0x6C,sub_1056B8,27,0,5,4,osd_ui,
0x00105724,0x00105F3C,0x818,sub_105724,514,0,9,0,unclassified,
0x00106680,0x001068CC,0x24C,sub_106680,144,0,12,0,unclassified,
0x001069A4,0x00106D2C,0x388,sub_1069A4,218,1,10,0,unclassified,
0x00106DC0,0x00106DF8,0x38,sub_106DC0,14,0,2,0,unclassified,
0x00106F40,0x00106F88,0x48,sub_106F40,16,1,0,0,unclassified,
0x00106F88,0x0010750C,0x584,sub_106F88,348,58,6,0,unclassified,persistent_data
0x0010750C,0x0010751C,0x10,sub_10750C,4,56,0,0,unclassified,persistent_data
0x00107580,0x00107638,0xB8,sub_107580,46,1,2,0,unclassified,
0x00107638,0x00107650,0x18,sub_107638,6,1,1,0,unclassified,
0x00107650,0x00107684,0x34,sub_107650,13,2,2,0,unclassified,osd_ui
0x00107684,0x001076B8,0x34,sub_107684,13,1,2,0,unclassified,osd_ui
0x001078B0,0x00107928,0x78,sub_1078B0,30,0,3,0,unclassified,
0x00107928,0x001079AC,0x84,sub_107928,33,1,3,0,unclassified,
0x001079AC,0x001083A8,0x9FC,sub_1079AC,620,2,6,0,unclassified,
0x001083A8,0x001084C8,0x120,sub_1083A8,71,2,6,0,unclassified,persistent_data
0x001084C8,0x001084E4,0x1C,sub_1084C8,7,1,1,0,unclassified,
0x001084E4,0x0010853C,0x58,sub_1084E4,22,1,2,0,unclassified,
0x0010853C,0x001085CC,0x90,sub_10853C,36,1,3,0,unclassified,
0x001085CC,0x001086EC,0x120,sub_1085CC,72,1,6,0,unclassified,osd_ui
0x001086EC,0x001087BC,0xD0,sub_1086EC,52,1,2,0,unclassified,
0x001087BC,0x0010890C,0x150,sub_1087BC,83,1,2,0,unclassified,
0x0010890C,0x00108928,0x1C,sub_10890C,7,1,0,0,unclassified,
0x00108928,0x00108940,0x18,sub_108928,6,1,0,0,unclassified,
0x00108940,0x0010895C,0x1C,sub_108940,7,1,0,0,unclassified,
0x0010895C,0x00108978,0x1C,sub_10895C,7,1,0,0,unclassified,
0x00108978,0x00108A9C,0x124,sub_108978,69,7,9,0,unclassified,osd_ui
0x00108A9C,0x00108B94,0xF8,sub_108A9C,60,1,7,0,unclassified,persistent_data
0x00108B94,0x00108D20,0x18C,sub_108B94,99,57,4,0,unclassified,persistent_data
0x00108D6C,0x00108DD0,0x64,sub_108D6C,24,0,4,0,unclassified,
0x00108DD0,0x001095E0,0x810,sub_108DD0,510,8,18,0,unclassified,osd_ui
0x001095E0,0x001097C0,0x1E0,sub_1095E0,118,1,6,0,unclassified,persistent_data
0x001097C0,0x001099B8,0x1F8,sub_1097C0,124,1,7,0,unclassified,persistent_data
0x001099B8,0x00109B64,0x1AC,sub_1099B8,105,0,5,0,unclassified,persistent_data
0x00109B64,0x00109D5C,0x1F8,sub_109B64,124,0,7,0,unclassified,persistent_data
0x00109D5C,0x00109E74,0x118,sub_109D5C,68,3,5,0,unclassified,
0x00109E74,0x00109EF0,0x7C,sub_109E74,31,0,4,0,unclassified,
0x00109EF0,0x0010A074,0x184,sub_109EF0,96,3,5,0,unclassified,
0x0010A074,0x0010A0F0,0x7C,sub_10A074,31,0,4,0,unclassified,
0x0010A0F0,0x0010A274,0x184,sub_10A0F0,97,3,5,0,unclassified,
0x0010A274,0x0010A2F0,0x7C,sub_10A274,31,0,4,0,unclassified,
0x0010A2F0,0x0010A40C,0x11C,sub_10A2F0,69,4,5,0,unclassified,
0x0010A40C,0x0010A488,0x7C,sub_10A40C,31,0,4,0,unclassified,
0x0010A488,0x0010A5C8,0x140,sub_10A488,77,1,5,0,unclassified,
0x0010A5C8,0x0010A644,0x7C,sub_10A5C8,31,0,4,0,unclassified,
0x0010A644,0x0010A7D4,0x190,sub_10A644,97,2,5,0,unclassified,
0x0010A7D4,0x0010A850,0x7C,sub_10A7D4,31,1,4,0,unclassified,
0x0010A850,0x0010AB10,0x2C0,sub_10A850,175,3,5,0,unclassified,persistent_data
0x0010AB10,0x0010AC94,0x184,sub_10AB10,95,0,8,0,unclassified,persistent_data
0x0010AC94,0x0010ADF4,0x160,sub_10AC94,87,0,7,0,unclassified,persistent_data
0x0010ADF4,0x0010AEFC,0x108,sub_10ADF4,64,0,5,0,unclassified,persistent_data
0x0010AEFC,0x0010B05C,0x160,sub_10AEFC,87,0,7,0,unclassified,persistent_data
0x0010B05C,0x0010B164,0x108,sub_10B05C,64,0,5,0,unclassified,persistent_data
0x0010B164,0x0010B2C4,0x160,sub_10B164,87,0,7,0,unclassified,persistent_data
0x0010B2C4,0x0010B3CC,0x108,sub_10B2C4,64,0,5,0,unclassified,persistent_data
0x0010B3CC,0x0010B52C,0x160,sub_10B3CC,87,0,7,0,unclassified,persistent_data
0x0010B52C,0x0010B634,0x108,sub_10B52C,64,0,5,0,unclassified,persistent_data
0x0010B634,0x0010B794,0x160,sub_10B634,87,0,7,0,unclassified,persistent_data
0x0010B794,0x0010B8B0,0x11C,sub_10B794,69,0,5,0,unclassified,persistent_data
0x0010B8B0,0x0010BA24,0x174,sub_10B8B0,92,0,7,0,unclassified,persistent_data
0x0010BA24,0x0010BB4C,0x128,sub_10BA24,72,0,5,0,unclassified,persistent_data
0x0010BB4C,0x0010BCCC,0x180,sub_10BB4C,95,0,7,0,unclassified,persistent_data
0x0010BCCC,0x0010BF08,0x23C,sub_10BCCC,143,3,5,0,unclassified,
0x0010BF08,0x0010BF84,0x7C,sub_10BF08,31,0,4,0,unclassified,
0x0010BF84,0x0010C09C,0x118,sub_10BF84,68,3,5,0,unclassified,
0x0010C09C,0x0010C118,0x7C,sub_10C09C,31,0,4,0,unclassified,
0x0010C118,0x0010C258,0x140,sub_10C118,78,3,5,0,unclassified,
0x0010C258,0x0010C2D4,0x7C,sub_10C258,31,0,4,0,unclassified,
0x0010C2D4,0x0010C3EC,0x118,sub_10C2D4,68,3,5,0,unclassified,
0x0010C3EC,0x0010C468,0x7C,sub_10C3EC,31,0,4,0,unclassified,
0x0010C468,0x0010C5D4,0x16C,sub_10C468,87,3,5,0,unclassified,
0x0010C5D4,0x0010C650,0x7C,sub_10C5D4,31,0,4,0,unclassified,
0x0010C650,0x0010C764,0x114,sub_10C650,68,1,5,0,unclassified,
0x0010C764,0x0010C7E0,0x7C,sub_10C764,31,0,4,0,unclassified,
0x0010C7E0,0x0010C8F8,0x118,sub_10C7E0,66,1,5,3,video_link,
0x0010C8F8,0x0010C988,0x90,sub_10C8F8,36,0,5,0,unclassified,
0x0010C988,0x0010CB3C,0x1B4,sub_10C988,105,0,14,1,unclassified,osd_ui
0x0010CB3C,0x0010CD28,0x1EC,sub_10CB3C,120,0,7,0,unclassified,osd_ui
0x0010CD28,0x0010CDA4,0x7C,sub_10CD28,31,0,4,0,unclassified,
0x0010CDA4,0x0010CF2C,0x188,sub_10CDA4,96,3,6,2,unclassified,
0x0010CF2C,0x0010CFA8,0x7C,sub_10CF2C,31,1,4,0,unclassified,
0x0010CFA8,0x0010D180,0x1D8,sub_10CFA8,114,3,5,0,unclassified,
0x0010D180,0x0010D200,0x80,sub_10D180,32,1,4,0,unclassified,
0x0010D200,0x0010D34C,0x14C,sub_10D200,80,3,5,0,unclassified,
0x0010D34C,0x0010D3C8,0x7C,sub_10D34C,31,1,4,0,unclassified,
0x0010D3C8,0x0010D62C,0x264,sub_10D3C8,150,3,7,2,unclassified,persistent_data
0x0010D62C,0x0010D6AC,0x80,sub_10D62C,32,1,4,0,unclassified,persistent_data
0x0010D6AC,0x0010D7C0,0x114,sub_10D6AC,68,1,4,1,unclassified,persistent_data
0x0010D7C0,0x0010DC58,0x498,sub_10D7C0,291,1,18,0,unclassified,persistent_data
0x0010DC58,0x0010DD64,0x10C,sub_10DC58,66,0,6,0,unclassified,persistent_data
0x0010DD64,0x0010DECC,0x168,sub_10DD64,90,0,8,0,unclassified,persistent_data
0x0010DECC,0x0010DFD8,0x10C,sub_10DECC,66,0,5,0,unclassified,persistent_data
0x0010DFD8,0x0010E140,0x168,sub_10DFD8,90,0,7,0,unclassified,persistent_data
0x0010E140,0x0010E24C,0x10C,sub_10E140,66,0,6,0,unclassified,persistent_data
0x0010E24C,0x0010E3B4,0x168,sub_10E24C,90,0,8,0,unclassified,persistent_data
0x0010E3B4,0x0010E4C0,0x10C,sub_10E3B4,66,0,6,0,unclassified,persistent_data
0x0010E4C0,0x0010E628,0x168,sub_10E4C0,90,0,8,0,unclassified,persistent_data
0x0010E628,0x0010E85C,0x234,sub_10E628,139,2,8,0,unclassified,
0x0010E85C,0x0010E8DC,0x80,sub_10E85C,32,1,4,0,unclassified,
0x0010E8DC,0x0010EA58,0x17C,sub_10E8DC,94,2,8,0,unclassified,
0x0010EA58,0x0010EAD4,0x7C,sub_10EA58,31,0,4,0,unclassified,
0x0010EAD4,0x0010ECB0,0x1DC,sub_10EAD4,115,3,8,0,unclassified,
0x0010ECB0,0x0010ED2C,0x7C,sub_10ECB0,31,0,4,0,unclassified,
0x0010ED2C,0x0010EEAC,0x180,sub_10ED2C,95,2,8,0,unclassified,
0x0010EEAC,0x0010F528,0x67C,sub_10EEAC,415,0,17,0,unclassified,osd_ui
0x0010F528,0x0010F55C,0x34,sub_10F528,13,0,1,0,unclassified,
0x0010F55C,0x0010F68C,0x130,sub_10F55C,76,0,9,2,osd_ui,
0x0010F68C,0x0010F6A4,0x18,sub_10F68C,6,0,1,0,unclassified,
0x0010F6C4,0x0010F714,0x50,sub_10F6C4,20,0,3,2,osd_ui,
0x0010F714,0x0010F71C,0x8,nullsub_33,2,0,0,0,unclassified,
0x0010F71C,0x0010F724,0x8,nullsub_34,2,0,0,0,unclassified,
0x0010F724,0x0010F72C,0x8,nullsub_35,2,0,0,0,unclassified,
0x0010F72C,0x0010F740,0x14,sub_10F72C,5,0,1,0,unclassified,
0x0010F740,0x0010F754,0x14,sub_10F740,5,0,1,0,unclassified,
0x0010F754,0x0010F768,0x14,sub_10F754,5,0,1,0,unclassified,
0x0010F768,0x0010F79C,0x34,sub_10F768,13,0,2,0,unclassified,osd_ui
0x0010F79C,0x0010F7CC,0x30,sub_10F79C,12,0,3,0,unclassified,
0x0010F7CC,0x0010F800,0x34,sub_10F7CC,13,1,2,0,unclassified,osd_ui
0x0010F800,0x0010F830,0x30,sub_10F800,12,0,3,0,unclassified,
0x0010F830,0x0010F864,0x34,sub_10F830,13,1,2,0,unclassified,osd_ui
0x0010F864,0x0010FC00,0x39C,sub_10F864,228,0,10,1,persistent_data|picture_pq,
0x0010FC00,0x0010FD88,0x188,sub_10FC00,95,0,5,1,persistent_data|picture_pq,
0x0010FD88,0x0010FF04,0x17C,sub_10FD88,93,0,4,0,unclassified,persistent_data
0x0010FF04,0x001101A8,0x2A4,sub_10FF04,166,0,4,0,unclassified,persistent_data
0x001101A8,0x0011031C,0x174,sub_1101A8,91,0,4,0,unclassified,persistent_data
0x0011031C,0x00110494,0x178,sub_11031C,92,0,4,0,unclassified,persistent_data
0x00110494,0x001104F4,0x60,sub_110494,23,0,2,0,unclassified,
0x001104F4,0x00110554,0x60,sub_1104F4,23,0,2,0,unclassified,
0x00110554,0x001105B0,0x5C,sub_110554,21,0,2,0,unclassified,
0x001105B0,0x0011060C,0x5C,sub_1105B0,21,0,2,0,unclassified,
0x0011060C,0x00110688,0x7C,sub_11060C,30,0,2,0,unclassified,
0x00110688,0x00110704,0x7C,sub_110688,30,0,2,0,unclassified,
0x00110704,0x00110780,0x7C,sub_110704,30,0,2,0,unclassified,
0x00110780,0x001107FC,0x7C,sub_110780,30,0,2,0,unclassified,
0x001107FC,0x00110848,0x4C,sub_1107FC,18,0,2,0,unclassified,
0x00110848,0x00110898,0x50,sub_110848,19,0,2,0,unclassified,
0x00110898,0x001108E4,0x4C,sub_110898,18,0,2,0,unclassified,
0x00110AE4,0x00110C68,0x184,sub_110AE4,96,0,8,0,unclassified,persistent_data
0x00110C68,0x00110DF4,0x18C,sub_110C68,98,0,7,0,unclassified,persistent_data
0x00110DF4,0x00110F80,0x18C,sub_110DF4,98,0,7,0,unclassified,persistent_data
0x00110F80,0x0011110C,0x18C,sub_110F80,98,0,9,0,unclassified,persistent_data
0x0011110C,0x001112C8,0x1BC,sub_11110C,111,0,9,0,unclassified,persistent_data
0x001112C8,0x00111454,0x18C,sub_1112C8,98,0,9,0,unclassified,persistent_data
0x00111454,0x00111610,0x1BC,sub_111454,111,0,9,0,unclassified,persistent_data
0x00111610,0x00111668,0x58,sub_111610,21,0,2,0,unclassified,
0x00111668,0x001116BC,0x54,sub_111668,20,0,2,0,unclassified,
0x001116BC,0x0011179C,0xE0,sub_1116BC,54,0,4,0,unclassified,persistent_data
0x0011179C,0x00111878,0xDC,sub_11179C,53,0,4,0,unclassified,persistent_data
0x00111878,0x00111958,0xE0,sub_111878,54,0,4,0,unclassified,persistent_data
0x00111958,0x00111A34,0xDC,sub_111958,53,0,4,0,unclassified,persistent_data
0x00111A34,0x00111B14,0xE0,sub_111A34,54,0,4,0,unclassified,persistent_data
0x00111B14,0x00111BF0,0xDC,sub_111B14,53,0,4,0,unclassified,persistent_data
0x00111BF0,0x00111CD0,0xE0,sub_111BF0,54,0,4,0,unclassified,persistent_data
0x00111CD0,0x00111DAC,0xDC,sub_111CD0,53,0,4,0,unclassified,persistent_data
0x00111DAC,0x00111E8C,0xE0,sub_111DAC,54,0,4,0,unclassified,persistent_data
0x00111E8C,0x00111F68,0xDC,sub_111E8C,53,0,4,0,unclassified,persistent_data
0x00111F68,0x0011205C,0xF4,sub_111F68,59,0,4,0,unclassified,persistent_data
0x0011205C,0x0011214C,0xF0,sub_11205C,58,0,4,0,unclassified,persistent_data
0x0011214C,0x0011224C,0x100,sub_11214C,62,0,4,0,unclassified,persistent_data
0x0011224C,0x00112354,0x108,sub_11224C,65,0,4,0,unclassified,persistent_data
0x00112354,0x00112494,0x140,sub_112354,77,0,3,0,unclassified,
0x00112494,0x001124D0,0x3C,sub_112494,14,0,1,0,unclassified,
0x001124D0,0x00112520,0x50,sub_1124D0,20,0,2,0,unclassified,
0x00112520,0x00112570,0x50,sub_112520,20,0,2,0,unclassified,
0x00112570,0x001127A8,0x238,sub_112570,141,0,8,0,unclassified,
0x001127A8,0x0011287C,0xD4,sub_1127A8,52,0,4,0,unclassified,
0x0011287C,0x001128CC,0x50,sub_11287C,20,0,2,0,unclassified,
0x001128CC,0x0011291C,0x50,sub_1128CC,20,0,2,0,unclassified,
0x0011291C,0x00112960,0x44,sub_11291C,16,0,2,0,unclassified,
0x00112960,0x001129A4,0x44,sub_112960,16,0,2,0,unclassified,
0x00112B20,0x00112BD4,0xB4,sub_112B20,45,0,4,0,unclassified,
0x00112BD4,0x00112DB8,0x1E4,sub_112BD4,119,0,4,0,unclassified,
0x00112DB8,0x00112F9C,0x1E4,sub_112DB8,119,0,4,0,unclassified,
0x00112F9C,0x00113178,0x1DC,sub_112F9C,117,0,6,0,unclassified,
0x00113178,0x001131F0,0x78,sub_113178,28,0,2,0,unclassified,
0x001131F0,0x0011325C,0x6C,sub_1131F0,26,0,2,0,unclassified,
0x0011325C,0x001132C8,0x6C,sub_11325C,26,0,2,0,unclassified,
0x001132C8,0x0011334C,0x84,sub_1132C8,32,0,2,0,unclassified,
0x0011334C,0x001133D0,0x84,sub_11334C,32,0,2,0,unclassified,
0x001133D0,0x001134D4,0x104,sub_1133D0,63,0,5,0,unclassified,
0x001134D4,0x0011355C,0x88,sub_1134D4,33,0,3,0,unclassified,
0x0011355C,0x001135E4,0x88,sub_11355C,33,0,3,0,unclassified,
0x001135E4,0x00113608,0x24,sub_1135E4,9,0,1,0,unclassified,
0x00113608,0x0011362C,0x24,sub_113608,9,0,1,0,unclassified,
0x0011362C,0x0011365C,0x30,sub_11362C,12,1,2,0,unclassified,
0x0011365C,0x00113680,0x24,sub_11365C,9,1,1,0,unclassified,
0x00113680,0x001136A4,0x24,sub_113680,9,1,1,0,unclassified,
0x001136A4,0x001136C8,0x24,sub_1136A4,9,1,1,0,unclassified,
0x001136C8,0x001137E4,0x11C,sub_1136C8,71,0,8,0,unclassified,osd_ui
0x001137E4,0x00113808,0x24,sub_1137E4,9,0,1,0,unclassified,
0x00113808,0x0011382C,0x24,sub_113808,9,1,1,0,unclassified,
0x001139BC,0x00113A3C,0x80,sub_1139BC,32,2,3,0,unclassified,persistent_data
0x00113A3C,0x00113A6C,0x30,sub_113A3C,11,4,1,0,unclassified,persistent_data
0x00113A6C,0x00113B94,0x128,sub_113A6C,71,5,5,0,unclassified,persistent_data
0x00113CEC,0x00113DC0,0xD4,sub_113CEC,53,2,3,0,unclassified,persistent_data
0x00113DC0,0x00113E58,0x98,sub_113DC0,38,4,2,0,unclassified,persistent_data
0x00113E58,0x00113F64,0x10C,sub_113E58,67,2,3,0,unclassified,persistent_data
0x00113F64,0x00113F6C,0x8,sub_113F64,2,4,0,0,unclassified,persistent_data
0x00113F6C,0x00114004,0x98,sub_113F6C,38,1,2,0,unclassified,
0x00114004,0x00114064,0x60,sub_114004,23,4,1,0,unclassified,
0x001140D4,0x00114108,0x34,sub_1140D4,12,4,1,0,unclassified,persistent_data
0x00114108,0x0011413C,0x34,sub_114108,12,4,1,0,unclassified,persistent_data
0x0011413C,0x0011420C,0xD0,sub_11413C,48,4,2,0,unclassified,persistent_data
0x0011420C,0x00114260,0x54,sub_11420C,20,6,1,0,unclassified,persistent_data
0x00114260,0x00114290,0x30,sub_114260,11,3,1,0,unclassified,persistent_data
0x00114290,0x0011437C,0xEC,sub_114290,58,3,3,0,unclassified,persistent_data
0x0011437C,0x001143F0,0x74,sub_11437C,29,2,4,0,unclassified,
0x001143F0,0x00114444,0x54,sub_1143F0,21,5,1,0,unclassified,
0x0011445C,0x001144A4,0x48,sub_11445C,18,1,0,0,unclassified,
0x001144A4,0x00114530,0x8C,sub_1144A4,34,3,1,0,unclassified,
0x00114530,0x001146A8,0x178,sub_114530,92,4,6,0,unclassified,persistent_data
0x001146E8,0x0011474C,0x64,sub_1146E8,25,0,3,0,unclassified,
0x0011474C,0x00114788,0x3C,sub_11474C,15,0,2,0,unclassified,
0x00114788,0x001147B0,0x28,sub_114788,10,2,1,0,unclassified,
0x001147B0,0x00114828,0x78,sub_1147B0,29,3,2,0,unclassified,
0x00114828,0x00114848,0x20,sub_114828,8,3,1,0,unclassified,
0x00114848,0x00114868,0x20,sub_114848,8,3,1,0,unclassified,
0x00114868,0x00114888,0x20,sub_114868,8,1,1,0,unclassified,
0x00114888,0x00114904,0x7C,sub_114888,31,4,1,0,unclassified,
0x00114904,0x00114994,0x90,sub_114904,35,3,5,0,unclassified,
0x001149C0,0x001149D0,0x10,sub_1149C0,4,0,1,0,unclassified,
0x00114A00,0x00114B60,0x160,sub_114A00,88,0,6,0,unclassified,
0x00114B60,0x00114CFC,0x19C,sub_114B60,101,5,9,2,unclassified,
0x00114CFC,0x00114D04,0x8,nullsub_38,2,0,0,0,unclassified,
0x00114D14,0x00114DF8,0xE4,sub_114D14,57,1,4,0,unclassified,
0x00114DF8,0x00115BF0,0xDF8,sub_114DF8,886,7,3,0,unclassified,
0x00115BF0,0x00115C30,0x40,sub_115BF0,16,2,3,0,unclassified,
0x00115C30,0x00115C70,0x40,sub_115C30,16,0,3,0,unclassified,
0x00115C70,0x00115CB0,0x40,sub_115C70,16,0,3,0,unclassified,
0x00115CB0,0x00115CF0,0x40,sub_115CB0,16,2,3,0,unclassified,
0x00115CF0,0x00115D30,0x40,sub_115CF0,16,2,3,0,unclassified,
0x00115D30,0x00115E54,0x124,sub_115D30,73,5,5,0,unclassified,
0x00115E54,0x00116344,0x4F0,sub_115E54,314,1,28,0,unclassified,
0x00116344,0x00116398,0x54,sub_116344,21,0,1,0,unclassified,
0x00116398,0x001163F8,0x60,sub_116398,24,0,2,0,unclassified,
0x001163F8,0x00116428,0x30,sub_1163F8,12,0,1,0,unclassified,
0x00116428,0x00116498,0x70,sub_116428,28,1,2,0,unclassified,scaler_panel
0x00116498,0x00116EB4,0xA1C,sub_116498,646,3,9,6,boot_update,
0x00116EB4,0x00116EC0,0xC,sub_116EB4,3,1,0,0,unclassified,
0x00116EC0,0x00116F2C,0x6C,sub_116EC0,27,0,3,0,unclassified,
0x00116F2C,0x00117008,0xDC,sub_116F2C,54,1,3,0,unclassified,
0x00117030,0x00117048,0x18,sub_117030,6,1,1,0,unclassified,
0x00117048,0x00117060,0x18,sub_117048,6,1,1,0,unclassified,
0x001171C0,0x001173C0,0x200,sub_1171C0,127,5,0,0,unclassified,picture_pq
0x001179B0,0x001179C8,0x18,sub_1179B0,6,3,1,0,unclassified,scaler_panel
0x001179C8,0x00117A64,0x9C,sub_1179C8,38,4,3,8,scaler_panel,
0x00117A64,0x00117B00,0x9C,sub_117A64,38,1,3,8,scaler_panel|power,
0x00117B00,0x00117B18,0x18,sub_117B00,6,2,1,0,unclassified,
0x00117B18,0x00117B48,0x30,sub_117B18,12,2,1,0,unclassified,audio
0x00117B48,0x00117C0C,0xC4,sub_117B48,49,8,0,0,unclassified,scaler_panel
0x00117C0C,0x00117CC4,0xB8,sub_117C0C,46,2,7,4,scaler_panel,
0x00117CC4,0x00117CE0,0x1C,sub_117CC4,7,4,0,0,unclassified,input_keys
0x00117CE0,0x00117D08,0x28,sub_117CE0,10,2,0,0,unclassified,power
0x00117D08,0x00117D4C,0x44,sub_117D08,17,4,0,0,unclassified,input_keys
0x00117D4C,0x00117D64,0x18,sub_117D4C,6,2,1,0,unclassified,
0x00117D64,0x00117DE4,0x80,sub_117D64,31,1,2,8,scaler_panel,
0x00117DE4,0x00117E68,0x84,sub_117DE4,32,2,2,8,scaler_panel,
0x00117E68,0x00117E70,0x8,nullsub_23,2,4,0,0,unclassified,
0x00117E70,0x00117E78,0x8,nullsub_24,2,3,0,0,unclassified,
0x00117EC8,0x00117EF0,0x28,sub_117EC8,10,3,0,0,unclassified,boot_update
0x00117EF0,0x00117F18,0x28,sub_117EF0,10,3,0,0,unclassified,boot_update
0x00117F18,0x00117F40,0x28,sub_117F18,10,3,0,0,unclassified,boot_update
0x00117F40,0x00117F68,0x28,sub_117F40,10,3,0,0,unclassified,boot_update
0x00117F8C,0x00118004,0x78,sub_117F8C,30,2,1,0,unclassified,
0x00118004,0x001180E0,0xDC,sub_118004,55,2,1,0,unclassified,
0x001180E8,0x00118148,0x60,sub_1180E8,23,1,1,4,usb_pd,
0x00118148,0x001181CC,0x84,sub_118148,32,2,1,4,usb_pd|power|events_tasks,
0x00118284,0x00118294,0x10,sub_118284,4,1,1,0,unclassified,
0x00118294,0x001182AC,0x18,sub_118294,6,1,1,0,unclassified,
0x001182C8,0x001182E8,0x20,sub_1182C8,8,0,1,0,unclassified,
0x001182E8,0x001183B4,0xCC,sub_1182E8,51,1,10,0,unclassified,osd_ui
0x001183B4,0x001183C4,0x10,sub_1183B4,4,2,0,0,unclassified,osd_ui
0x001183C4,0x001183DC,0x18,sub_1183C4,6,1,1,0,unclassified,osd_ui
0x001183DC,0x001183F4,0x18,sub_1183DC,6,1,1,0,unclassified,osd_ui
0x001183F4,0x0011840C,0x18,sub_1183F4,6,1,1,0,unclassified,osd_ui
0x0011840C,0x00118418,0xC,sub_11840C,3,1,0,0,unclassified,
0x00118418,0x0011845C,0x44,sub_118418,17,1,2,0,unclassified,osd_ui
0x0011845C,0x00118468,0xC,sub_11845C,3,1,0,0,unclassified,
0x00118468,0x00118488,0x20,sub_118468,7,1,0,0,unclassified,
0x00118488,0x001184A8,0x20,sub_118488,7,1,1,0,unclassified,
0x001184A8,0x00118594,0xEC,sub_1184A8,59,2,0,0,unclassified,osd_ui
0x00118594,0x00118680,0xEC,sub_118594,59,1,0,0,unclassified,
0x00118680,0x00118770,0xF0,sub_118680,60,1,0,0,unclassified,
0x00118770,0x00118860,0xF0,sub_118770,60,1,0,0,unclassified,
0x00118860,0x001188FC,0x9C,sub_118860,39,6,1,0,unclassified,osd_ui
0x00118918,0x00118994,0x7C,sub_118918,30,3,6,0,unclassified,osd_ui
0x00118994,0x001189D4,0x40,sub_118994,16,4,2,0,unclassified,osd_ui
0x001189D4,0x00118A90,0xBC,sub_1189D4,46,1,8,0,unclassified,osd_ui
0x00118A90,0x00118AB4,0x24,sub_118A90,9,3,1,0,unclassified,osd_ui
0x0011903C,0x001190C0,0x84,sub_11903C,33,2,0,0,unclassified,osd_ui
0x00119400,0x001194B8,0xB8,sub_119400,46,4,1,0,unclassified,osd_ui
0x001194B8,0x00119558,0xA0,sub_1194B8,40,2,0,0,unclassified,osd_ui
0x00119560,0x001195F4,0x94,sub_119560,37,1,2,0,unclassified,osd_ui
0x001195F4,0x0011977C,0x188,sub_1195F4,98,2,2,0,unclassified,osd_ui
0x0011977C,0x00119858,0xDC,sub_11977C,55,3,2,0,unclassified,osd_ui
0x00119A58,0x00119B40,0xE8,sub_119A58,58,2,1,0,unclassified,osd_ui
0x00119C30,0x00119C84,0x54,sub_119C30,18,3,1,0,unclassified,osd_ui
0x00119C84,0x00119E74,0x1F0,sub_119C84,124,1,2,0,unclassified,osd_ui
0x00119E74,0x0011A0AC,0x238,sub_119E74,142,1,1,0,unclassified,osd_ui
0x0011A0AC,0x0011A264,0x1B8,sub_11A0AC,110,1,1,0,unclassified,osd_ui
0x0011A264,0x0011A4A4,0x240,sub_11A264,144,1,1,0,unclassified,osd_ui
0x0011A4A4,0x0011A4BC,0x18,sub_11A4A4,6,1,1,0,unclassified,
0x0011A4BC,0x0011A63C,0x180,sub_11A4BC,96,5,6,0,unclassified,osd_ui
0x0011A644,0x0011A744,0x100,sub_11A644,63,1,4,0,unclassified,osd_ui
0x0011A8A8,0x0011A99C,0xF4,sub_11A8A8,61,0,0,0,unclassified,
0x0011AA18,0x0011AB30,0x118,sub_11AA18,70,0,0,0,unclassified,
0x0011AB30,0x0011AF28,0x3F8,sub_11AB30,252,1,0,0,unclassified,
0x0011AF70,0x0011B01C,0xAC,sub_11AF70,42,0,0,0,unclassified,
0x0011B01C,0x0011B414,0x3F8,sub_11B01C,253,1,0,0,unclassified,
0x0011B41C,0x0011B484,0x68,sub_11B41C,26,0,0,0,unclassified,
0x0011B484,0x0011B5F8,0x174,sub_11B484,93,1,0,0,unclassified,
0x0011B5F8,0x0011B694,0x9C,sub_11B5F8,39,0,0,0,unclassified,
0x0011B694,0x0011BA10,0x37C,sub_11B694,222,1,0,0,unclassified,
0x0011BA10,0x0011BCF0,0x2E0,sub_11BA10,182,1,0,0,unclassified,
0x0011BCF0,0x0011BDD0,0xE0,sub_11BCF0,55,0,0,0,unclassified,
0x0011BDD0,0x0011D348,0x1578,sub_11BDD0,1366,2,6,2,unclassified,
0x0011D348,0x0011D3DC,0x94,sub_11D348,37,0,2,0,unclassified,
0x0011D3DC,0x0011D494,0xB8,sub_11D3DC,46,0,0,0,unclassified,
0x0011D494,0x0011D580,0xEC,sub_11D494,59,1,2,0,unclassified,osd_ui
0x0011D580,0x0011D78C,0x20C,sub_11D580,131,1,3,2,osd_ui,
0x0011D78C,0x0011D854,0xC8,sub_11D78C,50,1,4,0,unclassified,
0x0011D8C4,0x0011D984,0xC0,sub_11D8C4,48,1,4,4,video_link|scaler_panel|audio,
0x0011D984,0x0011D98C,0x8,nullsub_49,2,1,0,0,unclassified,
0x0011D98C,0x0011D9A0,0x14,sub_11D98C,5,2,1,0,unclassified,
0x0011D9A0,0x0011D9A8,0x8,nullsub_48,2,3,0,0,unclassified,
0x0011D9A8,0x0011D9B0,0x8,nullsub_50,2,2,0,0,unclassified,
0x0011D9B0,0x0011D9B8,0x8,sub_11D9B0,2,21,0,0,unclassified,boot_update
0x0011D9B8,0x0011D9E8,0x30,sub_11D9B8,12,3,2,0,unclassified,
0x0011DBEC,0x0011DC60,0x74,sub_11DBEC,29,4,4,0,unclassified,boot_update
0x0011DC60,0x0011DCB0,0x50,sub_11DC60,20,2,2,0,unclassified,scaler_panel
0x0011DCB0,0x0011DD50,0xA0,sub_11DCB0,39,2,3,0,unclassified,boot_update
0x0011DD50,0x0011DDA4,0x54,sub_11DD50,21,2,2,0,unclassified,power
0x0011DDA4,0x0011DE08,0x64,sub_11DDA4,25,5,3,2,unclassified,boot_update
0x0011DE08,0x0011DED8,0xD0,sub_11DE08,51,3,0,0,unclassified,boot_update
0x0011DED8,0x0011DF3C,0x64,sub_11DED8,25,2,3,0,unclassified,scaler_panel
0x0011DF3C,0x0011DF90,0x54,sub_11DF3C,21,1,2,0,unclassified,
0x0011DF90,0x0011DFE4,0x54,sub_11DF90,21,1,2,0,unclassified,
0x0011DFE4,0x0011E038,0x54,sub_11DFE4,21,1,2,0,unclassified,
0x0011E038,0x0011E0A8,0x70,sub_11E038,28,2,3,0,unclassified,video_link
0x0011E0A8,0x0011E11C,0x74,sub_11E0A8,29,2,3,0,unclassified,video_link
0x0011E11C,0x0011E20C,0xF0,sub_11E11C,60,1,4,0,unclassified,
0x0011E20C,0x0011E2A8,0x9C,sub_11E20C,39,1,3,0,unclassified,
0x0011E2A8,0x0011E320,0x78,sub_11E2A8,30,1,1,4,boot_update|scaler_panel|events_tasks,
0x0011E320,0x0011E3A4,0x84,sub_11E320,33,1,1,4,boot_update|scaler_panel|events_tasks,
0x0011E3A4,0x0011E428,0x84,sub_11E3A4,33,0,1,4,boot_update|scaler_panel|events_tasks,
0x0011E428,0x0011E4AC,0x84,sub_11E428,33,0,1,4,boot_update|scaler_panel|events_tasks,
0x0011E4AC,0x0011E530,0x84,sub_11E4AC,33,1,1,4,boot_update|scaler_panel|events_tasks,
0x0011E530,0x0011E5B4,0x84,sub_11E530,33,1,1,4,boot_update|scaler_panel|events_tasks,
0x0011E5B4,0x0011E808,0x254,sub_11E5B4,145,1,5,0,unclassified,boot_update
0x0011E808,0x0011E93C,0x134,sub_11E808,76,2,7,0,unclassified,boot_update
0x0011E93C,0x0011EA70,0x134,sub_11E93C,74,0,4,0,unclassified,
0x0011EA70,0x0011EA78,0x8,nullsub_15,2,1,0,0,unclassified,
0x0011EA78,0x0011EA90,0x18,sub_11EA78,6,0,1,0,unclassified,
0x0011EA90,0x0011EAA8,0x18,sub_11EA90,6,2,1,0,unclassified,scaler_panel
0x0011EAA8,0x0011EAC0,0x18,sub_11EAA8,6,4,1,0,unclassified,scaler_panel
0x0011EAC0,0x0011EAE8,0x28,sub_11EAC0,10,1,0,0,unclassified,
0x0011EAE8,0x0011EB00,0x18,sub_11EAE8,6,1,1,0,unclassified,
0x0011EB00,0x0011EB44,0x44,sub_11EB00,17,1,1,0,unclassified,
0x0011EB44,0x0011EBCC,0x88,sub_11EB44,34,0,1,4,video_link|diagnostics,
0x0011EBCC,0x0011ED60,0x194,sub_11EBCC,101,3,7,4,scaler_panel|diagnostics,
0x0011ED60,0x0011EDFC,0x9C,sub_11ED60,39,3,1,4,video_link|scaler_panel|diagnostics,
0x0011EDFC,0x0011EF80,0x184,sub_11EDFC,96,3,6,3,video_link|diagnostics,
0x0011EF80,0x0011F06C,0xEC,sub_11EF80,58,0,1,3,video_link|diagnostics,
0x0011F06C,0x0011F14C,0xE0,sub_11F06C,55,0,1,3,video_link|diagnostics,
0x0011F1A4,0x0011F43C,0x298,sub_11F1A4,165,3,2,7,video_link|scaler_panel|diagnostics,
0x0011F43C,0x0011F778,0x33C,sub_11F43C,204,4,6,15,video_link|scaler_panel|diagnostics,
0x0011F778,0x0011F780,0x8,nullsub_25,2,2,0,0,unclassified,video_link
0x0011F7B4,0x0011F860,0xAC,sub_11F7B4,42,2,7,0,unclassified,power
0x0011F860,0x0011F868,0x8,nullsub_16,2,1,0,0,unclassified,
0x0011F868,0x0011F948,0xE0,sub_11F868,55,3,12,0,unclassified,power
0x0011F948,0x0011F964,0x1C,sub_11F948,7,1,1,0,unclassified,
0x0011F964,0x0011F96C,0x8,sub_11F964,2,1,0,0,unclassified,
0x0011F96C,0x0011F9B0,0x44,sub_11F96C,17,0,2,0,unclassified,
0x0011F9B0,0x001205BC,0xC0C,sub_11F9B0,765,3,39,0,unclassified,power
0x001205BC,0x001205C4,0x8,nullsub_26,2,1,0,0,unclassified,
0x001205E8,0x00120610,0x28,sub_1205E8,9,0,1,0,unclassified,
0x0012061C,0x00120688,0x6C,sub_12061C,27,8,1,0,unclassified,
0x00120688,0x00120690,0x8,sub_120688,2,3,0,0,unclassified,
0x00120690,0x0012069C,0xC,sub_120690,3,3,0,0,unclassified,
0x0012069C,0x001206B4,0x18,sub_12069C,6,2,0,0,unclassified,
0x001206B4,0x001206C0,0xC,sub_1206B4,3,1,0,0,unclassified,
0x001206C0,0x001206CC,0xC,sub_1206C0,3,3,0,0,unclassified,
0x001206CC,0x001206E4,0x18,sub_1206CC,6,1,1,0,unclassified,
0x001206E4,0x001206EC,0x8,sub_1206E4,2,4,0,0,unclassified,
0x001206F4,0x00120790,0x9C,sub_1206F4,38,0,1,0,unclassified,
0x00120790,0x00120878,0xE8,sub_120790,54,1,3,0,unclassified,
0x00120878,0x0012089C,0x24,sub_120878,9,1,1,0,unclassified,
0x0012089C,0x00120934,0x98,sub_12089C,38,4,3,0,unclassified,usb_pd
0x00120934,0x00120948,0x14,sub_120934,5,1,0,0,unclassified,
0x00120948,0x00120964,0x1C,sub_120948,7,2,2,0,unclassified,
0x00120B40,0x00120B8C,0x4C,sub_120B40,19,1,3,0,unclassified,
0x00120B8C,0x00120B94,0x8,sub_120B8C,2,1,0,0,unclassified,
0x00120B9C,0x00120BC0,0x24,sub_120B9C,9,0,1,0,unclassified,
0x00120BC0,0x00121050,0x490,sub_120BC0,291,5,16,4,picture_pq|scaler_panel,
0x00121050,0x001210B4,0x64,sub_121050,25,1,2,0,unclassified,
0x001210B4,0x00121288,0x1D4,sub_1210B4,116,2,8,0,unclassified,video_link
0x00121288,0x001212DC,0x54,sub_121288,21,1,2,0,unclassified,
0x001212DC,0x00121328,0x4C,sub_1212DC,19,2,3,0,unclassified,
0x00121328,0x001214E4,0x1BC,sub_121328,109,2,4,8,picture_pq|scaler_panel,
0x001214E4,0x001214EC,0x8,nullsub_21,2,7,0,0,unclassified,picture_pq
0x001214EC,0x001214F4,0x8,nullsub_39,2,1,0,0,unclassified,
0x001214F4,0x00121578,0x84,sub_1214F4,33,6,6,0,unclassified,picture_pq
0x00121578,0x00121600,0x88,sub_121578,34,7,4,0,unclassified,picture_pq
0x00121600,0x0012167C,0x7C,sub_121600,31,7,4,0,unclassified,picture_pq
0x0012167C,0x00121690,0x14,sub_12167C,5,0,1,0,unclassified,
0x00121690,0x001216A8,0x18,sub_121690,6,1,1,0,unclassified,
0x001216A8,0x001216BC,0x14,sub_1216A8,5,2,1,0,unclassified,
0x001216BC,0x001216E0,0x24,sub_1216BC,9,2,1,0,unclassified,
0x001216E0,0x001216FC,0x1C,sub_1216E0,7,2,1,0,unclassified,picture_pq
0x00121704,0x00121768,0x64,sub_121704,24,1,4,0,unclassified,picture_pq
0x00121768,0x001217CC,0x64,sub_121768,24,1,4,0,unclassified,picture_pq
0x001217CC,0x001217DC,0x10,sub_1217CC,4,3,1,0,unclassified,factory_service
0x001217DC,0x001217FC,0x20,sub_1217DC,8,2,2,0,unclassified,
0x0012180C,0x00121894,0x88,sub_12180C,33,0,2,0,unclassified,
0x00121894,0x001218A8,0x14,sub_121894,5,1,1,0,unclassified,
0x001218A8,0x00121BD0,0x328,sub_1218A8,202,1,13,22,picture_pq|scaler_panel,
0x00121BD0,0x00121BD8,0x8,nullsub_17,2,1,0,0,unclassified,
0x00121BD8,0x00121CAC,0xD4,sub_121BD8,53,2,10,0,unclassified,picture_pq
0x00121CAC,0x00121CE4,0x38,sub_121CAC,12,1,1,0,unclassified,
0x00121CE4,0x00121D14,0x30,sub_121CE4,11,1,0,0,unclassified,
0x00121D14,0x00121D3C,0x28,sub_121D14,9,1,1,0,unclassified,
0x00121D3C,0x00121D48,0xC,sub_121D3C,3,0,0,0,unclassified,
0x00121D48,0x00121D84,0x3C,sub_121D48,15,0,2,0,unclassified,
0x00121D84,0x00121DA4,0x20,sub_121D84,8,1,1,0,unclassified,
0x00121DA4,0x00121DDC,0x38,sub_121DA4,14,1,2,0,unclassified,
0x00121DDC,0x00121DE4,0x8,sub_121DDC,2,1,0,0,unclassified,
0x00121DE4,0x00121DEC,0x8,sub_121DE4,2,1,0,0,unclassified,
0x00121DEC,0x00121EFC,0x110,sub_121DEC,68,1,5,0,unclassified,picture_pq
0x00121EFC,0x00121F04,0x8,nullsub_59,2,0,0,0,unclassified,
0x00121F04,0x00121F0C,0x8,nullsub_54,2,1,0,0,unclassified,
0x00121F0C,0x00121F14,0x8,nullsub_58,2,0,0,0,unclassified,
0x00121F14,0x00121F1C,0x8,nullsub_55,2,1,0,0,unclassified,
0x00121F1C,0x00121F24,0x8,nullsub_56,2,1,0,0,unclassified,
0x00121F24,0x00121F2C,0x8,nullsub_57,2,1,0,0,unclassified,
0x00121F3C,0x00121F7C,0x40,sub_121F3C,16,3,3,0,unclassified,picture_pq
0x00121F7C,0x00121F8C,0x10,sub_121F7C,4,1,1,0,unclassified,
0x00121F8C,0x00121F94,0x8,nullsub_27,2,1,0,0,unclassified,
0x00121F94,0x00121F9C,0x8,nullsub_52,2,1,0,0,unclassified,
0x00121F9C,0x00122008,0x6C,sub_121F9C,27,1,6,0,unclassified,picture_pq
0x00122008,0x00122010,0x8,nullsub_53,2,1,0,0,unclassified,
0x00122010,0x0012208C,0x7C,sub_122010,31,1,5,2,unclassified,
0x0012208C,0x00122094,0x8,nullsub_28,2,1,0,0,unclassified,
0x00122094,0x001220C0,0x2C,sub_122094,11,0,1,0,unclassified,
0x001220C0,0x001220EC,0x2C,sub_1220C0,11,0,1,0,unclassified,
0x001220EC,0x00122118,0x2C,sub_1220EC,11,0,1,0,unclassified,
0x00122118,0x00122120,0x8,nullsub_29,2,3,0,0,unclassified,picture_pq
0x00122128,0x001221E4,0xBC,sub_122128,47,3,3,0,unclassified,video_link
0x001221E4,0x001221F8,0x14,sub_1221E4,5,4,1,0,unclassified,persistent_data
0x001221F8,0x00122218,0x20,sub_1221F8,8,4,3,0,unclassified,audio
0x00122218,0x001222AC,0x94,sub_122218,36,3,4,0,unclassified,audio
0x001226CC,0x00122710,0x44,sub_1226CC,17,26,0,0,unclassified,
0x001227F4,0x0012283C,0x48,sub_1227F4,18,2,0,0,unclassified,
0x001229F8,0x00122B74,0x17C,sub_1229F8,93,3,3,11,video_link|scaler_panel,
0x00122B74,0x00122C60,0xEC,sub_122B74,59,1,1,8,boot_update|scaler_panel|events_tasks,
0x00122C60,0x00122CE8,0x88,sub_122C60,34,1,1,4,boot_update|scaler_panel|events_tasks,
0x00122CE8,0x00122D70,0x88,sub_122CE8,34,1,1,4,boot_update|scaler_panel|events_tasks,
0x00122D70,0x00122DF8,0x88,sub_122D70,34,1,1,4,boot_update|scaler_panel|events_tasks,
0x00122DF8,0x00122E80,0x88,sub_122DF8,34,1,1,4,boot_update|scaler_panel|events_tasks,
0x00122E80,0x00122F08,0x88,sub_122E80,34,1,1,4,boot_update|video_link|scaler_panel|events_tasks,
0x00122F08,0x00123010,0x108,sub_122F08,65,4,5,7,video_link|scaler_panel,
0x00123010,0x00123118,0x108,sub_123010,65,1,5,7,video_link|scaler_panel,
0x00123118,0x0012319C,0x84,sub_123118,33,2,2,0,unclassified,
0x0012319C,0x001232D4,0x138,sub_12319C,77,2,5,7,video_link|scaler_panel,
0x001232D4,0x0012336C,0x98,sub_1232D4,37,2,1,0,unclassified,
0x0012336C,0x00123440,0xD4,sub_12336C,53,1,1,10,video_link|scaler_panel,
0x00123440,0x0012345C,0x1C,sub_123440,7,1,1,0,unclassified,
0x0012345C,0x0012355C,0x100,sub_12345C,63,7,4,7,video_link|scaler_panel,
0x0012355C,0x00123620,0xC4,sub_12355C,49,3,2,0,unclassified,
0x00123620,0x0012379C,0x17C,sub_123620,94,1,3,12,boot_update|scaler_panel|events_tasks,
0x0012379C,0x001237E4,0x48,sub_12379C,18,2,0,0,unclassified,scaler_panel
0x001237E4,0x00123838,0x54,sub_1237E4,21,11,1,0,unclassified,picture_pq
0x00123838,0x0012388C,0x54,sub_123838,21,15,1,0,unclassified,picture_pq
0x0012388C,0x001238E8,0x5C,sub_12388C,23,0,1,0,unclassified,
0x001238E8,0x001239A0,0xB8,sub_1238E8,45,0,2,0,unclassified,
0x001239A0,0x00123A70,0xD0,sub_1239A0,52,9,2,0,unclassified,boot_update
0x00123A70,0x00123AC4,0x54,sub_123A70,21,1,1,0,unclassified,
0x00123AC4,0x00123BD8,0x114,sub_123AC4,68,0,5,7,video_link|scaler_panel,
0x00123C68,0x00123DF4,0x18C,sub_123C68,99,2,6,0,unclassified,video_link
0x00123DF4,0x00123E14,0x20,sub_123DF4,8,1,1,0,unclassified,
0x00123E14,0x00123E68,0x54,sub_123E14,21,0,1,0,unclassified,
0x00123EAC,0x00123EC4,0x18,sub_123EAC,6,7,0,0,unclassified,
0x00123EC4,0x00123EF0,0x2C,sub_123EC4,11,1,2,0,unclassified,boot_update
0x00123EF0,0x0012416C,0x27C,sub_123EF0,159,2,14,0,unclassified,boot_update
0x0012416C,0x00124184,0x18,sub_12416C,6,3,1,0,unclassified,
0x00124184,0x001241E8,0x64,sub_124184,25,1,1,4,video_link|scaler_panel|power,
0x001241E8,0x0012424C,0x64,sub_1241E8,25,2,1,4,scaler_panel|power,
0x0012424C,0x001242B0,0x64,sub_12424C,25,2,1,4,scaler_panel|power,
0x001242B0,0x00124314,0x64,sub_1242B0,25,1,1,4,video_link|scaler_panel|power,
0x00124314,0x00124334,0x20,sub_124314,8,1,0,0,unclassified,
0x00124334,0x0012433C,0x8,nullsub_18,2,2,0,0,unclassified,power
0x0012433C,0x00124344,0x8,sub_12433C,2,1,0,0,unclassified,
0x00124344,0x001244D8,0x194,sub_124344,12,2,0,0,unclassified,
0x001244D8,0x00124524,0x4C,sub_1244D8,19,1,1,0,unclassified,
0x00124524,0x00124574,0x50,sub_124524,20,0,1,0,unclassified,
0x00124600,0x001247A0,0x1A0,sub_124600,102,1,7,0,unclassified,boot_update
0x001247A0,0x001247BC,0x1C,sub_1247A0,7,1,1,0,unclassified,
0x001247BC,0x001247D4,0x18,sub_1247BC,6,1,1,0,unclassified,
0x001247D4,0x00124804,0x30,sub_1247D4,12,2,1,0,unclassified,boot_update
0x00124804,0x001248BC,0xB8,sub_124804,46,1,4,4,scaler_panel|usb_pd,
0x001248BC,0x001248F0,0x34,sub_1248BC,13,3,2,2,scaler_panel,
0x001248F0,0x00124924,0x34,sub_1248F0,13,2,2,2,scaler_panel,
0x00124924,0x001249DC,0xB8,sub_124924,46,2,2,0,unclassified,
0x00124A20,0x00124BA0,0x180,sub_124A20,96,9,3,4,persistent_data,
0x00124BA0,0x00124BC8,0x28,sub_124BA0,10,2,1,0,unclassified,persistent_data
0x00124BC8,0x00124D40,0x178,sub_124BC8,88,3,2,15,factory_service|persistent_data,
0x00124D40,0x00124DC4,0x84,sub_124D40,30,1,1,0,unclassified,persistent_data
0x00124DC4,0x00124DF8,0x34,sub_124DC4,11,1,1,0,unclassified,persistent_data
0x00124DF8,0x00124E7C,0x84,sub_124DF8,30,1,1,0,unclassified,persistent_data
0x00124E7C,0x00124F34,0xB8,sub_124E7C,41,2,2,0,unclassified,persistent_data
0x00124F34,0x0012500C,0xD8,sub_124F34,51,2,2,10,persistent_data|picture_pq,
0x0012500C,0x00125090,0x84,sub_12500C,30,0,1,0,unclassified,
0x00125090,0x001250C4,0x34,sub_125090,11,0,1,0,unclassified,
0x001250C4,0x00125148,0x84,sub_1250C4,30,1,1,0,unclassified,persistent_data
0x00125148,0x0012517C,0x34,sub_125148,11,3,1,0,unclassified,persistent_data
0x0012517C,0x001251DC,0x60,sub_12517C,23,4,0,0,unclassified,persistent_data
0x001251DC,0x001251E4,0x8,sub_1251DC,2,2,0,0,unclassified,
0x001251E4,0x001253EC,0x208,sub_1251E4,128,1,2,0,unclassified,
0x001253EC,0x00125514,0x128,sub_1253EC,64,1,1,12,factory_service|video_link|picture_pq|scaler_panel,
0x00125514,0x0012551C,0x8,sub_125514,2,2,0,0,unclassified,
0x0012551C,0x0012555C,0x40,sub_12551C,16,0,1,0,unclassified,
0x0012555C,0x00125590,0x34,sub_12555C,12,0,1,0,unclassified,
0x00125590,0x001255BC,0x2C,sub_125590,11,2,0,0,unclassified,
0x001255BC,0x00125600,0x44,sub_1255BC,17,1,0,0,unclassified,
0x00125600,0x0012579C,0x19C,sub_125600,103,1,1,0,unclassified,
0x0012579C,0x00125B18,0x37C,sub_12579C,220,0,7,5,unclassified,
0x00125B18,0x00125C9C,0x184,sub_125B18,97,0,4,0,unclassified,power
0x00125C9C,0x00125D04,0x68,sub_125C9C,26,0,2,2,diagnostics,
0x00125D04,0x00125E08,0x104,sub_125D04,65,0,2,0,unclassified,
0x00125E08,0x00125E80,0x78,sub_125E08,30,0,3,4,unclassified,
0x00125EB4,0x00125EC8,0x14,sub_125EB4,5,20,0,0,unclassified,
0x00125EC8,0x00125F50,0x88,sub_125EC8,34,0,2,2,unclassified,
0x00125F68,0x00126090,0x128,sub_125F68,74,0,13,0,unclassified,
0x001260DC,0x001260E4,0x8,nullsub_40,2,0,0,0,unclassified,
0x00126134,0x0012627C,0x148,sub_126134,73,1,0,0,unclassified,
0x00126314,0x00126410,0xFC,sub_126314,50,3,0,0,unclassified,
0x001265E8,0x00126754,0x16C,sub_1265E8,88,1,0,0,unclassified,
0x00126754,0x001268B8,0x164,sub_126754,74,1,0,0,unclassified,
0x00126A2C,0x00126C74,0x248,sub_126A2C,142,3,0,0,unclassified,
0x00126C74,0x00126D2C,0xB8,sub_126C74,46,0,0,0,unclassified,
0x00126DA8,0x00126DF0,0x48,sub_126DA8,18,0,0,0,unclassified,
0x00126E8C,0x00126ED8,0x4C,sub_126E8C,17,1,0,0,unclassified,
0x00127040,0x001270CC,0x8C,sub_127040,30,1,0,0,unclassified,
0x001270CC,0x001270E4,0x18,sub_1270CC,5,1,0,0,unclassified,
0x001270E4,0x00127110,0x2C,sub_1270E4,10,11,0,0,unclassified,usb_pd
0x00127110,0x0012727C,0x16C,sub_127110,75,1,0,0,unclassified,
0x0012746C,0x00127478,0xC,sub_12746C,3,29,0,0,unclassified,
0x00127478,0x00127490,0x18,sub_127478,6,27,0,0,unclassified,
0x00127588,0x001275D4,0x4C,sub_127588,18,1,0,0,unclassified,
0x001275D4,0x00127624,0x50,sub_1275D4,19,2,0,0,unclassified,
0x00127624,0x001276E0,0xBC,sub_127624,47,5,0,0,unclassified,
0x001276E0,0x00127758,0x78,sub_1276E0,30,3,0,2,power,
0x001277D8,0x00127854,0x7C,sub_1277D8,31,1,0,2,power,
0x00127854,0x00127970,0x11C,sub_127854,71,493,2,0,unclassified,
0x00127C1C,0x00127CD4,0xB8,sub_127C1C,41,1,0,0,unclassified,
0x00127CE8,0x00127CF0,0x8,nullsub_45,2,1,0,0,unclassified,
0x00128E7C,0x00128FE8,0x16C,sub_128E7C,91,1,2,0,unclassified,
0x00128FE8,0x001295A0,0x5B8,sub_128FE8,360,1,4,12,diagnostics,
0x001295A0,0x001297A0,0x200,sub_1295A0,128,1,7,0,unclassified,
0x001297F0,0x0012984C,0x5C,sub_1297F0,23,1,0,0,unclassified,
0x0012984C,0x00129858,0xC,sub_12984C,3,2,0,0,unclassified,
0x00129858,0x00129874,0x1C,sub_129858,7,3,0,0,unclassified,
0x001298B4,0x00129AE0,0x22C,sub_1298B4,128,2,0,0,unclassified,
0x00129B50,0x00129B88,0x38,sub_129B50,13,2,0,0,unclassified,
0x00129B88,0x00129D64,0x1DC,sub_129B88,118,2,0,0,unclassified,
0x00129D64,0x00129E54,0xF0,sub_129D64,56,1,2,1,picture_pq|scaler_panel,
0x00129E54,0x0012A074,0x220,sub_129E54,133,1,1,2,boot_update,
0x0012A074,0x0012A170,0xFC,sub_12A074,62,2,2,2,unclassified,
0x0012A1E8,0x0012A268,0x80,sub_12A1E8,31,1,0,0,unclassified,
0x0012A2C8,0x0012A340,0x78,sub_12A2C8,27,1,0,0,unclassified,
0x0012A340,0x0012A390,0x50,sub_12A340,19,1,0,0,unclassified,
0x0012A390,0x0012A3B8,0x28,sub_12A390,9,0,0,0,unclassified,
0x0012A3B8,0x0012A3E8,0x30,sub_12A3B8,12,0,0,0,unclassified,
0x0012A410,0x0012A448,0x38,sub_12A410,13,0,0,0,unclassified,
0x0012A734,0x0012A7F8,0xC4,sub_12A734,49,1,1,2,boot_update,
0x0012A810,0x0012A82C,0x1C,sub_12A810,7,2,0,0,unclassified,picture_pq
0x0012A82C,0x0012A884,0x58,sub_12A82C,21,2,0,0,unclassified,picture_pq
0x0012A970,0x0012AA48,0xD8,sub_12A970,54,0,1,2,unclassified,
0x0012AAC8,0x0012AB80,0xB8,sub_12AAC8,45,6,1,0,unclassified,
0x0012AB80,0x0012AC70,0xF0,sub_12AB80,60,1,1,0,unclassified,
0x0012AC70,0x0012AD30,0xC0,sub_12AC70,48,1,1,0,unclassified,
0x0012B048,0x0012B1F8,0x1B0,sub_12B048,105,0,4,0,unclassified,
0x0012B230,0x0012B57C,0x34C,sub_12B230,202,0,1,0,unclassified,
0x0012B58C,0x0012B8B8,0x32C,sub_12B58C,195,1,1,0,unclassified,
0x0012B8B8,0x0012BF84,0x6CC,sub_12B8B8,433,0,1,0,unclassified,
0x0012BF84,0x0012BFBC,0x38,sub_12BF84,13,1,0,0,unclassified,
0x0012C0A8,0x0012C184,0xDC,sub_12C0A8,55,0,0,0,unclassified,
0x0012C184,0x0012C2F4,0x170,sub_12C184,92,0,0,0,unclassified,
0x0012C35C,0x0012C4A0,0x144,sub_12C35C,81,0,0,0,unclassified,
0x0012C4A0,0x0012C4E8,0x48,sub_12C4A0,18,1,0,0,unclassified,
0x0012C57C,0x0012C6E4,0x168,sub_12C57C,90,0,0,0,unclassified,
0x0012C6E4,0x0012C7B4,0xD0,sub_12C6E4,51,0,0,0,unclassified,
0x0012C828,0x0012C8A0,0x78,sub_12C828,30,0,0,0,unclassified,
0x0012C8A0,0x0012C8E4,0x44,sub_12C8A0,17,22,0,0,unclassified,
0x0012C8E4,0x0012C96C,0x88,sub_12C8E4,34,16,0,0,unclassified,
0x0012C96C,0x0012CAF4,0x188,sub_12C96C,97,13,0,0,unclassified,
0x0012CAF4,0x0012CB58,0x64,sub_12CAF4,24,9,0,0,unclassified,
0x0012CB58,0x0012CC1C,0xC4,sub_12CB58,49,8,0,0,unclassified,
0x0012CC1C,0x0012CC60,0x44,sub_12CC1C,17,2,0,0,unclassified,
0x0012CC60,0x0012CCE8,0x88,sub_12CC60,34,1,0,0,unclassified,
0x0012CCE8,0x0012CDAC,0xC4,sub_12CCE8,49,0,0,0,unclassified,
0x0012CDAC,0x0012CDF0,0x44,sub_12CDAC,17,13,0,0,unclassified,
0x0012CDF0,0x0012CE78,0x88,sub_12CDF0,34,8,0,0,unclassified,
0x0012CE78,0x0012D000,0x188,sub_12CE78,97,3,0,0,unclassified,
0x0012D000,0x0012D064,0x64,sub_12D000,24,4,0,0,unclassified,
0x0012D064,0x0012D0A8,0x44,sub_12D064,17,12,0,0,unclassified,
0x0012D0A8,0x0012D13C,0x94,sub_12D0A8,37,20,0,0,unclassified,scaler_panel
0x0012D13C,0x0012D298,0x15C,sub_12D13C,87,6,0,0,unclassified,
0x0012D298,0x0012D408,0x170,sub_12D298,91,11,0,0,unclassified,
0x0012D408,0x0012D518,0x110,sub_12D408,64,23,0,0,unclassified,power
0x0012D518,0x0012D76C,0x254,sub_12D518,147,2,0,0,unclassified,
0x0012D7E4,0x0012D958,0x174,sub_12D7E4,93,1,0,0,unclassified,
0x0012D958,0x0012D99C,0x44,sub_12D958,17,2,0,0,unclassified,
0x0012D99C,0x0012DA30,0x94,sub_12D99C,37,2,0,0,unclassified,
0x0012DA30,0x0012DA54,0x24,sub_12DA30,9,3,0,0,unclassified,
0x0012DA54,0x0012DB34,0xE0,sub_12DA54,53,5,0,0,unclassified,
0x0012DB34,0x0012DC14,0xE0,sub_12DB34,53,1,0,0,unclassified,
0x0012DC14,0x0012DC28,0x14,sub_12DC14,5,6,0,0,unclassified,
0x0012DC28,0x0012DC44,0x1C,sub_12DC28,7,8,0,0,unclassified,
0x0012DC44,0x0012DC64,0x20,sub_12DC44,8,1,0,0,unclassified,
0x0012DC8C,0x0012DCD0,0x44,sub_12DC8C,17,1,0,0,unclassified,
0x0012DCD0,0x0012DD00,0x30,sub_12DCD0,12,1,0,0,unclassified,
0x0012DF04,0x0012DF98,0x94,sub_12DF04,37,1,2,0,unclassified,
0x0012DF98,0x0012DFB4,0x1C,sub_12DF98,7,1,1,0,unclassified,
0x0012DFB4,0x0012DFD0,0x1C,sub_12DFB4,7,1,1,0,unclassified,
0x0012DFD0,0x0012DFEC,0x1C,sub_12DFD0,7,1,1,0,unclassified,
0x0012DFEC,0x0012E038,0x4C,sub_12DFEC,19,17,0,0,unclassified,
0x0012E06C,0x0012E138,0xCC,sub_12E06C,50,2,0,0,unclassified,
0x0012E138,0x0012E208,0xD0,sub_12E138,51,2,0,0,unclassified,
0x0012E400,0x0012E464,0x64,sub_12E400,25,3,0,0,unclassified,
0x0012E464,0x0012E4CC,0x68,sub_12E464,26,1,2,0,unclassified,
0x0012E4CC,0x0012E574,0xA8,sub_12E4CC,41,4,0,0,unclassified,
0x0012E574,0x0012E66C,0xF8,sub_12E574,58,0,0,0,unclassified,
0x0012E6C4,0x0012E7C8,0x104,sub_12E6C4,58,5,0,0,unclassified,
0x0012E834,0x0012E850,0x1C,sub_12E834,6,1,0,0,unclassified,
0x0012E850,0x0012E86C,0x1C,sub_12E850,6,1,0,0,unclassified,
0x0012E884,0x0012E8C0,0x3C,sub_12E884,14,1,0,0,unclassified,
0x0012E8C0,0x0012E8CC,0xC,sub_12E8C0,3,3,0,0,unclassified,
0x0012E8CC,0x0012E94C,0x80,sub_12E8CC,32,3,0,0,unclassified,
0x0012E94C,0x0012E974,0x28,sub_12E94C,10,1,0,0,unclassified,
0x0012E974,0x0012E99C,0x28,sub_12E974,10,1,0,0,unclassified,
0x0012E99C,0x0012E9C4,0x28,sub_12E99C,10,1,0,0,unclassified,
0x0012E9C4,0x0012E9DC,0x18,sub_12E9C4,6,2,0,0,unclassified,
0x0012E9DC,0x0012E9F4,0x18,sub_12E9DC,6,2,0,0,unclassified,
0x0012E9F4,0x0012EA0C,0x18,sub_12E9F4,6,2,0,0,unclassified,
0x0012EA0C,0x0012EA34,0x28,sub_12EA0C,10,2,0,0,unclassified,
0x0012EA34,0x0012EA4C,0x18,sub_12EA34,6,2,0,0,unclassified,
0x0012EA4C,0x0012EA64,0x18,sub_12EA4C,6,1,0,0,unclassified,
0x0012EA64,0x0012ED4C,0x2E8,sub_12EA64,179,8,1,0,unclassified,
0x0012ED4C,0x0012EEB4,0x168,sub_12ED4C,89,1,1,0,unclassified,
0x0012EEB4,0x0012EFB4,0x100,sub_12EEB4,63,2,2,0,unclassified,
0x0012EFB4,0x0012F088,0xD4,sub_12EFB4,50,0,1,0,unclassified,
0x0012F088,0x0012F15C,0xD4,sub_12F088,50,0,1,0,unclassified,
0x0012F15C,0x0012F324,0x1C8,sub_12F15C,111,3,0,0,unclassified,
0x0012F324,0x0012F3CC,0xA8,sub_12F324,41,2,1,1,unclassified,
0x0012F3CC,0x00130240,0xE74,sub_12F3CC,914,1,4,2,unclassified,
0x001302C0,0x0013033C,0x7C,sub_1302C0,30,0,0,0,unclassified,
0x0013043C,0x00130530,0xF4,sub_13043C,60,0,3,0,unclassified,
0x00130530,0x00130550,0x20,sub_130530,8,2,1,0,unclassified,
0x00130550,0x0013056C,0x1C,sub_130550,7,2,1,0,unclassified,
0x0013056C,0x0013059C,0x30,sub_13056C,12,3,2,0,unclassified,
0x0013059C,0x0013070C,0x170,sub_13059C,92,4,5,0,unclassified,
0x0013070C,0x00130728,0x1C,sub_13070C,7,1,1,0,unclassified,
0x00130728,0x00130744,0x1C,sub_130728,7,1,1,0,unclassified,
0x00130744,0x0013077C,0x38,sub_130744,14,2,1,0,unclassified,
0x0013077C,0x0013082C,0xB0,sub_13077C,44,2,2,0,unclassified,
0x0013082C,0x0013086C,0x40,sub_13082C,16,3,1,0,unclassified,
0x0013086C,0x00130890,0x24,sub_13086C,9,1,1,0,unclassified,
0x00130A74,0x00130BFC,0x188,sub_130A74,98,1,4,2,unclassified,
0x00130BFC,0x00130C1C,0x20,sub_130BFC,8,4,1,0,unclassified,
0x00130C1C,0x00130C3C,0x20,sub_130C1C,8,1,1,0,unclassified,
0x00130C3C,0x00130C5C,0x20,sub_130C3C,8,2,1,0,unclassified,
0x00130C5C,0x00130C7C,0x20,sub_130C5C,8,1,1,0,unclassified,
0x00130C7C,0x00130CB8,0x3C,sub_130C7C,15,1,1,0,unclassified,
0x00130CB8,0x00130CC0,0x8,sub_130CB8,2,1,0,0,unclassified,
0x00130CC0,0x00130CC8,0x8,sub_130CC0,2,1,0,0,unclassified,
0x00130CC8,0x00130E28,0x160,sub_130CC8,87,1,2,0,unclassified,
0x00130E28,0x00130E50,0x28,sub_130E28,10,1,0,0,unclassified,
0x00130E50,0x001311A8,0x358,sub_130E50,213,1,2,0,unclassified,
0x0013121C,0x0013126C,0x50,sub_13121C,18,1,1,0,unclassified,
0x0013126C,0x00131368,0xFC,sub_13126C,62,0,1,0,unclassified,
0x00131374,0x00131904,0x590,sub_131374,350,0,2,0,unclassified,
0x00131904,0x00131910,0xC,sub_131904,3,1,0,0,unclassified,
0x0013191C,0x001319B4,0x98,sub_13191C,37,0,2,0,unclassified,
0x001319B4,0x00131A94,0xE0,sub_1319B4,55,0,3,1,unclassified,
0x00131AC8,0x00131C6C,0x1A4,sub_131AC8,105,0,2,0,unclassified,
0x00131C6C,0x00131E00,0x194,sub_131C6C,100,0,2,0,unclassified,
0x00131E78,0x00131EBC,0x44,sub_131E78,16,0,3,0,unclassified,
0x00132148,0x001322A8,0x160,sub_132148,88,17,4,0,unclassified,
0x001322C8,0x001327BC,0x4F4,sub_1322C8,315,1,10,0,unclassified,
0x001327BC,0x0013286C,0xB0,sub_1327BC,43,1,1,0,unclassified,
0x0013289C,0x00132AA8,0x20C,sub_13289C,127,1,2,1,unclassified,
0x00132AA8,0x00132B00,0x58,sub_132AA8,21,0,1,0,unclassified,
0x00132B00,0x00132D0C,0x20C,sub_132B00,127,1,2,1,unclassified,
0x00132D0C,0x00132D64,0x58,sub_132D0C,21,0,1,0,unclassified,
0x00132DC4,0x00132FE8,0x224,sub_132DC4,133,0,4,0,unclassified,
0x00132FE8,0x00133030,0x48,sub_132FE8,15,2,0,0,unclassified,
0x00133030,0x001330F0,0xC0,sub_133030,45,0,0,0,unclassified,
0x00133138,0x00133198,0x60,sub_133138,24,0,2,0,unclassified,
0x00133198,0x001350BC,0x1F24,sub_133198,1841,9,1,0,unclassified,
0x001350BC,0x00135154,0x98,sub_1350BC,36,0,0,0,unclassified,
0x00135154,0x001351D4,0x80,sub_135154,32,1,3,0,unclassified,
0x001351D4,0x00135208,0x34,sub_1351D4,13,1,1,0,unclassified,
0x0013526C,0x00135284,0x18,sub_13526C,6,1,0,0,unclassified,
0x00135484,0x00135730,0x2AC,sub_135484,169,1,3,0,unclassified,
0x00135730,0x001357E0,0xB0,sub_135730,44,2,0,0,unclassified,
0x001357E0,0x00135C0C,0x42C,sub_1357E0,267,1,3,0,unclassified,
0x00135DC8,0x00135E94,0xCC,sub_135DC8,51,1,0,0,unclassified,
0x00135E94,0x00136290,0x3FC,sub_135E94,252,1,10,0,unclassified,
0x00136290,0x001362D4,0x44,sub_136290,16,2,1,0,unclassified,
0x001362D4,0x001362F0,0x1C,sub_1362D4,6,1,0,0,unclassified,
0x001362F0,0x00136378,0x88,sub_1362F0,34,1,0,0,unclassified,
0x00136378,0x00136444,0xCC,sub_136378,51,1,5,0,unclassified,picture_pq
0x00136444,0x0013644C,0x8,nullsub_41,2,1,0,0,unclassified,
0x00136454,0x00136470,0x1C,sub_136454,6,2,0,0,unclassified,
0x00136470,0x0013649C,0x2C,sub_136470,10,2,0,0,unclassified,
0x0013649C,0x001364D4,0x38,sub_13649C,13,1,0,0,unclassified,
0x001364D4,0x001364F0,0x1C,sub_1364D4,6,1,0,0,unclassified,
0x00136518,0x0013653C,0x24,sub_136518,8,2,0,0,unclassified,
0x0013653C,0x00136570,0x34,sub_13653C,12,1,0,0,unclassified,
0x00136570,0x001365A0,0x30,sub_136570,11,1,0,0,unclassified,
0x001365A0,0x001365D0,0x30,sub_1365A0,11,1,0,0,unclassified,
0x001365EC,0x00136600,0x14,sub_1365EC,4,1,0,0,unclassified,
0x00136628,0x0013664C,0x24,sub_136628,8,3,0,0,unclassified,
0x0013664C,0x00136670,0x24,sub_13664C,8,1,0,0,unclassified,
0x00136670,0x001366A0,0x30,sub_136670,11,1,0,0,unclassified,
0x001366BC,0x001366F0,0x34,sub_1366BC,12,1,0,0,unclassified,
0x001366F0,0x00136708,0x18,sub_1366F0,6,1,0,0,unclassified,
0x00136708,0x00136720,0x18,sub_136708,6,1,0,0,unclassified,
0x00136720,0x00136748,0x28,sub_136720,9,1,0,0,unclassified,
0x00136748,0x00136760,0x18,sub_136748,6,2,0,0,unclassified,
0x00136760,0x00136778,0x18,sub_136760,6,2,0,0,unclassified,
0x001367B0,0x00136864,0xB4,sub_1367B0,45,1,0,0,unclassified,
0x00136864,0x0013689C,0x38,sub_136864,13,2,0,0,unclassified,
0x001368B4,0x001368C8,0x14,sub_1368B4,4,2,0,0,unclassified,
0x00136948,0x00136950,0x8,nullsub_2,2,1,0,0,unclassified,
0x001370B4,0x001372C0,0x20C,sub_1370B4,129,8,3,0,unclassified,
0x001372C0,0x00137324,0x64,sub_1372C0,25,2,1,0,unclassified,
0x00137324,0x00137438,0x114,sub_137324,65,1,2,1,unclassified,
0x00137440,0x00137958,0x518,sub_137440,323,1,9,10,boot_update|scaler_panel,
0x00137958,0x001379AC,0x54,sub_137958,21,2,1,0,unclassified,scaler_panel
0x001379AC,0x00137ACC,0x120,sub_1379AC,71,31,2,0,unclassified,
0x00137ACC,0x00137BB0,0xE4,sub_137ACC,53,5,0,0,unclassified,power
0x00138558,0x00138784,0x22C,sub_138558,137,1,7,0,unclassified,
0x00138784,0x00138BE4,0x460,sub_138784,278,1,8,0,unclassified,
0x00138BE4,0x00138CF8,0x114,sub_138BE4,67,1,5,0,unclassified,
0x00138CF8,0x00138E00,0x108,sub_138CF8,65,2,1,0,unclassified,
0x00138E00,0x00138E68,0x68,sub_138E00,26,8,3,0,unclassified,boot_update
0x00138E68,0x00138FB8,0x150,sub_138E68,84,2,5,0,unclassified,scaler_panel
0x00138FB8,0x0013913C,0x184,sub_138FB8,94,3,7,4,boot_update,
0x0013913C,0x001391B8,0x7C,sub_13913C,31,4,1,0,unclassified,
0x00139238,0x00139388,0x150,sub_139238,83,0,0,0,unclassified,
0x001393E8,0x001394AC,0xC4,sub_1393E8,48,0,0,0,unclassified,
0x001394AC,0x001396B4,0x208,sub_1394AC,130,1,0,0,unclassified,
0x001396B4,0x00139A20,0x36C,sub_1396B4,218,0,3,0,unclassified,
0x00139A20,0x00139B5C,0x13C,sub_139A20,78,2,3,0,unclassified,
0x00139B5C,0x00139C88,0x12C,sub_139B5C,75,1,2,0,unclassified,
0x00139C88,0x00139DD8,0x150,sub_139C88,83,1,3,2,unclassified,
0x00139DE0,0x00139EF4,0x114,sub_139DE0,69,0,9,0,unclassified,picture_pq
0x00139EF4,0x00139F78,0x84,sub_139EF4,33,2,0,0,unclassified,
0x00139F84,0x00139FA4,0x20,sub_139F84,8,0,1,0,unclassified,
0x00139FA4,0x00139FC4,0x20,sub_139FA4,8,0,1,0,unclassified,
0x00139FC4,0x00139FE4,0x20,sub_139FC4,8,0,1,0,unclassified,
0x00139FE4,0x0013A004,0x20,sub_139FE4,8,3,1,0,unclassified,scaler_panel
0x0013A0D4,0x0013A0F4,0x20,sub_13A0D4,8,0,1,0,unclassified,
0x0013A0F4,0x0013A114,0x20,sub_13A0F4,8,0,1,0,unclassified,
0x0013A114,0x0013A134,0x20,sub_13A114,8,0,1,0,unclassified,
0x0013A134,0x0013A154,0x20,sub_13A134,8,0,1,0,unclassified,
0x0013A154,0x0013A174,0x20,sub_13A154,8,0,1,0,unclassified,
0x0013A174,0x0013A194,0x20,sub_13A174,8,0,1,0,unclassified,
0x0013A194,0x0013A1B4,0x20,sub_13A194,8,0,1,0,unclassified,
0x0013A1B4,0x0013A1D4,0x20,sub_13A1B4,8,0,1,0,unclassified,
0x0013A1D4,0x0013A31C,0x148,sub_13A1D4,82,1,2,0,unclassified,
0x0013A464,0x0013A4B8,0x54,sub_13A464,20,2,0,0,unclassified,
0x0013A508,0x0013A56C,0x64,sub_13A508,25,1,0,0,unclassified,
0x0013A56C,0x0013A5CC,0x60,sub_13A56C,23,1,0,0,unclassified,
0x0013A5CC,0x0013A62C,0x60,sub_13A5CC,23,1,0,0,unclassified,
0x0013A62C,0x0013A68C,0x60,sub_13A62C,23,1,0,0,unclassified,
0x0013A68C,0x0013A6EC,0x60,sub_13A68C,23,1,0,0,unclassified,
0x0013A6EC,0x0013A74C,0x60,sub_13A6EC,23,1,0,0,unclassified,
0x0013A74C,0x0013A794,0x48,sub_13A74C,17,1,0,0,unclassified,
0x0013A794,0x0013A7DC,0x48,sub_13A794,17,1,0,0,unclassified,
0x0013A7DC,0x0013A824,0x48,sub_13A7DC,17,1,0,0,unclassified,
0x0013A824,0x0013A86C,0x48,sub_13A824,17,1,0,0,unclassified,
0x0013A86C,0x0013A8D0,0x64,sub_13A86C,24,1,0,0,unclassified,
0x0013A924,0x0013A930,0xC,sub_13A924,3,1,0,0,unclassified,
0x0013A930,0x0013A9FC,0xCC,sub_13A930,51,4,1,0,unclassified,
0x0013AA04,0x0013ACB4,0x2B0,sub_13AA04,164,3,1,0,unclassified,
0x0013ACB4,0x0013B0B8,0x404,sub_13ACB4,254,3,11,3,unclassified,
0x0013B0B8,0x0013B164,0xAC,sub_13B0B8,41,0,6,1,unclassified,picture_pq
0x0013B164,0x0013B1E0,0x7C,sub_13B164,31,4,0,0,unclassified,
0x0013B27C,0x0013B380,0x104,sub_13B27C,65,1,0,0,unclassified,
0x0013B9F4,0x0013BA10,0x1C,sub_13B9F4,6,1,0,0,unclassified,
0x0013BB10,0x0013BCB0,0x1A0,sub_13BB10,103,1,0,0,unclassified,
0x0013BCB0,0x0013BCE8,0x38,sub_13BCB0,13,2,0,0,unclassified,
0x0013BCE8,0x0013BE18,0x130,sub_13BCE8,73,1,1,0,unclassified,
0x0013BE18,0x0013BF48,0x130,sub_13BE18,73,1,1,0,unclassified,
0x0013BF48,0x0013C014,0xCC,sub_13BF48,49,3,0,0,unclassified,
0x0013C014,0x0013C0B4,0xA0,sub_13C014,37,8,0,0,unclassified,
0x0013C0F4,0x0013C138,0x44,sub_13C0F4,17,1,0,0,unclassified,
0x0013C138,0x0013C1CC,0x94,sub_13C138,36,3,1,2,unclassified,
0x0013C3BC,0x0013C574,0x1B8,sub_13C3BC,105,1,2,0,unclassified,
0x0013C574,0x0013C648,0xD4,sub_13C574,51,0,1,0,unclassified,
0x0013C648,0x0013C690,0x48,sub_13C648,18,1,0,0,unclassified,
0x0013C690,0x0013C6D4,0x44,sub_13C690,17,1,0,0,unclassified,
0x0013C6EC,0x0013C738,0x4C,sub_13C6EC,19,0,1,0,unclassified,
0x0013C738,0x0013C818,0xE0,sub_13C738,56,0,0,0,unclassified,
0x0013C818,0x0013CE54,0x63C,sub_13C818,396,5,13,8,power,
0x0013D478,0x0013D498,0x20,sub_13D478,8,0,1,0,unclassified,
0x0013D4A0,0x0013D4B0,0x10,sub_13D4A0,4,3,0,0,unclassified,
0x0013D4B0,0x0013D4C0,0x10,sub_13D4B0,4,0,0,0,unclassified,
0x0013D4C0,0x0013D4FC,0x3C,sub_13D4C0,13,0,1,0,unclassified,
0x0013D4FC,0x0013D568,0x6C,sub_13D4FC,26,0,1,0,unclassified,
0x0013D568,0x0013D5A4,0x3C,sub_13D568,13,0,1,0,unclassified,
0x0013D5A4,0x0013D610,0x6C,sub_13D5A4,26,0,1,0,unclassified,
0x0013D610,0x0013D6FC,0xEC,sub_13D610,59,1,0,0,unclassified,
0x0013D6FC,0x0013D790,0x94,sub_13D6FC,36,0,2,0,unclassified,
0x0013D790,0x0013D80C,0x7C,sub_13D790,31,0,2,0,unclassified,
0x0013D94C,0x0013DA64,0x118,sub_13D94C,69,0,1,0,unclassified,
0x0013DA64,0x0013DB5C,0xF8,sub_13DA64,62,0,0,0,unclassified,
0x0013DB5C,0x0013DC5C,0x100,sub_13DB5C,64,0,0,0,unclassified,
0x0013DC5C,0x0013DCD4,0x78,sub_13DC5C,27,1,0,0,unclassified,
0x0013DCD4,0x0013DCF0,0x1C,sub_13DCD4,6,1,0,0,unclassified,
0x0013DCF0,0x0013DD0C,0x1C,sub_13DCF0,6,2,0,0,unclassified,
0x0013DD0C,0x0013DD28,0x1C,sub_13DD0C,6,2,0,0,unclassified,
0x0013DD28,0x0013DDB4,0x8C,sub_13DD28,34,1,1,0,unclassified,
0x0013DDB4,0x0013DDD0,0x1C,sub_13DDB4,6,1,0,0,unclassified,
0x0013DDD0,0x0013DDEC,0x1C,sub_13DDD0,6,1,0,0,unclassified,
0x0013DDEC,0x0013DE08,0x1C,sub_13DDEC,6,2,0,0,unclassified,
0x0013DE08,0x0013DE48,0x40,sub_13DE08,15,1,1,0,unclassified,
0x0013DE48,0x0013DE64,0x1C,sub_13DE48,6,1,0,0,unclassified,
0x0013DE64,0x0013DE80,0x1C,sub_13DE64,6,2,0,0,unclassified,
0x0013DE80,0x0013DECC,0x4C,sub_13DE80,18,1,2,0,unclassified,
0x0013DECC,0x0013DEE8,0x1C,sub_13DECC,6,1,0,0,unclassified,
0x0013DEE8,0x0013DF04,0x1C,sub_13DEE8,6,1,0,0,unclassified,
0x0013DF04,0x0013DF20,0x1C,sub_13DF04,6,2,0,0,unclassified,
0x0013DF20,0x0013DF6C,0x4C,sub_13DF20,18,1,2,0,unclassified,
0x0013DF6C,0x0013DF88,0x1C,sub_13DF6C,7,0,1,0,unclassified,
0x0013DFF8,0x0013E0C8,0xD0,sub_13DFF8,51,1,1,0,unclassified,
0x0013E0D0,0x0013E0D8,0x8,sub_13E0D0,2,1,0,0,unclassified,
0x0013E0D8,0x0013E0E0,0x8,sub_13E0D8,2,1,0,0,unclassified,
0x0013E0E0,0x0013E144,0x64,sub_13E0E0,24,1,2,2,persistent_data,
0x0013E144,0x0013E1A4,0x60,sub_13E144,23,1,0,0,unclassified,
0x0013E1A4,0x0013E300,0x15C,sub_13E1A4,87,1,1,0,unclassified,
0x0013E300,0x0013E49C,0x19C,sub_13E300,102,0,1,0,unclassified,
0x0013E4AC,0x0013E574,0xC8,sub_13E4AC,49,1,0,0,unclassified,
0x0013EAD4,0x0013EB30,0x5C,sub_13EAD4,23,1,0,0,unclassified,
0x0013EB30,0x0013EBDC,0xAC,sub_13EB30,42,0,0,0,unclassified,
0x0013FCCC,0x0013FF40,0x274,sub_13FCCC,157,1,0,0,unclassified,
0x0013FF40,0x0013FF88,0x48,sub_13FF40,18,0,1,0,unclassified,
0x0013FF88,0x001400D0,0x148,sub_13FF88,80,1,1,0,unclassified,
0x001400D0,0x0014027C,0x1AC,sub_1400D0,106,1,1,0,unclassified,
0x00140F14,0x00141000,0xEC,sub_140F14,59,2,2,0,unclassified,
0x00141000,0x00141008,0x8,nullsub_32,2,4,0,0,unclassified,boot_update
0x00141010,0x001410DC,0xCC,sub_141010,51,0,0,0,unclassified,
0x001410DC,0x001413EC,0x310,sub_1410DC,195,0,0,0,unclassified,
0x001413EC,0x001415C8,0x1DC,sub_1413EC,118,0,0,0,unclassified,
0x001415C8,0x00141750,0x188,sub_1415C8,97,1,0,0,unclassified,
0x00141750,0x00141910,0x1C0,sub_141750,111,1,0,0,unclassified,
0x00141910,0x00141A50,0x140,sub_141910,78,0,0,0,unclassified,
0x00141A50,0x00141A74,0x24,sub_141A50,8,1,0,0,unclassified,
0x00141A74,0x00141A88,0x14,sub_141A74,4,1,0,0,unclassified,
0x00141A88,0x00141B20,0x98,sub_141A88,35,1,1,0,unclassified,
0x00141B20,0x00141B34,0x14,sub_141B20,4,1,0,0,unclassified,
0x00141B34,0x00141C74,0x140,sub_141B34,76,0,1,0,unclassified,
0x00141D54,0x00141E54,0x100,sub_141D54,62,0,2,1,unclassified,
0x00141E54,0x00141E94,0x40,sub_141E54,15,1,0,0,unclassified,
0x00141EEC,0x00141FD8,0xEC,sub_141EEC,59,0,0,0,unclassified,
0x00141FD8,0x0014201C,0x44,sub_141FD8,15,3,0,0,unclassified,
0x0014201C,0x00142070,0x54,sub_14201C,20,2,0,0,unclassified,
0x00142070,0x00142128,0xB8,sub_142070,45,2,0,0,unclassified,
0x00142128,0x00142390,0x268,sub_142128,152,2,1,0,unclassified,
0x00142390,0x00142398,0x8,sub_142390,2,1,0,0,unclassified,
0x00142398,0x0014242C,0x94,sub_142398,36,0,1,0,unclassified,
0x0014242C,0x001424D8,0xAC,sub_14242C,43,8,2,0,unclassified,power
0x00142510,0x001425A0,0x90,sub_142510,35,0,1,0,unclassified,
0x001425A0,0x001425E8,0x48,sub_1425A0,18,0,0,0,unclassified,
0x001425E8,0x00142808,0x220,sub_1425E8,131,1,2,2,unclassified,
0x00142808,0x00142AA0,0x298,sub_142808,162,1,4,2,unclassified,
0x00142AA0,0x00142AB4,0x14,sub_142AA0,4,2,0,0,unclassified,
0x00142AB4,0x00142AC8,0x14,sub_142AB4,4,1,0,0,unclassified,
0x00142AFC,0x00142B5C,0x60,sub_142AFC,24,4,0,0,unclassified,osd_ui
0x00142B5C,0x00142BCC,0x70,sub_142B5C,27,6,0,0,unclassified,osd_ui
0x00142C8C,0x00142E64,0x1D8,sub_142C8C,116,3,0,0,unclassified,
0x00142E64,0x00142E98,0x34,sub_142E64,12,3,0,0,unclassified,osd_ui
0x00142E98,0x00142F2C,0x94,sub_142E98,36,1,1,0,unclassified,
0x00142F2C,0x00142F44,0x18,sub_142F2C,6,1,0,0,unclassified,
0x00142F44,0x00142F58,0x14,sub_142F44,5,1,0,0,unclassified,
0x00142F58,0x00142F70,0x18,sub_142F58,6,1,0,0,unclassified,
0x00142F70,0x00142F84,0x14,sub_142F70,5,1,0,0,unclassified,
0x00142F84,0x0014318C,0x208,sub_142F84,124,2,0,0,unclassified,
0x0014318C,0x001431A0,0x14,sub_14318C,5,1,0,0,unclassified,
0x001431A0,0x001431B4,0x14,sub_1431A0,5,1,0,0,unclassified,
0x001431B4,0x001431FC,0x48,sub_1431B4,18,1,0,0,unclassified,
0x00143240,0x00143280,0x40,sub_143240,16,3,0,0,unclassified,osd_ui
0x00143280,0x00143830,0x5B0,sub_143280,363,1,1,0,unclassified,
0x00143830,0x00143B38,0x308,sub_143830,186,1,1,0,unclassified,
0x00143B38,0x00143BB8,0x80,sub_143B38,31,8,0,0,unclassified,osd_ui
0x00143BB8,0x00143BD8,0x20,sub_143BB8,6,2,0,0,unclassified,
0x00143BD8,0x00143D50,0x178,sub_143BD8,94,1,1,0,unclassified,
0x00143D50,0x00144024,0x2D4,sub_143D50,179,1,0,0,unclassified,
0x00144024,0x00144150,0x12C,sub_144024,73,2,0,0,unclassified,
0x001441C0,0x00144368,0x1A8,sub_1441C0,105,1,0,0,unclassified,
0x00144368,0x00144448,0xE0,sub_144368,56,1,0,0,unclassified,
0x00144448,0x00144564,0x11C,sub_144448,70,2,0,0,unclassified,
0x00144564,0x00144680,0x11C,sub_144564,71,1,0,0,unclassified,
0x00144680,0x001447D0,0x150,sub_144680,84,2,0,0,unclassified,
0x001447D0,0x001449A0,0x1D0,sub_1447D0,114,1,0,0,unclassified,
0x001449A0,0x001449B8,0x18,sub_1449A0,6,1,0,0,unclassified,
0x001449B8,0x001449D4,0x1C,sub_1449B8,7,1,0,0,unclassified,
0x001449D4,0x001449EC,0x18,sub_1449D4,6,1,0,0,unclassified,
0x001449EC,0x00144A00,0x14,sub_1449EC,5,1,0,0,unclassified,
0x00144A00,0x00144B40,0x140,sub_144A00,77,1,0,0,unclassified,
0x00144B40,0x00144F98,0x458,sub_144B40,271,1,0,0,unclassified,
0x00144F98,0x00145270,0x2D8,sub_144F98,175,1,0,0,unclassified,
0x00145270,0x001453D0,0x160,sub_145270,83,1,0,0,unclassified,
0x001453D0,0x00145530,0x160,sub_1453D0,86,1,0,0,unclassified,
0x00145530,0x00145674,0x144,sub_145530,78,0,0,0,unclassified,
0x00145674,0x001457E8,0x174,sub_145674,91,1,0,0,unclassified,
0x001457E8,0x00145964,0x17C,sub_1457E8,92,1,0,0,unclassified,
0x00145964,0x00145B48,0x1E4,sub_145964,120,1,0,0,unclassified,
0x00145B48,0x00145BE4,0x9C,sub_145B48,37,1,0,0,unclassified,
0x00145BE4,0x00145C80,0x9C,sub_145BE4,37,1,0,0,unclassified,
0x00145C80,0x00145D1C,0x9C,sub_145C80,37,1,0,0,unclassified,
0x00145D1C,0x00145DB8,0x9C,sub_145D1C,37,1,0,0,unclassified,
0x00145DB8,0x00145E78,0xC0,sub_145DB8,46,1,0,0,unclassified,
0x00145E78,0x00145F00,0x88,sub_145E78,33,1,0,0,unclassified,
0x00146064,0x001460C0,0x5C,sub_146064,22,1,0,0,unclassified,
0x001460C0,0x00146130,0x70,sub_1460C0,26,2,0,0,unclassified,
0x00146130,0x001461A0,0x70,sub_146130,26,1,0,0,unclassified,
0x001461A0,0x001461D8,0x38,sub_1461A0,13,1,0,0,unclassified,
0x001461D8,0x0014628C,0xB4,sub_1461D8,44,0,0,0,unclassified,
0x0014628C,0x00146360,0xD4,sub_14628C,53,4,0,0,unclassified,
0x00146360,0x001463CC,0x6C,sub_146360,26,5,0,0,unclassified,
0x001463CC,0x00146474,0xA8,sub_1463CC,41,1,0,0,unclassified,
0x00146474,0x001464C0,0x4C,sub_146474,19,1,5,0,unclassified,
0x001469FC,0x00146FD8,0x5DC,sub_1469FC,762,6,5,0,unclassified,
0x00146FD8,0x00147264,0x28C,sub_146FD8,151,8,0,0,unclassified,
0x00147264,0x00147398,0x134,sub_147264,75,5,1,1,unclassified,
0x00147398,0x00147470,0xD8,sub_147398,53,2,0,0,unclassified,
0x00147470,0x001475D8,0x168,sub_147470,86,3,0,0,unclassified,
0x001475D8,0x00147688,0xB0,sub_1475D8,44,2,0,0,unclassified,
0x00147688,0x00147718,0x90,sub_147688,35,1,0,0,unclassified,
0x00147718,0x0014784C,0x134,sub_147718,75,2,0,0,unclassified,
0x001478E0,0x001478F0,0x10,sub_1478E0,4,0,1,0,unclassified,
0x0014792C,0x001479F8,0xCC,sub_14792C,51,2,1,2,unclassified,
0x001479F8,0x00147B60,0x168,sub_1479F8,88,2,0,0,unclassified,
0x00147B60,0x00147D40,0x1E0,sub_147B60,104,1,0,0,unclassified,
0x00147D40,0x00147E14,0xD4,sub_147D40,52,0,0,0,unclassified,
0x00147E14,0x00147EB4,0xA0,sub_147E14,39,1,0,0,unclassified,
0x00148500,0x0014869C,0x19C,sub_148500,101,1,1,0,unclassified,
0x0014869C,0x001489DC,0x340,sub_14869C,200,1,0,0,unclassified,
0x001489DC,0x00148F10,0x534,sub_1489DC,320,1,0,0,unclassified,
0x00148F10,0x00148FE4,0xD4,sub_148F10,50,1,0,0,unclassified,
0x00148FE4,0x001490BC,0xD8,sub_148FE4,53,1,0,0,unclassified,
0x001490BC,0x00149260,0x1A4,sub_1490BC,103,1,0,0,unclassified,
0x00149260,0x00149430,0x1D0,sub_149260,113,1,0,0,unclassified,
0x00149430,0x001495F8,0x1C8,sub_149430,111,1,0,0,unclassified,
0x00149774,0x001498F8,0x184,sub_149774,94,0,0,0,unclassified,
0x001498F8,0x00149970,0x78,sub_1498F8,30,1,0,0,unclassified,
0x001499B0,0x00149AE4,0x134,sub_1499B0,73,1,0,0,unclassified,
0x00149B2C,0x00149B64,0x38,sub_149B2C,13,0,0,0,unclassified,
0x00149B64,0x00149B80,0x1C,sub_149B64,7,1,1,0,unclassified,
0x00149B80,0x00149CD0,0x150,sub_149B80,83,1,1,0,unclassified,
0x00149F38,0x0014A0D8,0x1A0,sub_149F38,103,2,5,0,unclassified,
0x0014A0D8,0x0014A194,0xBC,sub_14A0D8,45,3,1,0,unclassified,
0x0014A194,0x0014A1F8,0x64,sub_14A194,25,1,1,0,unclassified,
0x0014A1F8,0x0014A214,0x1C,sub_14A1F8,7,1,1,0,unclassified,
0x0014A214,0x0014A230,0x1C,sub_14A214,7,1,1,0,unclassified,
0x0014A230,0x0014A384,0x154,sub_14A230,83,2,8,0,unclassified,picture_pq
0x0014A384,0x0014A74C,0x3C8,sub_14A384,240,2,4,0,unclassified,
0x0014A74C,0x0014A774,0x28,sub_14A74C,10,0,2,0,unclassified,
0x0014A774,0x0014A7F8,0x84,sub_14A774,33,1,3,0,unclassified,
0x0014A7F8,0x0014A81C,0x24,sub_14A7F8,9,10,1,0,unclassified,boot_update
0x0014A81C,0x0014A914,0xF8,sub_14A81C,62,2,4,0,unclassified,
0x0014A914,0x0014A928,0x14,sub_14A914,5,4,0,0,unclassified,boot_update
0x0014A944,0x0014AB68,0x224,sub_14A944,137,1,5,2,unclassified,
0x0014AC98,0x0014ACE0,0x48,sub_14AC98,18,1,1,0,unclassified,
0x0014ACE0,0x0014ADB4,0xD4,sub_14ACE0,52,1,4,0,unclassified,
0x0014ADB4,0x0014AE3C,0x88,sub_14ADB4,34,2,1,0,unclassified,
0x0014AE3C,0x0014AE8C,0x50,sub_14AE3C,20,1,1,0,unclassified,
0x0014AE8C,0x0014AEA8,0x1C,sub_14AE8C,7,3,0,0,unclassified,
0x0014AEB0,0x0014AFA0,0xF0,sub_14AEB0,60,3,1,0,unclassified,
0x0014AFA0,0x0014B0A4,0x104,sub_14AFA0,65,0,4,0,unclassified,
0x0014B138,0x0014B18C,0x54,sub_14B138,21,0,1,0,unclassified,
0x0014B18C,0x0014B204,0x78,sub_14B18C,29,0,0,0,unclassified,
0x0014B260,0x0014B2DC,0x7C,sub_14B260,30,0,1,0,unclassified,
0x0014B854,0x0014B924,0xD0,sub_14B854,51,1,0,0,unclassified,
0x0014B924,0x0014BAD8,0x1B4,sub_14B924,105,0,0,0,unclassified,
0x0014BAD8,0x0014BC94,0x1BC,sub_14BAD8,108,0,0,0,unclassified,
0x0014BCBC,0x0014C168,0x4AC,sub_14BCBC,293,1,2,2,unclassified,
0x0014C25C,0x0014C368,0x10C,sub_14C25C,67,0,1,0,unclassified,
0x0014C368,0x0014C3C4,0x5C,sub_14C368,21,1,0,0,unclassified,
0x0014C3C4,0x0014C564,0x1A0,sub_14C3C4,101,1,1,0,unclassified,
0x0014C564,0x0014C60C,0xA8,sub_14C564,42,1,4,0,unclassified,
0x0014C60C,0x0014C970,0x364,sub_14C60C,211,2,1,0,unclassified,
0x0014C970,0x0014C9A4,0x34,sub_14C970,13,2,0,0,unclassified,
0x0014C9A4,0x0014CA14,0x70,sub_14C9A4,27,2,1,2,unclassified,
0x0014CA14,0x0014CA20,0xC,sub_14CA14,3,2,0,0,unclassified,
0x0014CA20,0x0014CA2C,0xC,sub_14CA20,3,3,0,0,unclassified,
0x0014CA2C,0x0014CC9C,0x270,sub_14CA2C,156,1,2,0,unclassified,boot_update
0x0014CC9C,0x0014D004,0x368,sub_14CC9C,217,1,4,1,boot_update|usb_pd,
0x0014D004,0x0014D36C,0x368,sub_14D004,213,2,8,7,boot_update|usb_pd,
0x0014D3A0,0x0014D81C,0x47C,sub_14D3A0,278,1,9,4,boot_update|usb_pd,
0x0014D81C,0x0014DEAC,0x690,sub_14D81C,70,1,5,4,unclassified,boot_update
0x0014DEB8,0x0014E180,0x2C8,sub_14DEB8,68,0,5,13,usb_pd|diagnostics,
0x0014E284,0x0014E398,0x114,sub_14E284,68,1,0,0,unclassified,
0x0014E398,0x0014E800,0x468,sub_14E398,278,1,8,0,unclassified,
0x0014E800,0x0014E9F0,0x1F0,sub_14E800,119,1,5,8,boot_update|factory_service|usb_pd,
0x0014E9F0,0x0014EB90,0x1A0,sub_14E9F0,103,1,1,0,unclassified,
0x0014EC84,0x0014ECCC,0x48,sub_14EC84,18,0,1,0,unclassified,
0x0014F054,0x0014F0B0,0x5C,sub_14F054,23,1,1,0,unclassified,
0x0014F2C8,0x0014F460,0x198,sub_14F2C8,99,1,1,0,unclassified,
0x0014F4B0,0x0014F864,0x3B4,sub_14F4B0,234,1,2,0,unclassified,
0x0014FC10,0x0014FD60,0x150,sub_14FC10,76,1,1,16,picture_pq|scaler_panel,
0x0014FFB0,0x0014FFD4,0x24,sub_14FFB0,9,1,0,0,unclassified,
0x0014FFD4,0x0015013C,0x168,sub_14FFD4,89,1,1,0,unclassified,
0x0015013C,0x00150150,0x14,sub_15013C,5,1,0,0,unclassified,
0x00150150,0x00150564,0x414,sub_150150,259,0,4,0,unclassified,
0x00150564,0x0015058C,0x28,sub_150564,10,2,0,0,unclassified,
0x0015058C,0x001505A8,0x1C,sub_15058C,7,2,0,0,unclassified,scaler_panel
0x001505A8,0x001505C4,0x1C,sub_1505A8,7,2,0,0,unclassified,scaler_panel
0x001505C4,0x001505E4,0x20,sub_1505C4,8,5,1,0,unclassified,scaler_panel
0x001505E4,0x0015062C,0x48,sub_1505E4,18,11,1,0,unclassified,scaler_panel
0x0015062C,0x00150648,0x1C,sub_15062C,7,1,0,0,unclassified,
0x00150648,0x00150664,0x1C,sub_150648,7,0,0,0,unclassified,
0x00150664,0x001506D4,0x70,sub_150664,28,1,0,0,unclassified,
0x001506D4,0x001507B8,0xE4,sub_1506D4,57,2,0,0,unclassified,
0x00150838,0x001508C0,0x88,sub_150838,34,1,2,4,unclassified,
0x00150940,0x001509A0,0x60,sub_150940,24,2,0,0,unclassified,
0x001509B0,0x001509E8,0x38,sub_1509B0,14,2,1,0,unclassified,
0x001509E8,0x00150A54,0x6C,sub_1509E8,27,3,1,0,unclassified,
0x00150A70,0x00150AAC,0x3C,sub_150A70,15,1,1,0,unclassified,
0x00150AAC,0x00150ACC,0x20,sub_150AAC,8,2,1,0,unclassified,
0x00150ACC,0x00150AD4,0x8,nullsub_3,2,1,0,0,unclassified,
0x00150AD4,0x00150AF0,0x1C,sub_150AD4,7,1,0,0,unclassified,
0x00150AF0,0x00150B50,0x60,sub_150AF0,23,1,0,0,unclassified,
0x00150B50,0x00150B6C,0x1C,sub_150B50,7,9,0,0,unclassified,
0x00150B6C,0x00150BC4,0x58,sub_150B6C,21,6,0,0,unclassified,
0x00150BC4,0x00150C5C,0x98,sub_150BC4,38,19,0,0,unclassified,
0x00150C90,0x00150CC0,0x30,sub_150C90,12,1,0,0,unclassified,
0x00150CC0,0x00150CF0,0x30,sub_150CC0,12,1,0,0,unclassified,
0x00150CF0,0x00150D0C,0x1C,sub_150CF0,7,1,0,0,unclassified,
0x00150D0C,0x00150D28,0x1C,sub_150D0C,7,1,0,0,unclassified,
0x00150D28,0x00150D44,0x1C,sub_150D28,7,1,0,0,unclassified,
0x00150D7C,0x00150D90,0x14,sub_150D7C,5,1,0,0,unclassified,
0x00150D90,0x00150DA4,0x14,sub_150D90,5,1,0,0,unclassified,
0x00150DA4,0x00150DE0,0x3C,sub_150DA4,14,1,0,0,unclassified,
0x00150DE0,0x00150EDC,0xFC,sub_150DE0,63,1,2,0,unclassified,
0x00150EDC,0x00150F1C,0x40,sub_150EDC,16,1,0,0,unclassified,
0x00150F1C,0x00150F54,0x38,sub_150F1C,13,1,0,0,unclassified,
0x00150F54,0x00150F8C,0x38,sub_150F54,13,1,0,0,unclassified,
0x00150F8C,0x00150FC4,0x38,sub_150F8C,13,1,0,0,unclassified,
0x00150FC4,0x00151000,0x3C,sub_150FC4,14,1,0,0,unclassified,
0x00151000,0x00151018,0x18,sub_151000,6,0,0,0,unclassified,
0x00151018,0x00151034,0x1C,sub_151018,7,0,0,0,unclassified,
0x00151034,0x00151050,0x1C,sub_151034,7,0,0,0,unclassified,
0x00151050,0x0015106C,0x1C,sub_151050,7,0,0,0,unclassified,
0x0015106C,0x00151080,0x14,sub_15106C,5,1,0,0,unclassified,
0x00151080,0x00151088,0x8,sub_151080,2,1,0,0,unclassified,
0x00151088,0x00151090,0x8,sub_151088,2,1,0,0,unclassified,
0x00151090,0x00151098,0x8,sub_151090,2,1,0,0,unclassified,
0x00151098,0x001510A0,0x8,sub_151098,2,1,0,0,unclassified,
0x001510A0,0x00151434,0x394,sub_1510A0,229,1,1,0,unclassified,
0x00151434,0x001514B4,0x80,sub_151434,32,1,3,0,unclassified,
0x001514C4,0x00151544,0x80,sub_1514C4,31,1,0,0,unclassified,
0x00151544,0x0015158C,0x48,sub_151544,18,1,0,0,unclassified,
0x0015158C,0x001516C8,0x13C,sub_15158C,78,1,3,0,unclassified,
0x001517FC,0x00151810,0x14,sub_1517FC,5,3,0,0,unclassified,
0x00151810,0x00151840,0x30,sub_151810,12,1,0,0,unclassified,
0x00151840,0x0015187C,0x3C,sub_151840,15,1,0,0,unclassified,
0x0015187C,0x00151890,0x14,sub_15187C,5,2,0,0,unclassified,
0x00151890,0x001518C0,0x30,sub_151890,12,1,0,0,unclassified,
0x001518C0,0x001518FC,0x3C,sub_1518C0,15,1,0,0,unclassified,
0x001518FC,0x00151A20,0x124,sub_1518FC,72,0,18,0,unclassified,
0x00151A20,0x00151C40,0x220,sub_151A20,135,0,5,0,unclassified,
0x00151C40,0x00151E30,0x1F0,sub_151C40,123,0,17,0,unclassified,
0x00151F30,0x00151FF8,0xC8,sub_151F30,50,0,0,0,unclassified,
0x00151FF8,0x00152418,0x420,sub_151FF8,260,1,1,0,unclassified,
0x001524A0,0x00152B4C,0x6AC,sub_1524A0,425,1,12,2,diagnostics,
0x00152B4C,0x00152B54,0x8,nullsub_13,2,2,0,0,unclassified,
0x00152BAC,0x00152CD8,0x12C,sub_152BAC,73,2,1,0,unclassified,
0x00152CD8,0x00152DE0,0x108,sub_152CD8,64,3,1,0,unclassified,video_link
0x00152DE0,0x00152ECC,0xEC,sub_152DE0,59,1,1,0,unclassified,
0x00152ECC,0x00152F94,0xC8,sub_152ECC,49,1,1,0,unclassified,
0x00152F94,0x0015305C,0xC8,sub_152F94,49,2,1,0,unclassified,
0x0015305C,0x001530AC,0x50,sub_15305C,20,1,1,0,unclassified,
0x001530AC,0x001530B4,0x8,sub_1530AC,2,1,0,0,unclassified,
0x0015311C,0x00153170,0x54,sub_15311C,21,1,2,0,unclassified,
0x00153170,0x001533B4,0x244,sub_153170,143,1,5,0,unclassified,
0x001533B4,0x00153440,0x8C,sub_1533B4,34,0,5,0,unclassified,
0x001537A8,0x001537E8,0x40,sub_1537A8,16,0,1,0,unclassified,
0x00153868,0x00153A20,0x1B8,sub_153868,105,1,1,0,unclassified,
0x00153A20,0x00153A8C,0x6C,sub_153A20,27,1,1,0,unclassified,
0x00153A8C,0x00153AC8,0x3C,sub_153A8C,15,0,1,0,unclassified,
0x00153AC8,0x00153C40,0x178,sub_153AC8,93,2,4,0,unclassified,
0x00153C40,0x00153F64,0x324,sub_153C40,198,0,3,0,unclassified,
0x00153F64,0x00153FE8,0x84,sub_153F64,32,0,1,0,unclassified,
0x00153FE8,0x00154044,0x5C,sub_153FE8,23,0,1,0,unclassified,
0x00154044,0x001540AC,0x68,sub_154044,25,0,1,0,unclassified,
0x001540CC,0x00154104,0x38,sub_1540CC,14,2,1,0,unclassified,
0x00154104,0x00154138,0x34,sub_154104,13,1,0,0,unclassified,
0x00154138,0x00154154,0x1C,sub_154138,7,1,0,0,unclassified,
0x00154154,0x001542D8,0x184,sub_154154,96,0,7,1,video_link|ddc_ci,
0x00154DE0,0x00154E00,0x20,sub_154DE0,7,1,0,0,unclassified,
0x00154E00,0x0015508C,0x28C,sub_154E00,163,1,1,0,unclassified,
0x0015508C,0x001551C0,0x134,sub_15508C,77,1,11,0,unclassified,
0x001551C0,0x001551C8,0x8,nullsub_46,2,0,0,0,unclassified,
0x001551C8,0x001551E0,0x18,sub_1551C8,6,0,0,0,unclassified,
0x00155260,0x00155348,0xE8,sub_155260,58,12,1,0,unclassified,
0x00155388,0x00155444,0xBC,sub_155388,46,0,0,0,unclassified,
0x00155444,0x00155474,0x30,sub_155444,11,3,0,0,unclassified,boot_update
0x00155474,0x001555E8,0x174,sub_155474,92,2,6,0,unclassified,
0x001555E8,0x00155A9C,0x4B4,sub_1555E8,293,1,5,0,unclassified,
0x00155B08,0x00155B38,0x30,sub_155B08,12,2,1,0,unclassified,
0x00155B38,0x00156008,0x4D0,sub_155B38,307,1,12,0,unclassified,
0x00156008,0x0015603C,0x34,sub_156008,13,1,0,0,unclassified,
0x0015603C,0x00156184,0x148,sub_15603C,80,0,5,0,unclassified,
0x00156184,0x00156FE8,0xE64,sub_156184,910,1,5,0,unclassified,
0x00156FE8,0x00157020,0x38,sub_156FE8,14,2,3,0,unclassified,
0x00157020,0x0015713C,0x11C,sub_157020,71,1,5,0,unclassified,
0x0015713C,0x00157C70,0xB34,sub_15713C,714,0,28,0,unclassified,boot_update
0x00157C70,0x00157CEC,0x7C,sub_157C70,30,1,1,0,unclassified,
0x00157CEC,0x00157CF4,0x8,nullsub_37,2,1,0,0,unclassified,
0x00157CF4,0x00157D64,0x70,sub_157CF4,28,1,1,0,unclassified,
0x00157D64,0x00157DD4,0x70,sub_157D64,28,1,1,0,unclassified,
0x00157E58,0x00157ED8,0x80,sub_157E58,30,3,2,0,unclassified,
0x00157ED8,0x00157F4C,0x74,sub_157ED8,29,1,2,0,unclassified,
0x00157F4C,0x00157F68,0x1C,sub_157F4C,7,0,1,0,unclassified,
0x00157F78,0x00157FC0,0x48,sub_157F78,17,0,0,0,unclassified,
0x00157FEC,0x001580F4,0x108,sub_157FEC,65,0,0,0,unclassified,
0x001580F4,0x00158154,0x60,sub_1580F4,23,0,0,0,unclassified,
0x00158154,0x0015826C,0x118,sub_158154,68,0,0,0,unclassified,
0x00158818,0x001588B0,0x98,sub_158818,38,7,1,2,scaler_panel,
0x001588B0,0x00158ABC,0x20C,sub_1588B0,131,0,3,0,unclassified,
0x00158ABC,0x00158AFC,0x40,sub_158ABC,15,0,1,0,unclassified,
0x00158AFC,0x00158C14,0x118,sub_158AFC,69,0,1,0,unclassified,
0x00158C14,0x00158C34,0x20,sub_158C14,8,0,2,0,unclassified,
0x00158C34,0x00158D1C,0xE8,sub_158C34,55,1,3,0,unclassified,
0x00158D1C,0x00158DB8,0x9C,sub_158D1C,39,1,1,0,unclassified,
0x00158DE0,0x00158F34,0x154,sub_158DE0,83,1,1,0,unclassified,
0x00158FB8,0x00159038,0x80,sub_158FB8,32,1,1,0,unclassified,
0x00159108,0x00159214,0x10C,sub_159108,66,0,1,0,unclassified,
0x00159214,0x00159340,0x12C,sub_159214,74,0,1,0,unclassified,
0x001595A8,0x001595EC,0x44,sub_1595A8,17,1,2,0,unclassified,
0x00159628,0x00159694,0x6C,sub_159628,27,1,1,0,unclassified,
0x001596E8,0x0015980C,0x124,sub_1596E8,72,0,0,0,unclassified,
0x0015980C,0x001598E8,0xDC,sub_15980C,55,0,0,0,unclassified,
0x001598E8,0x00159C0C,0x324,sub_1598E8,200,0,0,0,unclassified,
0x00159C64,0x00159DF4,0x190,sub_159C64,99,0,0,0,unclassified,
0x00159DF4,0x00159ED0,0xDC,sub_159DF4,55,0,1,0,unclassified,
0x00159ED0,0x00159F44,0x74,sub_159ED0,29,0,0,0,unclassified,
0x00159F44,0x0015A0A4,0x160,sub_159F44,88,1,1,2,picture_pq,
0x0015A0A4,0x0015A1BC,0x118,sub_15A0A4,70,0,1,2,picture_pq,
0x0015A1BC,0x0015A2E4,0x128,sub_15A1BC,73,0,1,0,unclassified,
0x0015A338,0x0015A3C0,0x88,sub_15A338,34,0,0,0,unclassified,
0x0015A3C0,0x0015A444,0x84,sub_15A3C0,33,0,1,0,unclassified,
0x0015A444,0x0015A4E0,0x9C,sub_15A444,39,0,1,0,unclassified,
0x0015A500,0x0015A6A4,0x1A4,sub_15A500,105,0,0,0,unclassified,
0x0015A6A4,0x0015A8F0,0x24C,sub_15A6A4,147,1,1,0,unclassified,
0x0015A8F0,0x0015AA08,0x118,sub_15A8F0,70,0,0,0,unclassified,
0x0015AA08,0x0015AB68,0x160,sub_15AA08,88,0,0,0,unclassified,
0x0015ACE0,0x0015AD68,0x88,sub_15ACE0,33,0,0,0,unclassified,
0x0015AD68,0x0015AE00,0x98,sub_15AD68,38,0,0,0,unclassified,
0x0015AE00,0x0015B2E4,0x4E4,sub_15AE00,311,1,1,0,unclassified,
0x0015B2E4,0x0015B390,0xAC,sub_15B2E4,43,0,0,0,unclassified,
0x0015B390,0x0015B674,0x2E4,sub_15B390,184,1,1,0,unclassified,picture_pq
0x0015B674,0x0015B974,0x300,sub_15B674,189,1,0,0,unclassified,
0x0015B974,0x0015BB50,0x1DC,sub_15B974,119,0,3,2,picture_pq,
0x0015BB50,0x0015C1D8,0x688,sub_15BB50,406,1,1,61,boot_update,
0x0015C1D8,0x0015C280,0xA8,sub_15C1D8,42,0,1,0,unclassified,
0x0015C300,0x0015C918,0x618,sub_15C300,390,1,10,2,picture_pq,
0x0015C918,0x0015C994,0x7C,sub_15C918,31,0,2,0,unclassified,
0x0015C99C,0x0015C9D0,0x34,sub_15C99C,12,1,0,0,unclassified,
0x0015C9D0,0x0015CC00,0x230,sub_15C9D0,136,1,3,8,unclassified,
0x0015CC00,0x0015CD10,0x110,sub_15CC00,68,0,5,0,unclassified,
0x0015CD10,0x0015CD44,0x34,sub_15CD10,13,1,1,0,unclassified,
0x0015CE5C,0x0015CECC,0x70,sub_15CE5C,27,0,0,0,unclassified,
0x0015CF24,0x0015CFA4,0x80,sub_15CF24,32,0,0,0,unclassified,
0x0015CFA4,0x0015D014,0x70,sub_15CFA4,27,0,0,0,unclassified,
0x0015D0EC,0x0015D428,0x33C,sub_15D0EC,207,1,4,0,unclassified,
0x0015D428,0x0015D4DC,0xB4,sub_15D428,45,1,0,0,unclassified,
0x0015D4DC,0x0015D6F0,0x214,sub_15D4DC,133,1,0,0,unclassified,
0x0015D790,0x0015D7B8,0x28,sub_15D790,10,1,0,0,unclassified,
0x0015D7B8,0x0015DA14,0x25C,sub_15D7B8,150,0,0,0,unclassified,
0x0015DA14,0x0015DAD4,0xC0,sub_15DA14,48,1,1,0,unclassified,
0x0015DAD4,0x0015DB9C,0xC8,sub_15DAD4,48,0,0,0,unclassified,
0x0015DB9C,0x0015DBA8,0xC,sub_15DB9C,3,1,0,0,unclassified,
0x0015DBA8,0x0015DC18,0x70,sub_15DBA8,28,1,0,0,unclassified,
0x0015DC18,0x0015DD80,0x168,sub_15DC18,89,1,0,0,unclassified,
0x0015DE30,0x0015DEE8,0xB8,sub_15DE30,46,1,0,0,unclassified,
0x0015DEE8,0x0015DF54,0x6C,sub_15DEE8,27,1,0,0,unclassified,
0x0015DF54,0x0015E188,0x234,sub_15DF54,140,1,2,2,video_link,
0x0015E1AC,0x0015E3CC,0x220,sub_15E1AC,135,1,3,5,power,
0x0015E490,0x0015E524,0x94,sub_15E490,37,2,2,2,persistent_data,
0x0015E524,0x0015E560,0x3C,sub_15E524,15,1,0,0,unclassified,
0x0015E560,0x0015E5C4,0x64,sub_15E560,25,2,0,0,unclassified,
0x0015EB44,0x0015F0F0,0x5AC,sub_15EB44,357,1,2,5,video_link,
0x0015F0F0,0x0015F314,0x224,sub_15F0F0,137,3,3,0,unclassified,
0x0015F3EC,0x0015F654,0x268,sub_15F3EC,154,11,0,0,unclassified,video_link
0x0015F654,0x0015F93C,0x2E8,sub_15F654,185,0,2,0,unclassified,
0x0015F93C,0x0015FA0C,0xD0,sub_15F93C,51,1,2,0,unclassified,video_link
0x0015FA0C,0x0015FB9C,0x190,sub_15FA0C,100,3,1,0,unclassified,video_link
0x0015FB9C,0x0015FDF8,0x25C,sub_15FB9C,150,2,1,0,unclassified,
0x0015FDF8,0x0015FFF4,0x1FC,sub_15FDF8,127,3,1,0,unclassified,
0x001602CC,0x00160560,0x294,sub_1602CC,164,1,3,0,unclassified,
0x00160560,0x0016088C,0x32C,sub_160560,202,1,8,1,unclassified,video_link
0x0016088C,0x00160B08,0x27C,sub_16088C,158,1,2,0,unclassified,
0x00160B08,0x00160F18,0x410,sub_160B08,256,1,5,4,unclassified,
0x00160F18,0x00161210,0x2F8,sub_160F18,189,2,3,5,unclassified,video_link
0x00161210,0x0016137C,0x16C,sub_161210,90,0,2,0,unclassified,
0x00161420,0x0016148C,0x6C,sub_161420,27,1,0,0,unclassified,
0x001617D4,0x00161A04,0x230,sub_1617D4,140,64,1,0,unclassified,
0x00161A04,0x00161A3C,0x38,sub_161A04,14,0,1,0,unclassified,
0x00161A3C,0x00161D08,0x2CC,sub_161A3C,178,11,2,0,unclassified,
0x00161DE8,0x00161E10,0x28,sub_161DE8,10,1,0,0,unclassified,
0x00161E10,0x00161E38,0x28,sub_161E10,10,1,1,0,unclassified,
0x00161E38,0x00161E7C,0x44,sub_161E38,17,1,0,0,unclassified,
0x00161F4C,0x00161F9C,0x50,sub_161F4C,20,2,1,0,unclassified,
0x00161F9C,0x001620AC,0x110,sub_161F9C,68,2,1,0,unclassified,
0x001620AC,0x00162130,0x84,sub_1620AC,33,4,1,0,unclassified,
0x00162130,0x00162160,0x30,sub_162130,12,1,1,0,unclassified,
0x00162160,0x001621A0,0x40,sub_162160,16,0,1,0,unclassified,
0x001621A0,0x001621D8,0x38,sub_1621A0,14,0,1,0,unclassified,
0x001621D8,0x00162210,0x38,sub_1621D8,14,1,2,0,unclassified,
0x00162210,0x00162244,0x34,sub_162210,13,0,1,0,unclassified,
0x00162244,0x00162274,0x30,sub_162244,12,0,1,0,unclassified,
0x00162274,0x001622D4,0x60,sub_162274,24,1,1,0,unclassified,
0x001622D4,0x00162304,0x30,sub_1622D4,12,1,1,0,unclassified,
0x00162304,0x00162330,0x2C,sub_162304,11,1,1,0,unclassified,
0x00162330,0x00162368,0x38,sub_162330,14,2,1,0,unclassified,
0x00162368,0x00162394,0x2C,sub_162368,11,0,1,0,unclassified,
0x00162394,0x001623DC,0x48,sub_162394,18,0,1,0,unclassified,
0x001623DC,0x0016240C,0x30,sub_1623DC,12,0,1,0,unclassified,
0x0016240C,0x0016259C,0x190,sub_16240C,100,0,1,0,unclassified,
0x0016259C,0x001625C8,0x2C,sub_16259C,11,0,1,0,unclassified,
0x001625C8,0x00162658,0x90,sub_1625C8,35,0,2,0,unclassified,
0x00162658,0x00162688,0x30,sub_162658,12,0,1,0,unclassified,
0x00162688,0x001626C0,0x38,sub_162688,14,1,2,0,unclassified,
0x001626C0,0x0016270C,0x4C,sub_1626C0,19,0,2,0,unclassified,
0x0016270C,0x00162744,0x38,sub_16270C,14,0,1,0,unclassified,
0x00162744,0x0016277C,0x38,sub_162744,14,1,2,2,unclassified,
0x0016277C,0x001627A8,0x2C,sub_16277C,11,1,1,0,unclassified,
0x001627A8,0x001627DC,0x34,sub_1627A8,13,2,2,0,unclassified,
0x001627DC,0x001628B0,0xD4,sub_1627DC,52,1,3,0,unclassified,
0x001628B0,0x001628F8,0x48,sub_1628B0,18,0,1,0,unclassified,
0x001628F8,0x0016292C,0x34,sub_1628F8,13,0,1,0,unclassified,
0x0016292C,0x00162974,0x48,sub_16292C,17,0,1,0,unclassified,
0x00162974,0x00162A94,0x120,sub_162974,72,1,1,0,unclassified,
0x00162A94,0x00162AF4,0x60,sub_162A94,24,1,1,0,unclassified,
0x00162AF4,0x00162B2C,0x38,sub_162AF4,14,0,2,0,unclassified,
0x00162B2C,0x00162B64,0x38,sub_162B2C,14,0,2,0,unclassified,
0x00162B64,0x00162B9C,0x38,sub_162B64,14,0,2,0,unclassified,
0x00162BA4,0x00162BAC,0x8,nullsub_44,2,1,0,0,unclassified,
0x00162BAC,0x00162C58,0xAC,sub_162BAC,43,1,1,0,unclassified,
0x00162C58,0x00162C84,0x2C,sub_162C58,11,2,1,0,unclassified,
0x00162C84,0x00162CBC,0x38,sub_162C84,14,3,1,0,unclassified,
0x00162CBC,0x00162CF4,0x38,sub_162CBC,14,0,1,0,unclassified,
0x00162CF4,0x00162D2C,0x38,sub_162CF4,14,2,1,0,unclassified,
0x00162D2C,0x00162D60,0x34,sub_162D2C,13,0,1,0,unclassified,
0x00162D60,0x00162D94,0x34,sub_162D60,13,1,1,0,unclassified,
0x00162D94,0x00162DEC,0x58,sub_162D94,22,1,2,0,unclassified,
0x00163188,0x001631B8,0x30,sub_163188,12,0,1,0,unclassified,
0x001631B8,0x001631E8,0x30,sub_1631B8,12,0,1,0,unclassified,
0x001631E8,0x00163210,0x28,sub_1631E8,10,1,1,0,unclassified,
0x00163210,0x00163240,0x30,sub_163210,12,1,1,0,unclassified,
0x00163240,0x00163274,0x34,sub_163240,13,2,1,0,unclassified,
0x00163274,0x001632A4,0x30,sub_163274,12,1,0,0,unclassified,
0x001632A4,0x001632CC,0x28,sub_1632A4,10,1,1,0,unclassified,
0x001632CC,0x001632F4,0x28,sub_1632CC,10,2,1,0,unclassified,
0x001632F4,0x0016331C,0x28,sub_1632F4,10,1,1,0,unclassified,
0x0016331C,0x00163348,0x2C,sub_16331C,11,1,1,0,unclassified,
0x00163348,0x00163404,0xBC,sub_163348,46,2,2,0,unclassified,
0x00163404,0x00163480,0x7C,sub_163404,31,0,2,0,unclassified,
0x00163480,0x001634B8,0x38,sub_163480,14,1,1,0,unclassified,
0x001634B8,0x001634E8,0x30,sub_1634B8,12,1,1,0,unclassified,
0x001634E8,0x00163510,0x28,sub_1634E8,10,1,1,0,unclassified,
0x00163538,0x00163554,0x1C,sub_163538,7,1,1,0,unclassified,
0x00163554,0x00163578,0x24,sub_163554,9,1,1,0,unclassified,
0x001635AC,0x001635B4,0x8,nullsub_19,2,1,0,0,unclassified,
0x001635F4,0x00163624,0x30,sub_1635F4,12,2,1,0,unclassified,
0x00163624,0x00163644,0x20,sub_163624,8,1,1,0,unclassified,
0x0016367C,0x001636A0,0x24,sub_16367C,9,2,1,0,unclassified,scaler_panel
0x001636A0,0x00163CCC,0x62C,sub_1636A0,393,6,6,0,unclassified,picture_pq
0x00163CCC,0x00163CEC,0x20,sub_163CCC,8,1,1,0,unclassified,
0x00163CEC,0x00163D0C,0x20,sub_163CEC,8,1,1,0,unclassified,
0x00163D0C,0x00163D44,0x38,sub_163D0C,13,1,1,0,unclassified,
0x00163D44,0x00163D88,0x44,sub_163D44,15,2,1,0,unclassified,picture_pq
0x00163D88,0x00163DE4,0x5C,sub_163D88,23,1,1,0,unclassified,
0x00163DE4,0x00163E40,0x5C,sub_163DE4,23,1,1,0,unclassified,
0x00163E40,0x00163E9C,0x5C,sub_163E40,23,1,1,0,unclassified,
0x00163E9C,0x00163EF8,0x5C,sub_163E9C,23,1,1,0,unclassified,
0x00163EF8,0x00163F84,0x8C,sub_163EF8,35,1,2,0,unclassified,
0x00163F84,0x00163FB0,0x2C,sub_163F84,11,2,0,0,unclassified,
0x00163FB0,0x00163FF4,0x44,sub_163FB0,17,2,2,0,unclassified,
0x00163FF4,0x0016413C,0x148,sub_163FF4,81,3,2,11,video_link|diagnostics,
0x0016413C,0x001641C8,0x8C,sub_16413C,35,2,1,0,unclassified,
0x001641C8,0x00164280,0xB8,sub_1641C8,45,0,0,0,unclassified,
0x00164280,0x00164368,0xE8,sub_164280,58,0,1,0,unclassified,
0x00164368,0x00164474,0x10C,sub_164368,65,1,6,2,scaler_panel,
0x00164474,0x001644DC,0x68,sub_164474,26,1,2,0,unclassified,
0x001644DC,0x00164580,0xA4,sub_1644DC,41,0,2,0,unclassified,
0x00164580,0x00164624,0xA4,sub_164580,41,0,1,0,unclassified,
0x00164624,0x001646DC,0xB8,sub_164624,46,1,5,0,unclassified,
0x001646DC,0x001647D4,0xF8,sub_1646DC,62,0,5,0,unclassified,
0x001647D4,0x001648CC,0xF8,sub_1647D4,62,0,5,0,unclassified,
0x001648CC,0x00164964,0x98,sub_1648CC,37,0,4,0,unclassified,
0x00164FAC,0x00164FE0,0x34,sub_164FAC,13,24,0,0,unclassified,boot_update
0x00164FE0,0x0016537C,0x39C,sub_164FE0,229,0,0,0,unclassified,
0x0016537C,0x001653D0,0x54,sub_16537C,21,16,0,0,unclassified,
0x001653D0,0x00165430,0x60,sub_1653D0,24,10,0,0,unclassified,power
0x00165430,0x00165484,0x54,sub_165430,21,1,0,0,unclassified,
0x00165484,0x001654B0,0x2C,sub_165484,10,3,0,0,unclassified,
0x001654B0,0x001654D4,0x24,sub_1654B0,8,1,0,0,unclassified,
0x001654D4,0x00165514,0x40,sub_1654D4,15,2,0,0,unclassified,
0x00165514,0x00165558,0x44,sub_165514,16,3,0,0,unclassified,
0x00165568,0x00165634,0xCC,sub_165568,50,1,1,0,unclassified,
0x00165634,0x00165730,0xFC,sub_165634,62,0,1,7,scaler_panel,
0x00165730,0x00165750,0x20,sub_165730,8,1,0,0,unclassified,
0x00165750,0x0016576C,0x1C,sub_165750,7,3,0,0,unclassified,scaler_panel
0x0016576C,0x00165C88,0x51C,sub_16576C,324,2,1,8,scaler_panel,
0x00165C9C,0x00165F00,0x264,sub_165C9C,153,4,2,0,unclassified,
0x00165F00,0x00166170,0x270,sub_165F00,156,4,6,0,unclassified,
0x00166170,0x00166208,0x98,sub_166170,38,0,2,0,unclassified,
0x00166208,0x00167610,0x1408,sub_166208,1277,0,44,15,boot_update|audio,
0x00167610,0x00167630,0x20,sub_167610,8,1,0,0,unclassified,
0x00167630,0x00167650,0x20,sub_167630,8,1,0,0,unclassified,
0x001676B0,0x0016779C,0xEC,sub_1676B0,58,0,1,0,unclassified,
0x0016779C,0x00167ECC,0x730,sub_16779C,457,1,5,0,unclassified,boot_update
0x00167ECC,0x00168014,0x148,sub_167ECC,80,0,1,0,unclassified,
0x00168014,0x00168258,0x244,sub_168014,143,0,3,0,unclassified,
0x00168258,0x001683DC,0x184,sub_168258,96,0,4,0,unclassified,
0x00168484,0x001684A4,0x20,sub_168484,8,1,0,0,unclassified,
0x001684A4,0x001684C4,0x20,sub_1684A4,8,1,0,0,unclassified,
0x001684C4,0x001684E8,0x24,sub_1684C4,9,3,0,0,unclassified,
0x001684E8,0x0016850C,0x24,sub_1684E8,9,2,0,0,unclassified,
0x0016850C,0x00168730,0x224,sub_16850C,134,0,0,0,unclassified,
0x00168730,0x0016878C,0x5C,sub_168730,22,1,0,0,unclassified,
0x0016878C,0x0016892C,0x1A0,sub_16878C,100,6,0,0,unclassified,
0x0016892C,0x001689FC,0xD0,sub_16892C,51,1,3,0,unclassified,
0x001689FC,0x00168E38,0x43C,sub_1689FC,269,4,6,0,unclassified,
0x00168E38,0x00168EE0,0xA8,sub_168E38,41,1,1,0,unclassified,
0x00168EE0,0x00168FA4,0xC4,sub_168EE0,49,0,2,0,unclassified,
0x00168FA4,0x001692A0,0x2FC,sub_168FA4,189,1,2,0,unclassified,
0x001692A0,0x001694C4,0x224,sub_1692A0,136,7,5,0,unclassified,
0x001694C4,0x0016952C,0x68,sub_1694C4,26,0,1,2,unclassified,
0x0016952C,0x00169618,0xEC,sub_16952C,59,1,6,4,unclassified,
0x00169618,0x0016964C,0x34,sub_169618,13,1,1,2,unclassified,
0x00169674,0x0016978C,0x118,sub_169674,70,2,0,0,unclassified,
0x0016978C,0x00169BB8,0x42C,sub_16978C,263,1,17,2,unclassified,scaler_panel
0x00169BB8,0x00169C44,0x8C,sub_169BB8,35,0,2,0,unclassified,
0x00169C44,0x00169CE4,0xA0,sub_169C44,39,0,2,0,unclassified,
0x00169CE4,0x00169CFC,0x18,sub_169CE4,6,2,0,0,unclassified,
0x00169CFC,0x00169D14,0x18,sub_169CFC,6,2,0,0,unclassified,
0x00169EC0,0x00169F20,0x60,sub_169EC0,24,2,0,0,unclassified,
0x00169F20,0x00169FB4,0x94,sub_169F20,36,2,0,0,unclassified,
0x0016A05C,0x0016A118,0xBC,sub_16A05C,47,0,2,0,unclassified,
0x0016A118,0x0016A144,0x2C,sub_16A118,11,1,0,0,unclassified,
0x0016A144,0x0016A174,0x30,sub_16A144,11,1,0,0,unclassified,
0x0016A174,0x0016A19C,0x28,sub_16A174,10,1,0,0,unclassified,
0x0016A19C,0x0016A1EC,0x50,sub_16A19C,20,16,0,0,unclassified,video_link
0x0016A1EC,0x0016A244,0x58,sub_16A1EC,22,18,0,0,unclassified,
0x0016A244,0x0016A298,0x54,sub_16A244,21,20,0,0,unclassified,
0x0016A298,0x0016A320,0x88,sub_16A298,34,5,0,0,unclassified,video_link
0x0016A320,0x0016A32C,0xC,sub_16A320,3,1,0,0,unclassified,
0x0016A32C,0x0016A37C,0x50,sub_16A32C,20,1,0,0,unclassified,
0x0016A37C,0x0016A39C,0x20,sub_16A37C,8,1,0,0,unclassified,
0x0016A39C,0x0016A3E8,0x4C,sub_16A39C,19,0,3,0,unclassified,
0x0016A3E8,0x0016A424,0x3C,sub_16A3E8,15,0,3,0,unclassified,
0x0016A424,0x0016A524,0x100,sub_16A424,64,2,8,0,unclassified,
0x0016A524,0x0016A7C4,0x2A0,sub_16A524,167,0,8,0,unclassified,
0x0016A84C,0x0016A900,0xB4,sub_16A84C,45,1,10,0,unclassified,
0x0016A900,0x0016AE6C,0x56C,sub_16A900,343,0,14,4,unclassified,
0x0016AE6C,0x0016AE78,0xC,sub_16AE6C,3,1,0,0,unclassified,
0x0016AE78,0x0016AE94,0x1C,sub_16AE78,7,8,0,0,unclassified,
0x0016AE94,0x0016AEBC,0x28,sub_16AE94,10,3,1,0,unclassified,
0x0016AEBC,0x0016AFB8,0xFC,sub_16AEBC,62,1,2,0,unclassified,
0x0016AFB8,0x0016AFD0,0x18,sub_16AFB8,6,1,1,0,unclassified,
0x0016AFD0,0x0016AFE8,0x18,sub_16AFD0,6,1,1,0,unclassified,
0x0016B580,0x0016B674,0xF4,sub_16B580,74,1,8,0,unclassified,osd_ui
0x0016B694,0x0016B69C,0x8,nullsub_1,2,0,0,0,unclassified,
0x0016B69C,0x0016B704,0x68,sub_16B69C,26,1,2,0,unclassified,
0x0016B960,0x0016B9D8,0x78,sub_16B960,30,0,1,0,unclassified,
0x0016B9D8,0x0016BB98,0x1C0,sub_16B9D8,173,2,3,0,unclassified,
0x0016BB98,0x0016BBE8,0x50,sub_16BB98,20,0,2,0,unclassified,
0x0016BBE8,0x0016BCE8,0x100,sub_16BBE8,137,13,4,0,unclassified,
0x0016BCE8,0x0016BD6C,0x84,sub_16BCE8,33,1,2,2,unclassified,
0x0016BD7C,0x0016BE3C,0xC0,sub_16BD7C,48,1,2,2,unclassified,
0x0016BE3C,0x0016BED0,0x94,sub_16BE3C,37,2,1,2,unclassified,
0x0016BED0,0x0016BF64,0x94,sub_16BED0,37,1,1,2,unclassified,
0x0016BF64,0x0016BF74,0x10,sub_16BF64,4,2,0,0,unclassified,
0x0016BF74,0x0016BF80,0xC,sub_16BF74,3,1,0,0,unclassified,
0x0016BF80,0x0016BFA0,0x20,sub_16BF80,7,4,0,0,unclassified,
0x0016BFA0,0x0016BFAC,0xC,sub_16BFA0,3,1,0,0,unclassified,
0x0016BFAC,0x0016C060,0xB4,sub_16BFAC,45,2,3,2,unclassified,
0x0016C060,0x0016C0B8,0x58,sub_16C060,22,0,1,0,unclassified,
0x0016C0B8,0x0016C0D0,0x18,sub_16C0B8,6,1,1,0,unclassified,
0x0016C0D0,0x0016C0E8,0x18,sub_16C0D0,6,1,1,0,unclassified,
0x0016C0E8,0x0016C19C,0xB4,sub_16C0E8,45,0,3,2,unclassified,
0x0016C19C,0x0016C1F4,0x58,sub_16C19C,22,1,1,0,unclassified,
0x0016C1F4,0x0016C20C,0x18,sub_16C1F4,6,0,1,0,unclassified,
0x0016C20C,0x0016C224,0x18,sub_16C20C,6,0,1,0,unclassified,
0x0016C224,0x0016C2D4,0xB0,sub_16C224,44,8,1,2,unclassified,osd_ui
0x0016C2D4,0x0016C390,0xBC,sub_16C2D4,46,7,1,0,unclassified,persistent_data
0x0016C390,0x0016C3F8,0x68,sub_16C390,26,4,0,0,unclassified,
0x0016C3F8,0x0016C400,0x8,sub_16C3F8,2,6,0,0,unclassified,
0x0016C400,0x0016C4E0,0xE0,sub_16C400,56,9,3,2,unclassified,video_link
0x0016C4E0,0x0016C508,0x28,sub_16C4E0,10,7,3,0,unclassified,scaler_panel
0x0016C508,0x0016C568,0x60,sub_16C508,24,14,0,0,unclassified,video_link
0x0016C568,0x0016C5B8,0x50,sub_16C568,20,7,0,0,unclassified,
0x0016C5B8,0x0016C5F0,0x38,sub_16C5B8,14,0,3,0,unclassified,
0x0016C5F0,0x0016C5F8,0x8,sub_16C5F0,2,2,0,0,unclassified,
0x0016C5F8,0x0016C64C,0x54,sub_16C5F8,21,2,0,0,unclassified,
0x0016C6A0,0x0016C6F4,0x54,sub_16C6A0,21,2,0,0,unclassified,
0x0016C6F4,0x0016C7CC,0xD8,sub_16C6F4,54,0,2,2,unclassified,
0x0016C7CC,0x0016C9D0,0x204,sub_16C7CC,182,0,9,0,unclassified,
0x0016C9D0,0x0016CA98,0xC8,sub_16C9D0,49,1,3,0,unclassified,
0x0016CA98,0x0016CB50,0xB8,sub_16CA98,45,10,6,1,scaler_panel,
0x0016CB50,0x0016CCA0,0x150,sub_16CB50,82,0,19,1,power,
0x0016CCA0,0x0016CCAC,0xC,sub_16CCA0,3,0,0,0,unclassified,
0x0016CCAC,0x0016CE00,0x154,sub_16CCAC,84,3,5,0,unclassified,
0x0016CE00,0x0016CE44,0x44,sub_16CE00,17,1,2,0,unclassified,
0x0016CE44,0x0016CF70,0x12C,sub_16CE44,75,2,3,0,unclassified,
0x0016CF78,0x0016D118,0x1A0,sub_16CF78,229,29,10,0,unclassified,
0x0016D118,0x0016D228,0x110,sub_16D118,67,13,3,0,unclassified,persistent_data
0x0016D228,0x0016D400,0x1D8,sub_16D228,172,1,3,0,unclassified,
0x0016D400,0x0016D950,0x550,sub_16D400,340,1,0,0,unclassified,
0x0016DAD8,0x0016DAF4,0x1C,sub_16DAD8,7,1,1,0,unclassified,
0x0016DAF4,0x0016DAFC,0x8,nullsub_31,2,1,0,0,unclassified,
0x0016DAFC,0x0016DBB8,0xBC,sub_16DAFC,47,2,3,0,unclassified,
0x0016DBB8,0x0016DD04,0x14C,sub_16DBB8,83,2,7,0,unclassified,power
0x0016DD04,0x0016DD18,0x14,sub_16DD04,5,7,1,0,unclassified,osd_ui
0x0016DD18,0x0016DD34,0x1C,sub_16DD18,7,2,0,0,unclassified,
0x0016DD34,0x0016DD74,0x40,sub_16DD34,16,7,3,0,unclassified,osd_ui
0x0016DD74,0x0016DD8C,0x18,sub_16DD74,6,0,1,0,unclassified,
0x0016DD8C,0x0016DDA0,0x14,sub_16DD8C,5,2,0,0,unclassified,
0x0016DDA0,0x0016DDD4,0x34,sub_16DDA0,13,3,1,0,unclassified,osd_ui
0x0016DDD4,0x0016DE90,0xBC,sub_16DDD4,47,2,1,0,unclassified,
0x0016DE90,0x0016DF34,0xA4,sub_16DE90,40,2,2,0,unclassified,
0x0016DF34,0x0016DF4C,0x18,sub_16DF34,6,0,1,0,unclassified,
0x0016DF4C,0x0016DF68,0x1C,sub_16DF4C,7,2,1,0,unclassified,osd_ui
0x0016DF68,0x0016DFF0,0x88,sub_16DF68,34,2,1,0,unclassified,
0x0016DFF0,0x0016E084,0x94,sub_16DFF0,37,2,4,0,unclassified,
0x0016E084,0x0016E110,0x8C,sub_16E084,35,2,2,0,unclassified,
0x0016E110,0x0016E198,0x88,sub_16E110,33,10,4,0,unclassified,osd_ui
0x0016E198,0x0016E468,0x2D0,sub_16E198,180,3,4,0,unclassified,osd_ui
0x0016E468,0x0016E4DC,0x74,sub_16E468,29,34,2,0,unclassified,
0x0016E524,0x0016E588,0x64,sub_16E524,25,3,2,0,unclassified,osd_ui
0x0016E5D0,0x0016E5DC,0xC,sub_16E5D0,3,0,0,0,unclassified,
0x0016E670,0x0016E6A0,0x30,sub_16E670,12,45,1,0,unclassified,persistent_data
0x0016E6A0,0x0016E7D8,0x138,sub_16E6A0,78,8,7,0,unclassified,persistent_data
0x0016E7D8,0x0016E7F0,0x18,sub_16E7D8,6,1,1,0,unclassified,
0x0016E7F0,0x0016E804,0x14,sub_16E7F0,5,1,1,0,unclassified,
0x0016E804,0x0016E828,0x24,sub_16E804,9,1,1,0,unclassified,
0x0016E828,0x0016E8B4,0x8C,sub_16E828,35,84,1,0,unclassified,osd_ui
0x0016E9A8,0x0016EA0C,0x64,sub_16E9A8,25,21,3,0,unclassified,osd_ui
0x0016EA0C,0x0016EA14,0x8,sub_16EA0C,2,1,0,0,unclassified,
0x0016EA14,0x0016EAEC,0xD8,sub_16EA14,54,0,3,2,unclassified,
0x0016EB74,0x0016EBE4,0x70,sub_16EB74,36,0,2,2,unclassified,
0x0016EC04,0x0016EC0C,0x8,sub_16EC04,2,0,0,0,unclassified,
0x0016ECA0,0x0016EE74,0x1D4,sub_16ECA0,117,2,15,0,unclassified,
0x0016EE74,0x0016EF94,0x120,sub_16EE74,71,1,4,0,unclassified,
0x0016EF94,0x0016F03C,0xA8,sub_16EF94,42,1,3,0,unclassified,
0x0016F03C,0x0016F0E4,0xA8,sub_16F03C,42,2,3,0,unclassified,
0x0016F0E4,0x0016F11C,0x38,sub_16F0E4,42,2,4,0,unclassified,
0x0016F18C,0x0016F1E0,0x54,sub_16F18C,21,2,3,0,unclassified,
0x0016F1E0,0x0016F1E8,0x8,nullsub_36,2,1,0,0,unclassified,
0x0016F1E8,0x0016F204,0x1C,sub_16F1E8,7,10,1,0,unclassified,
0x0016F204,0x0016F224,0x20,sub_16F204,8,1,1,0,unclassified,
0x0016F23C,0x0016F254,0x18,sub_16F23C,6,0,1,0,unclassified,
0x0016F254,0x0016F25C,0x8,nullsub_4,2,1,0,0,unclassified,
0x0016F25C,0x0016F264,0x8,nullsub_12,2,1,0,0,unclassified,
0x0016F264,0x0016F340,0xDC,sub_16F264,55,3,1,0,unclassified,
0x0016F358,0x0016F43C,0xE4,sub_16F358,57,5,4,0,unclassified,audio
0x0016F454,0x0016F49C,0x48,sub_16F454,18,0,1,0,unclassified,
0x0016F49C,0x0016F4DC,0x40,sub_16F49C,16,0,1,0,unclassified,
0x0016F4DC,0x0016F524,0x48,sub_16F4DC,18,0,1,0,unclassified,
0x0016F524,0x0016F564,0x40,sub_16F524,16,0,1,0,unclassified,
0x0016F564,0x0016F5E4,0x80,sub_16F564,31,0,1,0,unclassified,
0x0016F5EC,0x0016F5F4,0x8,sub_16F5EC,2,1,0,0,unclassified,
0x0016F5F4,0x0016F608,0x14,sub_16F5F4,5,1,1,0,unclassified,
0x0016F608,0x0016F618,0x10,sub_16F608,4,1,1,0,unclassified,
0x0016F618,0x0016F640,0x28,sub_16F618,10,1,2,0,unclassified,
0x0016F640,0x0016F658,0x18,sub_16F640,6,1,1,0,unclassified,
0x0016F6B8,0x0016F71C,0x64,sub_16F6B8,25,0,1,0,unclassified,
0x0016F71C,0x0016F960,0x244,sub_16F71C,142,1,5,4,boot_update,
0x0016F960,0x0016FACC,0x16C,sub_16F960,90,1,6,0,unclassified,
0x0016FACC,0x0016FBDC,0x110,sub_16FACC,67,0,4,0,unclassified,
0x0016FBDC,0x0016FC28,0x4C,sub_16FBDC,19,2,3,0,unclassified,boot_update
0x0016FC28,0x0016FCF8,0xD0,sub_16FC28,52,3,2,0,unclassified,
0x0016FCF8,0x0016FD00,0x8,nullsub_5,2,1,0,0,unclassified,
0x0016FD00,0x0016FD24,0x24,sub_16FD00,9,4,2,0,unclassified,
0x0016FD24,0x0016FD60,0x3C,sub_16FD24,15,8,0,0,unclassified,
0x0016FD60,0x0016FDF8,0x98,sub_16FD60,38,5,2,2,unclassified,scaler_panel
0x0016FDF8,0x0016FE90,0x98,sub_16FDF8,38,3,2,2,unclassified,scaler_panel
0x0016FE90,0x0016FEA8,0x18,sub_16FE90,6,1,1,0,unclassified,
0x0016FEA8,0x0016FEB8,0x10,sub_16FEA8,4,1,1,0,unclassified,
0x0016FEB8,0x0016FFA4,0xEC,sub_16FEB8,59,1,3,0,unclassified,
0x0016FFA4,0x00170058,0xB4,sub_16FFA4,45,1,1,0,unclassified,
0x00170058,0x001700D0,0x78,sub_170058,30,2,3,0,unclassified,
0x001700D0,0x001700D8,0x8,sub_1700D0,2,2,0,0,unclassified,
0x00170118,0x00170120,0x8,sub_170118,2,2,0,0,unclassified,
0x00170120,0x00170214,0xF4,sub_170120,61,2,1,0,unclassified,
0x00170214,0x00170288,0x74,sub_170214,29,1,2,0,unclassified,
0x00170288,0x00170318,0x90,sub_170288,36,2,1,0,unclassified,
0x00170318,0x00170338,0x20,sub_170318,8,2,0,0,unclassified,
0x00170338,0x00170400,0xC8,sub_170338,50,0,2,2,unclassified,
0x00170400,0x00170438,0x38,sub_170400,43,0,3,0,unclassified,
0x001704C0,0x00170558,0x98,sub_1704C0,38,1,2,0,unclassified,
0x001705BC,0x00170608,0x4C,sub_1705BC,19,0,2,0,unclassified,
0x00170608,0x00170664,0x5C,sub_170608,23,1,0,0,unclassified,
0x00170664,0x00170718,0xB4,sub_170664,44,4,1,0,unclassified,
0x0017073C,0x00170778,0x3C,sub_17073C,14,3,2,0,unclassified,
0x00170778,0x001707A0,0x28,sub_170778,9,2,1,0,unclassified,
0x001707A0,0x001707C4,0x24,sub_1707A0,9,3,0,0,unclassified,
0x001707F4,0x00170838,0x44,sub_1707F4,16,0,1,0,unclassified,
0x00170838,0x00170870,0x38,sub_170838,14,2,2,0,unclassified,
0x00170870,0x0017089C,0x2C,sub_170870,10,2,1,0,unclassified,
0x0017089C,0x00170AA0,0x204,sub_17089C,129,4,7,0,unclassified,
0x00170AA0,0x00170AFC,0x5C,sub_170AA0,23,10,1,0,unclassified,boot_update
0x00170B04,0x00170C04,0x100,sub_170B04,63,2,7,0,unclassified,
0x00170C04,0x00170CB4,0xB0,sub_170C04,44,4,5,0,unclassified,
0x00170CB4,0x00170D58,0xA4,sub_170CB4,41,3,5,0,unclassified,
0x00170D58,0x00170E00,0xA8,sub_170D58,42,1,4,0,unclassified,
0x00170E00,0x00170E78,0x78,sub_170E00,30,1,2,0,unclassified,
0x00170E78,0x00170F30,0xB8,sub_170E78,46,1,1,8,unclassified,
0x00170F30,0x00170FA8,0x78,sub_170F30,30,1,1,4,scaler_panel,
0x00170FA8,0x00171000,0x58,sub_170FA8,22,1,1,0,unclassified,
0x00171000,0x00171020,0x20,sub_171000,8,1,1,0,unclassified,
0x00171020,0x00171078,0x58,sub_171020,21,2,1,0,unclassified,
0x00171078,0x001710BC,0x44,sub_171078,17,1,2,0,unclassified,
0x001710BC,0x001714AC,0x3F0,sub_1710BC,251,1,6,0,unclassified,
0x001714AC,0x00171718,0x26C,sub_1714AC,151,1,1,0,unclassified,
0x00171718,0x0017180C,0xF4,sub_171718,60,4,3,0,unclassified,
0x0017189C,0x00171984,0xE8,sub_17189C,57,2,3,0,unclassified,
0x00171984,0x00171A24,0xA0,sub_171984,40,2,4,0,unclassified,
0x00171A24,0x00171AD4,0xB0,sub_171A24,44,1,6,0,unclassified,
0x00171AD4,0x00171B84,0xB0,sub_171AD4,44,0,6,0,unclassified,
0x00171B84,0x00171C50,0xCC,sub_171B84,51,0,6,0,unclassified,
0x00171C50,0x00171CDC,0x8C,sub_171C50,35,0,6,0,unclassified,
0x00171CDC,0x00171D68,0x8C,sub_171CDC,35,1,6,0,unclassified,
0x00171D68,0x00171D8C,0x24,sub_171D68,9,2,0,0,unclassified,
0x00171D94,0x00171DC8,0x34,sub_171D94,12,3,0,0,unclassified,
0x00171DC8,0x00171E9C,0xD4,sub_171DC8,53,0,4,0,unclassified,
0x00171E9C,0x00171F50,0xB4,sub_171E9C,45,0,3,0,unclassified,
0x00171F50,0x00172004,0xB4,sub_171F50,45,0,3,0,unclassified,
0x00172004,0x001720B8,0xB4,sub_172004,45,0,3,0,unclassified,
0x001720B8,0x00172144,0x8C,sub_1720B8,35,0,3,2,boot_update,
0x00172144,0x001721F8,0xB4,sub_172144,45,8,3,0,unclassified,persistent_data
0x001721F8,0x001722AC,0xB4,sub_1721F8,45,13,3,0,unclassified,persistent_data
0x001722AC,0x00172348,0x9C,sub_1722AC,39,0,6,0,unclassified,
0x00172348,0x001724E0,0x198,sub_172348,102,0,4,0,unclassified,
0x001724E0,0x001725D0,0xF0,sub_1724E0,60,0,5,0,unclassified,
0x001725D0,0x00172660,0x90,sub_1725D0,36,0,4,0,unclassified,
0x00172660,0x001726F4,0x94,sub_172660,37,0,1,0,unclassified,
0x00172718,0x001728B0,0x198,sub_172718,100,2,9,0,unclassified,
0x001728B0,0x001729B4,0x104,sub_1728B0,65,0,5,0,unclassified,
0x00172BBC,0x00172C54,0x98,sub_172BBC,38,2,3,0,unclassified,
0x00172C54,0x00172CB0,0x5C,sub_172C54,23,5,1,0,unclassified,
0x00172CB0,0x00172E44,0x194,sub_172CB0,100,2,12,0,unclassified,
0x00172E44,0x00172E98,0x54,sub_172E44,21,3,1,0,unclassified,
0x00172E98,0x00172EB4,0x1C,sub_172E98,7,0,1,0,unclassified,
0x00172EB4,0x00172ED0,0x1C,sub_172EB4,7,0,1,0,unclassified,
0x00172ED0,0x00172F18,0x48,sub_172ED0,17,4,1,0,unclassified,
0x00172F18,0x00172F5C,0x44,sub_172F18,16,3,1,0,unclassified,
0x00172F5C,0x00172FA8,0x4C,sub_172F5C,19,2,1,0,unclassified,
0x00172FA8,0x00172FF0,0x48,sub_172FA8,22,1,1,0,unclassified,
0x00173050,0x0017305C,0xC,sub_173050,3,2,0,0,unclassified,
0x001730E8,0x00173180,0x98,sub_1730E8,38,2,2,0,unclassified,
0x00173180,0x00173210,0x90,sub_173180,36,1,3,0,unclassified,
0x00173210,0x00173250,0x40,sub_173210,16,2,1,0,unclassified,
0x00173250,0x001732F8,0xA8,sub_173250,42,0,1,2,unclassified,
0x001732F8,0x00173378,0x80,sub_1732F8,32,1,4,0,unclassified,
0x00173424,0x0017342C,0x8,nullsub_6,2,1,0,0,unclassified,
0x00173434,0x0017343C,0x8,nullsub_9,2,1,0,0,unclassified,
0x0017343C,0x00173444,0x8,nullsub_10,2,1,0,0,unclassified,
0x00173464,0x0017346C,0x8,nullsub_7,2,1,0,0,unclassified,
0x0017346C,0x00173474,0x8,nullsub_11,2,1,0,0,unclassified,
0x0017349C,0x00173544,0xA8,sub_17349C,41,1,1,0,unclassified,
0x00173544,0x001735C0,0x7C,sub_173544,31,0,4,0,unclassified,
0x001735C0,0x00173668,0xA8,sub_1735C0,42,0,4,0,unclassified,
0x00173668,0x00173680,0x18,sub_173668,6,0,2,0,unclassified,
0x00173680,0x001736AC,0x2C,sub_173680,11,1,2,0,unclassified,
0x001736AC,0x00173748,0x9C,sub_1736AC,39,2,1,0,unclassified,
0x00173748,0x00173774,0x2C,sub_173748,11,3,0,0,unclassified,
0x00173774,0x00173788,0x14,sub_173774,5,1,1,0,unclassified,
0x00173788,0x00173798,0x10,sub_173788,4,1,1,0,unclassified,
0x00173798,0x001737A8,0x10,sub_173798,4,1,1,0,unclassified,
0x001737A8,0x001737BC,0x14,sub_1737A8,5,1,1,0,unclassified,
0x001737BC,0x001738BC,0x100,sub_1737BC,64,2,2,0,unclassified,
0x001738BC,0x001739C0,0x104,sub_1738BC,64,1,2,0,unclassified,
0x001739C0,0x001739D8,0x18,sub_1739C0,6,1,1,0,unclassified,
0x001739D8,0x00173A30,0x58,sub_1739D8,21,1,2,0,unclassified,
0x00173A7C,0x00173AE0,0x64,sub_173A7C,25,0,0,0,unclassified,
0x00173AE0,0x00173B5C,0x7C,sub_173AE0,31,0,0,0,unclassified,
0x00173C58,0x00173CAC,0x54,sub_173C58,21,0,1,0,unclassified,
0x00173CAC,0x001741D8,0x52C,sub_173CAC,329,1,1,0,unclassified,
0x001741D8,0x001742FC,0x124,sub_1741D8,72,0,0,0,unclassified,
0x001743A8,0x00174590,0x1E8,sub_1743A8,121,1,2,0,unclassified,
0x00174590,0x00174664,0xD4,sub_174590,53,1,1,0,unclassified,
0x00174664,0x00174800,0x19C,sub_174664,103,0,3,0,unclassified,
0x00174800,0x0017480C,0xC,sub_174800,3,1,0,0,unclassified,
0x0017480C,0x00174818,0xC,sub_17480C,3,1,0,0,unclassified,
0x00174818,0x001748A4,0x8C,sub_174818,35,1,0,0,unclassified,
0x001748A4,0x001748B0,0xC,sub_1748A4,3,1,0,0,unclassified,
0x001748B0,0x001748BC,0xC,sub_1748B0,3,1,0,0,unclassified,
0x001748BC,0x001748C8,0xC,sub_1748BC,3,1,0,0,unclassified,
0x001748C8,0x001748D4,0xC,sub_1748C8,3,1,0,0,unclassified,
0x001748D4,0x001748E0,0xC,sub_1748D4,3,1,0,0,unclassified,
0x001748E0,0x001748EC,0xC,sub_1748E0,3,1,0,0,unclassified,
0x001748EC,0x001748F8,0xC,sub_1748EC,3,1,0,0,unclassified,
0x001748F8,0x00174904,0xC,sub_1748F8,3,1,0,0,unclassified,
0x00174904,0x00174910,0xC,sub_174904,3,1,0,0,unclassified,
0x00174910,0x001749FC,0xEC,sub_174910,59,0,1,0,unclassified,
0x00174A20,0x00174B68,0x148,sub_174A20,82,1,6,0,unclassified,
0x00174B68,0x00174CAC,0x144,sub_174B68,81,1,1,0,unclassified,
0x00174CAC,0x00174DF0,0x144,sub_174CAC,81,1,1,0,unclassified,
0x00174DF0,0x00175098,0x2A8,sub_174DF0,170,1,6,4,unclassified,
0x00175098,0x001751A8,0x110,sub_175098,67,1,9,5,unclassified,
0x00175220,0x001756C4,0x4A4,sub_175220,295,1,2,0,unclassified,
0x001756C4,0x001759F4,0x330,sub_1756C4,204,1,1,0,unclassified,
0x001759F4,0x00175A64,0x70,sub_1759F4,28,1,1,0,unclassified,
0x00175A64,0x00175AE8,0x84,sub_175A64,32,1,1,0,unclassified,
0x00175AE8,0x00175D00,0x218,sub_175AE8,134,1,1,0,unclassified,
0x00175D00,0x00175D48,0x48,sub_175D00,18,0,4,0,unclassified,
0x001762A8,0x001763DC,0x134,sub_1762A8,77,0,0,0,unclassified,
0x00176578,0x00176580,0x8,nullsub_42,2,1,0,0,unclassified,
0x00176580,0x001766C0,0x140,sub_176580,80,1,4,0,unclassified,
0x001766C0,0x001766E8,0x28,sub_1766C0,10,1,2,0,unclassified,
0x001766E8,0x001766F0,0x8,nullsub_43,2,1,0,0,unclassified,
0x001766F0,0x001767D8,0xE8,sub_1766F0,58,2,3,0,unclassified,
0x001767D8,0x001767FC,0x24,sub_1767D8,9,1,2,0,unclassified,
0x001767FC,0x00176A88,0x28C,sub_1767FC,162,1,7,0,unclassified,
0x00176A88,0x00176AE4,0x5C,sub_176A88,23,0,2,0,unclassified,
0x00176AE4,0x00176C1C,0x138,sub_176AE4,78,15,8,0,unclassified,diagnostics
0x00176C1C,0x00176DA8,0x18C,sub_176C1C,97,1,7,0,unclassified,
0x00176DA8,0x00176E50,0xA8,sub_176DA8,41,2,0,0,unclassified,
0x00177810,0x00177AF8,0x2E8,sub_177810,186,1,6,0,unclassified,
0x00177AF8,0x00177BF0,0xF8,sub_177AF8,62,1,2,0,unclassified,
0x00177BF0,0x00177BFC,0xC,sub_177BF0,3,3,0,0,unclassified,
0x00177DE4,0x00177EAC,0xC8,sub_177DE4,49,1,2,0,unclassified,
0x00177EAC,0x00177F50,0xA4,sub_177EAC,40,1,2,0,unclassified,
0x00177F50,0x00178040,0xF0,sub_177F50,60,13,2,0,unclassified,
0x001789D4,0x00178AAC,0xD8,sub_1789D4,54,2,1,0,unclassified,
0x00178AAC,0x00178CC4,0x218,sub_178AAC,134,4,2,0,unclassified,
0x00178CC4,0x00178D10,0x4C,sub_178CC4,17,1,0,0,unclassified,
0x00178D10,0x00178D6C,0x5C,sub_178D10,21,1,0,0,unclassified,
0x00178D6C,0x00178D74,0x8,nullsub_8,2,1,0,0,unclassified,
0x00178E5C,0x00178E9C,0x40,sub_178E5C,16,0,1,0,unclassified,
0x00178E9C,0x00178EF8,0x5C,sub_178E9C,23,0,2,0,unclassified,
0x00178EF8,0x00178F54,0x5C,sub_178EF8,23,0,2,0,unclassified,
0x00178F54,0x00178FB0,0x5C,sub_178F54,23,0,2,0,unclassified,
0x00178FB0,0x00179024,0x74,sub_178FB0,29,0,4,0,unclassified,
0x00179024,0x001791E0,0x1BC,sub_179024,111,2,7,0,unclassified,
0x001791E0,0x001792A0,0xC0,sub_1791E0,48,1,7,4,boot_update|events_tasks,
0x001792A0,0x00179700,0x460,sub_1792A0,279,1,9,0,unclassified,
0x00179700,0x00179804,0x104,sub_179700,65,0,8,0,unclassified,
0x00179804,0x00179898,0x94,sub_179804,37,2,8,0,unclassified,osd_ui
0x00179898,0x001798C8,0x30,sub_179898,12,0,2,0,unclassified,
0x001798C8,0x0017A7A8,0xEE0,sub_1798C8,945,2,42,58,boot_update|audio|events_tasks,
0x0017A7A8,0x0017A7E0,0x38,sub_17A7A8,14,0,3,0,unclassified,osd_ui
0x0017A7E0,0x0017A880,0xA0,sub_17A7E0,40,1,6,0,unclassified,
0x0017A890,0x0017A8C8,0x38,sub_17A890,14,1,0,0,unclassified,
0x0017A8C8,0x0017A8FC,0x34,sub_17A8C8,13,1,0,0,unclassified,
0x0017A8FC,0x0017A9E8,0xEC,sub_17A8FC,57,1,19,0,unclassified,
0x0017A9E8,0x0017AA7C,0x94,sub_17A9E8,36,2,12,0,unclassified,osd_ui
0x0017AA7C,0x0017AC68,0x1EC,sub_17AA7C,123,1,3,18,osd_ui|input_keys|ddc_ci|events_tasks,
0x0017AC68,0x0017AD04,0x9C,sub_17AC68,39,5,1,0,unclassified,input_keys
0x0017AD04,0x0017ADD8,0xD4,sub_17AD04,53,1,9,0,unclassified,
0x0017ADD8,0x0017AF24,0x14C,sub_17ADD8,83,0,6,0,unclassified,events_tasks
0x0017AF24,0x0017AFFC,0xD8,sub_17AF24,54,0,2,0,unclassified,
0x0017AFFC,0x0017B1B0,0x1B4,sub_17AFFC,109,0,3,0,unclassified,
0x0017B1B0,0x0017B3F4,0x244,sub_17B1B0,145,1,5,0,unclassified,
0x0017B3F4,0x0017B580,0x18C,sub_17B3F4,99,1,5,0,unclassified,events_tasks
0x0017B5B4,0x0017B778,0x1C4,sub_17B5B4,112,2,9,3,unclassified,events_tasks
0x0017B778,0x0017BFEC,0x874,sub_17B778,539,1,56,18,power|events_tasks,
0x0017BFEC,0x0017C1AC,0x1C0,sub_17BFEC,111,0,20,12,factory_service|osd_ui,
0x0017C1D0,0x0017C2B8,0xE8,sub_17C1D0,56,1,0,0,unclassified,
0x0017C2B8,0x0017C394,0xDC,sub_17C2B8,54,1,0,0,unclassified,
0x0017C394,0x0017C47C,0xE8,sub_17C394,56,10,0,0,unclassified,osd_ui
0x0017C47C,0x0017C4A4,0x28,sub_17C47C,10,2,1,0,unclassified,
0x0017C4A4,0x0017CEF0,0xA4C,sub_17C4A4,653,1,16,4,input_keys,
0x0017D454,0x0017D474,0x20,sub_17D454,8,14,0,0,unclassified,osd_ui
0x0017D488,0x0017D548,0xC0,sub_17D488,48,1,1,0,unclassified,
0x0017D718,0x0017D8CC,0x1B4,sub_17D718,109,2,8,0,unclassified,osd_ui
0x0017D8CC,0x0017DA58,0x18C,sub_17D8CC,99,1,3,0,unclassified,osd_ui
0x0017DA58,0x0017DB48,0xF0,sub_17DA58,60,2,2,8,osd_ui,
0x0017DB48,0x0017DD40,0x1F8,sub_17DB48,126,2,13,8,osd_ui,
0x0017DD40,0x0017DE2C,0xEC,sub_17DD40,59,0,4,0,unclassified,osd_ui
0x0017DE2C,0x0017DF14,0xE8,sub_17DE2C,58,0,5,4,boot_update|osd_ui|scaler_panel,
0x0017DF14,0x0017E010,0xFC,sub_17DF14,63,0,5,0,unclassified,osd_ui
0x0017E010,0x0017E140,0x130,sub_17E010,76,1,9,0,unclassified,osd_ui
0x0017E17C,0x0017E464,0x2E8,sub_17E17C,186,5,5,0,unclassified,osd_ui
0x0017E464,0x0017E8A0,0x43C,sub_17E464,271,1,14,0,unclassified,osd_ui
0x0017E8A0,0x0017EC80,0x3E0,sub_17E8A0,248,1,14,0,unclassified,osd_ui
0x0017EC80,0x0017F078,0x3F8,sub_17EC80,252,1,13,13,osd_ui|events_tasks,
0x0017F078,0x0017F130,0xB8,sub_17F078,44,0,4,6,osd_ui|video_link|events_tasks,
0x0017F130,0x0017F4E8,0x3B8,sub_17F130,237,1,14,3,osd_ui|events_tasks,
0x0017F4E8,0x0017F604,0x11C,sub_17F4E8,70,2,7,6,osd_ui|video_link|events_tasks,
0x0017F604,0x0017F7C8,0x1C4,sub_17F604,112,1,10,0,unclassified,
0x0017F7C8,0x0017F934,0x16C,sub_17F7C8,90,1,10,0,unclassified,osd_ui
0x0017F934,0x0017FA30,0xFC,sub_17F934,63,1,4,0,unclassified,boot_update
0x0017FA30,0x0017FAA8,0x78,sub_17FA30,30,0,3,0,unclassified,
0x0017FAA8,0x0017FE04,0x35C,sub_17FAA8,215,1,25,4,boot_update|osd_ui|scaler_panel,
0x0017FE28,0x0017FE44,0x1C,sub_17FE28,7,1,1,0,unclassified,osd_ui
0x0017FE44,0x0017FE5C,0x18,sub_17FE44,6,4,1,0,unclassified,osd_ui
0x0017FE5C,0x0017FF2C,0xD0,sub_17FE5C,50,1,3,3,video_link|scaler_panel,
0x0017FF2C,0x0017FF50,0x24,sub_17FF2C,9,7,1,0,unclassified,video_link
0x0017FF50,0x0017FF6C,0x1C,sub_17FF50,7,1,0,0,unclassified,
0x0017FF6C,0x0017FFD8,0x6C,sub_17FF6C,26,1,0,0,unclassified,
0x0017FFD8,0x0017FFE0,0x8,sub_17FFD8,2,24,0,0,unclassified,video_link
0x0018003C,0x001800C0,0x84,sub_18003C,31,0,2,0,unclassified,picture_pq
0x001800C0,0x00180144,0x84,sub_1800C0,32,0,2,0,unclassified,picture_pq
0x00180144,0x001801C8,0x84,sub_180144,32,0,2,0,unclassified,picture_pq
0x001801C8,0x0018027C,0xB4,sub_1801C8,44,0,2,0,unclassified,picture_pq
0x0018027C,0x00180300,0x84,sub_18027C,32,0,2,0,unclassified,picture_pq
0x00180300,0x00180710,0x410,sub_180300,250,3,8,0,unclassified,persistent_data
0x00180710,0x0018091C,0x20C,sub_180710,131,4,10,0,unclassified,picture_pq
0x0018091C,0x00180940,0x24,sub_18091C,9,3,1,0,unclassified,persistent_data
0x00180940,0x00180948,0x8,sub_180940,2,3,0,0,unclassified,persistent_data
0x00180948,0x0018096C,0x24,sub_180948,9,3,1,0,unclassified,persistent_data
0x0018096C,0x00180A08,0x9C,sub_18096C,39,5,1,0,unclassified,scaler_panel
0x00180A08,0x00180A80,0x78,sub_180A08,30,1,1,0,unclassified,
0x00180A80,0x00180B68,0xE8,sub_180A80,57,1,4,3,scaler_panel,
0x00180B68,0x00180B70,0x8,sub_180B68,2,2,0,0,unclassified,boot_update
0x00180B78,0x00180B90,0x18,sub_180B78,6,1,1,0,unclassified,picture_pq
0x00180B90,0x00180BB4,0x24,sub_180B90,9,2,1,0,unclassified,
0x00180BB4,0x00180C1C,0x68,sub_180BB4,25,10,3,0,unclassified,
0x00180C1C,0x00180D00,0xE4,sub_180C1C,57,6,3,0,unclassified,picture_pq
0x00180D00,0x0018159C,0x89C,sub_180D00,549,6,7,4,factory_service|osd_ui|picture_pq,
0x0018159C,0x00181628,0x8C,sub_18159C,35,6,2,0,unclassified,picture_pq
0x00181628,0x00181630,0x8,sub_181628,2,2,0,0,unclassified,
0x00181630,0x00181660,0x30,sub_181630,12,2,0,0,unclassified,
0x00181660,0x00181690,0x30,sub_181660,12,1,0,0,unclassified,
0x00181690,0x00181830,0x1A0,sub_181690,104,1,3,0,unclassified,picture_pq
0x00181830,0x001819C8,0x198,sub_181830,102,1,3,0,unclassified,picture_pq
0x001819C8,0x00181B60,0x198,sub_1819C8,102,1,3,0,unclassified,picture_pq
0x00181B60,0x00181B70,0x10,sub_181B60,4,1,1,0,unclassified,
0x00181B70,0x00181C04,0x94,sub_181B70,37,1,3,0,unclassified,boot_update
0x00181C04,0x00181C88,0x84,sub_181C04,33,0,2,0,unclassified,boot_update
0x00181C88,0x00181D0C,0x84,sub_181C88,33,0,0,0,unclassified,
0x00181D1C,0x00181DCC,0xB0,sub_181D1C,44,0,1,8,boot_update|scaler_panel|diagnostics,
0x00181DCC,0x00182028,0x25C,sub_181DCC,151,1,5,8,boot_update|scaler_panel|diagnostics,
0x00182028,0x00182034,0xC,sub_182028,3,29,0,0,unclassified,picture_pq
0x00182034,0x00182040,0xC,sub_182034,3,2,0,0,unclassified,osd_ui
0x00182040,0x0018204C,0xC,sub_182040,3,1,0,0,unclassified,
0x0018204C,0x00182054,0x8,sub_18204C,2,2,0,0,unclassified,
0x00182054,0x00182088,0x34,sub_182054,12,3,0,1,unclassified,osd_ui
0x00182088,0x0018210C,0x84,sub_182088,32,1,1,1,unclassified,
0x0018210C,0x00182118,0xC,sub_18210C,3,2,0,0,unclassified,
0x00182118,0x00182124,0xC,sub_182118,3,4,0,0,unclassified,
0x00182130,0x00182138,0x8,sub_182130,2,2,0,0,unclassified,scaler_panel
0x00182138,0x001821C8,0x90,sub_182138,36,1,3,2,unclassified,
0x001821C8,0x001821D4,0xC,sub_1821C8,3,1,0,0,unclassified,
0x001821D4,0x001821DC,0x8,sub_1821D4,2,2,0,0,unclassified,scaler_panel
0x001821DC,0x001821E4,0x8,sub_1821DC,2,3,0,0,unclassified,scaler_panel
0x001821E4,0x001821EC,0x8,sub_1821E4,2,9,0,0,unclassified,scaler_panel
0x001821EC,0x001821F4,0x8,sub_1821EC,2,9,0,0,unclassified,scaler_panel
0x00182204,0x0018222C,0x28,sub_182204,10,1,0,0,unclassified,
0x0018222C,0x00182248,0x1C,sub_18222C,7,2,0,0,unclassified,scaler_panel
0x00182248,0x00182264,0x1C,sub_182248,7,1,0,0,unclassified,
0x00182264,0x001822DC,0x78,sub_182264,30,2,1,4,picture_pq|scaler_panel,
0x001822DC,0x00182458,0x17C,sub_1822DC,95,1,2,0,unclassified,
0x00182458,0x001824C4,0x6C,sub_182458,26,0,2,4,picture_pq,
0x001824C4,0x0018252C,0x68,sub_1824C4,25,0,2,4,unclassified,
0x0018252C,0x00182594,0x68,sub_18252C,25,0,2,4,unclassified,
0x00182594,0x00182604,0x70,sub_182594,26,1,2,2,unclassified,
0x00182604,0x00182828,0x224,sub_182604,136,1,2,16,picture_pq,
0x00182828,0x00182834,0xC,sub_182828,3,1,0,0,unclassified,
0x00182868,0x00182900,0x98,sub_182868,38,1,0,0,unclassified,
0x00182900,0x00182958,0x58,sub_182900,22,1,0,0,unclassified,
0x001829EC,0x00182A44,0x58,sub_1829EC,22,1,0,0,unclassified,
0x00182A44,0x00182B1C,0xD8,sub_182A44,54,1,0,0,unclassified,
0x00182B1C,0x00182C24,0x108,sub_182B1C,66,2,0,0,unclassified,scaler_panel
0x00182C24,0x00182EF0,0x2CC,sub_182C24,179,7,3,0,unclassified,scaler_panel
0x00182EF0,0x00182FF8,0x108,sub_182EF0,64,6,3,2,video_link|scaler_panel,
0x00182FF8,0x0018301C,0x24,sub_182FF8,9,64,1,0,unclassified,
0x0018301C,0x0018319C,0x180,sub_18301C,95,9,4,1,scaler_panel,
0x0018319C,0x001832C4,0x128,sub_18319C,74,53,4,0,unclassified,
0x001832C4,0x00183328,0x64,sub_1832C4,25,0,4,0,unclassified,video_link
0x00183328,0x00183410,0xE8,sub_183328,58,1,6,0,unclassified,video_link
0x00183410,0x00183478,0x68,sub_183410,26,1,2,0,unclassified,
0x00183478,0x001834BC,0x44,sub_183478,17,21,1,0,unclassified,video_link
0x001834BC,0x00183694,0x1D8,sub_1834BC,117,4,5,15,video_link|picture_pq|scaler_panel,
0x00183694,0x001836B4,0x20,sub_183694,8,9,2,0,unclassified,scaler_panel
0x001836B4,0x001836D4,0x20,sub_1836B4,8,3,2,0,unclassified,video_link
0x001836D4,0x00183760,0x8C,sub_1836D4,35,2,3,0,unclassified,video_link
0x00183760,0x001837C8,0x68,sub_183760,26,1,2,0,unclassified,
0x001837C8,0x001837E8,0x20,sub_1837C8,8,15,1,0,unclassified,scaler_panel
0x001837E8,0x0018384C,0x64,sub_1837E8,25,11,1,0,unclassified,video_link
0x0018384C,0x001838B0,0x64,sub_18384C,25,0,1,0,unclassified,
0x001838B0,0x00183914,0x64,sub_1838B0,25,0,1,0,unclassified,
0x0018391C,0x001839B0,0x94,sub_18391C,37,9,1,0,unclassified,scaler_panel
0x001839B8,0x001839D0,0x18,sub_1839B8,6,2,1,0,unclassified,power
0x001839D0,0x001839E8,0x18,sub_1839D0,6,12,0,0,unclassified,events_tasks
0x001839E8,0x00183A0C,0x24,sub_1839E8,9,8,1,0,unclassified,video_link
0x00183A0C,0x00183A2C,0x20,sub_183A0C,8,1,1,0,unclassified,
0x00183A2C,0x00183A4C,0x20,sub_183A2C,8,2,1,0,unclassified,
0x00183A4C,0x00183A64,0x18,sub_183A4C,6,15,1,0,unclassified,boot_update
0x00183A64,0x00183A84,0x20,sub_183A64,8,0,1,0,unclassified,
0x00183A84,0x00183A9C,0x18,sub_183A84,6,2,1,0,unclassified,
0x00183A9C,0x00183AB4,0x18,sub_183A9C,6,1,1,0,unclassified,
0x00183AB4,0x00183AF4,0x40,sub_183AB4,16,0,1,0,unclassified,
0x00183AF4,0x00183BFC,0x108,sub_183AF4,66,4,5,0,unclassified,scaler_panel
0x00183BFC,0x00183D94,0x198,sub_183BFC,99,2,10,9,boot_update|scaler_panel,
0x00183D94,0x00183DAC,0x18,sub_183D94,6,0,1,0,unclassified,
0x00183DAC,0x00183DE8,0x3C,sub_183DAC,15,0,1,0,unclassified,
0x00183DE8,0x00183E00,0x18,sub_183DE8,6,0,1,0,unclassified,
0x00183E00,0x00183E74,0x74,sub_183E00,29,9,4,0,unclassified,scaler_panel
0x00183E74,0x00183ED0,0x5C,sub_183E74,23,0,4,0,unclassified,scaler_panel
0x00183ED0,0x00183EF4,0x24,sub_183ED0,9,2,1,0,unclassified,osd_ui
0x00183EF4,0x00183F14,0x20,sub_183EF4,8,14,1,0,unclassified,osd_ui
0x00183F14,0x00183F58,0x44,sub_183F14,17,2,1,0,unclassified,
0x00183F58,0x00184028,0xD0,sub_183F58,52,1,4,2,unclassified,
0x00184028,0x00184044,0x1C,sub_184028,7,3,1,0,unclassified,scaler_panel
0x00184044,0x001841B8,0x174,sub_184044,93,1,1,0,unclassified,boot_update
0x001841B8,0x00184248,0x90,sub_1841B8,36,1,1,0,unclassified,boot_update
0x00184248,0x001842CC,0x84,sub_184248,33,1,1,0,unclassified,boot_update
0x001842CC,0x00184378,0xAC,sub_1842CC,43,0,1,0,unclassified,
0x00184378,0x001843F0,0x78,sub_184378,30,0,1,0,unclassified,
0x001843F0,0x00184468,0x78,sub_1843F0,30,0,1,0,unclassified,
0x00184468,0x00184480,0x18,sub_184468,6,1,1,0,unclassified,
0x00184480,0x00184498,0x18,sub_184480,6,0,1,0,unclassified,
0x00184498,0x001844A4,0xC,sub_184498,3,1,0,0,unclassified,
0x001844A4,0x001844D0,0x2C,sub_1844A4,11,10,0,0,unclassified,scaler_panel
0x001844D0,0x00184538,0x68,sub_1844D0,26,1,4,0,unclassified,osd_ui
0x00185054,0x00185060,0xC,sub_185054,3,1,0,0,unclassified,
0x00185060,0x0018508C,0x2C,sub_185060,11,1,0,0,unclassified,
0x0018508C,0x00185098,0xC,sub_18508C,3,1,0,0,unclassified,
0x00185098,0x00185144,0xAC,sub_185098,43,1,0,0,unclassified,
0x00185144,0x00185184,0x40,sub_185144,16,1,0,0,unclassified,
0x00185184,0x001851F8,0x74,sub_185184,26,1,0,5,ddc_ci,
0x001851F8,0x0018526C,0x74,sub_1851F8,29,0,3,0,unclassified,
0x0018526C,0x0018538C,0x120,sub_18526C,72,1,5,0,unclassified,
0x001853C8,0x00185448,0x80,sub_1853C8,32,1,1,0,unclassified,
0x00185448,0x00185530,0xE8,sub_185448,58,1,1,0,unclassified,
0x00185530,0x00185610,0xE0,sub_185530,56,1,3,0,unclassified,
0x00185610,0x001857DC,0x1CC,sub_185610,114,1,5,1,unclassified,ddc_ci
0x0018587C,0x001858E0,0x64,sub_18587C,24,0,1,0,unclassified,
0x001858E0,0x00185948,0x68,sub_1858E0,26,0,2,0,unclassified,video_link
0x0018597C,0x001859E4,0x68,sub_18597C,26,0,2,0,unclassified,
0x001859E4,0x00185A7C,0x98,sub_1859E4,38,0,2,0,unclassified,
0x00185A7C,0x00185AB4,0x38,sub_185A7C,14,0,1,0,unclassified,
0x00185AB4,0x00185AEC,0x38,sub_185AB4,14,0,1,0,unclassified,
0x00185AEC,0x00185B04,0x18,sub_185AEC,6,0,1,0,unclassified,
0x00185B04,0x00185BAC,0xA8,sub_185B04,42,0,5,0,unclassified,audio
0x00185BAC,0x00185D4C,0x1A0,sub_185BAC,104,2,9,4,input_keys|ddc_ci,
0x00185D4C,0x00185DDC,0x90,sub_185D4C,36,1,4,0,unclassified,
0x00185DDC,0x00185FA4,0x1C8,sub_185DDC,163,1,7,0,unclassified,ddc_ci
0x00185FA4,0x00185FDC,0x38,sub_185FA4,14,0,1,0,unclassified,
0x00185FDC,0x00186038,0x5C,sub_185FDC,23,0,3,0,unclassified,audio
0x00186038,0x00186068,0x30,sub_186038,12,0,2,0,unclassified,
0x00186128,0x00186140,0x18,sub_186128,6,0,1,0,unclassified,
0x00186140,0x00186160,0x20,sub_186140,10,0,1,0,unclassified,
0x00186180,0x00186194,0x14,sub_186180,5,1,2,0,unclassified,
0x00186194,0x001861A8,0x14,sub_186194,5,1,2,0,unclassified,
0x001861A8,0x001861B0,0x8,sub_1861A8,2,0,1,0,unclassified,
0x001861BC,0x001861F0,0x34,sub_1861BC,21,0,2,0,unclassified,
0x001861F0,0x00186210,0x20,sub_1861F0,12,0,2,0,unclassified,
0x00186220,0x00186234,0x14,sub_186220,6,1,2,0,unclassified,
0x00186234,0x00186244,0x10,sub_186234,4,0,1,0,unclassified,
0x00186248,0x0018625C,0x14,sub_186248,5,0,2,0,unclassified,
0x0018625C,0x00186260,0x4,sub_18625C,1,0,0,0,unclassified,
0x00186270,0x00186280,0x10,sub_186270,8,0,1,0,unclassified,
0x00186280,0x00186294,0x14,sub_186280,5,0,2,0,unclassified,
0x00186294,0x001862A0,0xC,sub_186294,3,0,0,0,unclassified,
0x001862A0,0x001862A8,0x8,sub_1862A0,2,0,0,0,unclassified,
0x001862A8,0x00186350,0xA8,sub_1862A8,42,0,2,0,unclassified,
0x00186350,0x00186464,0x114,sub_186350,68,0,1,0,unclassified,
0x00186464,0x00186548,0xE4,sub_186464,56,0,2,0,unclassified,
0x00186548,0x001865E8,0xA0,sub_186548,40,0,5,0,unclassified,
0x001865E8,0x00186670,0x88,sub_1865E8,34,0,2,0,unclassified,
0x00186670,0x00186728,0xB8,sub_186670,46,0,2,0,unclassified,
0x00186728,0x001867E0,0xB8,sub_186728,46,0,2,0,unclassified,
0x001867E0,0x001869B0,0x1D0,sub_1867E0,115,1,3,13,ddc_ci,
0x001869B0,0x001869BC,0xC,sub_1869B0,3,1,0,0,unclassified,
0x001869BC,0x00186F4C,0x590,sub_1869BC,428,1,22,4,ddc_ci,
0x00186F4C,0x0018779C,0x850,sub_186F4C,524,1,19,3,osd_ui|ddc_ci,
0x0018779C,0x001877E4,0x48,sub_18779C,18,0,1,0,unclassified,
0x001877F0,0x00187818,0x28,sub_1877F0,10,0,1,0,unclassified,
0x00187820,0x001878C8,0xA8,sub_187820,41,0,2,0,unclassified,
0x001879A8,0x001879DC,0x34,sub_1879A8,13,0,2,0,unclassified,
0x001879DC,0x00187A20,0x44,sub_1879DC,17,0,2,0,unclassified,
0x00187A20,0x00187A68,0x48,sub_187A20,18,0,2,0,unclassified,
0x00187A68,0x00187AFC,0x94,sub_187A68,37,1,3,0,unclassified,
0x00187AFC,0x00187B44,0x48,sub_187AFC,18,0,2,0,unclassified,
0x00187BD4,0x00187BD8,0x4,sub_187BD4,1,0,0,0,unclassified,
0x00187CAC,0x00187CCC,0x20,sub_187CAC,8,0,1,0,unclassified,
0x00187CCC,0x00187D78,0xAC,sub_187CCC,42,0,2,0,unclassified,
0x00187D78,0x00187E24,0xAC,sub_187D78,42,0,2,0,unclassified,
0x00187E24,0x00187ED0,0xAC,sub_187E24,42,0,2,0,unclassified,
0x00187ED0,0x00187FA8,0xD8,sub_187ED0,53,0,2,0,unclassified,
0x00187FA8,0x00187FD8,0x30,sub_187FA8,12,0,2,0,unclassified,
0x00187FD8,0x001880A8,0xD0,sub_187FD8,52,0,2,0,unclassified,
0x001880A8,0x00188118,0x70,sub_1880A8,28,0,2,0,unclassified,
0x00188118,0x001881CC,0xB4,sub_188118,45,0,2,0,unclassified,
0x001881CC,0x001882AC,0xE0,sub_1881CC,56,1,4,0,unclassified,
0x001882AC,0x0018A61C,0x2370,sub_1882AC,2264,1,15,8,ddc_ci,
0x0018A61C,0x0018A710,0xF4,sub_18A61C,61,1,8,0,unclassified,
0x0018A710,0x0018A830,0x120,sub_18A710,70,4,5,13,input_keys|power,
0x0018A830,0x0018A90C,0xDC,sub_18A830,53,9,4,11,input_keys|power,
0x0018A90C,0x0018A9F0,0xE4,sub_18A90C,57,2,4,0,unclassified,power
0x0018A9F0,0x0018AAE0,0xF0,sub_18A9F0,60,1,1,0,unclassified,
0x0018AAE0,0x0018AC70,0x190,sub_18AAE0,100,2,1,0,unclassified,
0x0018AC70,0x0018AE00,0x190,sub_18AC70,100,2,1,0,unclassified,
0x0018AE00,0x0018AE20,0x20,sub_18AE00,8,41,1,0,unclassified,osd_ui
0x0018AE20,0x0018AEE8,0xC8,sub_18AE20,50,2,1,0,unclassified,
0x0018AEE8,0x0018AF20,0x38,sub_18AEE8,14,3,1,0,unclassified,picture_pq
0x0018AF20,0x0018B160,0x240,sub_18AF20,144,2,1,0,unclassified,
0x0018B160,0x0018B228,0xC8,sub_18B160,50,2,1,0,unclassified,
0x0018B284,0x0018B2C4,0x40,sub_18B284,16,1,2,0,unclassified,power
0x0018B2C4,0x0018B2D4,0x10,sub_18B2C4,4,2,1,0,unclassified,osd_ui
0x0018B2D4,0x0018B2FC,0x28,sub_18B2D4,10,4,2,0,unclassified,osd_ui
0x0018B2FC,0x0018B31C,0x20,sub_18B2FC,8,2,2,0,unclassified,factory_service
0x0018B31C,0x0018B32C,0x10,sub_18B31C,4,20,1,0,unclassified,osd_ui
0x0018B32C,0x0018B36C,0x40,sub_18B32C,16,5,4,0,unclassified,
0x0018B36C,0x0018B494,0x128,sub_18B36C,74,12,2,2,scaler_panel,
0x0018B494,0x0018B5BC,0x128,sub_18B494,60,0,2,2,scaler_panel,
0x0018B5BC,0x0018B5D8,0x1C,sub_18B5BC,7,2,1,0,unclassified,
0x0018B5D8,0x0018B648,0x70,sub_18B5D8,28,4,3,0,unclassified,video_link
0x0018B648,0x0018B65C,0x14,sub_18B648,5,5,0,0,unclassified,video_link
0x0018B65C,0x0018B9E4,0x388,sub_18B65C,226,2,23,0,unclassified,
0x0018B9E4,0x0018B9F4,0x10,sub_18B9E4,4,1,1,0,unclassified,
0x0018B9F4,0x0018BA48,0x54,sub_18B9F4,21,1,2,4,boot_update,
0x0018BA48,0x0018BAE8,0xA0,sub_18BA48,40,1,7,4,persistent_data|video_link,
0x0018BAE8,0x0018BB0C,0x24,sub_18BAE8,9,2,0,0,unclassified,
0x0018BB20,0x0018BCD4,0x1B4,sub_18BB20,109,1,8,0,unclassified,video_link
0x0018BCD4,0x0018BD48,0x74,sub_18BCD4,29,15,2,0,unclassified,events_tasks
0x0018BD48,0x0018BD68,0x20,sub_18BD48,8,0,1,0,unclassified,
0x0018BD68,0x0018BD78,0x10,sub_18BD68,4,1,1,0,unclassified,
0x0018BD78,0x0018BDCC,0x54,sub_18BD78,20,1,1,0,unclassified,
0x0018BDCC,0x0018BDE8,0x1C,sub_18BDCC,7,2,1,0,unclassified,
0x0018BDE8,0x0018BE40,0x58,sub_18BDE8,22,1,2,4,scaler_panel,
0x0018BE40,0x0018BF14,0xD4,sub_18BE40,52,11,7,8,boot_update|osd_ui|scaler_panel|power,
0x0018BF14,0x0018BF3C,0x28,sub_18BF14,10,1,3,0,unclassified,audio
0x0018BF3C,0x0018BF4C,0x10,sub_18BF3C,4,1,1,0,unclassified,
0x0018BF4C,0x0018BF60,0x14,sub_18BF4C,5,1,1,0,unclassified,
0x0018BF60,0x0018BF74,0x14,sub_18BF60,5,1,1,0,unclassified,
0x0018BF74,0x0018BF7C,0x8,nullsub_47,2,1,0,0,unclassified,
0x0018BF7C,0x0018BFAC,0x30,sub_18BF7C,12,1,3,0,unclassified,osd_ui
0x0018BFAC,0x0018BFC0,0x14,sub_18BFAC,5,4,1,0,unclassified,
0x0018BFC0,0x0018C03C,0x7C,sub_18BFC0,31,4,5,4,unclassified,
0x0018C03C,0x0018C168,0x12C,sub_18C03C,75,0,11,0,unclassified,scaler_panel
0x0018C168,0x0018C2B0,0x148,sub_18C168,82,0,7,2,scaler_panel,
0x0018C2B0,0x0018C614,0x364,sub_18C2B0,216,0,1,23,persistent_data|scaler_panel|events_tasks,
0x0018C614,0x0018C62C,0x18,sub_18C614,6,2,1,0,unclassified,
0x0018C62C,0x0018C644,0x18,sub_18C62C,6,8,1,0,unclassified,
0x0018C644,0x0018C678,0x34,sub_18C644,12,4,1,0,unclassified,osd_ui
0x0018C678,0x0018C6E0,0x68,sub_18C678,25,36,1,0,unclassified,
0x0018C6E0,0x0018C73C,0x5C,sub_18C6E0,22,9,1,0,unclassified,
0x0018C73C,0x0018C770,0x34,sub_18C73C,12,6,1,0,unclassified,
0x0018C770,0x0018C7AC,0x3C,sub_18C770,15,9,2,0,unclassified,picture_pq
0x0018C7AC,0x0018C810,0x64,sub_18C7AC,24,1,2,0,unclassified,
0x0018C874,0x0018C88C,0x18,sub_18C874,6,1,0,0,unclassified,
0x0018C88C,0x0018CA14,0x188,sub_18C88C,98,2,5,0,unclassified,video_link
0x0018CA14,0x0018CA34,0x20,sub_18CA14,8,2,0,0,unclassified,events_tasks
0x0018CA34,0x0018CA48,0x14,sub_18CA34,5,2,0,0,unclassified,video_link
0x0018CA48,0x0018CA5C,0x14,sub_18CA48,5,3,0,0,unclassified,video_link
0x0018CA5C,0x0018CA70,0x14,sub_18CA5C,5,1,0,0,unclassified,
0x0018CA70,0x0018CA84,0x14,sub_18CA70,5,2,0,0,unclassified,video_link
0x0018CA84,0x0018CB7C,0xF8,sub_18CA84,60,1,7,0,unclassified,video_link
0x0018CB7C,0x0018CBEC,0x70,sub_18CB7C,28,1,3,0,unclassified,video_link
0x0018CBEC,0x0018CC58,0x6C,sub_18CBEC,25,1,0,0,unclassified,
0x0018CC58,0x0018CC6C,0x14,sub_18CC58,5,1,0,0,unclassified,
0x0018CC6C,0x0018CC7C,0x10,sub_18CC6C,4,1,1,0,unclassified,
0x0018CC7C,0x0018CC9C,0x20,sub_18CC7C,8,18,0,0,unclassified,osd_ui
0x0018CC9C,0x0018CD30,0x94,sub_18CC9C,37,22,0,0,unclassified,
0x0018CD30,0x0018CDB8,0x88,sub_18CD30,34,10,0,0,unclassified,video_link
0x0018CDB8,0x0018CE8C,0xD4,sub_18CDB8,52,16,1,0,unclassified,osd_ui
0x0018CEA0,0x0018CEC4,0x24,sub_18CEA0,8,3,1,1,boot_update,
0x0018CEC4,0x0018CEE8,0x24,sub_18CEC4,8,8,1,1,boot_update,
0x0018CEE8,0x0018CF08,0x20,sub_18CEE8,8,3,1,0,unclassified,persistent_data
0x0018CF08,0x0018CF68,0x60,sub_18CF08,24,1,1,0,unclassified,
0x0018CF68,0x0018CF94,0x2C,sub_18CF68,11,3,2,0,unclassified,
0x0018CF9C,0x0018D0F4,0x158,sub_18CF9C,86,4,9,4,boot_update|events_tasks,
0x0018D0F4,0x0018D128,0x34,sub_18D0F4,12,2,0,0,unclassified,
0x0018D128,0x0018D140,0x18,sub_18D128,6,0,1,0,unclassified,
0x0018D1E8,0x0018D324,0x13C,sub_18D1E8,77,0,1,11,video_link,
0x0018D324,0x0018D398,0x74,sub_18D324,27,0,1,2,unclassified,
0x0018D398,0x0018D45C,0xC4,sub_18D398,49,0,0,0,unclassified,
0x0018D45C,0x0018D650,0x1F4,sub_18D45C,124,1,5,6,persistent_data,
0x0018D650,0x0018D780,0x130,sub_18D650,75,1,5,1,persistent_data|video_link,
0x0018D780,0x0018D800,0x80,sub_18D780,32,1,3,0,unclassified,osd_ui
0x0018D800,0x0018DB0C,0x30C,sub_18D800,194,2,4,13,persistent_data|video_link,
0x0018DB0C,0x0018DB74,0x68,sub_18DB0C,26,2,3,0,unclassified,persistent_data
0x0018DB74,0x0018DBFC,0x88,sub_18DB74,34,0,1,0,unclassified,
0x0018DC30,0x0018DF50,0x320,sub_18DC30,199,1,6,3,persistent_data|audio,
0x0018DF50,0x0018DFFC,0xAC,sub_18DF50,41,0,1,3,usb_pd,
0x0018DFFC,0x0018E274,0x278,sub_18DFFC,156,1,1,15,usb_pd,
0x0018E274,0x0018E410,0x19C,sub_18E274,101,1,6,10,usb_pd,
0x0018E410,0x0018E430,0x20,sub_18E410,8,16,1,0,unclassified,persistent_data
0x0018E430,0x0018E450,0x20,sub_18E430,8,46,1,0,unclassified,
0x0018E450,0x0018E4B8,0x68,sub_18E450,26,21,2,0,unclassified,
0x0018E4B8,0x0018E4E4,0x2C,sub_18E4B8,11,1,1,0,unclassified,
0x0018E4E4,0x0018E738,0x254,sub_18E4E4,148,10,14,3,persistent_data,
0x0018E738,0x0018E804,0xCC,sub_18E738,51,3,3,0,unclassified,
0x0018E804,0x0018E870,0x6C,sub_18E804,27,6,2,0,unclassified,osd_ui
0x0018E870,0x0018E99C,0x12C,sub_18E870,75,4,15,4,factory_service,
0x0018E99C,0x0018E9B4,0x18,sub_18E99C,6,0,1,0,unclassified,
0x0018E9B4,0x0018EAD8,0x124,sub_18E9B4,73,2,11,0,unclassified,persistent_data
0x0018EAF4,0x0018EB00,0xC,sub_18EAF4,3,1,0,0,unclassified,
0x0018EB00,0x0018EB10,0x10,sub_18EB00,4,1,0,0,unclassified,
0x0018EB10,0x0018EB64,0x54,sub_18EB10,21,4,0,0,unclassified,input_keys
0x0018EB64,0x0018EBB4,0x50,sub_18EB64,20,4,0,0,unclassified,input_keys
0x0018ECF8,0x0018ED14,0x1C,sub_18ECF8,7,1,0,0,unclassified,
0x0018ED14,0x0018ED44,0x30,sub_18ED14,12,1,0,0,unclassified,
0x0018EDB4,0x0018EE70,0xBC,sub_18EDB4,46,0,0,0,unclassified,
0x0018EE70,0x0018EF78,0x108,sub_18EE70,65,1,0,0,unclassified,
0x0018EFAC,0x0018EFB4,0x8,nullsub_60,2,1,0,0,unclassified,
0x0018EFB4,0x0018F070,0xBC,sub_18EFB4,47,1,1,4,osd_ui|events_tasks,
0x0018F070,0x0018F0AC,0x3C,sub_18F070,14,1,1,0,unclassified,
0x0018F0AC,0x0018F1F8,0x14C,sub_18F0AC,80,10,1,3,unclassified,boot_update
0x0018F1F8,0x0018F6B0,0x4B8,sub_18F1F8,289,1,6,65,boot_update|video_link|scaler_panel|usb_pd|events_tasks,
0x0018F6B0,0x0018F770,0xC0,sub_18F6B0,48,0,3,0,unclassified,video_link
0x0018F778,0x0018F898,0x120,sub_18F778,71,2,5,1,unclassified,video_link
0x0018F898,0x0018F908,0x70,sub_18F898,28,0,2,0,unclassified,
0x0018F908,0x0018FA1C,0x114,sub_18F908,69,1,5,0,unclassified,
0x0018FA1C,0x0018FAD8,0xBC,sub_18FA1C,46,1,4,1,unclassified,video_link
0x0018FAD8,0x0018FC58,0x180,sub_18FAD8,95,1,1,1,unclassified,
0x0018FC58,0x0018FD34,0xDC,sub_18FC58,55,1,5,0,unclassified,
0x0018FD34,0x0018FD74,0x40,sub_18FD34,16,1,1,0,unclassified,
0x0018FD74,0x0018FD80,0xC,sub_18FD74,3,1,0,0,unclassified,
0x0018FD80,0x0018FDAC,0x2C,sub_18FD80,11,1,0,0,unclassified,
0x0018FDAC,0x001901DC,0x430,sub_18FDAC,260,1,1,0,unclassified,
0x001901DC,0x0019021C,0x40,sub_1901DC,16,0,2,0,unclassified,
0x0019021C,0x001902CC,0xB0,sub_19021C,43,2,3,0,unclassified,
0x00191A3C,0x00191A50,0x14,jpt_19C2C8,4,2,0,0,unclassified,
0x00191A50,0x00191B94,0x144,sub_191A50,80,0,1,24,factory_service|osd_ui,
0x00191B94,0x00191C38,0xA4,sub_191B94,40,1,1,2,factory_service|osd_ui,
0x00191C38,0x00191C80,0x48,sub_191C38,18,2,0,0,unclassified,osd_ui
0x00191C80,0x00191ED4,0x254,sub_191C80,149,0,1,4,factory_service|osd_ui,
0x00191ED4,0x00192188,0x2B4,sub_191ED4,172,0,4,26,factory_service|osd_ui|input_keys|persistent_data|video_link|events_tasks,
0x00192188,0x0019232C,0x1A4,sub_192188,103,0,3,11,factory_service|osd_ui|input_keys,
0x0019232C,0x001924B4,0x188,sub_19232C,95,0,2,10,factory_service|osd_ui,
0x001924B4,0x00192698,0x1E4,sub_1924B4,116,0,2,50,factory_service|osd_ui|persistent_data|scaler_panel,
0x00192698,0x001927C4,0x12C,sub_192698,306,0,4,2,factory_service|osd_ui,
0x001927C4,0x001929B0,0x1EC,sub_1927C4,120,0,2,43,boot_update|factory_service|osd_ui|persistent_data|video_link|scaler_panel|usb_pd|events_tasks|diagnostics,
0x001929E8,0x001929F0,0x8,sub_1929E8,2,0,0,0,unclassified,
0x001929F0,0x00192A98,0xA8,sub_1929F0,42,0,1,0,unclassified,
0x00192A98,0x00192AD8,0x40,sub_192A98,16,0,1,5,unclassified,
0x00192AD8,0x00192D10,0x238,sub_192AD8,211,0,5,9,factory_service|osd_ui,
0x00192D10,0x00193044,0x334,sub_192D10,621,0,8,26,factory_service|osd_ui|video_link|picture_pq|audio,
0x00193044,0x00193114,0xD0,sub_193044,49,1,3,2,unclassified,
0x00193114,0x001938E0,0x7CC,sub_193114,488,0,1,220,boot_update|factory_service|osd_ui|input_keys|persistent_data|video_link|picture_pq|scaler_panel|usb_pd|ddc_ci|power|events_tasks|diagnostics,
0x001938E0,0x00193AA8,0x1C8,sub_1938E0,114,0,3,12,factory_service|osd_ui|input_keys,
0x00193AA8,0x00193D80,0x2D8,sub_193AA8,178,0,3,41,factory_service|osd_ui|persistent_data|video_link|picture_pq|scaler_panel|audio,
0x00193D80,0x0019405C,0x2DC,sub_193D80,180,0,1,61,boot_update|factory_service|osd_ui|input_keys|video_link|scaler_panel|audio|usb_pd|power|events_tasks,
0x0019405C,0x00194404,0x3A8,sub_19405C,485,0,7,29,boot_update|factory_service|osd_ui|persistent_data|video_link|picture_pq|audio,
0x00194404,0x00194480,0x7C,sub_194404,30,0,1,10,factory_service|osd_ui,
0x001945A0,0x001945A4,0x4,sub_1945A0,1,0,0,0,unclassified,
0x00194838,0x00194D40,0x508,sub_194838,317,2,15,74,boot_update|factory_service|osd_ui|video_link|scaler_panel|audio|power,
0x00194D40,0x00194D98,0x58,sub_194D40,21,0,2,9,boot_update|factory_service|osd_ui|scaler_panel,
0x001953D0,0x001953D8,0x8,sub_1953D0,2,0,0,0,unclassified,
0x00195724,0x00195A84,0x360,sub_195724,212,0,7,46,factory_service|osd_ui|video_link|scaler_panel|diagnostics,
0x00195A84,0x00195C20,0x19C,sub_195A84,101,0,1,14,factory_service|osd_ui|persistent_data,
0x00195C20,0x001962C8,0x6A8,sub_195C20,639,0,28,109,boot_update|factory_service|osd_ui|input_keys|video_link|picture_pq|scaler_panel|audio|usb_pd|power|diagnostics,
0x00196464,0x00196734,0x2D0,sub_196464,184,0,6,26,boot_update|factory_service|osd_ui|input_keys|video_link|scaler_panel|power|events_tasks,
0x00196734,0x0019685C,0x128,sub_196734,73,0,1,10,factory_service|osd_ui|power,
0x0019696C,0x001969B4,0x48,sub_19696C,18,1,0,0,unclassified,factory_service
0x001969B4,0x001969C8,0x14,sub_1969B4,5,0,0,0,unclassified,
0x00196A4C,0x00196AF0,0xA4,sub_196A4C,40,1,1,2,factory_service|osd_ui,
0x00196BD4,0x00196DB0,0x1DC,sub_196BD4,119,0,0,0,unclassified,
0x00196DB0,0x00196FDC,0x22C,sub_196DB0,139,0,0,0,unclassified,
0x00196FDC,0x001970A8,0xCC,sub_196FDC,51,0,1,2,unclassified,
0x001970A8,0x001971BC,0x114,sub_1970A8,69,0,0,2,factory_service|osd_ui|events_tasks,
0x00197274,0x00197324,0xB0,sub_197274,44,0,1,2,unclassified,
0x00197324,0x001977D4,0x4B0,sub_197324,297,16,1,5,factory_service|osd_ui|events_tasks,
0x001977D4,0x0019792C,0x158,sub_1977D4,86,5,2,0,unclassified,osd_ui
0x0019792C,0x00197BD4,0x2A8,sub_19792C,169,1,4,11,diagnostics,
0x00197BD4,0x00197E94,0x2C0,sub_197BD4,383,0,10,2,factory_service|osd_ui,
0x00197E94,0x00197EC0,0x2C,sub_197E94,931,0,31,0,unclassified,
0x001981C8,0x001981F4,0x2C,sub_1981C8,417,0,10,0,unclassified,picture_pq
0x00198D38,0x00198D48,0x10,sub_198D38,5,0,0,0,unclassified,
0x00199820,0x00199854,0x34,sub_199820,64,0,2,0,unclassified,
0x00199A8C,0x00199A90,0x4,sub_199A8C,1,0,0,0,unclassified,
0x00199F7C,0x0019A710,0x794,sub_199F7C,479,0,6,29,factory_service|osd_ui,
0x0019A710,0x0019A740,0x30,sub_19A710,679,0,18,0,unclassified,video_link
0x0019AEBC,0x0019AEF0,0x34,sub_19AEBC,200,0,12,0,unclassified,
0x0019B4F8,0x0019B668,0x170,sub_19B4F8,90,0,4,4,factory_service|osd_ui|scaler_panel,
0x0019B668,0x0019B8A4,0x23C,sub_19B668,141,1,4,6,factory_service|osd_ui|scaler_panel,
0x0019B8A4,0x0019BA14,0x170,sub_19B8A4,90,0,4,4,factory_service|osd_ui|scaler_panel,
0x0019BA14,0x0019BA40,0x2C,sub_19BA14,11,0,2,0,unclassified,
0x0019C2A4,0x0019C2D0,0x2C,sub_19C2A4,23,0,1,0,unclassified,
0x0019CA10,0x0019CA1C,0xC,sub_19CA10,3,0,0,0,unclassified,
0x0019D388,0x0019D78C,0x404,sub_19D388,255,0,10,5,factory_service|osd_ui|scaler_panel|power|events_tasks,
0x0019D78C,0x0019DAB4,0x328,sub_19D78C,199,0,12,15,boot_update|factory_service|osd_ui|picture_pq|scaler_panel,
0x0019DAB4,0x0019DFE4,0x530,sub_19DAB4,329,1,3,0,unclassified,factory_service
0x0019DFE4,0x0019DFF0,0xC,sub_19DFE4,3,1,0,0,unclassified,
0x0019DFF0,0x0019E04C,0x5C,sub_19DFF0,23,1,3,0,unclassified,events_tasks
0x0019E0A8,0x0019E18C,0xE4,sub_19E0A8,52,1,1,15,video_link,
0x0019E18C,0x0019E334,0x1A8,sub_19E18C,105,1,4,27,boot_update|osd_ui|video_link|usb_pd,
0x0019E334,0x0019E3B0,0x7C,sub_19E334,30,1,1,10,factory_service|osd_ui|input_keys|video_link|usb_pd,
0x0019E3B0,0x0019E478,0xC8,sub_19E3B0,50,2,10,0,unclassified,osd_ui
0x0019E478,0x0019E490,0x18,sub_19E478,6,13,1,0,unclassified,persistent_data
0x0019E490,0x0019E500,0x70,sub_19E490,28,13,2,4,persistent_data|video_link|diagnostics,
0x0019E500,0x0019E568,0x68,sub_19E500,26,3,3,4,persistent_data|video_link|diagnostics,
0x0019E568,0x0019E5EC,0x84,sub_19E568,33,0,4,0,unclassified,
0x0019E5EC,0x0019E638,0x4C,sub_19E5EC,19,5,1,0,unclassified,
0x0019E638,0x0019E670,0x38,sub_19E638,14,2,1,0,unclassified,video_link
0x0019E670,0x0019E6B0,0x40,sub_19E670,15,5,1,0,unclassified,video_link
0x0019E6B0,0x0019E83C,0x18C,sub_19E6B0,98,2,5,0,unclassified,video_link
0x0019E83C,0x0019EAD4,0x298,sub_19E83C,165,1,7,8,video_link,
0x0019EAD4,0x0019EB70,0x9C,sub_19EAD4,39,10,4,4,video_link|picture_pq|diagnostics,
0x0019EB70,0x0019EBF8,0x88,sub_19EB70,34,3,2,4,video_link|diagnostics,
0x0019EBF8,0x0019EC04,0xC,sub_19EBF8,3,2,0,0,unclassified,events_tasks
0x0019EC04,0x0019EC10,0xC,sub_19EC04,3,1,0,0,unclassified,
0x0019ECAC,0x0019EF5C,0x2B0,sub_19ECAC,169,1,7,12,video_link,
0x0019EF5C,0x0019F090,0x134,sub_19EF5C,76,6,5,4,video_link,
0x0019F090,0x0019F560,0x4D0,sub_19F090,304,4,10,14,video_link|diagnostics,
0x0019F560,0x0019F5C0,0x60,sub_19F560,24,1,1,0,unclassified,
0x0019F5C0,0x0019F648,0x88,sub_19F5C0,34,1,4,4,video_link|scaler_panel|diagnostics,
0x0019FAF8,0x0019FF38,0x440,sub_19FAF8,325,8,12,54,boot_update|factory_service|osd_ui|persistent_data|video_link|picture_pq|scaler_panel|usb_pd|ddc_ci|power,
0x0019FF70,0x0019FFF4,0x84,sub_19FF70,32,0,1,4,factory_service|osd_ui|persistent_data|video_link,
0x0019FFF4,0x001A0038,0x44,sub_19FFF4,16,7,0,0,unclassified,osd_ui
0x001A0050,0x001A0068,0x18,sub_1A0050,6,5,0,0,unclassified,video_link
0x001A0068,0x001A00A0,0x38,sub_1A0068,13,1,0,0,unclassified,
0x001A00E0,0x001A00F8,0x18,sub_1A00E0,6,2,0,0,unclassified,boot_update
0x001A00F8,0x001A01B8,0xC0,sub_1A00F8,48,2,6,0,unclassified,events_tasks
0x001A01B8,0x001A021C,0x64,sub_1A01B8,25,1,2,0,unclassified,
0x001A021C,0x001A0330,0x114,sub_1A021C,69,1,1,0,unclassified,
0x001A0330,0x001A0390,0x60,sub_1A0330,24,2,2,0,unclassified,video_link
0x001A0390,0x001A0490,0x100,sub_1A0390,64,4,7,0,unclassified,video_link
0x001A0490,0x001A04E8,0x58,sub_1A0490,22,0,2,0,unclassified,persistent_data
0x001A04E8,0x001A0574,0x8C,sub_1A04E8,35,0,2,0,unclassified,persistent_data
0x001A0640,0x001A0804,0x1C4,sub_1A0640,113,1,6,0,unclassified,
0x001A0804,0x001A088C,0x88,sub_1A0804,34,0,2,0,unclassified,
0x001A088C,0x001A0904,0x78,sub_1A088C,30,0,2,0,unclassified,
0x001A0904,0x001A0A24,0x120,sub_1A0904,72,1,6,0,unclassified,
0x001A0A24,0x001A0A78,0x54,sub_1A0A24,21,0,4,0,unclassified,audio
0x001A0A84,0x001A0B78,0xF4,sub_1A0A84,61,0,5,0,unclassified,persistent_data
0x001A0B78,0x001A0D90,0x218,sub_1A0B78,134,2,4,0,unclassified,persistent_data
0x001A0D90,0x001A0EA4,0x114,sub_1A0D90,68,3,5,0,unclassified,
0x001A0EA4,0x001A0EE8,0x44,sub_1A0EA4,17,0,2,0,unclassified,
0x001A0EE8,0x001A1014,0x12C,sub_1A0EE8,75,7,4,0,unclassified,video_link
0x001A1014,0x001A105C,0x48,sub_1A1014,18,3,4,0,unclassified,
0x001A105C,0x001A115C,0x100,sub_1A105C,64,4,2,0,unclassified,
0x001A115C,0x001A119C,0x40,sub_1A115C,16,1,1,0,unclassified,
0x001A119C,0x001A1238,0x9C,sub_1A119C,39,7,3,0,unclassified,
0x001A1238,0x001A1354,0x11C,sub_1A1238,71,1,5,0,unclassified,
0x001A1354,0x001A14B8,0x164,sub_1A1354,89,1,3,0,unclassified,
0x001A14B8,0x001A15FC,0x144,sub_1A14B8,81,3,7,0,unclassified,
0x001A15FC,0x001A187C,0x280,sub_1A15FC,160,3,6,0,unclassified,
0x001A187C,0x001A1894,0x18,sub_1A187C,6,0,1,0,unclassified,
0x001A1894,0x001A18AC,0x18,sub_1A1894,6,0,1,0,unclassified,
0x001A18DC,0x001A1978,0x9C,sub_1A18DC,39,0,4,0,unclassified,
0x001A1978,0x001A19C4,0x4C,sub_1A1978,19,0,3,0,unclassified,scaler_panel
0x001A19C4,0x001A1A28,0x64,sub_1A19C4,25,0,2,0,unclassified,
0x001A1A28,0x001A1A50,0x28,sub_1A1A28,10,0,1,0,unclassified,
0x001A1A74,0x001A1C24,0x1B0,sub_1A1A74,108,0,2,0,unclassified,
0x001A1C24,0x001A1CE4,0xC0,sub_1A1C24,48,0,3,0,unclassified,
0x001A1CE4,0x001A1DD0,0xEC,sub_1A1CE4,59,0,4,0,unclassified,video_link
0x001A1DD0,0x001A1EF0,0x120,sub_1A1DD0,72,0,5,0,unclassified,persistent_data
0x001A1EF0,0x001A21DC,0x2EC,sub_1A1EF0,187,0,8,0,unclassified,persistent_data
0x001A21FC,0x001A227C,0x80,sub_1A21FC,32,0,2,0,unclassified,
0x001A227C,0x001A22CC,0x50,sub_1A227C,20,0,2,0,unclassified,
0x001A22CC,0x001A2480,0x1B4,sub_1A22CC,109,0,8,0,unclassified,persistent_data
0x001A2480,0x001A2520,0xA0,sub_1A2480,40,0,4,0,unclassified,
0x001A2568,0x001A25E8,0x80,sub_1A2568,39,0,3,0,unclassified,video_link
0x001A25E8,0x001A2628,0x40,sub_1A25E8,16,0,3,0,unclassified,audio
0x001A2628,0x001A2640,0x18,sub_1A2628,6,0,1,0,unclassified,
0x001A2640,0x001A2668,0x28,sub_1A2640,10,0,1,0,unclassified,
0x001A2668,0x001A26E4,0x7C,sub_1A2668,31,0,5,0,unclassified,scaler_panel
0x001A26E4,0x001A2750,0x6C,sub_1A26E4,27,1,3,0,unclassified,boot_update
0x001A2750,0x001A292C,0x1DC,sub_1A2750,119,1,8,0,unclassified,persistent_data
0x001A292C,0x001A2958,0x2C,sub_1A292C,11,0,3,0,unclassified,osd_ui
0x001A2964,0x001A2998,0x34,sub_1A2964,13,0,3,0,unclassified,
0x001A2998,0x001A2A9C,0x104,sub_1A2998,65,3,13,0,unclassified,
0x001A2A9C,0x001A2AD0,0x34,sub_1A2A9C,13,2,1,0,unclassified,
0x001A3098,0x001A30E0,0x48,sub_1A3098,18,1,1,0,unclassified,
0x001A310C,0x001A314C,0x40,sub_1A310C,18,2,2,0,unclassified,power
0x001A33D8,0x001A3650,0x278,sub_1A33D8,158,2,4,0,unclassified,
0x001A3650,0x001A3A10,0x3C0,sub_1A3650,240,0,10,0,unclassified,picture_pq
0x001A3A18,0x001A3A94,0x7C,sub_1A3A18,31,1,5,4,factory_service|persistent_data|picture_pq|scaler_panel,
0x001A3BA4,0x001A3EFC,0x358,sub_1A3BA4,188,7,2,13,unclassified,boot_update
0x001A3EFC,0x001A3F20,0x24,sub_1A3EFC,8,2,0,1,unclassified,
0x001A3F20,0x001A4260,0x340,sub_1A3F20,201,0,3,6,unclassified,
0x001A4274,0x001A427C,0x8,sub_1A4274,2,4,0,0,unclassified,
0x001A427C,0x001A4334,0xB8,sub_1A427C,46,0,1,0,unclassified,
0x001A4334,0x001A43EC,0xB8,sub_1A4334,46,0,1,0,unclassified,
0x001A4498,0x001A4504,0x6C,sub_1A4498,27,3,1,0,unclassified,
0x001A4504,0x001A4588,0x84,sub_1A4504,33,3,1,0,unclassified,
0x001A4588,0x001A46F8,0x170,sub_1A4588,92,1,2,0,unclassified,
0x001A46F8,0x001A4798,0xA0,sub_1A46F8,40,2,1,0,unclassified,
0x001A4798,0x001A47AC,0x14,sub_1A4798,5,1,0,0,unclassified,
0x001A47B8,0x001A4A30,0x278,sub_1A47B8,158,2,6,0,unclassified,
0x001A4A30,0x001A4AD0,0xA0,sub_1A4A30,40,0,5,0,unclassified,
0x001A4AD0,0x001A4BD0,0x100,sub_1A4AD0,64,0,1,0,unclassified,
0x001A4BD0,0x001A4DCC,0x1FC,sub_1A4BD0,127,1,7,0,unclassified,
0x001A4DCC,0x001A4DD8,0xC,sub_1A4DCC,3,1,0,0,unclassified,
0x001A4DD8,0x001A4DE4,0xC,sub_1A4DD8,3,1,0,0,unclassified,
0x001A4DE4,0x001A4DF0,0xC,sub_1A4DE4,3,1,0,0,unclassified,
0x001A4DF0,0x001A4DFC,0xC,sub_1A4DF0,3,1,0,0,unclassified,
0x001A4DFC,0x001A4E08,0xC,sub_1A4DFC,3,1,0,0,unclassified,
0x001A4E08,0x001A4E14,0xC,sub_1A4E08,3,1,0,0,unclassified,
0x001A4E14,0x001A4E20,0xC,sub_1A4E14,3,1,0,0,unclassified,
0x001A4E20,0x001A4E2C,0xC,sub_1A4E20,3,2,0,0,unclassified,
0x001A4E2C,0x001A4E38,0xC,sub_1A4E2C,3,1,0,0,unclassified,
0x001A4E38,0x001A4E44,0xC,sub_1A4E38,3,1,0,0,unclassified,
0x001A4E50,0x001A4E5C,0xC,sub_1A4E50,3,1,0,0,unclassified,
0x001A4E5C,0x001A4E68,0xC,sub_1A4E5C,3,1,0,0,unclassified,
0x001A4E68,0x001A4E74,0xC,sub_1A4E68,3,1,0,0,unclassified,
0x001A4E74,0x001A4E80,0xC,sub_1A4E74,3,1,0,0,unclassified,
0x001A4E80,0x001A4E8C,0xC,sub_1A4E80,3,1,0,0,unclassified,
0x001A4E8C,0x001A4E98,0xC,sub_1A4E8C,3,1,0,0,unclassified,
0x001A4E98,0x001A4EA4,0xC,sub_1A4E98,3,1,0,0,unclassified,
0x001A4EA4,0x001A4EB0,0xC,sub_1A4EA4,3,1,0,0,unclassified,
0x001A4EB0,0x001A4EBC,0xC,sub_1A4EB0,3,1,0,0,unclassified,
0x001A4EBC,0x001A4EC8,0xC,sub_1A4EBC,3,1,0,0,unclassified,
0x001A4EC8,0x001A4ED4,0xC,sub_1A4EC8,3,1,0,0,unclassified,
0x001A4ED4,0x001A4EE0,0xC,sub_1A4ED4,3,1,0,0,unclassified,
0x001A4EE0,0x001A4EEC,0xC,sub_1A4EE0,3,1,0,0,unclassified,
0x001A4EEC,0x001A4EF8,0xC,sub_1A4EEC,3,1,0,0,unclassified,
0x001A4EF8,0x001A4F24,0x2C,sub_1A4EF8,11,0,0,0,unclassified,
0x001A4F24,0x001A4F50,0x2C,sub_1A4F24,11,3,0,0,unclassified,
0x001A4F50,0x001A4F7C,0x2C,sub_1A4F50,11,2,0,0,unclassified,persistent_data
0x001A4F7C,0x001A4FA8,0x2C,sub_1A4F7C,11,1,0,0,unclassified,
0x001A4FA8,0x001A4FD4,0x2C,sub_1A4FA8,11,1,0,0,unclassified,
0x001A4FD4,0x001A5000,0x2C,sub_1A4FD4,11,2,0,0,unclassified,
0x001A5000,0x001A502C,0x2C,sub_1A5000,11,1,0,0,unclassified,
0x001A502C,0x001A5058,0x2C,sub_1A502C,11,1,0,0,unclassified,
0x001A5058,0x001A5084,0x2C,sub_1A5058,11,1,0,0,unclassified,
0x001A5084,0x001A50B0,0x2C,sub_1A5084,11,0,0,0,unclassified,
0x001A50B0,0x001A50DC,0x2C,sub_1A50B0,11,1,0,0,unclassified,
0x001A50DC,0x001A5108,0x2C,sub_1A50DC,11,1,0,0,unclassified,
0x001A5108,0x001A5134,0x2C,sub_1A5108,11,1,0,0,unclassified,
0x001A5134,0x001A5160,0x2C,sub_1A5134,11,1,0,0,unclassified,
0x001A5160,0x001A518C,0x2C,sub_1A5160,11,4,0,0,unclassified,factory_service
0x001A518C,0x001A51B8,0x2C,sub_1A518C,11,2,0,0,unclassified,
0x001A51B8,0x001A51F0,0x38,sub_1A51B8,14,2,0,0,unclassified,
0x001A51F0,0x001A521C,0x2C,sub_1A51F0,11,2,0,0,unclassified,
0x001A521C,0x001A5254,0x38,sub_1A521C,14,2,0,0,unclassified,
0x001A5254,0x001A5280,0x2C,sub_1A5254,11,2,0,0,unclassified,
0x001A5280,0x001A52B8,0x38,sub_1A5280,14,2,0,0,unclassified,
0x001A52B8,0x001A52E4,0x2C,sub_1A52B8,11,2,0,0,unclassified,persistent_data
0x001A52E4,0x001A5310,0x2C,sub_1A52E4,11,1,0,0,unclassified,
0x001A5310,0x001A5344,0x34,sub_1A5310,13,0,0,0,unclassified,
0x001A5344,0x001A53D8,0x94,sub_1A5344,37,0,3,4,osd_ui,
0x001A53D8,0x001A53E8,0x10,sub_1A53D8,4,5,1,0,unclassified,osd_ui
0x001A53E8,0x001A53F8,0x10,sub_1A53E8,4,6,1,0,unclassified,osd_ui
0x001A53F8,0x001A5430,0x38,sub_1A53F8,14,8,2,2,osd_ui,
0x001A5430,0x001A54F8,0xC8,sub_1A5430,50,1,3,6,osd_ui,
0x001A54F8,0x001A5530,0x38,sub_1A54F8,14,3,2,2,osd_ui,
0x001A5530,0x001A5574,0x44,sub_1A5530,17,3,2,2,osd_ui,
0x001A5574,0x001A55AC,0x38,sub_1A5574,14,0,2,2,osd_ui,
0x001A55AC,0x001A55E4,0x38,sub_1A55AC,14,2,2,2,osd_ui,
0x001A55E4,0x001A561C,0x38,sub_1A55E4,14,4,1,2,osd_ui,
0x001A561C,0x001A56BC,0xA0,sub_1A561C,40,1,1,2,osd_ui,
0x001A56BC,0x001A5700,0x44,sub_1A56BC,17,1,0,0,unclassified,
0x001A5700,0x001A577C,0x7C,sub_1A5700,31,1,1,2,osd_ui,
0x001A577C,0x001A57CC,0x50,sub_1A577C,20,11,1,2,osd_ui,
0x001A57CC,0x001A581C,0x50,sub_1A57CC,20,7,2,2,osd_ui,
0x001A581C,0x001A5870,0x54,sub_1A581C,20,1,2,1,osd_ui,
0x001A5870,0x001A58C4,0x54,sub_1A5870,20,2,1,1,osd_ui,
0x001A58C4,0x001A5914,0x50,sub_1A58C4,20,1,1,2,osd_ui,
0x001A5914,0x001A595C,0x48,sub_1A5914,18,7,2,2,osd_ui,
0x001A595C,0x001A59A8,0x4C,sub_1A595C,19,2,2,2,osd_ui,
0x001A59A8,0x001A5AB4,0x10C,sub_1A59A8,66,1,3,3,osd_ui,
0x001A5AB4,0x001A5BB4,0x100,sub_1A5AB4,64,3,4,6,osd_ui,
0x001A5BB4,0x001A5BF0,0x3C,sub_1A5BB4,15,1,2,2,osd_ui,
0x001A5BF0,0x001A5C08,0x18,sub_1A5BF0,6,1,0,0,unclassified,
0x001A5C08,0x001A5CAC,0xA4,sub_1A5C08,41,2,3,4,osd_ui,
0x001A5CAC,0x001A5E04,0x158,sub_1A5CAC,86,17,7,2,osd_ui,
0x001A5E04,0x001A5EF4,0xF0,sub_1A5E04,60,11,3,4,osd_ui,
0x001A5EF4,0x001A5F6C,0x78,sub_1A5EF4,30,6,2,2,osd_ui,
0x001A5F6C,0x001A5FE4,0x78,sub_1A5F6C,30,3,2,2,osd_ui,
0x001A5FE4,0x001A602C,0x48,sub_1A5FE4,18,1,1,0,unclassified,osd_ui
0x001A602C,0x001A608C,0x60,sub_1A602C,24,8,1,0,unclassified,osd_ui
0x001A608C,0x001A610C,0x80,sub_1A608C,32,1,2,4,osd_ui,
0x001A610C,0x001A6144,0x38,sub_1A610C,14,2,2,2,osd_ui,
0x001A6144,0x001A617C,0x38,sub_1A6144,14,3,2,2,osd_ui,
0x001A617C,0x001A61C0,0x44,sub_1A617C,17,1,2,2,osd_ui,
0x001A61C0,0x001A61F8,0x38,sub_1A61C0,14,3,2,2,osd_ui,
0x001A61F8,0x001A6230,0x38,sub_1A61F8,14,1,2,2,osd_ui,
0x001A6230,0x001A6270,0x40,sub_1A6230,16,1,2,2,osd_ui,
0x001A6270,0x001A62C4,0x54,sub_1A6270,20,1,2,1,osd_ui,
0x001A62C4,0x001A6318,0x54,sub_1A62C4,20,2,2,1,osd_ui,
0x001A6318,0x001A6350,0x38,sub_1A6318,14,7,2,2,osd_ui,
0x001A6350,0x001A6388,0x38,sub_1A6350,14,7,2,2,osd_ui,
0x001A6388,0x001A64B8,0x130,sub_1A6388,76,6,6,2,osd_ui|video_link|events_tasks,
0x001A64B8,0x001A6804,0x34C,sub_1A64B8,210,3,12,8,boot_update|osd_ui|diagnostics,
0x001A6818,0x001A6830,0x18,sub_1A6818,6,2,1,0,unclassified,osd_ui
0x001A6830,0x001A6994,0x164,sub_1A6830,89,20,7,2,osd_ui,
0x001A6994,0x001A6A4C,0xB8,sub_1A6994,46,2,6,4,boot_update|osd_ui|diagnostics,
0x001A6A4C,0x001A6AFC,0xB0,sub_1A6A4C,44,0,2,2,osd_ui,
0x001A6AFC,0x001A6E10,0x314,sub_1A6AFC,188,1,2,5,osd_ui,
0x001A6E1C,0x001A6E70,0x54,sub_1A6E1C,21,15,3,0,unclassified,osd_ui
0x001A6E70,0x001A71B8,0x348,sub_1A6E70,207,1,17,4,osd_ui,
0x001A71B8,0x001A71C8,0x10,sub_1A71B8,4,3,1,0,unclassified,osd_ui
0x001A71C8,0x001A71F4,0x2C,sub_1A71C8,11,2,1,0,unclassified,
0x001A71F4,0x001A7228,0x34,sub_1A71F4,13,1,1,0,unclassified,
0x001A7228,0x001A7274,0x4C,sub_1A7228,19,2,1,0,unclassified,ddc_ci
0x001A727C,0x001A7334,0xB8,sub_1A727C,46,0,3,4,picture_pq|power,
0x001A7334,0x001A748C,0x158,sub_1A7334,85,1,8,5,picture_pq,
0x001A748C,0x001A756C,0xE0,sub_1A748C,56,1,4,4,picture_pq|power,
0x001A756C,0x001A75C4,0x58,sub_1A756C,22,18,1,0,unclassified,
0x001A75C4,0x001A7638,0x74,sub_1A75C4,29,2,4,0,unclassified,video_link
0x001A7638,0x001A7690,0x58,sub_1A7638,22,0,2,0,unclassified,
0x001A7690,0x001A77B8,0x128,sub_1A7690,74,5,4,0,unclassified,scaler_panel
0x001A77B8,0x001A7D00,0x548,sub_1A77B8,338,1,16,16,picture_pq|scaler_panel,
0x001A7D00,0x001A7FE0,0x2E0,sub_1A7D00,182,1,7,6,scaler_panel,
0x001A7FE0,0x001A8194,0x1B4,sub_1A7FE0,109,2,8,0,unclassified,scaler_panel
0x001A8194,0x001A8480,0x2EC,sub_1A8194,186,1,17,11,persistent_data|picture_pq|scaler_panel|power,
0x001A8480,0x001A87F8,0x378,sub_1A8480,221,1,17,8,picture_pq|power,
0x001A87F8,0x001A88C8,0xD0,sub_1A87F8,51,12,4,8,picture_pq|scaler_panel,
0x001A88C8,0x001A89A0,0xD8,sub_1A88C8,54,1,7,0,unclassified,scaler_panel
0x001A89A0,0x001A8B1C,0x17C,sub_1A89A0,95,3,8,0,unclassified,picture_pq
0x001A8B1C,0x001A8D9C,0x280,sub_1A8B1C,155,4,6,40,picture_pq|scaler_panel,
0x001A8DA4,0x001A8DB8,0x14,sub_1A8DA4,5,1,0,0,unclassified,
0x001A8E98,0x001A8EA0,0x8,nullsub_20,2,4,0,0,unclassified,picture_pq
0x001A8F3C,0x001A8FD8,0x9C,sub_1A8F3C,39,6,7,0,unclassified,picture_pq
0x001A9074,0x001A9114,0xA0,sub_1A9074,40,1,8,0,unclassified,picture_pq
0x001A9114,0x001A92BC,0x1A8,sub_1A9114,106,1,8,0,unclassified,picture_pq
0x001A92BC,0x001A9358,0x9C,sub_1A92BC,39,1,7,0,unclassified,picture_pq
0x001A9358,0x001A951C,0x1C4,sub_1A9358,113,1,9,0,unclassified,picture_pq
0x001A951C,0x001A96E4,0x1C8,sub_1A951C,114,5,13,4,picture_pq,
0x001A96E4,0x001A9730,0x4C,sub_1A96E4,19,0,1,0,unclassified,
0x001A9730,0x001A974C,0x1C,sub_1A9730,7,4,2,0,unclassified,picture_pq
0x001A974C,0x001A98EC,0x1A0,sub_1A974C,103,3,11,11,boot_update|persistent_data|picture_pq|scaler_panel|events_tasks,
0x001A98EC,0x001A99E8,0xFC,sub_1A98EC,63,1,8,0,unclassified,
0x001A99E8,0x001A99F8,0x10,sub_1A99E8,4,1,0,0,unclassified,
0x001A99F8,0x001A9A00,0x8,nullsub_30,2,1,0,0,unclassified,
0x001A9A00,0x001A9B50,0x150,sub_1A9A00,81,4,9,11,picture_pq,
0x001A9B50,0x001A9D5C,0x20C,sub_1A9B50,131,2,6,4,picture_pq,
0x001A9D5C,0x001A9EA0,0x144,sub_1A9D5C,81,1,4,4,persistent_data,
0x001A9EA0,0x001A9EEC,0x4C,sub_1A9EA0,19,0,2,2,factory_service,
0x001A9EEC,0x001A9FC4,0xD8,sub_1A9EEC,54,1,2,0,unclassified,picture_pq
0x001A9FC4,0x001AA024,0x60,sub_1A9FC4,24,0,2,0,unclassified,
0x001AA024,0x001AA514,0x4F0,sub_1AA024,297,2,3,62,persistent_data|picture_pq|scaler_panel,
0x001AA514,0x001AA52C,0x18,sub_1AA514,6,0,1,0,unclassified,
0x001AA52C,0x001AA5C0,0x94,sub_1AA52C,37,28,6,0,unclassified,picture_pq
0x001AA5C0,0x001AA9E4,0x424,sub_1AA5C0,260,0,10,52,picture_pq|scaler_panel,
0x001AA9E4,0x001AAB6C,0x188,sub_1AA9E4,98,3,7,0,unclassified,picture_pq
0x001AAB6C,0x001AAF38,0x3CC,sub_1AAB6C,243,1,9,8,factory_service|picture_pq,
0x001AAF38,0x001AB1CC,0x294,sub_1AAF38,165,0,9,8,picture_pq,
0x001AB1CC,0x001AB658,0x48C,sub_1AB1CC,291,1,10,4,persistent_data|picture_pq,
0x001AB658,0x001AB790,0x138,sub_1AB658,78,5,8,4,factory_service,
0x001AB790,0x001ABAF4,0x364,sub_1AB790,215,1,14,15,persistent_data|picture_pq,
0x001ABB10,0x001ABBE8,0xD8,sub_1ABB10,54,3,9,8,boot_update|picture_pq|power,
0x001ABBE8,0x001ABDA4,0x1BC,sub_1ABBE8,110,3,9,20,persistent_data|video_link|picture_pq|scaler_panel,
0x001ABDA4,0x001ABE3C,0x98,sub_1ABDA4,38,0,2,0,unclassified,
0x001ABE3C,0x001ABEA0,0x64,sub_1ABE3C,25,5,3,0,unclassified,ddc_ci
0x001ABEA0,0x001ABF98,0xF8,sub_1ABEA0,62,2,1,0,unclassified,
0x001ABF98,0x001ABFB4,0x1C,sub_1ABF98,7,0,2,0,unclassified,picture_pq
0x001ABFB4,0x001AC1F8,0x244,sub_1ABFB4,145,2,17,10,picture_pq,
0x001AC1F8,0x001AC418,0x220,sub_1AC1F8,134,4,13,25,picture_pq|scaler_panel,
0x001AC418,0x001AC5DC,0x1C4,sub_1AC418,113,1,8,0,unclassified,picture_pq
0x001AC5DC,0x001AC664,0x88,sub_1AC5DC,34,1,2,0,unclassified,
0x001AC664,0x001AC6D0,0x6C,sub_1AC664,27,1,2,0,unclassified,
0x001AC6D0,0x001ACE8C,0x7BC,sub_1AC6D0,493,2,18,59,picture_pq,
0x001ACE94,0x001AD010,0x17C,sub_1ACE94,95,2,4,0,unclassified,
0x001AD010,0x001AD10C,0xFC,sub_1AD010,63,3,9,4,persistent_data|video_link|picture_pq,
0x001AD10C,0x001AD1A8,0x9C,sub_1AD10C,39,1,1,0,unclassified,
0x001AD1A8,0x001AD510,0x368,sub_1AD1A8,218,1,6,4,factory_service|picture_pq,
0x001AD510,0x001AD880,0x370,sub_1AD510,218,8,6,6,factory_service|picture_pq,
0x001AD880,0x001ADA00,0x180,sub_1AD880,96,1,6,4,picture_pq,
0x001ADA00,0x001ADA78,0x78,sub_1ADA00,30,1,5,4,factory_service|picture_pq|scaler_panel,
0x001ADA78,0x001ADA88,0x10,sub_1ADA78,4,1,0,0,unclassified,
0x001ADA88,0x001ADA98,0x10,sub_1ADA88,4,1,1,0,unclassified,
0x001ADA98,0x001ADAAC,0x14,sub_1ADA98,5,1,0,0,unclassified,
0x001ADAAC,0x001ADAC4,0x18,sub_1ADAAC,6,1,0,0,unclassified,
0x001ADACC,0x001ADDF0,0x324,sub_1ADACC,199,10,18,9,power|events_tasks,
0x001ADDF0,0x001ADE9C,0xAC,sub_1ADDF0,43,1,1,0,unclassified,
0x001ADE9C,0x001ADF58,0xBC,sub_1ADE9C,47,4,3,4,power,
0x001ADF58,0x001AE078,0x120,sub_1ADF58,71,1,6,5,power|events_tasks,
0x001AE078,0x001AE0A4,0x2C,sub_1AE078,11,0,1,0,unclassified,
0x001AE0A4,0x001AE174,0xD0,sub_1AE0A4,52,1,4,6,power|events_tasks,
0x001AE174,0x001AE1AC,0x38,sub_1AE174,14,0,1,0,unclassified,
0x001AE1AC,0x001AE1EC,0x40,sub_1AE1AC,16,1,1,0,unclassified,
0x001AE1EC,0x001AE284,0x98,sub_1AE1EC,38,1,7,0,unclassified,video_link
0x001AE284,0x001AE3E0,0x15C,sub_1AE284,87,1,7,0,unclassified,scaler_panel
0x001AE3E0,0x001AE558,0x178,sub_1AE3E0,93,2,8,9,boot_update|scaler_panel|audio,
0x001AE558,0x001AE5C0,0x68,sub_1AE558,26,1,2,4,scaler_panel|audio|diagnostics,
0x001AE5C0,0x001AE62C,0x6C,sub_1AE5C0,26,1,2,7,boot_update|audio,
0x001AE62C,0x001AE6A4,0x78,sub_1AE62C,30,3,7,0,unclassified,
0x001AE6A4,0x001AE708,0x64,sub_1AE6A4,25,1,2,0,unclassified,
0x001AE708,0x001AE720,0x18,sub_1AE708,6,0,1,0,unclassified,
0x001AE720,0x001AE764,0x44,sub_1AE720,17,0,3,0,unclassified,video_link
0x001AE764,0x001AE79C,0x38,sub_1AE764,14,0,3,0,unclassified,video_link
0x001AE79C,0x001AE814,0x78,sub_1AE79C,30,1,4,4,unclassified,video_link
0x001AE814,0x001AE898,0x84,sub_1AE814,33,1,4,4,unclassified,video_link
0x001AE898,0x001AE930,0x98,sub_1AE898,38,1,3,0,unclassified,
0x001AE930,0x001AE958,0x28,sub_1AE930,10,2,0,0,unclassified,
0x001AE9B0,0x001AE9BC,0xC,sub_1AE9B0,3,1,0,0,unclassified,
0x001AE9BC,0x001AEB74,0x1B8,sub_1AE9BC,109,5,5,3,scaler_panel,
0x001AEB74,0x001AED68,0x1F4,sub_1AEB74,121,5,9,1,boot_update|scaler_panel,
0x001AED68,0x001AEE04,0x9C,sub_1AED68,39,0,1,0,unclassified,
0x001AEE04,0x001AF0E8,0x2E4,sub_1AEE04,185,0,11,16,scaler_panel,
0x001AF0E8,0x001AF11C,0x34,sub_1AF0E8,13,0,2,0,unclassified,
0x001AF11C,0x001AF200,0xE4,sub_1AF11C,55,1,6,8,boot_update|scaler_panel,
0x001AF200,0x001AF3F0,0x1F0,sub_1AF200,121,0,8,16,boot_update|scaler_panel,
0x001AF3F0,0x001AF530,0x140,sub_1AF3F0,78,1,11,7,boot_update|scaler_panel,
0x001AF538,0x001AF580,0x48,sub_1AF538,18,13,2,4,audio,
0x001AF580,0x001AF5C8,0x48,sub_1AF580,18,6,2,4,audio,
0x001AF5C8,0x001AF664,0x9C,sub_1AF5C8,39,0,5,4,video_link|scaler_panel|audio,
0x001AF664,0x001AF6D0,0x6C,sub_1AF664,27,1,3,0,unclassified,scaler_panel
0x001AF6D0,0x001AF72C,0x5C,sub_1AF6D0,23,3,3,2,persistent_data|audio,
0x001AF72C,0x001AF9E4,0x2B8,sub_1AF72C,174,0,8,14,persistent_data|video_link|scaler_panel|audio,
0x001AF9E4,0x001AFB40,0x15C,sub_1AF9E4,86,1,5,15,persistent_data|audio,
0x001AFC68,0x001AFD98,0x130,sub_1AFC68,76,2,7,8,scaler_panel|audio,
0x001AFD98,0x001AFDC4,0x2C,sub_1AFD98,11,0,0,0,unclassified,
0x001AFDC4,0x001AFDD0,0xC,sub_1AFDC4,3,1,0,0,unclassified,
0x001AFDD0,0x001AFDE8,0x18,sub_1AFDD0,6,6,1,0,unclassified,video_link
0x001AFDE8,0x001AFE00,0x18,sub_1AFDE8,6,1,1,0,unclassified,
0x001AFE00,0x001AFE18,0x18,sub_1AFE00,6,4,1,0,unclassified,video_link
0x001AFE18,0x001AFE84,0x6C,sub_1AFE18,26,12,1,0,unclassified,video_link
0x001AFE84,0x001AFF54,0xD0,sub_1AFE84,51,3,2,0,unclassified,video_link
0x001AFF54,0x001B0008,0xB4,sub_1AFF54,45,5,2,2,video_link,
0x001B0008,0x001B0120,0x118,sub_1B0008,67,10,3,6,video_link|scaler_panel,
0x001B0120,0x001B02C0,0x1A0,sub_1B0120,100,1,3,6,video_link|scaler_panel,
0x001B02C0,0x001B0338,0x78,sub_1B02C0,30,52,2,4,video_link|scaler_panel,
0x001B0338,0x001B0480,0x148,sub_1B0338,78,1,3,7,video_link,
0x001B048C,0x001B04AC,0x20,sub_1B048C,8,1,0,0,unclassified,
0x001B04AC,0x001B04C0,0x14,sub_1B04AC,5,2,0,0,unclassified,
0x001B04C0,0x001B0500,0x40,sub_1B04C0,16,1,1,0,unclassified,
0x001B0500,0x001B085C,0x35C,sub_1B0500,210,6,19,9,video_link|scaler_panel,
0x001B085C,0x001B0898,0x3C,sub_1B085C,15,0,2,0,unclassified,video_link
0x001B0898,0x001B09B4,0x11C,sub_1B0898,69,0,3,13,video_link|events_tasks,
0x001B09B4,0x001B09E8,0x34,sub_1B09B4,12,2,0,0,unclassified,
0x001B09E8,0x001B0AA4,0xBC,sub_1B09E8,46,0,2,10,video_link|events_tasks,
0x001B0AF0,0x001B0CA0,0x1B0,sub_1B0AF0,105,0,4,4,video_link,
0x001B0CA0,0x001B0EBC,0x21C,sub_1B0CA0,134,0,4,8,factory_service|video_link|scaler_panel,
0x001B0EBC,0x001B0F18,0x5C,sub_1B0EBC,23,0,2,0,unclassified,
0x001B0F18,0x001B13F0,0x4D8,sub_1B0F18,307,1,9,13,boot_update|video_link|power,
0x001B13F0,0x001B1618,0x228,sub_1B13F0,136,1,6,10,boot_update|video_link,
0x001B1618,0x001B1624,0xC,sub_1B1618,3,2,0,0,unclassified,osd_ui
0x001B1624,0x001B167C,0x58,sub_1B1624,21,7,2,4,video_link,
0x001B167C,0x001B1934,0x2B8,sub_1B167C,170,1,11,10,video_link,
0x001B1934,0x001B2254,0x920,sub_1B1934,573,1,20,49,factory_service|osd_ui|video_link|scaler_panel|events_tasks,
0x001B2254,0x001B2310,0xBC,sub_1B2254,47,1,4,4,video_link|scaler_panel,
0x001B2310,0x001B23A0,0x90,sub_1B2310,36,1,4,0,unclassified,scaler_panel
0x001B23A0,0x001B23E0,0x40,sub_1B23A0,15,16,2,1,video_link,
0x001B23E0,0x001B24D4,0xF4,sub_1B23E0,60,1,6,1,video_link,
0x001B24D4,0x001B24E4,0x10,sub_1B24D4,4,1,1,0,unclassified,
0x001B24E4,0x001B2648,0x164,sub_1B24E4,86,1,9,5,video_link,
0x001B2648,0x001B26B0,0x68,sub_1B2648,26,3,4,0,unclassified,
0x001B26B0,0x001B26C8,0x18,sub_1B26B0,6,7,1,0,unclassified,
0x001B26C8,0x001B2770,0xA8,sub_1B26C8,42,8,4,0,unclassified,video_link
0x001B2770,0x001B2884,0x114,sub_1B2770,65,1,1,9,video_link|ddc_ci,
0x001B2884,0x001B299C,0x118,sub_1B2884,70,1,1,12,video_link|ddc_ci,
0x001B299C,0x001B2AA4,0x108,sub_1B299C,65,2,1,9,video_link|ddc_ci,
0x001B2AA4,0x001B2B20,0x7C,sub_1B2AA4,31,1,5,0,unclassified,
0x001B2B20,0x001B2B4C,0x2C,sub_1B2B20,11,0,2,0,unclassified,
0x001B2B4C,0x001B2B58,0xC,sub_1B2B4C,3,1,0,0,unclassified,
0x001B2B58,0x001B2BF4,0x9C,sub_1B2B58,39,0,3,0,unclassified,scaler_panel
0x001B2BF4,0x001B2D14,0x120,sub_1B2BF4,72,1,6,0,unclassified,
0x001B2D84,0x001B2E40,0xBC,sub_1B2D84,47,1,7,0,unclassified,video_link
0x001B2E40,0x001B2EE8,0xA8,sub_1B2E40,42,3,3,0,unclassified,scaler_panel
0x001B2EE8,0x001B306C,0x184,sub_1B2EE8,93,1,10,1,scaler_panel,
0x001B312C,0x001B337C,0x250,sub_1B312C,146,1,10,3,video_link,
0x001B3390,0x001B33A4,0x14,sub_1B3390,5,1,1,0,unclassified,
0x001B33A4,0x001B34F8,0x154,sub_1B33A4,85,1,0,0,unclassified,
0x001B34F8,0x001B3610,0x118,sub_1B34F8,68,2,0,0,unclassified,
0x001B3610,0x001B3774,0x164,sub_1B3610,84,0,0,0,unclassified,
0x001B3774,0x001B3784,0x10,sub_1B3774,4,1,1,0,unclassified,
0x001B3784,0x001B38B0,0x12C,sub_1B3784,73,2,2,4,persistent_data,
0x001B38B0,0x001B3A4C,0x19C,sub_1B38B0,100,1,3,3,persistent_data,
0x001B3A4C,0x001B3BDC,0x190,sub_1B3A4C,97,0,1,0,unclassified,
0x001B3E04,0x001B3E78,0x74,sub_1B3E04,28,0,2,0,unclassified,
0x001B3FB0,0x001B4280,0x2D0,sub_1B3FB0,177,63,0,0,unclassified,
0x001B4280,0x001B42D0,0x50,sub_1B4280,19,45,1,0,unclassified,osd_ui
0x001B42D0,0x001B440C,0x13C,sub_1B42D0,77,1,2,4,factory_service|persistent_data,
0x001B440C,0x001B45A8,0x19C,sub_1B440C,100,1,3,3,factory_service|persistent_data,
0x001B45A8,0x001B4690,0xE8,sub_1B45A8,56,3,2,0,unclassified,persistent_data
0x001B46A8,0x001B471C,0x74,sub_1B46A8,28,0,2,0,unclassified,
0x001B471C,0x001B477C,0x60,sub_1B471C,24,0,5,0,unclassified,persistent_data
0x001B477C,0x001B4870,0xF4,sub_1B477C,61,3,9,4,persistent_data|picture_pq,
0x001B4870,0x001B48C0,0x50,sub_1B4870,20,16,1,0,unclassified,picture_pq
0x001B48C0,0x001B4918,0x58,sub_1B48C0,22,5,1,0,unclassified,picture_pq
0x001B4918,0x001B4BAC,0x294,sub_1B4918,165,2,2,0,unclassified,persistent_data
0x001B4BAC,0x001B4E40,0x294,sub_1B4BAC,165,0,2,0,unclassified,
0x001B4E40,0x001B4FA8,0x168,sub_1B4E40,88,1,10,4,persistent_data|picture_pq,
0x001B4FA8,0x001B50F8,0x150,sub_1B4FA8,84,2,3,12,persistent_data|picture_pq,
0x001B50F8,0x001B520C,0x114,sub_1B50F8,68,0,1,4,picture_pq,
0x001B54E8,0x001B5504,0x1C,sub_1B54E8,7,1,1,0,unclassified,persistent_data
0x001B55AC,0x001B55E4,0x38,sub_1B55AC,13,2,0,0,unclassified,
0x001B55E4,0x001B572C,0x148,sub_1B55E4,81,1,3,4,persistent_data,
0x001B572C,0x001B5CE4,0x5B8,sub_1B572C,365,4,0,0,unclassified,persistent_data
0x001B5CE4,0x001B5D48,0x64,sub_1B5CE4,24,318,1,0,unclassified,
0x001B5D48,0x001B5D88,0x40,sub_1B5D48,15,1,0,0,unclassified,
0x001B5D88,0x001B5E78,0xF0,sub_1B5D88,58,1,3,11,persistent_data,
0x001B5E78,0x001B5ECC,0x54,sub_1B5E78,20,4,0,0,unclassified,picture_pq
0x001B5ECC,0x001B5F7C,0xB0,sub_1B5ECC,43,14,3,4,persistent_data|diagnostics,
0x001B5F80,0x001B5F88,0x8,sub_1B5F80,2,0,0,0,unclassified,
0x001B5F88,0x001B5F90,0x8,sub_1B5F88,2,0,0,0,unclassified,
0x001B5F90,0x001B5F98,0x8,sub_1B5F90,2,0,1,0,unclassified,
0x001B5F98,0x001B5FA0,0x8,sub_1B5F98,2,0,0,0,unclassified,
0x001B5FA0,0x001B6178,0x1D8,sub_1B5FA0,112,1,3,5,unclassified,
0x001B6178,0x001B61A4,0x2C,sub_1B6178,11,1,2,0,unclassified,
0x001B61B0,0x001B61C8,0x18,sub_1B61B0,6,0,1,0,unclassified,
0x001B61C8,0x001B61E0,0x18,sub_1B61C8,6,0,1,0,unclassified,
0x001B61E0,0x001B61F8,0x18,sub_1B61E0,6,0,1,0,unclassified,
0x001B61F8,0x001B6210,0x18,sub_1B61F8,6,0,1,0,unclassified,
0x001B6210,0x001B6228,0x18,sub_1B6210,6,0,1,0,unclassified,
0x001B6258,0x001B6270,0x18,sub_1B6258,6,0,1,0,unclassified,
0x001B629C,0x001B62B4,0x18,sub_1B629C,6,0,1,0,unclassified,
0x001B62D0,0x001B6500,0x230,sub_1B62D0,137,3,8,7,osd_ui,
0x001B6500,0x001B6544,0x44,sub_1B6500,17,0,3,0,unclassified,
0x001B6544,0x001B6610,0xCC,sub_1B6544,51,5,6,0,unclassified,
0x001B6610,0x001B6654,0x44,sub_1B6610,17,0,1,0,unclassified,
0x001B6654,0x001B66C8,0x74,sub_1B6654,28,0,3,1,diagnostics,
0x001B66C8,0x001B679C,0xD4,sub_1B66C8,53,1,6,0,unclassified,osd_ui
0x001B679C,0x001B6940,0x1A4,sub_1B679C,105,0,7,0,unclassified,osd_ui
0x001B6D30,0x001B702C,0x2FC,sub_1B6D30,191,2,6,0,unclassified,osd_ui
0x001B702C,0x001B731C,0x2F0,sub_1B702C,188,3,6,0,unclassified,osd_ui
0x001B731C,0x001B7760,0x444,sub_1B731C,273,16,5,0,unclassified,osd_ui
0x001B7760,0x001B77AC,0x4C,sub_1B7760,19,8,1,0,unclassified,osd_ui
0x001B77AC,0x001B7884,0xD8,sub_1B77AC,54,2,2,0,unclassified,osd_ui
0x001B7884,0x001B7D74,0x4F0,sub_1B7884,316,11,8,0,unclassified,osd_ui
0x001B7D74,0x001B7D84,0x10,sub_1B7D74,4,18,1,0,unclassified,osd_ui
0x001B7D84,0x001B7DA4,0x20,sub_1B7D84,8,6,2,0,unclassified,osd_ui
0x001B7DA4,0x001B7DEC,0x48,sub_1B7DA4,18,6,3,0,unclassified,osd_ui
0x001B7DEC,0x001B7E04,0x18,sub_1B7DEC,6,2,1,0,unclassified,osd_ui
0x001B7E04,0x001B8500,0x6FC,sub_1B7E04,442,38,18,3,osd_ui|scaler_panel,
0x001B8530,0x001B8540,0x10,sub_1B8530,4,1,1,0,unclassified,osd_ui
0x001B8540,0x001B8570,0x30,sub_1B8540,12,7,1,0,unclassified,osd_ui
0x001B8570,0x001B8600,0x90,sub_1B8570,35,6,4,0,unclassified,osd_ui
0x001B8620,0x001B86D8,0xB8,sub_1B8620,43,13,4,0,unclassified,osd_ui
0x001B86EC,0x001B8708,0x1C,sub_1B86EC,6,2,1,0,unclassified,osd_ui
0x001B8708,0x001B872C,0x24,sub_1B8708,9,2,1,0,unclassified,osd_ui
0x001B872C,0x001B8750,0x24,sub_1B872C,9,2,1,0,unclassified,osd_ui
0x001B8750,0x001B8AAC,0x35C,sub_1B8750,208,2,6,0,unclassified,osd_ui
0x001B8B48,0x001B8B88,0x40,sub_1B8B48,14,3,1,0,unclassified,osd_ui
0x001B8B88,0x001B8D44,0x1BC,sub_1B8B88,109,2,5,0,unclassified,osd_ui
0x001B8D68,0x001B9168,0x400,sub_1B8D68,255,2,10,0,unclassified,osd_ui
0x001B9168,0x001B9490,0x328,sub_1B9168,201,1,9,0,unclassified,osd_ui
0x001B9490,0x001BA308,0xE78,sub_1B9490,919,2,17,0,unclassified,osd_ui
0x001BA308,0x001BA654,0x34C,sub_1BA308,210,2,27,2,boot_update,
0x001BA654,0x001BA8E8,0x294,sub_1BA654,165,0,12,0,unclassified,osd_ui
0x001BBD40,0x001BBD68,0x28,jpt_1C5C74,10,8,2,0,unclassified,osd_ui
0x001BBD68,0x001BBE60,0xF8,sub_1BBD68,62,2,3,0,unclassified,scaler_panel
0x001BBE60,0x001BBF44,0xE4,sub_1BBE60,57,2,0,0,unclassified,osd_ui
0x001BBFB0,0x001BCF54,0xFA4,sub_1BBFB0,1187,14,26,0,unclassified,scaler_panel
0x001BCF54,0x001BD118,0x1C4,sub_1BCF54,113,4,5,0,unclassified,osd_ui
0x001BD288,0x001BD388,0x100,sub_1BD288,1094,33,69,0,unclassified,osd_ui
0x001BD9B0,0x001BD9D4,0x24,sub_1BD9B0,182,1,16,0,unclassified,osd_ui
0x001BDA34,0x001BDBFC,0x1C8,sub_1BDA34,109,19,8,0,unclassified,boot_update
0x001BDBFC,0x001BDDA8,0x1AC,sub_1BDBFC,107,17,4,0,unclassified,osd_ui
0x001BDDA8,0x001BDDB4,0xC,sub_1BDDA8,3,0,1,0,unclassified,
0x001BDDC8,0x001BE05C,0x294,sub_1BDDC8,409,3,16,0,unclassified,osd_ui
0x001BE05C,0x001BE0E4,0x88,sub_1BE05C,34,3,0,0,unclassified,osd_ui
0x001BE0E4,0x001BE120,0x3C,sub_1BE0E4,15,5,0,0,unclassified,osd_ui
0x001BE12C,0x001BE2D0,0x1A4,sub_1BE12C,110,2,2,0,unclassified,osd_ui
0x001BE320,0x001BE324,0x4,sub_1BE320,1,0,0,0,unclassified,
0x001BE370,0x001BE524,0x1B4,sub_1BE370,126,4,11,0,unclassified,osd_ui
0x001BE524,0x001BE554,0x30,sub_1BE524,20,4,2,0,unclassified,osd_ui
0x001BE744,0x001BE754,0x10,sub_1BE744,4,0,0,0,unclassified,
0x001BE80C,0x001BE814,0x8,nullsub_62,2,3,0,0,unclassified,osd_ui
0x001BE840,0x001BE888,0x48,sub_1BE840,18,0,2,0,unclassified,
0x001BE8DC,0x001BE96C,0x90,sub_1BE8DC,36,3,0,0,unclassified,osd_ui
0x001BE96C,0x001BEA04,0x98,sub_1BE96C,38,5,0,0,unclassified,osd_ui
0x001BEA3C,0x001BEA88,0x4C,sub_1BEA3C,19,0,3,0,unclassified,osd_ui
0x001BEAD0,0x001BEADC,0xC,sub_1BEAD0,3,4,0,0,unclassified,osd_ui
0x001BF1A0,0x001BF288,0xE8,sub_1BF1A0,56,4,10,0,unclassified,osd_ui
0x001BF288,0x001BF554,0x2CC,sub_1BF288,179,1,4,0,unclassified,osd_ui
0x001BF554,0x001BF5EC,0x98,sub_1BF554,37,0,1,0,unclassified,
0x001BF63C,0x001BF67C,0x40,sub_1BF63C,16,0,2,0,unclassified,osd_ui
0x001BF67C,0x001BFD58,0x6DC,sub_1BF67C,435,4,18,0,unclassified,osd_ui
0x001BFD58,0x001BFFC0,0x268,sub_1BFD58,154,1,4,0,unclassified,
0x001BFFC0,0x001BFFEC,0x2C,sub_1BFFC0,334,10,26,0,unclassified,osd_ui
0x001C0444,0x001C0448,0x4,sub_1C0444,1,1,0,0,unclassified,
0x001C0508,0x001C0524,0x1C,sub_1C0508,7,2,0,0,unclassified,
0x001C0524,0x001C0630,0x10C,sub_1C0524,67,1,4,0,unclassified,
0x001C0630,0x001C0A54,0x424,sub_1C0630,265,29,2,0,unclassified,osd_ui
0x001C0A54,0x001C0A84,0x30,sub_1C0A54,12,6,2,0,unclassified,osd_ui
0x001C0A9C,0x001C0AE0,0x44,sub_1C0A9C,17,2,1,0,unclassified,
0x001C0AE0,0x001C0B0C,0x2C,sub_1C0AE0,11,2,2,0,unclassified,osd_ui
0x001C0B6C,0x001C0B70,0x4,sub_1C0B6C,1,5,0,0,unclassified,osd_ui
0x001C0EC8,0x001C0F30,0x68,sub_1C0EC8,26,0,4,0,unclassified,osd_ui
0x001C0F30,0x001C0F98,0x68,sub_1C0F30,26,0,4,0,unclassified,osd_ui
0x001C0F98,0x001C1184,0x1EC,sub_1C0F98,122,1,12,0,unclassified,osd_ui
0x001C1184,0x001C11FC,0x78,sub_1C1184,30,0,2,0,unclassified,
0x001C11FC,0x001C137C,0x180,sub_1C11FC,96,1,9,0,unclassified,osd_ui
0x001C13AC,0x001C1A70,0x6C4,sub_1C13AC,426,2,5,0,unclassified,osd_ui
0x001C1A70,0x001C1D20,0x2B0,sub_1C1A70,172,1,13,0,unclassified,
0x001C1D20,0x001C2038,0x318,sub_1C1D20,198,2,10,0,unclassified,osd_ui
0x001C2038,0x001C3154,0x111C,sub_1C2038,1087,2,21,0,unclassified,osd_ui
0x001C3154,0x001C3980,0x82C,sub_1C3154,522,1,19,0,unclassified,osd_ui
0x001C3980,0x001C4180,0x800,sub_1C3980,511,9,17,0,unclassified,osd_ui
0x001C4180,0x001C4B24,0x9A4,sub_1C4180,616,3,28,2,factory_service|osd_ui|scaler_panel,
0x001C4B24,0x001C4B70,0x4C,sub_1C4B24,51,1,2,0,unclassified,osd_ui
0x001C4F04,0x001C5100,0x1FC,sub_1C4F04,127,0,12,0,unclassified,osd_ui
0x001C5100,0x001C534C,0x24C,sub_1C5100,147,0,13,0,unclassified,osd_ui
0x001C534C,0x001C543C,0xF0,sub_1C534C,60,0,5,0,unclassified,osd_ui
0x001C55D8,0x001C5618,0x40,sub_1C55D8,18,0,2,0,unclassified,osd_ui
0x001C58A4,0x001C58C0,0x1C,sub_1C58A4,7,0,1,0,unclassified,
0x001C5988,0x001C5A54,0xCC,sub_1C5988,54,1,13,0,unclassified,osd_ui
0x001C5DF8,0x001C6178,0x380,sub_1C5DF8,224,3,24,0,unclassified,osd_ui
0x001C61BC,0x001C6510,0x354,sub_1C61BC,212,13,24,0,unclassified,osd_ui
0x001C6554,0x001C6DE8,0x894,sub_1C6554,548,0,28,0,unclassified,boot_update
0x001C6DE8,0x001C6F4C,0x164,sub_1C6DE8,89,0,8,0,unclassified,osd_ui
0x001C6F4C,0x001C7334,0x3E8,sub_1C6F4C,250,3,12,0,unclassified,osd_ui
0x001C7334,0x001C73C4,0x90,sub_1C7334,36,2,4,0,unclassified,osd_ui
0x001C73C4,0x001C758C,0x1C8,sub_1C73C4,113,1,19,0,unclassified,osd_ui
0x001C758C,0x001C7AD8,0x54C,sub_1C758C,336,1,7,0,unclassified,osd_ui
0x001C7AD8,0x001C7BD4,0xFC,sub_1C7AD8,63,1,9,0,unclassified,osd_ui
0x001C7CA8,0x001C7D50,0xA8,sub_1C7CA8,39,1,3,0,unclassified,
0x001C7D50,0x001C7E34,0xE4,sub_1C7D50,55,0,3,0,unclassified,osd_ui
0x001C7E34,0x001C7F14,0xE0,sub_1C7E34,55,0,2,0,unclassified,osd_ui
0x001C7F14,0x001C7F54,0x40,sub_1C7F14,16,2,1,0,unclassified,osd_ui
0x001C7F54,0x001C814C,0x1F8,sub_1C7F54,125,2,7,0,unclassified,osd_ui
0x001C814C,0x001C857C,0x430,sub_1C814C,266,1,15,0,unclassified,osd_ui
0x001C87B8,0x001C89A4,0x1EC,sub_1C87B8,121,0,5,0,unclassified,osd_ui
0x001C89A4,0x001C89F0,0x4C,sub_1C89A4,19,0,5,0,unclassified,osd_ui
0x001C89F0,0x001C8AC4,0xD4,sub_1C89F0,53,6,1,0,unclassified,osd_ui
0x001C919C,0x001C91C4,0x28,sub_1C919C,9,3,0,0,unclassified,boot_update
0x001C91C4,0x001C91CC,0x8,sub_1C91C4,2,2,0,0,unclassified,scaler_panel
0x001C91CC,0x001C9204,0x38,sub_1C91CC,14,0,1,0,unclassified,
0x001C9244,0x001C995C,0x718,sub_1C9244,449,8,9,0,unclassified,osd_ui
0x001C995C,0x001C9B90,0x234,sub_1C995C,141,1,7,0,unclassified,osd_ui
0x001C9B90,0x001C9C24,0x94,sub_1C9B90,37,1,3,0,unclassified,osd_ui
0x001C9C24,0x001C9E60,0x23C,sub_1C9C24,143,1,23,0,unclassified,osd_ui
0x001C9E60,0x001CA244,0x3E4,sub_1C9E60,249,1,26,0,unclassified,osd_ui
0x001CA244,0x001CA478,0x234,sub_1CA244,141,2,21,0,unclassified,osd_ui
0x001CA478,0x001CA96C,0x4F4,sub_1CA478,317,1,23,0,unclassified,
0x001CA96C,0x001CAA78,0x10C,sub_1CA96C,67,1,17,0,unclassified,osd_ui
0x001CAA78,0x001CAC4C,0x1D4,sub_1CAA78,117,0,18,0,unclassified,osd_ui
0x001CAC4C,0x001CADBC,0x170,sub_1CAC4C,91,3,8,5,unclassified,osd_ui
0x001CADBC,0x001CADE4,0x28,sub_1CADBC,10,0,2,0,unclassified,
0x001CADE4,0x001CB3BC,0x5D8,sub_1CADE4,374,2,25,0,unclassified,osd_ui
0x001CB3BC,0x001CB5A0,0x1E4,sub_1CB3BC,121,0,3,0,unclassified,osd_ui
0x001CB5A0,0x001CB7A4,0x204,sub_1CB5A0,129,0,3,0,unclassified,osd_ui
0x001CB7A4,0x001CB814,0x70,sub_1CB7A4,28,0,7,0,unclassified,osd_ui
0x001CB814,0x001CB968,0x154,sub_1CB814,85,0,11,0,unclassified,osd_ui
0x001CBB64,0x001CBBA4,0x40,sub_1CBB64,16,2,1,0,unclassified,
0x001CBBA4,0x001CC020,0x47C,sub_1CBBA4,72,4,7,0,unclassified,osd_ui
0x001CC020,0x001CC0FC,0xDC,sub_1CC020,55,0,8,0,unclassified,osd_ui
0x001CC0FC,0x001CC510,0x414,sub_1CC0FC,261,1,9,0,unclassified,osd_ui
0x001CC510,0x001CC928,0x418,sub_1CC510,262,0,9,0,unclassified,osd_ui
0x001CC928,0x001CCA1C,0xF4,sub_1CC928,61,0,6,0,unclassified,osd_ui
0x001CCA1C,0x001CCBB8,0x19C,sub_1CCA1C,103,2,15,2,boot_update|osd_ui,
0x001CCC30,0x001CD140,0x510,sub_1CCC30,324,1,10,0,unclassified,
0x001CD140,0x001CD25C,0x11C,sub_1CD140,69,2,6,0,unclassified,osd_ui
0x001CD25C,0x001CD4FC,0x2A0,sub_1CD25C,165,2,13,0,unclassified,audio
0x001CD4FC,0x001CD680,0x184,sub_1CD4FC,95,0,8,0,unclassified,audio
0x001CD6A8,0x001CD700,0x58,sub_1CD6A8,22,1,8,0,unclassified,osd_ui
0x001CD700,0x001CD834,0x134,sub_1CD700,77,1,2,0,unclassified,osd_ui
0x001CD834,0x001CD958,0x124,sub_1CD834,73,1,2,0,unclassified,osd_ui
0x001CD958,0x001CDC70,0x318,sub_1CD958,198,1,13,0,unclassified,osd_ui
0x001CDC70,0x001CDECC,0x25C,sub_1CDC70,151,2,13,0,unclassified,osd_ui
0x001CDECC,0x001CE2BC,0x3F0,sub_1CDECC,250,1,20,0,unclassified,osd_ui
0x001CE2BC,0x001CE5C4,0x308,sub_1CE2BC,193,0,18,0,unclassified,osd_ui
0x001CE5EC,0x001CE7A4,0x1B8,sub_1CE5EC,110,2,11,0,unclassified,osd_ui
0x001CE7A4,0x001CE810,0x6C,sub_1CE7A4,27,0,4,0,unclassified,osd_ui
0x001CE810,0x001CE84C,0x3C,sub_1CE810,15,1,2,0,unclassified,scaler_panel
0x001CE84C,0x001CEF54,0x708,sub_1CE84C,448,3,14,0,unclassified,scaler_panel
0x001CEF54,0x001CF050,0xFC,sub_1CEF54,62,0,5,0,unclassified,osd_ui
0x001CF050,0x001CF178,0x128,sub_1CF050,74,0,6,0,unclassified,osd_ui
0x001CF178,0x001CF438,0x2C0,sub_1CF178,175,1,25,0,unclassified,osd_ui
0x001CF438,0x001CF6B8,0x280,sub_1CF438,157,3,2,0,unclassified,osd_ui
0x001CF6B8,0x001CF734,0x7C,sub_1CF6B8,30,0,1,0,unclassified,
0x001CF734,0x001CF9A0,0x26C,sub_1CF734,154,1,15,0,unclassified,osd_ui
0x001CF9A0,0x001CFB78,0x1D8,sub_1CF9A0,118,0,19,0,unclassified,osd_ui
0x001CFB78,0x001CFDD8,0x260,sub_1CFB78,150,0,18,0,unclassified,osd_ui
0x001CFDD8,0x001D02D8,0x500,sub_1CFDD8,318,0,19,0,unclassified,osd_ui
0x001D02D8,0x001D07E4,0x50C,sub_1D02D8,321,0,18,0,unclassified,osd_ui
0x001D07E4,0x001D08D8,0xF4,sub_1D07E4,61,1,3,0,unclassified,osd_ui
0x001D08D8,0x001D0ABC,0x1E4,sub_1D08D8,120,6,23,0,unclassified,osd_ui
0x001D0AF0,0x001D0BE0,0xF0,sub_1D0AF0,59,0,4,0,unclassified,video_link
0x001D0BE0,0x001D0C60,0x80,sub_1D0BE0,32,0,1,0,unclassified,
0x001D0C60,0x001D0CA4,0x44,sub_1D0C60,17,1,1,4,boot_update|osd_ui,
0x001D0CA4,0x001D0D14,0x70,sub_1D0CA4,28,0,2,0,unclassified,video_link
0x001D0D14,0x001D1214,0x500,sub_1D0D14,317,1,13,4,boot_update|osd_ui|video_link,
0x001D1214,0x001D16EC,0x4D8,sub_1D1214,307,3,26,0,unclassified,osd_ui
0x001D1E74,0x001D2018,0x1A4,sub_1D1E74,105,2,9,0,unclassified,osd_ui
0x001D2018,0x001D24B8,0x4A0,sub_1D2018,292,2,17,6,boot_update|osd_ui|usb_pd,
0x001D24B8,0x001D2858,0x3A0,sub_1D24B8,232,1,20,2,boot_update|osd_ui|usb_pd|diagnostics,
0x001D2858,0x001D2A7C,0x224,sub_1D2858,137,1,12,0,unclassified,osd_ui
0x001D2A7C,0x001D2BC8,0x14C,sub_1D2A7C,83,0,4,0,unclassified,osd_ui
0x001D2BC8,0x001D2F50,0x388,sub_1D2BC8,226,1,6,0,unclassified,osd_ui
0x001D2F50,0x001D2FA0,0x50,sub_1D2F50,20,0,2,0,unclassified,osd_ui
0x001D2FD8,0x001D3000,0x28,sub_1D2FD8,10,0,1,0,unclassified,
0x001D3000,0x001D3024,0x24,sub_1D3000,9,0,1,0,unclassified,
0x001D3310,0x001D3420,0x110,sub_1D3310,67,2,7,0,unclassified,osd_ui
0x001D3420,0x001D3670,0x250,sub_1D3420,146,12,8,4,boot_update|osd_ui,
0x001D3670,0x001D3CF0,0x680,sub_1D3670,412,1,16,0,unclassified,osd_ui
0x001D3CF0,0x001D3E0C,0x11C,sub_1D3CF0,71,0,5,0,unclassified,osd_ui
0x001D3E0C,0x001D3ECC,0xC0,sub_1D3E0C,48,0,5,0,unclassified,osd_ui
0x001D3ECC,0x001D3FE8,0x11C,sub_1D3ECC,70,0,5,0,unclassified,osd_ui
0x001D3FE8,0x001D4130,0x148,sub_1D3FE8,82,0,8,0,unclassified,osd_ui
0x001D4130,0x001D42E8,0x1B8,sub_1D4130,109,1,12,0,unclassified,osd_ui
0x001D42E8,0x001D4634,0x34C,sub_1D42E8,205,0,11,0,unclassified,osd_ui
0x001D4634,0x001D48FC,0x2C8,sub_1D4634,176,0,4,0,unclassified,osd_ui
0x001D48FC,0x001D4B28,0x22C,sub_1D48FC,137,0,8,0,unclassified,osd_ui
0x001D4B9C,0x001D4CE4,0x148,sub_1D4B9C,80,0,1,0,unclassified,
0x001D4D3C,0x001D4D4C,0x10,sub_1D4D3C,4,7,1,0,unclassified,osd_ui
0x001D4D4C,0x001D4DE0,0x94,sub_1D4D4C,32,1,1,0,unclassified,osd_ui
0x001D4DE0,0x001D4E10,0x30,sub_1D4DE0,10,1,1,0,unclassified,osd_ui
0x001D4E10,0x001D4EDC,0xCC,sub_1D4E10,49,2,5,0,unclassified,
0x001D4EDC,0x001D4FC0,0xE4,sub_1D4EDC,57,4,1,0,unclassified,osd_ui
0x001D4FC0,0x001D51B0,0x1F0,sub_1D4FC0,123,5,2,0,unclassified,osd_ui
0x001D51B0,0x001D5330,0x180,sub_1D51B0,95,5,3,0,unclassified,osd_ui
0x001D5330,0x001D5390,0x60,sub_1D5330,24,4,1,0,unclassified,osd_ui
0x001D5390,0x001D5450,0xC0,sub_1D5390,47,1,5,0,unclassified,
0x001D5450,0x001D5578,0x128,sub_1D5450,72,2,2,0,unclassified,osd_ui
0x001D5578,0x001D55EC,0x74,sub_1D5578,28,1,2,0,unclassified,osd_ui
0x001D55EC,0x001D57E8,0x1FC,sub_1D55EC,127,17,4,0,unclassified,boot_update
0x001D57E8,0x001D58C8,0xE0,sub_1D57E8,56,11,2,0,unclassified,boot_update
0x001D58C8,0x001D5A94,0x1CC,sub_1D58C8,114,17,4,4,osd_ui|input_keys,
0x001D5A94,0x001D5CF0,0x25C,sub_1D5A94,151,1,3,0,unclassified,osd_ui
0x001D5CF0,0x001D5EB4,0x1C4,sub_1D5CF0,113,1,3,0,unclassified,osd_ui
0x001D5EB4,0x001D5F58,0xA4,sub_1D5EB4,40,1,3,0,unclassified,osd_ui
0x001D5F58,0x001D6018,0xC0,sub_1D5F58,47,2,2,0,unclassified,osd_ui
0x001D6018,0x001D60D8,0xC0,sub_1D6018,47,2,2,0,unclassified,osd_ui
0x001D60D8,0x001D6198,0xC0,sub_1D60D8,47,2,2,0,unclassified,osd_ui
0x001D6198,0x001D6298,0x100,sub_1D6198,64,1,2,0,unclassified,osd_ui
0x001D6298,0x001D6304,0x6C,sub_1D6298,26,1,2,0,unclassified,osd_ui
0x001D6304,0x001D6370,0x6C,sub_1D6304,26,1,2,0,unclassified,osd_ui
0x001D6370,0x001D6404,0x94,sub_1D6370,36,1,3,0,unclassified,osd_ui
0x001D6404,0x001D6424,0x20,sub_1D6404,7,1,1,0,unclassified,osd_ui
0x001D6424,0x001D6640,0x21C,sub_1D6424,134,1,6,2,osd_ui,
0x001D6640,0x001D6744,0x104,sub_1D6640,64,2,3,0,unclassified,osd_ui
0x001D6744,0x001D67D4,0x90,sub_1D6744,35,1,2,2,unclassified,osd_ui
0x001D67DC,0x001D67FC,0x20,sub_1D67DC,7,1,1,0,unclassified,
0x001D67FC,0x001D681C,0x20,sub_1D67FC,7,1,1,0,unclassified,osd_ui
0x001D681C,0x001D685C,0x40,sub_1D681C,14,2,1,0,unclassified,osd_ui
0x001D685C,0x001D68CC,0x70,sub_1D685C,27,1,3,0,unclassified,osd_ui
0x001D68CC,0x001D68EC,0x20,sub_1D68CC,7,1,1,0,unclassified,osd_ui
0x001D68EC,0x001D690C,0x20,sub_1D68EC,7,2,1,0,unclassified,osd_ui
0x001D690C,0x001D694C,0x40,sub_1D690C,14,1,1,0,unclassified,osd_ui
0x001D694C,0x001D696C,0x20,sub_1D694C,8,13,2,0,unclassified,osd_ui
0x001D696C,0x001D6984,0x18,sub_1D696C,5,16,1,0,unclassified,osd_ui
0x001D6984,0x001D699C,0x18,sub_1D6984,5,1,1,0,unclassified,osd_ui
0x001D699C,0x001D69B4,0x18,sub_1D699C,5,1,1,0,unclassified,osd_ui
0x001D69B4,0x001D69D4,0x20,sub_1D69B4,7,1,1,0,unclassified,osd_ui
0x001D69D4,0x001D69EC,0x18,sub_1D69D4,5,1,1,0,unclassified,osd_ui
0x001D69EC,0x001D6A04,0x18,sub_1D69EC,5,2,1,0,unclassified,osd_ui
0x001D6A04,0x001D6A1C,0x18,sub_1D6A04,5,2,1,0,unclassified,osd_ui
0x001D6A1C,0x001D6A34,0x18,sub_1D6A1C,5,2,1,0,unclassified,osd_ui
0x001D6A34,0x001D6ED0,0x49C,sub_1D6A34,290,1,2,0,unclassified,osd_ui
0x001D6ED0,0x001D6FE8,0x118,sub_1D6ED0,70,1,6,0,unclassified,
0x001D6FE8,0x001D70E0,0xF8,sub_1D6FE8,62,2,4,4,osd_ui|events_tasks,
0x001D70E0,0x001D712C,0x4C,sub_1D70E0,19,1,1,0,unclassified,
0x001D712C,0x001D7214,0xE8,sub_1D712C,58,2,3,0,unclassified,osd_ui
0x001D7214,0x001D72EC,0xD8,sub_1D7214,54,2,3,4,boot_update|osd_ui|video_link|events_tasks,
0x001D72EC,0x001D73D4,0xE8,sub_1D72EC,58,0,2,8,boot_update|osd_ui|video_link,
0x001D73D4,0x001D75EC,0x218,sub_1D73D4,133,4,7,5,boot_update|osd_ui|video_link,
0x001D75EC,0x001D7654,0x68,sub_1D75EC,26,1,2,0,unclassified,boot_update
0x001D7654,0x001D7D5C,0x708,sub_1D7654,450,1,21,0,unclassified,osd_ui
0x001D7D5C,0x001D7ED8,0x17C,sub_1D7D5C,95,1,2,0,unclassified,
0x001D7ED8,0x001D7F2C,0x54,sub_1D7ED8,21,0,2,0,unclassified,
0x001D7F2C,0x001D7F44,0x18,sub_1D7F2C,6,6,1,0,unclassified,boot_update
0x001D7F44,0x001D7FE8,0xA4,sub_1D7F44,41,1,2,0,unclassified,
0x001D8048,0x001D8164,0x11C,sub_1D8048,71,1,5,0,unclassified,osd_ui
0x001D8164,0x001D8230,0xCC,sub_1D8164,51,0,5,0,unclassified,osd_ui
0x001D8230,0x001D83D0,0x1A0,sub_1D8230,104,1,5,0,unclassified,osd_ui
0x001D83D0,0x001D866C,0x29C,sub_1D83D0,165,4,4,2,unclassified,osd_ui
0x001D866C,0x001D8878,0x20C,sub_1D866C,131,1,5,0,unclassified,osd_ui
0x001D8878,0x001D8B44,0x2CC,sub_1D8878,178,3,23,0,unclassified,osd_ui
0x001D8B44,0x001D8D2C,0x1E8,sub_1D8B44,122,2,5,0,unclassified,osd_ui
0x001D8D2C,0x001D8D88,0x5C,sub_1D8D2C,23,0,2,0,unclassified,
0x001D8D88,0x001D8EB4,0x12C,sub_1D8D88,75,3,3,0,unclassified,
0x001D8EB4,0x001D9008,0x154,sub_1D8EB4,84,1,2,0,unclassified,osd_ui
0x001D9008,0x001D9138,0x130,sub_1D9008,76,3,5,0,unclassified,osd_ui
0x001D9138,0x001D9470,0x338,sub_1D9138,200,3,2,0,unclassified,
0x001D9470,0x001D9788,0x318,sub_1D9470,198,0,2,0,unclassified,osd_ui
0x001D9788,0x001D98C0,0x138,sub_1D9788,78,1,4,0,unclassified,osd_ui
0x001D98C0,0x001D9930,0x70,sub_1D98C0,28,0,1,0,unclassified,
0x001D9930,0x001D9980,0x50,sub_1D9930,20,0,3,0,unclassified,
0x001D99C0,0x001D9B60,0x1A0,sub_1D99C0,103,6,3,0,unclassified,osd_ui
0x001D9B60,0x001D9C88,0x128,sub_1D9B60,74,0,2,3,unclassified,osd_ui
0x001D9C88,0x001D9D08,0x80,sub_1D9C88,32,0,1,0,unclassified,
0x001D9D08,0x001DA128,0x420,sub_1D9D08,263,0,5,3,unclassified,osd_ui
0x001DA128,0x001DA530,0x408,sub_1DA128,257,0,5,3,unclassified,osd_ui
0x001DA530,0x001DA96C,0x43C,sub_1DA530,270,0,7,0,unclassified,picture_pq
0x001DA96C,0x001DABD4,0x268,sub_1DA96C,153,0,7,0,unclassified,picture_pq
0x001DABD4,0x001DB098,0x4C4,sub_1DABD4,302,1,17,3,unclassified,osd_ui
0x001DB098,0x001DB7CC,0x734,sub_1DB098,461,0,20,0,unclassified,osd_ui
0x001DB7CC,0x001DB8A8,0xDC,sub_1DB7CC,55,0,3,0,unclassified,osd_ui
0x001DB8A8,0x001DB94C,0xA4,sub_1DB8A8,41,1,2,0,unclassified,
0x001DB94C,0x001DC24C,0x900,sub_1DB94C,576,3,21,0,unclassified,osd_ui
0x001DC24C,0x001DC3F0,0x1A4,sub_1DC24C,105,2,6,0,unclassified,osd_ui
0x001DC8D0,0x001DC8E8,0x18,sub_1DC8D0,6,0,1,0,unclassified,
0x001DC8E8,0x001DD140,0x858,sub_1DC8E8,153,8,4,4,osd_ui,
0x001DD140,0x001DE4DC,0x139C,sub_1DD140,1237,7,9,6,osd_ui,
0x001DE510,0x001DE560,0x50,sub_1DE510,20,1,2,0,unclassified,osd_ui
0x001DE560,0x001DE5BC,0x5C,sub_1DE560,23,7,2,0,unclassified,osd_ui
0x001DE5BC,0x001DE5D8,0x1C,sub_1DE5BC,7,5,1,0,unclassified,osd_ui
0x001DE5D8,0x001DE5F4,0x1C,sub_1DE5D8,7,44,1,0,unclassified,osd_ui
0x001DE5F4,0x001DE610,0x1C,sub_1DE5F4,7,52,1,0,unclassified,osd_ui
0x001DE610,0x001DE62C,0x1C,sub_1DE610,7,13,1,0,unclassified,osd_ui
0x001DE62C,0x001DE648,0x1C,sub_1DE62C,7,17,1,0,unclassified,osd_ui
0x001DE648,0x001DE660,0x18,sub_1DE648,6,32,1,0,unclassified,osd_ui
0x001DE660,0x001DE678,0x18,sub_1DE660,6,0,0,0,unclassified,
0x001DE678,0x001DE690,0x18,sub_1DE678,6,69,1,0,unclassified,osd_ui
0x001DE690,0x001DE6AC,0x1C,sub_1DE690,7,22,1,0,unclassified,osd_ui
0x001DE6AC,0x001DE6CC,0x20,sub_1DE6AC,8,11,1,0,unclassified,osd_ui
0x001DE6CC,0x001DE6DC,0x10,sub_1DE6CC,4,37,1,0,unclassified,boot_update
0x001DE6DC,0x001DE6FC,0x20,sub_1DE6DC,8,37,2,0,unclassified,osd_ui
0x001DE6FC,0x001DE780,0x84,sub_1DE6FC,32,11,2,0,unclassified,osd_ui
0x001DE780,0x001DE8EC,0x16C,sub_1DE780,91,0,0,0,unclassified,
0x001DE8EC,0x001DED1C,0x430,sub_1DE8EC,268,4,2,0,unclassified,osd_ui
0x001DED1C,0x001DF008,0x2EC,sub_1DED1C,187,3,3,0,unclassified,osd_ui
0x001DF008,0x001DF094,0x8C,sub_1DF008,35,12,4,0,unclassified,osd_ui
0x001DF094,0x001DF130,0x9C,sub_1DF094,39,6,1,0,unclassified,boot_update
0x001DF130,0x001DF1A8,0x78,sub_1DF130,30,0,4,0,unclassified,osd_ui
0x001DF1A8,0x001DF274,0xCC,sub_1DF1A8,51,3,4,0,unclassified,osd_ui
0x001DF274,0x001DF290,0x1C,sub_1DF274,7,17,1,0,unclassified,osd_ui
0x001DF290,0x001DF2AC,0x1C,sub_1DF290,7,4,1,0,unclassified,osd_ui
0x001DF2AC,0x001DF2C4,0x18,sub_1DF2AC,6,2,1,0,unclassified,
0x001DF2C4,0x001DF2E0,0x1C,sub_1DF2C4,7,2,1,0,unclassified,
0x001DF2E0,0x001DF2FC,0x1C,sub_1DF2E0,7,3,1,0,unclassified,osd_ui
0x001DF2FC,0x001DF318,0x1C,sub_1DF2FC,7,3,1,0,unclassified,
0x001DF318,0x001DF3B8,0xA0,sub_1DF318,40,2,1,0,unclassified,osd_ui
0x001DF3B8,0x001DF3CC,0x14,sub_1DF3B8,5,4,0,0,unclassified,osd_ui
0x001DF3CC,0x001DF44C,0x80,sub_1DF3CC,32,2,1,0,unclassified,osd_ui
0x001DF44C,0x001DF4A0,0x54,sub_1DF44C,21,5,2,0,unclassified,osd_ui
0x001DF4A0,0x001DF55C,0xBC,sub_1DF4A0,47,1,3,0,unclassified,
0x001DF55C,0x001DF5F8,0x9C,sub_1DF55C,39,5,3,0,unclassified,osd_ui
0x001DF5F8,0x001DF61C,0x24,sub_1DF5F8,9,2,1,0,unclassified,osd_ui
0x001DF61C,0x001DF640,0x24,sub_1DF61C,9,4,1,0,unclassified,
0x001DF640,0x001DF68C,0x4C,sub_1DF640,19,0,4,0,unclassified,osd_ui
0x001DF68C,0x001DF6D8,0x4C,sub_1DF68C,19,0,4,0,unclassified,osd_ui
0x001DF6D8,0x001DF750,0x78,sub_1DF6D8,30,1,4,0,unclassified,osd_ui
0x001DF750,0x001DF7E8,0x98,sub_1DF750,38,1,2,0,unclassified,osd_ui
0x001DF7E8,0x001DF924,0x13C,sub_1DF7E8,79,4,1,0,unclassified,osd_ui
0x001DF924,0x001DFA0C,0xE8,sub_1DF924,55,25,1,0,unclassified,osd_ui
0x001DFA0C,0x001DFB10,0x104,sub_1DFA0C,61,3,1,0,unclassified,osd_ui
0x001DFB10,0x001DFB64,0x54,sub_1DFB10,20,3,2,0,unclassified,osd_ui
0x001DFB64,0x001DFDB0,0x24C,sub_1DFB64,143,2,4,0,unclassified,osd_ui
0x001DFDB0,0x001DFE18,0x68,sub_1DFDB0,26,1,6,0,unclassified,osd_ui
0x001DFE18,0x001E0100,0x2E8,sub_1DFE18,185,1,6,0,unclassified,osd_ui
0x001E0100,0x001E03AC,0x2AC,sub_1E0100,168,0,15,0,unclassified,
0x001E03DC,0x001E0648,0x26C,sub_1E03DC,154,3,2,41,boot_update|osd_ui|usb_pd|diagnostics,
0x001E0648,0x001E06CC,0x84,sub_1E0648,33,0,6,0,unclassified,boot_update
0x001E06CC,0x001E07F0,0x124,sub_1E06CC,73,2,9,0,unclassified,osd_ui
0x001E07F0,0x001E08D0,0xE0,sub_1E07F0,56,0,8,4,boot_update|osd_ui|usb_pd,
0x001E08D0,0x001E0928,0x58,sub_1E08D0,22,0,5,0,unclassified,osd_ui
0x001E0928,0x001E0B54,0x22C,sub_1E0928,139,59,8,0,unclassified,osd_ui
0x001E0B54,0x001E0BAC,0x58,sub_1E0B54,22,1,2,0,unclassified,osd_ui
0x001E0BAC,0x001E0D28,0x17C,sub_1E0BAC,94,17,6,0,unclassified,osd_ui
0x001E0D28,0x001E0EB8,0x190,sub_1E0D28,99,1,6,0,unclassified,
0x001E0EB8,0x001E10B8,0x200,sub_1E0EB8,128,2,1,0,unclassified,osd_ui
0x001E1110,0x001E120C,0xFC,sub_1E1110,63,0,0,0,unclassified,
0x001E120C,0x001E14EC,0x2E0,sub_1E120C,184,14,7,0,unclassified,osd_ui
0x001E14EC,0x001E176C,0x280,sub_1E14EC,160,0,6,0,unclassified,
0x001E176C,0x001E1880,0x114,sub_1E176C,69,0,1,0,unclassified,
0x001E1880,0x001E19C0,0x140,sub_1E1880,80,1,2,0,unclassified,
0x001E19C0,0x001E1A20,0x60,sub_1E19C0,24,1,2,0,unclassified,osd_ui
0x001E1A20,0x001E1A80,0x60,sub_1E1A20,24,2,1,0,unclassified,
0x001E1AE4,0x001E1BF8,0x114,sub_1E1AE4,69,0,0,0,unclassified,
0x001E1BF8,0x001E1DC8,0x1D0,sub_1E1BF8,116,1,2,0,unclassified,osd_ui
0x001E1DC8,0x001E1F44,0x17C,sub_1E1DC8,95,1,1,0,unclassified,
0x001E1F44,0x001E1FA4,0x60,sub_1E1F44,24,1,2,0,unclassified,osd_ui
0x001E1FA4,0x001E2000,0x5C,sub_1E1FA4,23,2,1,0,unclassified,
0x001E2058,0x001E2154,0xFC,sub_1E2058,63,0,0,0,unclassified,
0x001E2154,0x001E2304,0x1B0,sub_1E2154,108,1,2,0,unclassified,osd_ui
0x001E2304,0x001E2464,0x160,sub_1E2304,88,1,1,0,unclassified,
0x001E2464,0x001E24C4,0x60,sub_1E2464,24,1,2,0,unclassified,osd_ui
0x001E24C4,0x001E2520,0x5C,sub_1E24C4,23,2,1,0,unclassified,
0x001E2578,0x001E2674,0xFC,sub_1E2578,63,0,0,0,unclassified,
0x001E2674,0x001E2824,0x1B0,sub_1E2674,108,1,2,0,unclassified,osd_ui
0x001E2824,0x001E2984,0x160,sub_1E2824,88,1,1,0,unclassified,
0x001E2984,0x001E29E4,0x60,sub_1E2984,24,1,2,0,unclassified,osd_ui
0x001E29E4,0x001E2A40,0x5C,sub_1E29E4,23,2,1,0,unclassified,
0x001E2A98,0x001E2B94,0xFC,sub_1E2A98,63,0,0,0,unclassified,
0x001E2B94,0x001E2D44,0x1B0,sub_1E2B94,108,1,2,0,unclassified,osd_ui
0x001E2D44,0x001E2EA4,0x160,sub_1E2D44,88,1,1,0,unclassified,
0x001E2EA4,0x001E2F04,0x60,sub_1E2EA4,24,1,2,0,unclassified,osd_ui
0x001E2F04,0x001E2F60,0x5C,sub_1E2F04,23,2,1,0,unclassified,
0x001E2FB8,0x001E30B4,0xFC,sub_1E2FB8,63,0,0,0,unclassified,
0x001E30B4,0x001E3264,0x1B0,sub_1E30B4,108,1,2,0,unclassified,osd_ui
0x001E3264,0x001E33C4,0x160,sub_1E3264,88,1,1,0,unclassified,
0x001E3428,0x001E35B0,0x188,sub_1E3428,98,0,0,0,unclassified,
0x001E35B0,0x001E37C0,0x210,sub_1E35B0,132,1,2,0,unclassified,
0x001E37C0,0x001E39F0,0x230,sub_1E37C0,140,1,3,0,unclassified,
0x001E39F0,0x001E3BB0,0x1C0,sub_1E39F0,112,1,7,0,unclassified,osd_ui
0x001E3BB0,0x001E3C94,0xE4,sub_1E3BB0,57,1,3,0,unclassified,osd_ui
0x001E3C94,0x001E3D78,0xE4,sub_1E3C94,57,1,3,0,unclassified,osd_ui
0x001E3D78,0x001E3E5C,0xE4,sub_1E3D78,57,1,3,0,unclassified,osd_ui
0x001E3E5C,0x001E3F40,0xE4,sub_1E3E5C,57,1,3,0,unclassified,osd_ui
0x001E415C,0x001E43F8,0x29C,sub_1E415C,163,20,34,7,unclassified,
0x001E4478,0x001E4508,0x90,sub_1E4478,36,1,1,0,unclassified,
0x001E4508,0x001E4510,0x8,nullsub_51,2,2,0,0,unclassified,
0x001E4510,0x001E4550,0x40,sub_1E4510,16,0,1,2,unclassified,
0x001E4550,0x001E45D4,0x84,sub_1E4550,33,1,2,4,boot_update,
0x001E45D4,0x001E4664,0x90,sub_1E45D4,35,0,1,2,boot_update|factory_service|usb_pd,
0x001E4664,0x001E4684,0x20,sub_1E4664,8,1,2,0,unclassified,factory_service
0x001E46A4,0x001E4830,0x18C,sub_1E46A4,92,1,5,17,factory_service|osd_ui|video_link|usb_pd,
0x001E4830,0x001E4838,0x8,nullsub_61,2,1,0,0,unclassified,
0x001E4838,0x001E4864,0x2C,sub_1E4838,11,0,2,0,unclassified,
0x001E4864,0x001E4924,0xC0,sub_1E4864,48,1,3,0,unclassified,
0x001E4924,0x001E4950,0x2C,sub_1E4924,11,0,1,0,unclassified,
0x001E4AD0,0x001E4B74,0xA4,sub_1E4AD0,41,1,6,0,unclassified,
0x001E4B74,0x001E4C38,0xC4,sub_1E4B74,49,1,4,0,unclassified,
0x001E4C38,0x001E4D54,0x11C,sub_1E4C38,71,1,11,0,unclassified,
0x001E4E68,0x001E4F50,0xE8,sub_1E4E68,57,1,0,0,unclassified,
0x001E518C,0x001E522C,0xA0,sub_1E518C,34,1,1,0,unclassified,
0x001E522C,0x001E5238,0xC,sub_1E522C,3,1,0,0,unclassified,
0x001E5238,0x001E52F4,0xBC,sub_1E5238,41,0,5,0,unclassified,
0x001E52F4,0x001E5498,0x1A4,sub_1E52F4,105,0,2,0,unclassified,
0x001E5498,0x001E5598,0x100,sub_1E5498,64,1,1,0,unclassified,
0x001E5598,0x001E55F4,0x5C,sub_1E5598,23,2,0,0,unclassified,
0x001E55F4,0x001E5650,0x5C,sub_1E55F4,23,1,0,0,unclassified,
0x001E5650,0x001E56AC,0x5C,sub_1E5650,23,5,3,0,unclassified,picture_pq
0x001E56AC,0x001E56F8,0x4C,sub_1E56AC,19,8,3,0,unclassified,power
0x001E56F8,0x001E5A4C,0x354,sub_1E56F8,210,4,1,0,unclassified,
0x001E5A4C,0x001E5C7C,0x230,sub_1E5A4C,140,2,0,0,unclassified,
0x001E5C7C,0x001E5CC8,0x4C,sub_1E5C7C,19,8,3,0,unclassified,power
0x001E5CC8,0x001E5D20,0x58,sub_1E5CC8,22,1,3,0,unclassified,picture_pq
0x001E5D20,0x001E5F08,0x1E8,sub_1E5D20,121,12,3,0,unclassified,picture_pq
0x001E5F08,0x001E6068,0x160,sub_1E5F08,88,10,2,0,unclassified,picture_pq
0x001E6068,0x001E60CC,0x64,sub_1E6068,25,1,2,0,unclassified,
0x001E60CC,0x001E6130,0x64,sub_1E60CC,25,1,2,0,unclassified,
0x001E6130,0x001E61DC,0xAC,sub_1E6130,42,13,1,0,unclassified,picture_pq
0x001E61DC,0x001E6280,0xA4,sub_1E61DC,40,1,1,0,unclassified,
0x001E6280,0x001E62D0,0x50,sub_1E6280,20,6,2,0,unclassified,picture_pq
0x001E62D0,0x001E659C,0x2CC,sub_1E62D0,179,2,0,0,unclassified,
0x001E659C,0x001E65EC,0x50,sub_1E659C,20,11,3,0,unclassified,picture_pq
0x001E65EC,0x001E6648,0x5C,sub_1E65EC,23,2,3,0,unclassified,picture_pq
0x001E6648,0x001E69A0,0x358,sub_1E6648,213,6,3,0,unclassified,picture_pq
0x001E69A0,0x001E6BA0,0x200,sub_1E69A0,128,4,2,0,unclassified,picture_pq
0x001E6BA0,0x001E6C04,0x64,sub_1E6BA0,25,3,2,0,unclassified,picture_pq
0x001E6C04,0x001E6C68,0x64,sub_1E6C04,25,2,2,0,unclassified,picture_pq
0x001E6C68,0x001E6CCC,0x64,sub_1E6C68,25,3,2,0,unclassified,picture_pq
0x001E6CCC,0x001E6DD0,0x104,sub_1E6CCC,65,7,1,0,unclassified,picture_pq
0x001E6DD0,0x001E6E6C,0x9C,sub_1E6DD0,38,5,2,0,unclassified,picture_pq
0x001E6E6C,0x001E6E98,0x2C,sub_1E6E6C,11,1,1,0,unclassified,
0x001E6E98,0x001E6EF8,0x60,sub_1E6E98,24,2,2,0,unclassified,picture_pq
0x001E6EF8,0x001E71A8,0x2B0,sub_1E6EF8,172,3,0,0,unclassified,
0x001E71A8,0x001E7278,0xD0,sub_1E71A8,52,2,1,0,unclassified,
0x001E7278,0x001E73C0,0x148,sub_1E7278,82,6,0,0,unclassified,picture_pq
0x001E73C0,0x001E7498,0xD8,sub_1E73C0,54,8,0,0,unclassified,picture_pq
0x001E7498,0x001E75BC,0x124,sub_1E7498,73,2,0,0,unclassified,
0x001E75BC,0x001E75D8,0x1C,sub_1E75BC,7,1,1,0,unclassified,picture_pq
0x001E75D8,0x001E77D8,0x200,sub_1E75D8,128,6,2,0,unclassified,picture_pq
0x001E77D8,0x001E790C,0x134,sub_1E77D8,75,11,0,0,unclassified,picture_pq
0x001E790C,0x001E7A80,0x174,sub_1E790C,93,5,0,0,unclassified,
0x001E7A80,0x001E7B68,0xE8,sub_1E7A80,58,5,0,0,unclassified,
0x001E7B68,0x001E7C18,0xB0,sub_1E7B68,44,16,0,0,unclassified,
0x001E7C18,0x001E7C80,0x68,sub_1E7C18,26,0,1,0,unclassified,
0x001E7C80,0x001E7CF0,0x70,sub_1E7C80,28,3,1,0,unclassified,
0x001E7CF0,0x001E7D4C,0x5C,sub_1E7CF0,22,0,1,0,unclassified,
0x001E7D4C,0x001E7DB0,0x64,sub_1E7D4C,24,57,1,0,unclassified,persistent_data
0x001E7DB0,0x001E7E14,0x64,sub_1E7DB0,25,4,0,0,unclassified,
0x001E7F78,0x001E7FB8,0x40,sub_1E7F78,16,1,1,0,unclassified,
0x001E7FB8,0x001E9B20,0x1B68,sub_1E7FB8,1748,6,27,11,unclassified,
0x001E9B4C,0x001E9BB0,0x64,sub_1E9B4C,25,1,1,0,unclassified,
0x001E9BB0,0x001E9C10,0x60,sub_1E9BB0,24,0,1,0,unclassified,
0x001E9C10,0x001E9C60,0x50,sub_1E9C10,20,2,1,0,unclassified,
0x001E9C8C,0x001E9D98,0x10C,sub_1E9C8C,67,2,1,0,unclassified,
0x001E9D98,0x001E9DC8,0x30,sub_1E9D98,12,0,1,0,unclassified,
0x001E9DC8,0x001EA248,0x480,sub_1E9DC8,286,1,2,4,unclassified,
0x001EA248,0x001EA380,0x138,sub_1EA248,78,2,3,0,unclassified,
0x001EA398,0x001EA590,0x1F8,sub_1EA398,125,1,3,0,unclassified,
0x001EA590,0x001EB858,0x12C8,sub_1EA590,1199,1,24,2,unclassified,picture_pq
0x001EB858,0x001EB9C0,0x168,sub_1EB858,90,3,4,0,unclassified,
0x001EB9C0,0x001EBA50,0x90,sub_1EB9C0,36,1,4,0,unclassified,
0x001EBA50,0x001EBAB0,0x60,sub_1EBA50,24,1,2,0,unclassified,
0x001EBAB0,0x001EBB1C,0x6C,sub_1EBAB0,26,5,1,0,unclassified,
0x001EBB1C,0x001EBB4C,0x30,sub_1EBB1C,11,0,1,0,unclassified,
0x001EBB4C,0x001EBB64,0x18,sub_1EBB4C,5,5,1,0,unclassified,
0x001EBB64,0x001EBC90,0x12C,sub_1EBB64,74,4,8,0,unclassified,
0x001EBC90,0x001EBCB4,0x24,sub_1EBC90,9,0,1,0,unclassified,
0x001EBCB4,0x001EBCD8,0x24,sub_1EBCB4,9,0,1,0,unclassified,
0x001EBCD8,0x001EBD1C,0x44,sub_1EBCD8,16,0,3,0,unclassified,
0x001EBD1C,0x001EBE18,0xFC,sub_1EBD1C,62,1,3,0,unclassified,
0x001EBE18,0x001EC09C,0x284,sub_1EBE18,161,6,3,0,unclassified,
0x001EC09C,0x001EC4D4,0x438,sub_1EC09C,270,1,6,0,unclassified,
0x001EC4D4,0x001EC5B0,0xDC,sub_1EC4D4,55,3,4,0,unclassified,
0x001EC5B0,0x001EC690,0xE0,sub_1EC5B0,56,0,4,0,unclassified,
0x001EC690,0x001EC700,0x70,sub_1EC690,27,0,1,0,unclassified,
0x001EC70C,0x001EC718,0xC,sub_1EC70C,3,1,0,0,unclassified,
0x001EC73C,0x001EC754,0x18,sub_1EC73C,6,1,1,0,unclassified,
0x001EC754,0x001EC8B4,0x160,sub_1EC754,88,1,3,0,unclassified,
0x001EC8B4,0x001ECFA8,0x6F4,sub_1EC8B4,443,5,4,0,unclassified,
0x001ECFA8,0x001ED080,0xD8,sub_1ECFA8,54,2,0,0,unclassified,
0x001ED080,0x001ED1AC,0x12C,sub_1ED080,75,1,0,0,unclassified,
0x001ED1AC,0x001ED1C4,0x18,sub_1ED1AC,5,4,1,0,unclassified,
0x001ED1C4,0x001ED280,0xBC,sub_1ED1C4,46,4,2,0,unclassified,
0x001ED280,0x001ED2AC,0x2C,sub_1ED280,11,4,0,0,unclassified,
0x001ED2AC,0x001ED388,0xDC,sub_1ED2AC,54,3,4,0,unclassified,
0x001ED388,0x001ED450,0xC8,sub_1ED388,50,0,3,0,unclassified,
0x001ED450,0x001ED4D0,0x80,sub_1ED450,32,3,0,0,unclassified,
0x001ED4D0,0x001ED5A0,0xD0,sub_1ED4D0,51,1,0,0,unclassified,
0x001ED5A0,0x001ED5C4,0x24,sub_1ED5A0,9,2,1,0,unclassified,
0x001ED5C4,0x001ED7E0,0x21C,sub_1ED5C4,135,2,2,0,unclassified,
0x001ED7E0,0x001ED908,0x128,sub_1ED7E0,73,1,4,0,unclassified,
0x001ED908,0x001EDA1C,0x114,sub_1ED908,69,1,2,0,unclassified,
0x001EDA1C,0x001EDA84,0x68,sub_1EDA1C,26,3,0,0,unclassified,
0x001EDA84,0x001EDBE8,0x164,sub_1EDA84,89,1,2,0,unclassified,
0x001EDC58,0x001EDD48,0xF0,sub_1EDC58,60,1,1,0,unclassified,
0x001EDD48,0x001EDE70,0x128,sub_1EDD48,74,1,3,0,unclassified,
0x001EDE70,0x001EDEEC,0x7C,sub_1EDE70,31,0,2,0,unclassified,
0x001EDEEC,0x001EDF3C,0x50,sub_1EDEEC,20,0,1,0,unclassified,
0x001EDF3C,0x001EE42C,0x4F0,sub_1EDF3C,315,1,5,0,unclassified,
0x001EE42C,0x001EE464,0x38,sub_1EE42C,14,1,0,0,unclassified,
0x001EE464,0x001EE490,0x2C,sub_1EE464,11,1,0,0,unclassified,
0x001EE490,0x001EE4C8,0x38,sub_1EE490,14,2,1,0,unclassified,
0x001EE4C8,0x001EE514,0x4C,sub_1EE4C8,19,0,1,0,unclassified,
0x001EE514,0x001EE5E0,0xCC,sub_1EE514,51,0,2,0,unclassified,
0x001EE5FC,0x001EE6B8,0xBC,sub_1EE5FC,47,2,0,0,unclassified,
0x001EE6B8,0x001EE6F8,0x40,sub_1EE6B8,16,1,1,0,unclassified,
0x001EE6F8,0x001EE7A8,0xB0,sub_1EE6F8,44,1,3,0,unclassified,
0x001EE7A8,0x001EE7E0,0x38,sub_1EE7A8,14,0,1,0,unclassified,
0x001EE7E0,0x001EE970,0x190,sub_1EE7E0,100,0,8,0,unclassified,
0x001EE98C,0x001EE9C8,0x3C,sub_1EE98C,15,1,1,0,unclassified,
0x001EE9C8,0x001EEA08,0x40,sub_1EE9C8,16,1,1,0,unclassified,
0x001EEA08,0x001EEA48,0x40,sub_1EEA08,16,1,1,0,unclassified,
0x001EEA48,0x001EECF8,0x2B0,sub_1EEA48,172,1,0,0,unclassified,
0x001EECF8,0x001EED5C,0x64,sub_1EECF8,25,2,2,0,unclassified,picture_pq
0x001EED5C,0x001EEDC0,0x64,sub_1EED5C,25,2,2,0,unclassified,picture_pq
0x001EEDC0,0x001EEDC8,0x8,sub_1EEDC0,2,1,0,0,unclassified,
0x001EEDC8,0x001EEDDC,0x14,sub_1EEDC8,5,1,0,0,unclassified,
0x001EEDDC,0x001EEDE4,0x8,sub_1EEDDC,2,1,0,0,unclassified,
0x001EEDE4,0x001EEE00,0x1C,sub_1EEDE4,7,1,1,0,unclassified,
0x001EEE00,0x001EEE68,0x68,sub_1EEE00,26,1,1,0,unclassified,
0x001EEE68,0x001EEE98,0x30,sub_1EEE68,11,1,0,0,unclassified,
0x001EEE98,0x001EEF10,0x78,sub_1EEE98,30,1,1,0,unclassified,
0x001EEF10,0x001EEF58,0x48,sub_1EEF10,18,1,0,0,unclassified,
0x001EEF58,0x001EEF8C,0x34,sub_1EEF58,13,1,0,0,unclassified,
0x001EEF8C,0x001EEFC0,0x34,sub_1EEF8C,13,3,0,0,unclassified,
0x001EEFC0,0x001EEFF0,0x30,sub_1EEFC0,12,2,0,0,unclassified,
0x001EEFF0,0x001EF020,0x30,sub_1EEFF0,12,8,0,0,unclassified,
0x001EF020,0x001EF050,0x30,sub_1EF020,12,0,0,0,unclassified,
0x001EF050,0x001EF080,0x30,sub_1EF050,12,8,0,0,unclassified,
0x001EF080,0x001EF0B0,0x30,sub_1EF080,12,3,0,0,unclassified,
0x001EF0B0,0x001EF0E0,0x30,sub_1EF0B0,12,3,0,0,unclassified,
0x001EF0E0,0x001EF114,0x34,sub_1EF0E0,13,3,0,0,unclassified,
0x001EF114,0x001EF120,0xC,sub_1EF114,3,1,0,0,unclassified,
