caller,callee
0x001002CC,0x00102FB8
0x001002CC,0x00104728
0x001002CC,0x00127854
0x001002CC,0x0016BBE8
0x001002CC,0x0016BCE8
0x001002CC,0x0016BE3C
0x001002CC,0x0016BED0
0x001002CC,0x0016BF64
0x001002CC,0x0016BF74
0x001002CC,0x0016BF80
0x001002CC,0x0016BFAC
0x001002CC,0x0016C0B8
0x001002CC,0x0016C0D0
0x00101538,0x00102F2C
0x00101538,0x00103064
0x00101538,0x00103894
0x00101538,0x00113A6C
0x00101538,0x001143F0
0x00101538,0x00114530
0x00101538,0x001147B0
0x00101538,0x00114904
0x00101538,0x00114B60
0x00101538,0x00125EB4
0x00101538,0x00127854
0x00101538,0x0016BF80
0x00101538,0x0016C400
0x00101538,0x0016C508
0x00101538,0x0016C568
0x00101538,0x0016CA98
0x00101538,0x0016F25C
0x00101538,0x0016F264
0x00101538,0x0016F358
0x00101538,0x0016FCF8
0x00101538,0x0016FD00
0x00101538,0x00172718
0x00101538,0x00172E44
0x00101C1C,0x00102F2C
0x00101C1C,0x00102FB8
0x00101C1C,0x00104EF8
0x00101C1C,0x00104FFC
0x00101C1C,0x001050A4
0x00101C1C,0x00150664
0x00101C1C,0x00164FAC
0x00101C1C,0x0016BD7C
0x00101C1C,0x0016CCAC
0x00101C1C,0x0016DBB8
0x00101C1C,0x001721F8
0x00101C1C,0x00172BBC
0x00101EB0,0x00127854
0x00101EB0,0x0016CF78
0x00102018,0x00127854
0x00102018,0x0016CF78
0x00102118,0x001B02C0
0x00102118,0x001B23A0
0x00102118,0x001B26B0
0x00102154,0x00127854
0x00102154,0x00139FE4
0x0010251C,0x00101EB0
0x0010251C,0x00102018
0x0010251C,0x0016CF78
0x0010251C,0x0016D118
0x0010251C,0x0016FD24
0x0010251C,0x001704C0
0x00102854,0x0016CF78
0x00102854,0x0016FD60
0x00102854,0x0016FDF8
0x0010294C,0x00127854
0x0010294C,0x00139FE4
0x0010294C,0x00165750
0x0010294C,0x0016CF78
0x0010294C,0x0016FD60
0x0010294C,0x0016FDF8
0x0010294C,0x00170E78
0x0010294C,0x00182FF8
0x0010294C,0x00183AF4
0x0010294C,0x00183BFC
0x0010294C,0x001B02C0
0x0010294C,0x001B23A0
0x0010294C,0x001B26B0
0x0010294C,0x001B5CE4
0x00102CA0,0x00127854
0x00102CA0,0x00139FE4
0x00102CA0,0x00165750
0x00102CA0,0x0016CF78
0x00102CA0,0x0016FD60
0x00102CA0,0x0016FDF8
0x00102CA0,0x00170F30
0x00102CA0,0x00182FF8
0x00102CA0,0x00183AF4
0x00102CA0,0x001B02C0
0x00102CA0,0x001B23A0
0x00102CA0,0x001B26B0
0x00102CA0,0x001B5CE4
0x00102F2C,0x0016F1E8
0x00102FB8,0x0016F1E8
0x00103044,0x0016F1E8
0x00103064,0x00101EA0
0x00103064,0x00104C60
0x00103064,0x00104D40
0x00103064,0x00104E20
0x00103064,0x00104FD8
0x00103064,0x00104FE4
0x00103064,0x00104FF0
0x00103064,0x00108978
0x00103064,0x00113A3C
0x00103064,0x00113A6C
0x00103064,0x00113F6C
0x00103064,0x00114004
0x00103064,0x001140D4
0x00103064,0x00114108
0x00103064,0x0011413C
0x00103064,0x0011420C
0x00103064,0x00114260
0x00103064,0x00114290
0x00103064,0x001143F0
0x00103064,0x001144A4
0x00103064,0x00114530
0x00103064,0x00114828
0x00103064,0x00114848
0x00103064,0x00114868
0x00103064,0x00114888
0x00103064,0x00114904
0x00103064,0x00114B60
0x00103064,0x00114D14
0x00103064,0x00115D30
0x00103064,0x00127854
0x00103064,0x0015062C
0x00103064,0x00150664
0x00103064,0x0016B9D8
0x00103064,0x0016CCAC
0x00103064,0x0016DAFC
0x00103064,0x0016DBB8
0x00103064,0x0016F254
0x00103064,0x0016FD00
0x00103064,0x00170214
0x00103064,0x00170318
0x00103064,0x00172718
0x00103310,0x00101368
0x00103310,0x00103064
0x00103310,0x00103894
0x00103310,0x001139BC
0x00103310,0x00127854
0x00103310,0x001372C0
0x00103310,0x0013ACB4
0x00103310,0x0013B164
0x00103310,0x0013BCB0
0x00103310,0x0013C138
0x00103310,0x0013C818
0x00103310,0x001653D0
0x00103310,0x0016B9D8
0x00103310,0x00170120
0x00103310,0x00170288
0x00103310,0x00172E44
0x00103310,0x00173680
0x00103310,0x00179804
0x00103310,0x0017AA7C
0x00103310,0x00182264
0x00103310,0x00183AF4
0x00103310,0x0018C88C
0x00103310,0x0018F0AC
0x00103310,0x001A5CAC
0x00103310,0x001A8B1C
0x00103310,0x001ABBE8
0x00103310,0x001ABEA0
0x00103310,0x001ADACC
0x00103310,0x001AE62C
0x001035D0,0x00101C1C
0x001035D0,0x00103310
0x001035D0,0x00104718
0x001035D0,0x001047B4
0x001035D0,0x001069A4
0x001035D0,0x001139BC
0x001035D0,0x00127854
0x001035D0,0x0016DAFC
0x001035D0,0x0016DBB8
0x001035D0,0x00170120
0x001035D0,0x00170288
0x001035D0,0x001A00F8
0x00103770,0x00172CB0
0x00103894,0x00103770
0x00103894,0x0011445C
0x00103894,0x0016CF78
0x00103894,0x0016FD60
0x00103894,0x0017073C
0x00103894,0x00172CB0
0x00103894,0x00172E44
0x00103894,0x00172ED0
0x00103894,0x00173210
0x00103894,0x001732F8
0x00103894,0x00175220
0x00103894,0x001756C4
0x00103B04,0x0016B580
0x00103B8C,0x0016ECA0
0x00103B8C,0x0016EE74
0x00103B8C,0x0016EF94
0x00103B8C,0x0016F03C
0x00103B8C,0x0016F0E4
0x00103DA8,0x001869B0
0x00103DBC,0x00127854
0x00103DBC,0x0016BE3C
0x00103DBC,0x0016C224
0x00103DBC,0x0016CF78
0x00103DBC,0x0016FE90
0x00103DBC,0x0016FEA8
0x00103DBC,0x0016FEB8
0x00103DBC,0x00185060
0x00103DBC,0x0018508C
0x00103DBC,0x00185098
0x00103DBC,0x00185144
0x00103DBC,0x00185184
0x00103DBC,0x0018526C
0x00103DBC,0x001853C8
0x00103DBC,0x00185448
0x00103DBC,0x00185530
0x00103DBC,0x00185610
0x00103DBC,0x001869BC
0x00103DBC,0x00186F4C
0x00103DBC,0x001882AC
0x00103DBC,0x001A6830
0x001045D8,0x00103DA8
0x00104640,0x00103B8C
0x00104640,0x00103D00
0x00104640,0x00103D1C
0x00104640,0x00103D38
0x00104640,0x00103D54
0x00104640,0x00103D70
0x00104640,0x00103D8C
0x00104640,0x00104728
0x00104718,0x00103DBC
0x001047B4,0x001002CC
0x001047B4,0x00101538
0x001047B4,0x001045D8
0x001047B4,0x00104640
0x001047B4,0x0010487C
0x001047B4,0x00104884
0x001047B4,0x001053A8
0x001047B4,0x00105500
0x00104884,0x00104728
0x00104884,0x00127854
0x00104884,0x00151434
0x00104884,0x0016BBE8
0x00104884,0x0016F1E8
0x00104884,0x0016F204
0x00104FFC,0x00105438
0x00104FFC,0x00108978
0x00104FFC,0x00113A3C
0x00104FFC,0x00113A6C
0x00104FFC,0x00114004
0x00104FFC,0x001140D4
0x00104FFC,0x00114108
0x00104FFC,0x0011413C
0x00104FFC,0x0011420C
0x00104FFC,0x001143F0
0x00104FFC,0x00114B60
0x00104FFC,0x00115D30
0x00104FFC,0x0016CA98
0x00104FFC,0x0016DBB8
0x00104FFC,0x0016E198
0x001050A4,0x00102FB8
0x001050A4,0x0016E110
0x001050A4,0x0016FD24
0x00105238,0x001050A4
0x00105238,0x00105438
0x00105238,0x00107638
0x00105238,0x00108A9C
0x00105238,0x0016CA98
0x00105238,0x0016DAD8
0x00105238,0x0016DAF4
0x00105238,0x0016DBB8
0x00105238,0x0016DD18
0x00105238,0x0016DD8C
0x00105238,0x0016DDA0
0x00105238,0x0016DDD4
0x00105238,0x0016DE90
0x00105238,0x0016DF68
0x00105238,0x0016DFF0
0x00105238,0x0016E084
0x00105238,0x0016E110
0x00105238,0x0016E198
0x001053A8,0x00104728
0x001053A8,0x0010890C
0x001053A8,0x00108928
0x001053A8,0x00108940
0x001053A8,0x0010895C
0x00105438,0x00107650
0x00105438,0x0016C400
0x00105500,0x00104C60
0x00105500,0x00104E20
0x00105500,0x0016BBE8
0x00105500,0x0016F1E8
0x001056B8,0x00107684
0x001056B8,0x0010D7C0
0x001056B8,0x00127854
0x001056B8,0x0016BF64
0x001056B8,0x0016BF80
0x00105724,0x00107928
0x00105724,0x001083A8
0x00105724,0x001084C8
0x00105724,0x001084E4
0x00105724,0x0010853C
0x00105724,0x001085CC
0x00105724,0x001086EC
0x00105724,0x001087BC
0x00105724,0x001097C0
0x00106680,0x001085CC
0x00106680,0x0010A7D4
0x00106680,0x0010CF2C
0x00106680,0x0010D180
0x00106680,0x0010D34C
0x00106680,0x0010D62C
0x00106680,0x0010E85C
0x00106680,0x0011365C
0x00106680,0x00113680
0x00106680,0x001136A4
0x00106680,0x00113808
0x00106680,0x0016C400
0x001069A4,0x00103044
0x001069A4,0x00104C60
0x001069A4,0x00104E20
0x001069A4,0x00107650
0x001069A4,0x001095E0
0x001069A4,0x0010F7CC
0x001069A4,0x0010F830
0x001069A4,0x0011362C
0x001069A4,0x0016C400
0x001069A4,0x0016F1E8
0x00106DC0,0x00101E8C
0x00106DC0,0x0010F864
0x00106F88,0x0016DE90
0x00106F88,0x0016E6A0
0x00106F88,0x0016E7D8
0x00106F88,0x0016E7F0
0x00106F88,0x0016E804
0x00106F88,0x0016EA0C
0x00107580,0x0016BD7C
0x00107580,0x0016C224
0x00107638,0x0016E9A8
0x00107650,0x0016E828
0x00107650,0x0016E9A8
0x00107684,0x0016E828
0x00107684,0x0016E9A8
0x001078B0,0x0016E670
0x001078B0,0x0016E6A0
0x001078B0,0x0016E828
0x00107928,0x0016E670
0x00107928,0x0016E6A0
0x00107928,0x0016E828
0x001079AC,0x00106F88
0x001079AC,0x0010750C
0x001079AC,0x0016BBE8
0x001079AC,0x0016E670
0x001079AC,0x0016E6A0
0x001079AC,0x0016F5EC
0x001083A8,0x00106F88
0x001083A8,0x001079AC
0x001083A8,0x0016E198
0x001083A8,0x0016E468
0x001083A8,0x0016E6A0
0x001083A8,0x0016E828
0x001084C8,0x0016E828
0x001084E4,0x0016E468
0x001084E4,0x0016E828
0x0010853C,0x0016E198
0x0010853C,0x0016E468
0x0010853C,0x0016E828
0x001085CC,0x001079AC
0x001085CC,0x0016E468
0x001085CC,0x0016E670
0x001085CC,0x0016E6A0
0x001085CC,0x0016E828
0x001085CC,0x0016E9A8
0x001086EC,0x00107580
0x001086EC,0x0016C224
0x001087BC,0x00102854
0x001087BC,0x0016BBE8
0x00108978,0x00106F40
0x00108978,0x0016DD18
0x00108978,0x0016DD8C
0x00108978,0x0016DDA0
0x00108978,0x0016DDD4
0x00108978,0x0016DE90
0x00108978,0x0016DF4C
0x00108978,0x0016DF68
0x00108978,0x0016E198
0x00108A9C,0x0016DD04
0x00108A9C,0x0016DD34
0x00108A9C,0x0016E110
0x00108A9C,0x0016E6A0
0x00108A9C,0x0016E828
0x00108A9C,0x0016E9A8
0x00108A9C,0x001E7D4C
0x00108B94,0x0016DD34
0x00108B94,0x0016DFF0
0x00108B94,0x0016E084
0x00108B94,0x0016E6A0
0x00108D6C,0x00106F88
0x00108D6C,0x0010750C
0x00108D6C,0x0016E6A0
0x00108D6C,0x00172C54
0x00108DD0,0x00106F88
0x00108DD0,0x0010750C
0x00108DD0,0x00108978
0x00108DD0,0x00108B94
0x00108DD0,0x0016BFA0
0x00108DD0,0x0016DD04
0x00108DD0,0x0016DD34
0x00108DD0,0x0016DF4C
0x00108DD0,0x0016E110
0x00108DD0,0x0016E198
0x00108DD0,0x0016E468
0x00108DD0,0x0016E524
0x00108DD0,0x0016E670
0x00108DD0,0x0016E6A0
0x00108DD0,0x0016E828
0x00108DD0,0x0016E9A8
0x00108DD0,0x00172C54
0x00108DD0,0x001E7D4C
0x001095E0,0x00106F88
0x001095E0,0x0010750C
0x001095E0,0x00108B94
0x001095E0,0x0016E110
0x001095E0,0x0016E6A0
0x001095E0,0x001E7D4C
0x001097C0,0x00106F88
0x001097C0,0x0010750C
0x001097C0,0x00108B94
0x001097C0,0x0016E670
0x001097C0,0x0016E6A0
0x001097C0,0x0016E828
0x001097C0,0x001E7D4C
0x001099B8,0x00106F88
0x001099B8,0x0010750C
0x001099B8,0x00108B94
0x001099B8,0x0016E6A0
0x001099B8,0x001E7D4C
0x00109B64,0x00106F88
0x00109B64,0x0010750C
0x00109B64,0x00108B94
0x00109B64,0x0016E670
0x00109B64,0x0016E6A0
0x00109B64,0x0016E828
0x00109B64,0x001E7D4C
0x00109D5C,0x00106F88
0x00109D5C,0x0010750C
0x00109D5C,0x0016E468
0x00109D5C,0x0016E6A0
0x00109D5C,0x0016E828
0x00109E74,0x00109D5C
0x00109E74,0x0016E670
0x00109E74,0x0016E6A0
0x00109E74,0x0016E828
0x00109EF0,0x00106F88
0x00109EF0,0x0010750C
0x00109EF0,0x0016E468
0x00109EF0,0x0016E6A0
0x00109EF0,0x0016E828
0x0010A074,0x00109EF0
0x0010A074,0x0016E670
0x0010A074,0x0016E6A0
0x0010A074,0x0016E828
0x0010A0F0,0x00106F88
0x0010A0F0,0x0010750C
0x0010A0F0,0x0016E468
0x0010A0F0,0x0016E6A0
0x0010A0F0,0x0016E828
0x0010A274,0x0010A0F0
0x0010A274,0x0016E670
0x0010A274,0x0016E6A0
0x0010A274,0x0016E828
0x0010A2F0,0x00106F88
0x0010A2F0,0x0010750C
0x0010A2F0,0x0016E468
0x0010A2F0,0x0016E6A0
0x0010A2F0,0x0016E828
0x0010A40C,0x0010A2F0
0x0010A40C,0x0016E670
0x0010A40C,0x0016E6A0
0x0010A40C,0x0016E828
0x0010A488,0x00106F88
0x0010A488,0x0010750C
0x0010A488,0x0016E468
0x0010A488,0x0016E6A0
0x0010A488,0x0016E828
0x0010A5C8,0x0010A488
0x0010A5C8,0x0016E670
0x0010A5C8,0x0016E6A0
0x0010A5C8,0x0016E828
0x0010A644,0x00106F88
0x0010A644,0x0010750C
0x0010A644,0x0016E468
0x0010A644,0x0016E6A0
0x0010A644,0x0016E828
0x0010A7D4,0x0010A644
0x0010A7D4,0x0016E670
0x0010A7D4,0x0016E6A0
0x0010A7D4,0x0016E828
0x0010A850,0x00106F88
0x0010A850,0x0010750C
0x0010A850,0x0016E468
0x0010A850,0x0016E6A0
0x0010A850,0x0016E828
0x0010AB10,0x00106F88
0x0010AB10,0x0010750C
0x0010AB10,0x00108B94
0x0010AB10,0x0010A850
0x0010AB10,0x0016E670
0x0010AB10,0x0016E6A0
0x0010AB10,0x0016E828
0x0010AB10,0x001E7D4C
0x0010AC94,0x00106F88
0x0010AC94,0x0010750C
0x0010AC94,0x00108B94
0x0010AC94,0x0016E670
0x0010AC94,0x0016E6A0
0x0010AC94,0x0016E828
0x0010AC94,0x001E7D4C
0x0010ADF4,0x00106F88
0x0010ADF4,0x0010750C
0x0010ADF4,0x00108B94
0x0010ADF4,0x0016E6A0
0x0010ADF4,0x001E7D4C
0x0010AEFC,0x00106F88
0x0010AEFC,0x0010750C
0x0010AEFC,0x00108B94
0x0010AEFC,0x0016E670
0x0010AEFC,0x0016E6A0
0x0010AEFC,0x0016E828
0x0010AEFC,0x001E7D4C
0x0010B05C,0x00106F88
0x0010B05C,0x0010750C
0x0010B05C,0x00108B94
0x0010B05C,0x0016E6A0
0x0010B05C,0x001E7D4C
0x0010B164,0x00106F88
0x0010B164,0x0010750C
0x0010B164,0x00108B94
0x0010B164,0x0016E670
0x0010B164,0x0016E6A0
0x0010B164,0x0016E828
0x0010B164,0x001E7D4C
0x0010B2C4,0x00106F88
0x0010B2C4,0x0010750C
0x0010B2C4,0x00108B94
0x0010B2C4,0x0016E6A0
0x0010B2C4,0x001E7D4C
0x0010B3CC,0x00106F88
0x0010B3CC,0x0010750C
0x0010B3CC,0x00108B94
0x0010B3CC,0x0016E670
0x0010B3CC,0x0016E6A0
0x0010B3CC,0x0016E828
0x0010B3CC,0x001E7D4C
0x0010B52C,0x00106F88
0x0010B52C,0x0010750C
0x0010B52C,0x00108B94
0x0010B52C,0x0016E6A0
0x0010B52C,0x001E7D4C
0x0010B634,0x00106F88
0x0010B634,0x0010750C
0x0010B634,0x00108B94
0x0010B634,0x0016E670
0x0010B634,0x0016E6A0
0x0010B634,0x0016E828
0x0010B634,0x001E7D4C
0x0010B794,0x00106F88
0x0010B794,0x0010750C
0x0010B794,0x00108B94
0x0010B794,0x0016E6A0
0x0010B794,0x001E7D4C
0x0010B8B0,0x00106F88
0x0010B8B0,0x0010750C
0x0010B8B0,0x00108B94
0x0010B8B0,0x0016E670
0x0010B8B0,0x0016E6A0
0x0010B8B0,0x0016E828
0x0010B8B0,0x001E7D4C
0x0010BA24,0x00106F88
0x0010BA24,0x0010750C
0x0010BA24,0x00108B94
0x0010BA24,0x0016E6A0
0x0010BA24,0x001E7D4C
0x0010BB4C,0x00106F88
0x0010BB4C,0x0010750C
0x0010BB4C,0x00108B94
0x0010BB4C,0x0016E670
0x0010BB4C,0x0016E6A0
0x0010BB4C,0x0016E828
0x0010BB4C,0x001E7D4C
0x0010BCCC,0x00106F88
0x0010BCCC,0x0010750C
0x0010BCCC,0x0016E468
0x0010BCCC,0x0016E6A0
0x0010BCCC,0x0016E828
0x0010BF08,0x0010BCCC
0x0010BF08,0x0016E670
0x0010BF08,0x0016E6A0
0x0010BF08,0x0016E828
0x0010BF84,0x00106F88
0x0010BF84,0x0010750C
0x0010BF84,0x0016E468
0x0010BF84,0x0016E6A0
0x0010BF84,0x0016E828
0x0010C09C,0x0010BF84
0x0010C09C,0x0016E670
0x0010C09C,0x0016E6A0
0x0010C09C,0x0016E828
0x0010C118,0x00106F88
0x0010C118,0x0010750C
0x0010C118,0x0016E468
0x0010C118,0x0016E6A0
0x0010C118,0x0016E828
0x0010C258,0x0010C118
0x0010C258,0x0016E670
0x0010C258,0x0016E6A0
0x0010C258,0x0016E828
0x0010C2D4,0x00106F88
0x0010C2D4,0x0010750C
0x0010C2D4,0x0016E468
0x0010C2D4,0x0016E6A0
0x0010C2D4,0x0016E828
0x0010C3EC,0x0010C2D4
0x0010C3EC,0x0016E670
0x0010C3EC,0x0016E6A0
0x0010C3EC,0x0016E828
0x0010C468,0x00106F88
0x0010C468,0x0010750C
0x0010C468,0x0016E468
0x0010C468,0x0016E6A0
0x0010C468,0x0016E828
0x0010C5D4,0x0010C468
0x0010C5D4,0x0016E670
0x0010C5D4,0x0016E6A0
0x0010C5D4,0x0016E828
0x0010C650,0x00106F88
0x0010C650,0x0010750C
0x0010C650,0x0016E468
0x0010C650,0x0016E6A0
0x0010C650,0x0016E828
0x0010C764,0x0010C650
0x0010C764,0x0016E670
0x0010C764,0x0016E6A0
0x0010C764,0x0016E828
0x0010C7E0,0x00106F88
0x0010C7E0,0x0010750C
0x0010C7E0,0x0016E468
0x0010C7E0,0x0016E6A0
0x0010C7E0,0x0016E828
0x0010C8F8,0x00108DD0
0x0010C8F8,0x0010C7E0
0x0010C8F8,0x0016E670
0x0010C8F8,0x0016E6A0
0x0010C8F8,0x0016E828
0x0010C988,0x001056B8
0x0010C988,0x00106F88
0x0010C988,0x0010750C
0x0010C988,0x00108DD0
0x0010C988,0x00127854
0x0010C988,0x0016E468
0x0010C988,0x0016E6A0
0x0010C988,0x0016E828
0x0010C988,0x0016F5F4
0x0010C988,0x0016F608
0x0010C988,0x0016F618
0x0010C988,0x0016F640
0x0010C988,0x0016F960
0x0010C988,0x0016FBDC
0x0010CB3C,0x00106F88
0x0010CB3C,0x0010750C
0x0010CB3C,0x0010C988
0x0010CB3C,0x0016E468
0x0010CB3C,0x0016E670
0x0010CB3C,0x0016E6A0
0x0010CB3C,0x0016E828
0x0010CD28,0x0010CB3C
0x0010CD28,0x0016E670
0x0010CD28,0x0016E6A0
0x0010CD28,0x0016E828
0x0010CDA4,0x00106F88
0x0010CDA4,0x0010750C
0x0010CDA4,0x00127854
0x0010CDA4,0x0016E468
0x0010CDA4,0x0016E6A0
0x0010CDA4,0x0016E828
0x0010CF2C,0x0010CDA4
0x0010CF2C,0x0016E670
0x0010CF2C,0x0016E6A0
0x0010CF2C,0x0016E828
0x0010CFA8,0x00106F88
0x0010CFA8,0x0010750C
0x0010CFA8,0x0016E468
0x0010CFA8,0x0016E6A0
0x0010CFA8,0x0016E828
0x0010D180,0x0010CFA8
0x0010D180,0x0016E670
0x0010D180,0x0016E6A0
0x0010D180,0x0016E828
0x0010D200,0x00106F88
0x0010D200,0x0010750C
0x0010D200,0x0016E468
0x0010D200,0x0016E6A0
0x0010D200,0x0016E828
0x0010D34C,0x0010D200
0x0010D34C,0x0016E670
0x0010D34C,0x0016E6A0
0x0010D34C,0x0016E828
0x0010D3C8,0x00106F88
0x0010D3C8,0x0010750C
0x0010D3C8,0x0016E468
0x0010D3C8,0x0016E6A0
0x0010D3C8,0x0016E828
0x0010D3C8,0x001E7C80
0x0010D3C8,0x001E7D4C
0x0010D62C,0x0010D3C8
0x0010D62C,0x0016E670
0x0010D62C,0x0016E6A0
0x0010D62C,0x0016E828
0x0010D6AC,0x00106F88
0x0010D6AC,0x0016CF78
0x0010D6AC,0x0016E6A0
0x0010D6AC,0x001E7C80
0x0010D7C0,0x00106F88
0x0010D7C0,0x0010750C
0x0010D7C0,0x001083A8
0x0010D7C0,0x00108978
0x0010D7C0,0x00108B94
0x0010D7C0,0x0010D6AC
0x0010D7C0,0x0016DD04
0x0010D7C0,0x0016DD34
0x0010D7C0,0x0016E110
0x0010D7C0,0x0016E198
0x0010D7C0,0x0016E468
0x0010D7C0,0x0016E524
0x0010D7C0,0x0016E670
0x0010D7C0,0x0016E6A0
0x0010D7C0,0x0016E828
0x0010D7C0,0x0016E9A8
0x0010D7C0,0x00172C54
0x0010D7C0,0x001E7D4C
0x0010DC58,0x00106F88
0x0010DC58,0x0010750C
0x0010DC58,0x00108B94
0x0010DC58,0x00113A6C
0x0010DC58,0x0016E6A0
0x0010DC58,0x001E7D4C
0x0010DD64,0x00106F88
0x0010DD64,0x0010750C
0x0010DD64,0x00108B94
0x0010DD64,0x00113A6C
0x0010DD64,0x0016E670
0x0010DD64,0x0016E6A0
0x0010DD64,0x0016E828
0x0010DD64,0x001E7D4C
0x0010DECC,0x00106F88
0x0010DECC,0x0010750C
0x0010DECC,0x00108B94
0x0010DECC,0x0016E6A0
0x0010DECC,0x001E7D4C
0x0010DFD8,0x00106F88
0x0010DFD8,0x0010750C
0x0010DFD8,0x00108B94
0x0010DFD8,0x0016E670
0x0010DFD8,0x0016E6A0
0x0010DFD8,0x0016E828
0x0010DFD8,0x001E7D4C
0x0010E140,0x00106F88
0x0010E140,0x0010750C
0x0010E140,0x00108B94
0x0010E140,0x00113DC0
0x0010E140,0x0016E6A0
0x0010E140,0x001E7D4C
0x0010E24C,0x00106F88
0x0010E24C,0x0010750C
0x0010E24C,0x00108B94
0x0010E24C,0x00113DC0
0x0010E24C,0x0016E670
0x0010E24C,0x0016E6A0
0x0010E24C,0x0016E828
0x0010E24C,0x001E7D4C
0x0010E3B4,0x00106F88
0x0010E3B4,0x0010750C
0x0010E3B4,0x00108B94
0x0010E3B4,0x00113F64
0x0010E3B4,0x0016E6A0
0x0010E3B4,0x001E7D4C
0x0010E4C0,0x00106F88
0x0010E4C0,0x0010750C
0x0010E4C0,0x00108B94
0x0010E4C0,0x00113F64
0x0010E4C0,0x0016E670
0x0010E4C0,0x0016E6A0
0x0010E4C0,0x0016E828
0x0010E4C0,0x001E7D4C
0x0010E628,0x00106F88
0x0010E628,0x0010750C
0x0010E628,0x0016C3F8
0x0010E628,0x0016C508
0x0010E628,0x0016C568
0x0010E628,0x0016E468
0x0010E628,0x0016E6A0
0x0010E628,0x0016E828
0x0010E85C,0x0010E628
0x0010E85C,0x0016E670
0x0010E85C,0x0016E6A0
0x0010E85C,0x0016E828
0x0010E8DC,0x00106F88
0x0010E8DC,0x0010750C
0x0010E8DC,0x0016C3F8
0x0010E8DC,0x0016C508
0x0010E8DC,0x0016C568
0x0010E8DC,0x0016E468
0x0010E8DC,0x0016E6A0
0x0010E8DC,0x0016E828
0x0010EA58,0x0010E8DC
0x0010EA58,0x0016E670
0x0010EA58,0x0016E6A0
0x0010EA58,0x0016E828
0x0010EAD4,0x00106F88
0x0010EAD4,0x0010750C
0x0010EAD4,0x0016CF78
0x0010EAD4,0x0016E468
0x0010EAD4,0x0016E670
0x0010EAD4,0x0016E6A0
0x0010EAD4,0x0016E828
0x0010EAD4,0x0016FD24
0x0010ECB0,0x0010EAD4
0x0010ECB0,0x0016E670
0x0010ECB0,0x0016E6A0
0x0010ECB0,0x0016E828
0x0010ED2C,0x00106F88
0x0010ED2C,0x0010750C
0x0010ED2C,0x0016C5F0
0x0010ED2C,0x0016C5F8
0x0010ED2C,0x0016C6A0
0x0010ED2C,0x0016E468
0x0010ED2C,0x0016E6A0
0x0010ED2C,0x0016E828
0x0010EEAC,0x00106F88
0x0010EEAC,0x0010750C
0x0010EEAC,0x00108978
0x0010EEAC,0x0010ED2C
0x0010EEAC,0x0016C3F8
0x0010EEAC,0x0016C508
0x0010EEAC,0x0016C568
0x0010EEAC,0x0016DD04
0x0010EEAC,0x0016DD34
0x0010EEAC,0x0016E110
0x0010EEAC,0x0016E198
0x0010EEAC,0x0016E468
0x0010EEAC,0x0016E524
0x0010EEAC,0x0016E670
0x0010EEAC,0x0016E6A0
0x0010EEAC,0x0016E828
0x0010EEAC,0x0016E9A8
0x0010F528,0x00108B94
0x0010F55C,0x00108B94
0x0010F55C,0x00108DD0
0x0010F55C,0x00127854
0x0010F55C,0x0016BBE8
0x0010F55C,0x0016C224
0x0010F55C,0x0016CF78
0x0010F55C,0x0016E828
0x0010F55C,0x0016E9A8
0x0010F55C,0x0016F1E0
0x0010F68C,0x0016C224
0x0010F6C4,0x00108DD0
0x0010F6C4,0x00127854
0x0010F6C4,0x0016C224
0x0010F72C,0x00108DD0
0x0010F740,0x00108DD0
0x0010F754,0x00108DD0
0x0010F768,0x0016E828
0x0010F768,0x0016E9A8
0x0010F79C,0x0010EEAC
0x0010F79C,0x0016CA98
0x0010F79C,0x0016DBB8
0x0010F7CC,0x0016E828
0x0010F7CC,0x0016E9A8
0x0010F800,0x0010EEAC
0x0010F800,0x0016CA98
0x0010F800,0x0016DBB8
0x0010F830,0x0016E828
0x0010F830,0x0016E9A8
0x0010F864,0x00108B94
0x0010F864,0x00108DD0
0x0010F864,0x00113A3C
0x0010F864,0x00127854
0x0010F864,0x0016C224
0x0010F864,0x0016CA98
0x0010F864,0x0016DBB8
0x0010F864,0x0016E6A0
0x0010F864,0x0016FD24
0x0010F864,0x001E7D4C
0x0010FC00,0x00108B94
0x0010FC00,0x00113A3C
0x0010FC00,0x00127854
0x0010FC00,0x0016E6A0
0x0010FC00,0x001E7D4C
0x0010FD88,0x00108B94
0x0010FD88,0x00113A6C
0x0010FD88,0x0016E6A0
0x0010FD88,0x001E7D4C
0x0010FF04,0x00108B94
0x0010FF04,0x00113A6C
0x0010FF04,0x0016E6A0
0x0010FF04,0x001E7D4C
0x001101A8,0x00108B94
0x001101A8,0x00114530
0x001101A8,0x0016E6A0
0x001101A8,0x001E7D4C
0x0011031C,0x00108B94
0x0011031C,0x00114530
0x0011031C,0x0016E6A0
0x0011031C,0x001E7D4C
0x00110494,0x00109D5C
0x00110494,0x001143F0
0x001104F4,0x00109D5C
0x001104F4,0x001143F0
0x00110554,0x0010C118
0x00110554,0x001147B0
0x001105B0,0x0010C118
0x001105B0,0x001147B0
0x0011060C,0x00109EF0
0x0011060C,0x00114828
0x00110688,0x00109EF0
0x00110688,0x00114828
0x00110704,0x0010A0F0
0x00110704,0x00114848
0x00110780,0x0010A0F0
0x00110780,0x00114848
0x001107FC,0x00103894
0x001107FC,0x0010A2F0
0x00110848,0x00103894
0x00110848,0x0010A2F0
0x00110898,0x00103894
0x00110898,0x0010A2F0
0x00110AE4,0x0010018C
0x00110AE4,0x00108B94
0x00110AE4,0x00113A6C
0x00110AE4,0x0016C2D4
0x00110AE4,0x0016CF78
0x00110AE4,0x0016D118
0x00110AE4,0x0016E6A0
0x00110AE4,0x001E7D4C
0x00110C68,0x0010018C
0x00110C68,0x00108B94
0x00110C68,0x0016C2D4
0x00110C68,0x0016CF78
0x00110C68,0x0016D118
0x00110C68,0x0016E6A0
0x00110C68,0x001E7D4C
0x00110DF4,0x0010018C
0x00110DF4,0x00108B94
0x00110DF4,0x0016C2D4
0x00110DF4,0x0016CF78
0x00110DF4,0x0016D118
0x00110DF4,0x0016E6A0
0x00110DF4,0x001E7D4C
0x00110F80,0x0010018C
0x00110F80,0x00108B94
0x00110F80,0x00113CEC
0x00110F80,0x00113DC0
0x00110F80,0x0016C2D4
0x00110F80,0x0016CF78
0x00110F80,0x0016D118
0x00110F80,0x0016E6A0
0x00110F80,0x001E7D4C
0x0011110C,0x0010018C
0x0011110C,0x00108B94
0x0011110C,0x00113CEC
0x0011110C,0x00113DC0
0x0011110C,0x0016C2D4
0x0011110C,0x0016CF78
0x0011110C,0x0016D118
0x0011110C,0x0016E6A0
0x0011110C,0x001E7D4C
0x001112C8,0x0010018C
0x001112C8,0x00108B94
0x001112C8,0x00113E58
0x001112C8,0x00113F64
0x001112C8,0x0016C2D4
0x001112C8,0x0016CF78
0x001112C8,0x0016D118
0x001112C8,0x0016E6A0
0x001112C8,0x001E7D4C
0x00111454,0x0010018C
0x00111454,0x00108B94
0x00111454,0x00113E58
0x00111454,0x00113F64
0x00111454,0x0016C2D4
0x00111454,0x0016CF78
0x00111454,0x0016D118
0x00111454,0x0016E6A0
0x00111454,0x001E7D4C
0x00111610,0x0010A850
0x00111610,0x00114004
0x00111668,0x0010A850
0x00111668,0x00114004
0x001116BC,0x00108B94
0x001116BC,0x001140D4
0x001116BC,0x0016E6A0
0x001116BC,0x001E7D4C
0x0011179C,0x00108B94
0x0011179C,0x001140D4
0x0011179C,0x0016E6A0
0x0011179C,0x001E7D4C
0x00111878,0x00108B94
0x00111878,0x00114108
0x00111878,0x0016E6A0
0x00111878,0x001E7D4C
0x00111958,0x00108B94
0x00111958,0x00114108
0x00111958,0x0016E6A0
0x00111958,0x001E7D4C
0x00111A34,0x00108B94
0x00111A34,0x0011413C
0x00111A34,0x0016E6A0
0x00111A34,0x001E7D4C
0x00111B14,0x00108B94
0x00111B14,0x0011413C
0x00111B14,0x0016E6A0
0x00111B14,0x001E7D4C
0x00111BF0,0x00108B94
0x00111BF0,0x0011420C
0x00111BF0,0x0016E6A0
0x00111BF0,0x001E7D4C
0x00111CD0,0x00108B94
0x00111CD0,0x0011420C
0x00111CD0,0x0016E6A0
0x00111CD0,0x001E7D4C
0x00111DAC,0x00108B94
0x00111DAC,0x0011420C
0x00111DAC,0x0016E6A0
0x00111DAC,0x001E7D4C
0x00111E8C,0x00108B94
0x00111E8C,0x0011420C
0x00111E8C,0x0016E6A0
0x00111E8C,0x001E7D4C
0x00111F68,0x00108B94
0x00111F68,0x00114260
0x00111F68,0x0016E6A0
0x00111F68,0x001E7D4C
0x0011205C,0x00108B94
0x0011205C,0x00114260
0x0011205C,0x0016E6A0
0x0011205C,0x001E7D4C
0x0011214C,0x00108B94
0x0011214C,0x00114290
0x0011214C,0x0016E6A0
0x0011214C,0x001E7D4C
0x0011224C,0x00108B94
0x0011224C,0x00114290
0x0011224C,0x0016E6A0
0x0011224C,0x001E7D4C
0x00112354,0x0010A644
0x00112354,0x0010BCCC
0x00112354,0x00114B60
0x00112494,0x0010BCCC
0x001124D0,0x0010BF84
0x001124D0,0x0011437C
0x00112520,0x0010BF84
0x00112520,0x0011437C
0x00112570,0x0010E8DC
0x00112570,0x0010EAD4
0x00112570,0x0011437C
0x00112570,0x0016C3F8
0x00112570,0x0016C508
0x00112570,0x0016C568
0x00112570,0x0016CF78
0x00112570,0x0016FD24
0x001127A8,0x0010EAD4
0x001127A8,0x0011437C
0x001127A8,0x0016CF78
0x001127A8,0x0016FD24
0x0011287C,0x0010C2D4
0x0011287C,0x0011437C
0x001128CC,0x0010C2D4
0x001128CC,0x0011437C
0x0011291C,0x0010C468
0x0011291C,0x001144A4
0x00112960,0x0010C468
0x00112960,0x001144A4
0x00112B20,0x0010ED2C
0x00112B20,0x0016C5F0
0x00112B20,0x0016C5F8
0x00112B20,0x0016C6A0
0x00112BD4,0x0010CDA4
0x00112BD4,0x00115D30
0x00112BD4,0x00170058
0x00112BD4,0x001700D0
0x00112DB8,0x0010CDA4
0x00112DB8,0x00115D30
0x00112DB8,0x00170058
0x00112DB8,0x001700D0
0x00112F9C,0x0010D3C8
0x00112F9C,0x0010E628
0x00112F9C,0x00115CF0
0x00112F9C,0x0016C3F8
0x00112F9C,0x0016C508
0x00112F9C,0x0016C568
0x00113178,0x0010D3C8
0x00113178,0x00115CF0
0x001131F0,0x0010CFA8
0x001131F0,0x00115CB0
0x0011325C,0x0010CFA8
0x0011325C,0x00115CB0
0x001132C8,0x0010D200
0x001132C8,0x00115BF0
0x0011334C,0x0010D200
0x0011334C,0x00115BF0
0x001133D0,0x0016C3F8
0x001133D0,0x0016C508
0x001133D0,0x0016C568
0x001133D0,0x0016E468
0x001133D0,0x0016E828
0x001134D4,0x00114788
0x001134D4,0x0016E468
0x001134D4,0x0016E828
0x0011355C,0x00114788
0x0011355C,0x0016E468
0x0011355C,0x0016E828
0x001135E4,0x00114B60
0x00113608,0x00114290
0x0011362C,0x00100234
0x0011362C,0x00114904
0x0011365C,0x00114888
0x00113680,0x00114888
0x001136A4,0x00114888
0x001136C8,0x00106F88
0x001136C8,0x0010750C
0x001136C8,0x00115E54
0x001136C8,0x0016C224
0x001136C8,0x0016CF78
0x001136C8,0x0016E670
0x001136C8,0x0016E6A0
0x001136C8,0x0016E828
0x001137E4,0x00116F2C
0x00113808,0x00114904
0x001139BC,0x00164FAC
0x001139BC,0x00172144
0x001139BC,0x001721F8
0x00113A3C,0x00172ED0
0x00113A6C,0x0016C390
0x00113A6C,0x0016CF78
0x00113A6C,0x0016D118
0x00113A6C,0x0016ECA0
0x00113A6C,0x00172F18
0x00113CEC,0x0016C390
0x00113CEC,0x0016CF78
0x00113CEC,0x0016D118
0x00113DC0,0x0016C390
0x00113DC0,0x0016CF78
0x00113E58,0x0016C390
0x00113E58,0x0016CF78
0x00113E58,0x0016D118
0x00113F6C,0x0016D228
0x00113F6C,0x0016D400
0x00114004,0x001707A0
0x001140D4,0x00171718
0x00114108,0x00171718
0x0011413C,0x00171718
0x0011413C,0x0017189C
0x0011420C,0x0016E110
0x00114260,0x00171984
0x00114290,0x0010542C
0x00114290,0x0016E9A8
0x00114290,0x00170870
0x0011437C,0x0010251C
0x0011437C,0x001505E4
0x0011437C,0x0016F358
0x0011437C,0x0016FC28
0x001143F0,0x00170778
0x001144A4,0x0017073C
0x00114530,0x0016CE44
0x00114530,0x0016F358
0x00114530,0x001707A0
0x00114530,0x0017189C
0x00114530,0x00172ED0
0x00114530,0x00172F18
0x001146E8,0x0016CE44
0x001146E8,0x0016CF78
0x001146E8,0x0016D118
0x0011474C,0x0016CF78
0x0011474C,0x0016D118
0x00114788,0x00103B8C
0x001147B0,0x00103B8C
0x001147B0,0x00170838
0x00114828,0x00170664
0x00114848,0x00170664
0x00114868,0x00170608
0x00114888,0x0017089C
0x00114904,0x0016C400
0x00114904,0x0016F264
0x00114904,0x0016F358
0x00114904,0x0016FD00
0x00114904,0x0017089C
0x001149C0,0x00114904
0x00114A00,0x00101EA0
0x00114A00,0x001505E4
0x00114A00,0x00157CEC
0x00114A00,0x00170FA8
0x00114A00,0x00171000
0x00114A00,0x00171020
0x00114B60,0x00127854
0x00114B60,0x00170D58
0x00114B60,0x00173180
0x00114B60,0x00173424
0x00114B60,0x00173434
0x00114B60,0x0017343C
0x00114B60,0x00173464
0x00114B60,0x0017346C
0x00114B60,0x0017349C
0x00114D14,0x00171078
0x00114D14,0x001710BC
0x00114D14,0x001714AC
0x00114D14,0x00172F5C
0x00114DF8,0x00164FAC
0x00114DF8,0x0016CF78
0x00114DF8,0x0016FD24
0x00115BF0,0x00114DF8
0x00115BF0,0x00170AA0
0x00115BF0,0x00170E00
0x00115C30,0x00114DF8
0x00115C30,0x00170AA0
0x00115C30,0x00170CB4
0x00115C70,0x00114DF8
0x00115C70,0x00170AA0
0x00115C70,0x00170C04
0x00115CB0,0x00114DF8
0x00115CB0,0x00170AA0
0x00115CB0,0x00170CB4
0x00115CF0,0x00114DF8
0x00115CF0,0x00170AA0
0x00115CF0,0x00170C04
0x00115D30,0x00114DF8
0x00115D30,0x001505E4
0x00115D30,0x00170AA0
0x00115D30,0x00170B04
0x00115D30,0x00171D68
0x00115E54,0x00101EA0
0x00115E54,0x0010251C
0x00115E54,0x00103B8C
0x00115E54,0x0010542C
0x00115E54,0x00114DF8
0x00115E54,0x00115D30
0x00115E54,0x001505E4
0x00115E54,0x00164FAC
0x00115E54,0x0016CE00
0x00115E54,0x0016E110
0x00115E54,0x0016E9A8
0x00115E54,0x0016F358
0x00115E54,0x0016FC28
0x00115E54,0x0016FD00
0x00115E54,0x00170664
0x00115E54,0x0017073C
0x00115E54,0x00170778
0x00115E54,0x001707A0
0x00115E54,0x00170838
0x00115E54,0x00170870
0x00115E54,0x0017089C
0x00115E54,0x00170AA0
0x00115E54,0x00170C04
0x00115E54,0x00171020
0x00115E54,0x00171718
0x00115E54,0x00171984
0x00115E54,0x00172ED0
0x00115E54,0x00172F18
0x00116344,0x00172C54
0x00116398,0x00172C54
0x00116398,0x00173050
0x001163F8,0x0016C400
0x00116428,0x001821E4
0x00116428,0x001821EC
0x00116498,0x001227F4
0x00116498,0x00127854
0x00116498,0x0016CF78
0x00116498,0x0016FD24
0x00116498,0x00182204
0x00116498,0x00182FF8
0x00116498,0x001837C8
0x00116498,0x001AEB74
0x00116498,0x001AF11C
0x00116EC0,0x00171CDC
0x00116EC0,0x00172F5C
0x00116EC0,0x00176AE4
0x00116F2C,0x001505E4
0x00116F2C,0x0016C400
0x00116F2C,0x00171A24
0x00117030,0x00126314
0x00117048,0x00126314
0x001179B0,0x001505E4
0x001179C8,0x00127854
0x001179C8,0x001505C4
0x001179C8,0x001505E4
0x00117A64,0x00127854
0x00117A64,0x0015058C
0x00117A64,0x001505A8
0x00117B00,0x00150564
0x00117B18,0x0016F358
0x00117C0C,0x00117B48
0x00117C0C,0x001180E8
0x00117C0C,0x00118148
0x00117C0C,0x00127854
0x00117C0C,0x001505E4
0x00117C0C,0x00182130
0x00117C0C,0x00182604
0x00117D4C,0x001822DC
0x00117D64,0x00127854
0x00117D64,0x001505C4
0x00117DE4,0x00127854
0x00117DE4,0x001505E4
0x00117F8C,0x001B5CE4
0x00118004,0x001B5CE4
0x001180E8,0x00127854
0x00118148,0x00127854
0x00118284,0x00182828
0x00118294,0x00182594
0x001182C8,0x00142B5C
0x001182E8,0x00142C8C
0x001182E8,0x00142F84
0x001182E8,0x00143830
0x001182E8,0x00143BB8
0x001182E8,0x00144680
0x001182E8,0x001460C0
0x001182E8,0x0016DD04
0x001182E8,0x0016DD34
0x001182E8,0x0016E110
0x001182E8,0x0016E828
0x001183C4,0x0016E9A8
0x001183DC,0x0016E9A8
0x001183F4,0x0016E9A8
0x00118418,0x001379AC
0x00118418,0x00142AFC
0x00118488,0x00143830
0x00118860,0x001461A0
0x00118918,0x0016DD04
0x00118918,0x0016DD34
0x00118918,0x0016E110
0x00118918,0x0016E6A0
0x00118918,0x0016E828
0x00118918,0x0016E9A8
0x00118994,0x001379AC
0x00118994,0x00142AFC
0x001189D4,0x001379AC
0x001189D4,0x00142AFC
0x001189D4,0x0016DD04
0x001189D4,0x0016DD34
0x001189D4,0x0016E110
0x001189D4,0x0016E6A0
0x001189D4,0x0016E828
0x001189D4,0x0016E9A8
0x00118A90,0x0016E9A8
0x00119400,0x00118860
0x00119560,0x00142B5C
0x00119560,0x00143B38
0x001195F4,0x00142B5C
0x001195F4,0x00143B38
0x0011977C,0x001379AC
0x0011977C,0x00142B5C
0x00119A58,0x00142E64
0x00119C30,0x00142C8C
0x00119C84,0x00108978
0x00119C84,0x00118860
0x00119E74,0x00118860
0x0011A0AC,0x00118860
0x0011A264,0x00118860
0x0011A4A4,0x00143240
0x0011A4BC,0x00108978
0x0011A4BC,0x0011DBEC
0x0011A4BC,0x00142E64
0x0011A4BC,0x00143240
0x0011A4BC,0x0016E828
0x0011A4BC,0x0016E9A8
0x0011A644,0x001379AC
0x0011A644,0x00142B5C
0x0011A644,0x00143B38
0x0011A644,0x0016DDA0
0x0011BDD0,0x0011AB30
0x0011BDD0,0x0011B01C
0x0011BDD0,0x0011B484
0x0011BDD0,0x0011B694
0x0011BDD0,0x0011BA10
0x0011BDD0,0x00127854
0x0011D348,0x0011BDD0
0x0011D348,0x001E7DB0
0x0011D494,0x00123EAC
0x0011D494,0x00142E64
0x0011D580,0x001184A8
0x0011D580,0x0011D494
0x0011D580,0x00127854
0x0011D78C,0x0011BDD0
0x0011D78C,0x0011D580
0x0011D78C,0x001E7B68
0x0011D78C,0x001E7DB0
0x0011D8C4,0x00127854
0x0011D8C4,0x0016413C
0x0011D8C4,0x00176C1C
0x0011D8C4,0x001B3FB0
0x0011D98C,0x0016BF80
0x0011D9B8,0x0010018C
0x0011D9B8,0x001226CC
0x0011DBEC,0x001226CC
0x0011DBEC,0x001379AC
0x0011DBEC,0x00138E00
0x0011DBEC,0x00138FB8
0x0011DC60,0x001226CC
0x0011DC60,0x0013913C
0x0011DCB0,0x001226CC
0x0011DCB0,0x00138E00
0x0011DCB0,0x00138FB8
0x0011DD50,0x001226CC
0x0011DD50,0x0014242C
0x0011DDA4,0x001226CC
0x0011DDA4,0x00127854
0x0011DDA4,0x0016FC28
0x0011DED8,0x00117DE4
0x0011DED8,0x001226CC
0x0011DED8,0x00130530
0x0011DF3C,0x001226CC
0x0011DF3C,0x00130550
0x0011DF90,0x001226CC
0x0011DF90,0x00130744
0x0011DFE4,0x001226CC
0x0011DFE4,0x0013077C
0x0011E038,0x001226CC
0x0011E038,0x0012D298
0x0011E038,0x0012D408
0x0011E0A8,0x001226CC
0x0011E0A8,0x0012D298
0x0011E0A8,0x0012D408
0x0011E11C,0x001226CC
0x0011E11C,0x0012D298
0x0011E11C,0x0012D408
0x0011E11C,0x0016BBE8
0x0011E20C,0x001226CC
0x0011E20C,0x0013059C
0x0011E20C,0x00164624
0x0011E2A8,0x00127854
0x0011E320,0x00127854
0x0011E3A4,0x00127854
0x0011E428,0x00127854
0x0011E4AC,0x00127854
0x0011E530,0x00127854
0x0011E5B4,0x00116498
0x0011E5B4,0x00170AA0
0x0011E5B4,0x00170B04
0x0011E5B4,0x00171D68
0x0011E5B4,0x001721F8
0x0011E808,0x00116498
0x0011E808,0x0011E5B4
0x0011E808,0x001229F8
0x0011E808,0x00170AA0
0x0011E808,0x00170C04
0x0011E808,0x001721F8
0x0011E808,0x001B5CE4
0x0011E93C,0x00116498
0x0011E93C,0x00170AA0
0x0011E93C,0x00170CB4
0x0011E93C,0x001721F8
0x0011EA78,0x0016CA98
0x0011EA90,0x0016CA98
0x0011EAA8,0x0016CA98
0x0011EAE8,0x00116EB4
0x0011EB00,0x00116428
0x0011EB44,0x00127854
0x0011EBCC,0x001226CC
0x0011EBCC,0x00127854
0x0011EBCC,0x00163FF4
0x0011EBCC,0x0016C400
0x0011EBCC,0x0016C4E0
0x0011EBCC,0x00176AE4
0x0011EBCC,0x001B3FB0
0x0011ED60,0x00127854
0x0011EDFC,0x00127854
0x0011EDFC,0x00150940
0x0011EDFC,0x00163FF4
0x0011EDFC,0x0016C4E0
0x0011EDFC,0x00176AE4
0x0011EDFC,0x001B3FB0
0x0011EF80,0x00127854
0x0011F06C,0x00127854
0x0011F1A4,0x00127854
0x0011F1A4,0x0015F93C
0x0011F43C,0x00127854
0x0011F43C,0x0015DF54
0x0011F43C,0x0015FA0C
0x0011F43C,0x00160F18
0x0011F43C,0x00172BBC
0x0011F43C,0x001739D8
0x0011F7B4,0x00137ACC
0x0011F7B4,0x0013B164
0x0011F7B4,0x0013C818
0x0011F7B4,0x00140F14
0x0011F7B4,0x0014242C
0x0011F7B4,0x001653D0
0x0011F7B4,0x00170118
0x0011F868,0x0012DFEC
0x0011F868,0x0012E4CC
0x0011F868,0x0012E6C4
0x0011F868,0x0012E8CC
0x0011F868,0x0013BF48
0x0011F868,0x0013C014
0x0011F868,0x0014242C
0x0011F868,0x00155260
0x0011F868,0x001653D0
0x0011F868,0x001654D4
0x0011F868,0x00165514
0x0011F868,0x0016DBB8
0x0011F948,0x00137ACC
0x0011F96C,0x0012D064
0x0011F96C,0x0012D0A8
0x0011F9B0,0x0012C8A0
0x0011F9B0,0x0012C8E4
0x0011F9B0,0x0012C96C
0x0011F9B0,0x0012D064
0x0011F9B0,0x0012D0A8
0x0011F9B0,0x0012D13C
0x0011F9B0,0x0012D298
0x0011F9B0,0x0012D408
0x0011F9B0,0x0012DFEC
0x0011F9B0,0x0012E4CC
0x0011F9B0,0x0012E6C4
0x0011F9B0,0x0012E8CC
0x0011F9B0,0x001372C0
0x0011F9B0,0x001379AC
0x0011F9B0,0x00137ACC
0x0011F9B0,0x00138CF8
0x0011F9B0,0x00138E00
0x0011F9B0,0x0013BF48
0x0011F9B0,0x0013C014
0x0011F9B0,0x0013C138
0x0011F9B0,0x0013C818
0x0011F9B0,0x0014242C
0x0011F9B0,0x001499B0
0x0011F9B0,0x0014A7F8
0x0011F9B0,0x0014AE8C
0x0011F9B0,0x001505C4
0x0011F9B0,0x001505E4
0x0011F9B0,0x0015158C
0x0011F9B0,0x00155260
0x0011F9B0,0x00163240
0x0011F9B0,0x001635AC
0x0011F9B0,0x001635F4
0x0011F9B0,0x0016537C
0x0011F9B0,0x001653D0
0x0011F9B0,0x0016AE78
0x0011F9B0,0x0016AE94
0x0011F9B0,0x0016BBE8
0x0011F9B0,0x0016BFAC
0x0011F9B0,0x0016E9A8
0x001205E8,0x0015FDF8
0x0012061C,0x0015FDF8
0x001206CC,0x0015FA0C
0x001206F4,0x00170058
0x00120790,0x00117B48
0x00120790,0x00170058
0x00120790,0x001B5CE4
0x00120878,0x001B5CE4
0x0012089C,0x00124804
0x0012089C,0x0016FFA4
0x0012089C,0x001B5CE4
0x00120948,0x0016CCAC
0x00120948,0x00170318
0x00120B40,0x00163240
0x00120B40,0x001632A4
0x00120B40,0x001632CC
0x00120B9C,0x0012E884
0x00120BC0,0x00123838
0x00120BC0,0x00127854
0x00120BC0,0x0012DFEC
0x00120BC0,0x0012E6C4
0x00120BC0,0x0012EA34
0x00120BC0,0x001379AC
0x00120BC0,0x00182FF8
0x00120BC0,0x0018319C
0x00120BC0,0x001AA52C
0x00120BC0,0x001B5CE4
0x00120BC0,0x001E5D20
0x00120BC0,0x001E5F08
0x00120BC0,0x001E6130
0x00120BC0,0x001E6280
0x00120BC0,0x001E659C
0x00120BC0,0x001E6DD0
0x00121050,0x001226CC
0x00121050,0x00173748
0x001210B4,0x0011D9B0
0x001210B4,0x001226CC
0x001210B4,0x00136290
0x001210B4,0x00155444
0x001210B4,0x0016A298
0x001210B4,0x00173748
0x001210B4,0x001834BC
0x001210B4,0x001ACE94
0x00121288,0x001226CC
0x00121288,0x00173748
0x001212DC,0x0011D9B0
0x001212DC,0x001226CC
0x001212DC,0x0016DBB8
0x00121328,0x00127854
0x00121328,0x0012D0A8
0x00121328,0x001AA52C
0x00121328,0x001B5CE4
0x001214F4,0x0011D9B0
0x001214F4,0x001226CC
0x001214F4,0x0012DFEC
0x001214F4,0x0012E9C4
0x001214F4,0x0012E9DC
0x001214F4,0x0012E9F4
0x00121578,0x0011D9B0
0x00121578,0x001226CC
0x00121578,0x0012DFEC
0x00121578,0x00163D44
0x00121600,0x0011D9B0
0x00121600,0x001226CC
0x00121600,0x0012DFEC
0x00121600,0x00163D88
0x0012167C,0x00173774
0x00121690,0x00170664
0x001216A8,0x0012BF84
0x001216BC,0x0012B58C
0x001216E0,0x0016331C
0x00121704,0x0011D9B0
0x00121704,0x001226CC
0x00121704,0x0016F03C
0x00121704,0x00182028
0x00121768,0x0011D9B0
0x00121768,0x001226CC
0x00121768,0x0016F0E4
0x00121768,0x00182028
0x001217CC,0x00173788
0x001217DC,0x00123EAC
0x001217DC,0x00173798
0x0012180C,0x0013DDEC
0x0012180C,0x0018CDB8
0x00121894,0x001737A8
0x001218A8,0x00127854
0x001218A8,0x0013DE08
0x001218A8,0x0013DE48
0x001218A8,0x0013DE64
0x001218A8,0x0013DE80
0x001218A8,0x0013DECC
0x001218A8,0x0013DEE8
0x001218A8,0x0013DF04
0x001218A8,0x0013DF20
0x001218A8,0x00164FAC
0x001218A8,0x0016F18C
0x001218A8,0x001AA52C
0x001218A8,0x001B5CE4
0x00121BD8,0x0012355C
0x00121BD8,0x001469FC
0x00121BD8,0x00146FD8
0x00121BD8,0x00147264
0x00121BD8,0x00147470
0x00121BD8,0x001475D8
0x00121BD8,0x00147718
0x00121BD8,0x001479F8
0x00121BD8,0x00180B90
0x00121BD8,0x00182028
0x00121CAC,0x0012F15C
0x00121D14,0x0012F15C
0x00121D48,0x00163538
0x00121D48,0x00163554
0x00121D84,0x0016B69C
0x00121DA4,0x001365EC
0x00121DA4,0x0016B69C
0x00121DEC,0x001A602C
0x00121DEC,0x001E5650
0x00121DEC,0x001E6648
0x00121DEC,0x001E6C68
0x00121DEC,0x001E6CCC
0x00121F3C,0x00141FD8
0x00121F3C,0x0014201C
0x00121F3C,0x001739C0
0x00121F7C,0x00142128
0x00121F9C,0x001821E4
0x00121F9C,0x001821EC
0x00121F9C,0x001E5650
0x00121F9C,0x001E659C
0x00121F9C,0x001E6648
0x00121F9C,0x001E6CCC
0x00122010,0x00127854
0x00122010,0x0012DFEC
0x00122010,0x0012E6C4
0x00122010,0x0012EA0C
0x00122010,0x001379AC
0x00122094,0x00171D94
0x001220C0,0x00171D94
0x001220EC,0x00171D94
0x00122128,0x001226CC
0x00122128,0x0016C400
0x00122128,0x0016F264
0x001221E4,0x0016F358
0x001221F8,0x00117B18
0x001221F8,0x0016F358
0x001221F8,0x001B5CE4
0x00122218,0x00117B18
0x00122218,0x00122128
0x00122218,0x0016F358
0x00122218,0x001739D8
0x001229F8,0x00127854
0x001229F8,0x0016C508
0x001229F8,0x0017089C
0x00122B74,0x00127854
0x00122C60,0x00127854
0x00122CE8,0x00127854
0x00122D70,0x00127854
0x00122DF8,0x00127854
0x00122E80,0x00127854
0x00122F08,0x00127854
0x00122F08,0x0016A144
0x00122F08,0x0016A19C
0x00122F08,0x0016C4E0
0x00122F08,0x0016C508
0x00123010,0x00127854
0x00123010,0x0016A174
0x00123010,0x0016A19C
0x00123010,0x0016C4E0
0x00123010,0x0016C508
0x00123118,0x0011D9B0
0x00123118,0x0014AE8C
0x0012319C,0x00127854
0x0012319C,0x00152F94
0x0012319C,0x0016C4E0
0x0012319C,0x0016C508
0x0012319C,0x00177F50
0x001232D4,0x0011D9B0
0x0012336C,0x00127854
0x00123440,0x0014A914
0x0012345C,0x00127854
0x0012345C,0x0016C19C
0x0012345C,0x0016C4E0
0x0012345C,0x0016C508
0x0012355C,0x0011D9B0
0x0012355C,0x0014A0D8
0x00123620,0x0011D9B0
0x00123620,0x00127854
0x00123620,0x0018F0AC
0x001237E4,0x00172FA8
0x00123838,0x00173050
0x0012388C,0x001730E8
0x001238E8,0x0011D9B0
0x001238E8,0x001736AC
0x001239A0,0x0011D9B0
0x001239A0,0x001736AC
0x00123A70,0x0016C9D0
0x00123AC4,0x00127854
0x00123AC4,0x00152CD8
0x00123AC4,0x0016A298
0x00123AC4,0x0016C4E0
0x00123AC4,0x0016C508
0x00123C68,0x00152BAC
0x00123C68,0x00152CD8
0x00123C68,0x00176AE4
0x00123C68,0x001837C8
0x00123C68,0x001B02C0
0x00123C68,0x001B5CE4
0x00123DF4,0x001738BC
0x00123E14,0x0016FD60
0x00123EC4,0x00154DE0
0x00123EC4,0x00164FAC
0x00123EF0,0x00102854
0x00123EF0,0x0011E2A8
0x00123EF0,0x0011E320
0x00123EF0,0x0011E4AC
0x00123EF0,0x0011E530
0x00123EF0,0x00122B74
0x00123EF0,0x00122C60
0x00123EF0,0x00122CE8
0x00123EF0,0x00122D70
0x00123EF0,0x00122DF8
0x00123EF0,0x00122E80
0x00123EF0,0x0014A7F8
0x00123EF0,0x0016BBE8
0x00123EF0,0x0016C508
0x0012416C,0x001270E4
0x00124184,0x00127854
0x001241E8,0x00127854
0x0012424C,0x00127854
0x001242B0,0x00127854
0x001244D8,0x0016BBE8
0x00124524,0x0016BBE8
0x00124600,0x00117B48
0x00124600,0x0014D3A0
0x00124600,0x0014D81C
0x00124600,0x0016FBDC
0x00124600,0x0018CEC4
0x00124600,0x001A00E0
0x00124600,0x001A01B8
0x001247A0,0x0014E284
0x001247BC,0x0014E800
0x001247D4,0x00124600
0x00124804,0x00117B48
0x00124804,0x00127854
0x00124804,0x0018E430
0x00124804,0x001B5CE4
0x001248BC,0x00127854
0x001248BC,0x00165514
0x001248F0,0x00127854
0x001248F0,0x001654D4
0x00124924,0x0015D790
0x00124924,0x00177BF0
0x00124A20,0x00123EC4
0x00124A20,0x00127854
0x00124A20,0x001721F8
0x00124BA0,0x001721F8
0x00124BC8,0x00127854
0x00124BC8,0x00172144
0x00124D40,0x00172144
0x00124DC4,0x001721F8
0x00124DF8,0x00172144
0x00124E7C,0x00172144
0x00124E7C,0x001721F8
0x00124F34,0x00127854
0x00124F34,0x001721F8
0x0012500C,0x00172144
0x00125090,0x001721F8
0x001250C4,0x00172144
0x00125148,0x001721F8
0x001251E4,0x00177F50
0x001251E4,0x001B5CE4
0x001253EC,0x00127854
0x0012551C,0x00172144
0x0012555C,0x001721F8
0x00125600,0x00125590
0x0012579C,0x00125590
0x0012579C,0x001255BC
0x0012579C,0x00125600
0x0012579C,0x00127588
0x0012579C,0x001275D4
0x0012579C,0x00127624
0x0012579C,0x00127854
0x00125B18,0x001275D4
0x00125B18,0x00127624
0x00125B18,0x001276E0
0x00125B18,0x001277D8
0x00125C9C,0x00127624
0x00125C9C,0x001276E0
0x00125D04,0x00127624
0x00125D04,0x001276E0
0x00125E08,0x00127040
0x00125E08,0x001270CC
0x00125E08,0x00127854
0x00125EC8,0x00127854
0x00125EC8,0x001634E8
0x00125F68,0x00127624
0x00125F68,0x0013A464
0x00125F68,0x0013A508
0x00125F68,0x0013A56C
0x00125F68,0x0013A5CC
0x00125F68,0x0013A62C
0x00125F68,0x0013A68C
0x00125F68,0x0013A6EC
0x00125F68,0x0013A74C
0x00125F68,0x0013A794
0x00125F68,0x0013A7DC
0x00125F68,0x0013A824
0x00125F68,0x0013A86C
0x00127854,0x001B5CE4
0x00127854,0x001E9B4C
0x00128E7C,0x0012D064
0x00128E7C,0x0012D0A8
0x00128FE8,0x0012746C
0x00128FE8,0x00127478
0x00128FE8,0x00127854
0x00128FE8,0x0014ADB4
0x001295A0,0x0012746C
0x001295A0,0x00127478
0x001295A0,0x00128E7C
0x001295A0,0x0012D064
0x001295A0,0x0012D0A8
0x001295A0,0x0012D13C
0x001295A0,0x0014ADB4
0x00129D64,0x00127854
0x00129D64,0x00129B88
0x00129E54,0x00127854
0x0012A074,0x00127854
0x0012A074,0x00129E54
0x0012A734,0x00127854
0x0012A970,0x00127854
0x0012AAC8,0x0012984C
0x0012AB80,0x00129858
0x0012AC70,0x00129858
0x0012B048,0x0012984C
0x0012B048,0x00129858
0x0012B048,0x0012AB80
0x0012B048,0x0012AC70
0x0012B230,0x001379AC
0x0012B58C,0x001379AC
0x0012B8B8,0x001379AC
0x0012DF04,0x0012C8A0
0x0012DF04,0x0012C8E4
0x0012DF98,0x0012C8A0
0x0012DFB4,0x0012C8A0
0x0012DFD0,0x0012C8A0
0x0012E464,0x0012D064
0x0012E464,0x0012D0A8
0x0012EA64,0x001379AC
0x0012ED4C,0x001379AC
0x0012EEB4,0x0012DA30
0x0012EEB4,0x001379AC
0x0012EFB4,0x001379AC
0x0012F088,0x001379AC
0x0012F324,0x00127854
0x0012F3CC,0x00127854
0x0012F3CC,0x0012DA30
0x0012F3CC,0x0012EA64
0x0012F3CC,0x001379AC
0x0013043C,0x0012C8E4
0x0013043C,0x0012C96C
0x0013043C,0x0012CB58
0x00130530,0x0012CAF4
0x00130550,0x0012CAF4
0x0013056C,0x0012C96C
0x0013056C,0x0012CB58
0x0013059C,0x0012C8E4
0x0013059C,0x0012C96C
0x0013059C,0x0012CB58
0x0013059C,0x00141A74
0x0013059C,0x00141B20
0x0013070C,0x0012CAF4
0x00130728,0x0012CAF4
0x00130744,0x0012CB58
0x0013077C,0x0012C8A0
0x0013077C,0x0012CB58
0x0013082C,0x0012C96C
0x0013086C,0x0012C8A0
0x00130A74,0x00127854
0x00130A74,0x0012C8E4
0x00130A74,0x0012C96C
0x00130A74,0x0012CB58
0x00130BFC,0x0012C8A0
0x00130C1C,0x0012CAF4
0x00130C3C,0x0012CAF4
0x00130C5C,0x0012CAF4
0x00130C7C,0x0012C8A0
0x00130CC8,0x0012C8E4
0x00130CC8,0x0012CAF4
0x00130E50,0x0012C8A0
0x00130E50,0x0012C8E4
0x0013121C,0x0012C8E4
0x0013126C,0x00133198
0x00131374,0x0012746C
0x00131374,0x00127478
0x0013191C,0x0012746C
0x0013191C,0x00127478
0x001319B4,0x0012746C
0x001319B4,0x00127478
0x001319B4,0x00164FAC
0x00131AC8,0x0012746C
0x00131AC8,0x00127478
0x00131C6C,0x0012746C
0x00131C6C,0x00127478
0x00131E78,0x00127854
0x00131E78,0x0013BB10
0x00131E78,0x00147264
0x00132148,0x0012C8A0
0x00132148,0x0012CC1C
0x00132148,0x0012CDAC
0x00132148,0x00130BFC
0x001322C8,0x0012C8A0
0x001322C8,0x0012C8E4
0x001322C8,0x0012C96C
0x001322C8,0x0012CDF0
0x001322C8,0x0012D0A8
0x001322C8,0x00130A74
0x001322C8,0x00149B80
0x001322C8,0x0014AC98
0x001322C8,0x0014ACE0
0x001322C8,0x00164FAC
0x001327BC,0x0012C8A0
0x0013289C,0x00127854
0x0013289C,0x00146360
0x00132AA8,0x00146360
0x00132B00,0x00127854
0x00132B00,0x00146360
0x00132D0C,0x00146360
0x00132DC4,0x0012C8E4
0x00132DC4,0x0012C96C
0x00132DC4,0x0012CC1C
0x00132DC4,0x0012CC60
0x00133138,0x0012C8A0
0x00133138,0x0012C8E4
0x00133198,0x0015DE30
0x00135154,0x0012C8A0
0x00135154,0x0012C8E4
0x00135154,0x0012C96C
0x001351D4,0x0012C8A0
0x00135484,0x0012D0A8
0x00135484,0x0012D13C
0x00135484,0x0012D298
0x001357E0,0x0012C8E4
0x001357E0,0x0012C96C
0x001357E0,0x0012CB58
0x00135E94,0x0012C8E4
0x00135E94,0x0012C96C
0x00135E94,0x0012CB58
0x00135E94,0x0013070C
0x00135E94,0x00130728
0x00135E94,0x00132148
0x00135E94,0x00132FE8
0x00135E94,0x00135484
0x00135E94,0x001357E0
0x00135E94,0x00164FAC
0x00136290,0x00135E94
0x00136378,0x001E5650
0x00136378,0x001E5F08
0x00136378,0x001E6130
0x00136378,0x001E6280
0x00136378,0x001E65EC
0x001370B4,0x0012DC44
0x001370B4,0x0012DC8C
0x001370B4,0x001E56F8
0x001372C0,0x001370B4
0x00137324,0x00127854
0x00137324,0x001E56F8
0x00137440,0x00127854
0x00137440,0x0012D064
0x00137440,0x0012D0A8
0x00137440,0x0012D13C
0x00137440,0x0012D298
0x00137440,0x001370B4
0x00137440,0x0014A230
0x00137440,0x0014A7F8
0x00137440,0x001E56F8
0x00137958,0x0012D0A8
0x001379AC,0x0012746C
0x001379AC,0x00127478
0x00138558,0x0012D064
0x00138558,0x0012D0A8
0x00138558,0x0012D298
0x00138558,0x0012D408
0x00138558,0x0012D518
0x00138558,0x001370B4
0x00138558,0x0014242C
0x00138784,0x0012D0A8
0x00138784,0x0012D298
0x00138784,0x0012D408
0x00138784,0x0012D518
0x00138784,0x0012D7E4
0x00138784,0x001370B4
0x00138784,0x0014A7F8
0x00138784,0x0014ACE0
0x00138BE4,0x0012C8A0
0x00138BE4,0x0012CDAC
0x00138BE4,0x0012CDF0
0x00138BE4,0x00130BFC
0x00138BE4,0x0014A81C
0x00138CF8,0x0012D0A8
0x00138E00,0x0012D0A8
0x00138E00,0x0013D4A0
0x00138E00,0x0014242C
0x00138E68,0x0012D064
0x00138E68,0x0012D0A8
0x00138E68,0x001370B4
0x00138E68,0x0013D4A0
0x00138E68,0x0014242C
0x00138FB8,0x00127854
0x00138FB8,0x0012D0A8
0x00138FB8,0x001379AC
0x00138FB8,0x0014242C
0x00138FB8,0x001505C4
0x00138FB8,0x001505E4
0x00138FB8,0x00182FF8
0x0013913C,0x0012D064
0x001396B4,0x0012D0A8
0x001396B4,0x0012D13C
0x001396B4,0x001370B4
0x00139A20,0x0012D064
0x00139A20,0x0012D298
0x00139A20,0x0012D408
0x00139B5C,0x0012D298
0x00139B5C,0x0012D408
0x00139C88,0x00127854
0x00139C88,0x0012D298
0x00139C88,0x001E56F8
0x00139DE0,0x0012D13C
0x00139DE0,0x0012D408
0x00139DE0,0x00149F38
0x00139DE0,0x0014A0D8
0x00139DE0,0x001E56AC
0x00139DE0,0x001E5C7C
0x00139DE0,0x001E5D20
0x00139DE0,0x001E5F08
0x00139DE0,0x001E6130
0x00139F84,0x0012D408
0x00139FA4,0x0012D408
0x00139FC4,0x0012D408
0x00139FE4,0x0012D408
0x0013A0D4,0x0012D408
0x0013A0F4,0x0012D408
0x0013A114,0x0012D408
0x0013A134,0x0012D408
0x0013A154,0x0012D408
0x0013A174,0x0012D408
0x0013A194,0x0012D408
0x0013A1B4,0x0012D408
0x0013A1D4,0x0012D0A8
0x0013A1D4,0x001370B4
0x0013A930,0x00133198
0x0013AA04,0x001634B8
0x0013ACB4,0x00127854
0x0013ACB4,0x0012DC28
0x0013ACB4,0x001370B4
0x0013ACB4,0x00142AFC
0x0013ACB4,0x00142B5C
0x0013ACB4,0x00182028
0x0013ACB4,0x001E56AC
0x0013ACB4,0x001E5C7C
0x0013ACB4,0x001E5D20
0x0013ACB4,0x001E5F08
0x0013ACB4,0x001E6130
0x0013B0B8,0x00127854
0x0013B0B8,0x001E56AC
0x0013B0B8,0x001E5C7C
0x0013B0B8,0x001E5D20
0x0013B0B8,0x001E5F08
0x0013B0B8,0x001E6130
0x0013BCE8,0x0012DC28
0x0013BE18,0x0012DC28
0x0013C138,0x00127854
0x0013C3BC,0x0012DC14
0x0013C3BC,0x0012DC28
0x0013C574,0x0012DC28
0x0013C6EC,0x0012DC28
0x0013C818,0x00127854
0x0013C818,0x0012D408
0x0013C818,0x0012DC14
0x0013C818,0x0012DC28
0x0013C818,0x00137324
0x0013C818,0x001379AC
0x0013C818,0x001E56AC
0x0013C818,0x001E5C7C
0x0013C818,0x001E5CC8
0x0013C818,0x001E5D20
0x0013C818,0x001E5F08
0x0013C818,0x001E6068
0x0013C818,0x001E6130
0x0013D478,0x00141A88
0x0013D4C0,0x0012DC14
0x0013D4FC,0x0012DC14
0x0013D568,0x0012DC14
0x0013D5A4,0x0012DC14
0x0013D6FC,0x0012746C
0x0013D6FC,0x00127478
0x0013D790,0x0012746C
0x0013D790,0x00127478
0x0013D94C,0x00127854
0x0013DD28,0x0012DA54
0x0013DE08,0x0012DA54
0x0013DE80,0x0012DA54
0x0013DE80,0x00164FAC
0x0013DF20,0x0012DA54
0x0013DF20,0x00164FAC
0x0013DF6C,0x0012C8A0
0x0013DFF8,0x0012DA30
0x0013E0E0,0x00127854
0x0013E0E0,0x001415C8
0x0013E1A4,0x00133198
0x0013E300,0x00133198
0x0013FF40,0x0013FCCC
0x0013FF88,0x0012DCD0
0x001400D0,0x0013FF88
0x00140F14,0x001400D0
0x00140F14,0x00141FD8
0x00141A88,0x0012C96C
0x00141B34,0x0012DC28
0x00141D54,0x00127854
0x00141D54,0x0014628C
0x00142128,0x0012DA54
0x00142398,0x0012D064
0x0014242C,0x0012D958
0x0014242C,0x0012D99C
0x00142510,0x0012DB34
0x001425E8,0x0012CDAC
0x001425E8,0x00164FAC
0x00142808,0x0012CDAC
0x00142808,0x0012D958
0x00142808,0x0012D99C
0x00142808,0x00164FAC
0x00142E98,0x001379AC
0x00143280,0x001379AC
0x00143830,0x001379AC
0x00143BD8,0x001379AC
0x00146474,0x00136948
0x00146474,0x00138CF8
0x00146474,0x00138E00
0x00146474,0x0013EAD4
0x00146474,0x00147264
0x001469FC,0x00127854
0x001469FC,0x00133198
0x001469FC,0x00147718
0x001469FC,0x0014792C
0x001469FC,0x001479F8
0x00147264,0x00127854
0x001478E0,0x001379AC
0x0014792C,0x00127854
0x00148500,0x0012C96C
0x00149B64,0x0012CDF0
0x00149B80,0x0012CDF0
0x00149F38,0x0012CAF4
0x00149F38,0x0012CE78
0x00149F38,0x0012D000
0x00149F38,0x0012D0A8
0x00149F38,0x00130BFC
0x0014A0D8,0x0012D000
0x0014A194,0x0012CDAC
0x0014A1F8,0x0012CDAC
0x0014A214,0x0012CDAC
0x0014A230,0x0012C8A0
0x0014A230,0x0012D000
0x0014A230,0x001E5650
0x0014A230,0x001E5D20
0x0014A230,0x001E5F08
0x0014A230,0x001E6130
0x0014A230,0x001E6280
0x0014A230,0x001E659C
0x0014A384,0x0012CDAC
0x0014A384,0x0012D000
0x0014A384,0x001E6BA0
0x0014A384,0x001E6CCC
0x0014A74C,0x00132148
0x0014A74C,0x0014A384
0x0014A774,0x0012C4A0
0x0014A774,0x0012C8A0
0x0014A774,0x0012CDAC
0x0014A7F8,0x0012C8A0
0x0014A81C,0x0012C8A0
0x0014A81C,0x0012C8E4
0x0014A81C,0x0012CDAC
0x0014A81C,0x00132148
0x0014A944,0x00127854
0x0014A944,0x0012CDF0
0x0014A944,0x00132148
0x0014A944,0x0014A384
0x0014A944,0x0014A81C
0x0014AC98,0x0012CE78
0x0014ACE0,0x0012746C
0x0014ACE0,0x00127478
0x0014ACE0,0x0012CDAC
0x0014ACE0,0x0012CDF0
0x0014ADB4,0x0012CDAC
0x0014AE3C,0x0012CDF0
0x0014AEB0,0x00132148
0x0014AFA0,0x0012C8E4
0x0014AFA0,0x0012CDAC
0x0014AFA0,0x0012CDF0
0x0014AFA0,0x0012CE78
0x0014B138,0x00127478
0x0014B260,0x0012746C
0x0014BCBC,0x00127854
0x0014BCBC,0x00139C88
0x0014C25C,0x0014628C
0x0014C3C4,0x0014628C
0x0014C564,0x001270E4
0x0014C564,0x0012746C
0x0014C564,0x00127478
0x0014C564,0x0014A914
0x0014C60C,0x00127854
0x0014C9A4,0x00127854
0x0014CA2C,0x0018CEC4
0x0014CA2C,0x001A3BA4
0x0014CC9C,0x00127854
0x0014CC9C,0x0014CA2C
0x0014CC9C,0x0018CEC4
0x0014CC9C,0x001A3BA4
0x0014D004,0x001270E4
0x0014D004,0x0012746C
0x0014D004,0x00127478
0x0014D004,0x00127854
0x0014D004,0x00141000
0x0014D004,0x0014628C
0x0014D004,0x0014A914
0x0014D004,0x00155444
0x0014D3A0,0x00104884
0x0014D3A0,0x001270E4
0x0014D3A0,0x0012746C
0x0014D3A0,0x00127478
0x0014D3A0,0x00127854
0x0014D3A0,0x0014A914
0x0014D3A0,0x0014CC9C
0x0014D3A0,0x0014D004
0x0014D3A0,0x00155444
0x0014D81C,0x001270E4
0x0014D81C,0x0012746C
0x0014D81C,0x00127478
0x0014D81C,0x00127854
0x0014D81C,0x00141000
0x0014DEB8,0x001270E4
0x0014DEB8,0x0012746C
0x0014DEB8,0x00127478
0x0014DEB8,0x00127854
0x0014DEB8,0x0014D004
0x0014E398,0x001270E4
0x0014E398,0x0012D064
0x0014E398,0x0012D0A8
0x0014E398,0x0012D408
0x0014E398,0x001379AC
0x0014E398,0x0013D4A0
0x0014E398,0x0018CEC4
0x0014E398,0x0018CF08
0x0014E800,0x001270E4
0x0014E800,0x0012746C
0x0014E800,0x00127478
0x0014E800,0x00127854
0x0014E800,0x00141000
0x0014E9F0,0x0012AAC8
0x0014EC84,0x0012AAC8
0x0014F054,0x0012AAC8
0x0014F2C8,0x0012AAC8
0x0014F4B0,0x0012AAC8
0x0014F4B0,0x0014E9F0
0x0014FC10,0x00127854
0x0014FFD4,0x00182028
0x00150150,0x00126134
0x00150150,0x001265E8
0x00150150,0x00126A2C
0x00150150,0x0015DF54
0x001505C4,0x0016367C
0x001505E4,0x0016367C
0x00150838,0x00127854
0x00150838,0x0018CC7C
0x001509B0,0x00126A2C
0x001509E8,0x00126A2C
0x00150A70,0x00162C58
0x00150AAC,0x00162C58
0x00150DE0,0x00154138
0x00150DE0,0x0015DF54
0x001510A0,0x00126314
0x00151434,0x0012746C
0x00151434,0x00127478
0x00151434,0x001510A0
0x0015158C,0x001506D4
0x0015158C,0x00150B6C
0x0015158C,0x00161420
0x001518FC,0x00136290
0x001518FC,0x001362D4
0x001518FC,0x001362F0
0x001518FC,0x00136378
0x001518FC,0x00136454
0x001518FC,0x00136470
0x001518FC,0x0013649C
0x001518FC,0x00136518
0x001518FC,0x00136628
0x001518FC,0x0013664C
0x001518FC,0x00136670
0x001518FC,0x001366BC
0x001518FC,0x001366F0
0x001518FC,0x00136708
0x001518FC,0x00136720
0x001518FC,0x001367B0
0x001518FC,0x00136864
0x001518FC,0x001379AC
0x00151A20,0x00136628
0x00151A20,0x00136748
0x00151A20,0x00136760
0x00151A20,0x001368B4
0x00151A20,0x001379AC
0x00151C40,0x00136290
0x00151C40,0x00136444
0x00151C40,0x00136454
0x00151C40,0x00136470
0x00151C40,0x001364D4
0x00151C40,0x00136518
0x00151C40,0x0013653C
0x00151C40,0x00136570
0x00151C40,0x001365A0
0x00151C40,0x00136628
0x00151C40,0x00136748
0x00151C40,0x00136760
0x00151C40,0x00136864
0x00151C40,0x001368B4
0x00151C40,0x001379AC
0x00151C40,0x0013913C
0x00151C40,0x00147688
0x00151FF8,0x0012EEB4
0x001524A0,0x0012746C
0x001524A0,0x00127478
0x001524A0,0x0012DF04
0x001524A0,0x0012DF98
0x001524A0,0x0012DFB4
0x001524A0,0x0012DFD0
0x001524A0,0x0012DFEC
0x001524A0,0x0012E8C0
0x001524A0,0x0012F15C
0x001524A0,0x0012F324
0x001524A0,0x00151FF8
0x001524A0,0x0016B69C
0x00152BAC,0x001620AC
0x00152CD8,0x001620AC
0x00152DE0,0x001620AC
0x00152ECC,0x001620AC
0x00152F94,0x00161F9C
0x0015305C,0x00162130
0x0015311C,0x00162304
0x0015311C,0x00162330
0x00153170,0x00127854
0x00153170,0x00150664
0x00153170,0x00150AD4
0x00153170,0x00161F9C
0x00153170,0x00162330
0x001533B4,0x0013A924
0x001533B4,0x0013AA04
0x001533B4,0x00150B50
0x001533B4,0x00153170
0x001533B4,0x001622D4
0x001537A8,0x00135730
0x00153868,0x001617D4
0x00153A20,0x001617D4
0x00153A8C,0x001617D4
0x00153AC8,0x00132148
0x00153AC8,0x00135730
0x00153AC8,0x001617D4
0x00153AC8,0x00162974
0x00153C40,0x00153AC8
0x00153C40,0x001617D4
0x00153C40,0x00162A94
0x00153F64,0x001617D4
0x00153FE8,0x00161E38
0x00154044,0x001617D4
0x001540CC,0x00162744
0x00154154,0x00127854
0x00154154,0x00150D90
0x00154154,0x00150DA4
0x00154154,0x00150FC4
0x00154154,0x0015DF54
0x00154154,0x0015FA0C
0x00154154,0x00160F18
0x00154E00,0x0013DD28
0x0015508C,0x0013DC5C
0x0015508C,0x0013DCD4
0x0015508C,0x0013DCF0
0x0015508C,0x0013DD0C
0x0015508C,0x0013DDB4
0x0015508C,0x0013DDD0
0x0015508C,0x0013DDEC
0x0015508C,0x0013DE08
0x0015508C,0x0013DE64
0x0015508C,0x0013DF04
0x0015508C,0x00154E00
0x00155260,0x001766F0
0x00155474,0x00138E00
0x00155474,0x0013913C
0x00155474,0x0014AE8C
0x00155474,0x001631E8
0x00155474,0x00165568
0x00155474,0x0016AEBC
0x001555E8,0x0012746C
0x001555E8,0x00127478
0x001555E8,0x00150B6C
0x001555E8,0x00155474
0x001555E8,0x0016A19C
0x00155B08,0x00132148
0x00155B38,0x0013B164
0x00155B38,0x0013BCB0
0x00155B38,0x0013BF48
0x00155B38,0x0013C014
0x00155B38,0x0013C0F4
0x00155B38,0x0013C138
0x00155B38,0x0013C3BC
0x00155B38,0x00140F14
0x00155B38,0x001653D0
0x00155B38,0x00165730
0x00155B38,0x00165750
0x00155B38,0x00170118
0x0015603C,0x0012E400
0x0015603C,0x0013C014
0x0015603C,0x001653D0
0x0015603C,0x00169EC0
0x0015603C,0x00169F20
0x00156184,0x0012E400
0x00156184,0x0013C014
0x00156184,0x001653D0
0x00156184,0x00169EC0
0x00156184,0x00169F20
0x00156FE8,0x00156184
0x00156FE8,0x00165C9C
0x00156FE8,0x00165F00
0x00157020,0x00132148
0x00157020,0x00139A20
0x00157020,0x00149F38
0x00157020,0x00164FAC
0x00157020,0x0016A19C
0x0015713C,0x00132148
0x0015713C,0x00138E00
0x0015713C,0x00139A20
0x0015713C,0x00141A50
0x0015713C,0x00149F38
0x0015713C,0x0014A7F8
0x0015713C,0x001517FC
0x0015713C,0x001555E8
0x0015713C,0x00161F4C
0x0015713C,0x00162274
0x0015713C,0x00164FAC
0x0015713C,0x00167610
0x0015713C,0x00167630
0x0015713C,0x001684C4
0x0015713C,0x001684E8
0x0015713C,0x00169674
0x0015713C,0x00169CE4
0x0015713C,0x00169CFC
0x0015713C,0x0016A19C
0x0015713C,0x0016A320
0x0015713C,0x0016A37C
0x0015713C,0x00176578
0x0015713C,0x00176580
0x0015713C,0x001766C0
0x0015713C,0x001766E8
0x0015713C,0x001766F0
0x0015713C,0x001767D8
0x0015713C,0x001767FC
0x00157C70,0x00132148
0x00157CF4,0x0013289C
0x00157D64,0x00132B00
0x00157E58,0x0016AFB8
0x00157E58,0x0016AFD0
0x00157ED8,0x00132148
0x00157ED8,0x0016A118
0x00157F4C,0x00162BA4
0x00158818,0x00127854
0x001588B0,0x00129D64
0x001588B0,0x0012A074
0x001588B0,0x0012A1E8
0x00158ABC,0x0014F4B0
0x00158AFC,0x0012A074
0x00158C14,0x00129B88
0x00158C14,0x00129D64
0x00158C34,0x0012A2C8
0x00158C34,0x0012A734
0x00158C34,0x00158818
0x00158D1C,0x00158818
0x00158DE0,0x00158818
0x00158FB8,0x00158818
0x00159108,0x00158818
0x00159214,0x00158818
0x001595A8,0x0014F2C8
0x001595A8,0x0014FFB0
0x00159628,0x0014F054
0x00159DF4,0x0016F1E8
0x00159F44,0x00127854
0x0015A0A4,0x00127854
0x0015A1BC,0x00127854
0x0015A3C0,0x0016F1E8
0x0015A444,0x0016F1E8
0x0015A6A4,0x001E7B68
0x0015AE00,0x0016F1E8
0x0015B390,0x00159F44
0x0015B974,0x00127854
0x0015B974,0x0012A810
0x0015B974,0x0012A82C
0x0015BB50,0x00127854
0x0015C1D8,0x001298B4
0x0015C300,0x00127854
0x0015C300,0x001298B4
0x0015C300,0x0012A810
0x0015C300,0x0012A82C
0x0015C300,0x00158818
0x0015C300,0x0015A6A4
0x0015C300,0x0015AE00
0x0015C300,0x0015B390
0x0015C300,0x0015B674
0x0015C300,0x0015BB50
0x0015C918,0x00129B50
0x0015C918,0x0016BBE8
0x0015C9D0,0x00127854
0x0015C9D0,0x0012AAC8
0x0015C9D0,0x0014FC10
0x0015CC00,0x00129B50
0x0015CC00,0x0012A340
0x0015CC00,0x0015C300
0x0015CC00,0x0015C9D0
0x0015CC00,0x0016BBE8
0x0015CD10,0x00163624
0x0015D0EC,0x00150D0C
0x0015D0EC,0x00150D28
0x0015D0EC,0x00155B08
0x0015D0EC,0x0016A19C
0x0015DA14,0x00127854
0x0015DF54,0x00125EB4
0x0015DF54,0x00127854
0x0015E1AC,0x00125EB4
0x0015E1AC,0x00126754
0x0015E1AC,0x00127854
0x0015E490,0x00125EB4
0x0015E490,0x00127854
0x0015EB44,0x00125EB4
0x0015EB44,0x00127854
0x0015F0F0,0x00125EB4
0x0015F0F0,0x00127854
0x0015F0F0,0x0015EB44
0x0015F654,0x0015F0F0
0x0015F654,0x0015F3EC
0x0015F93C,0x0015F0F0
0x0015F93C,0x0015F3EC
0x0015FA0C,0x0015F3EC
0x0015FB9C,0x0015F3EC
0x0015FDF8,0x0015F3EC
0x001602CC,0x0015F3EC
0x001602CC,0x00164FAC
0x001602CC,0x00177AF8
0x00160560,0x00125EB4
0x00160560,0x00127854
0x00160560,0x00150664
0x00160560,0x00150AF0
0x00160560,0x0015F3EC
0x00160560,0x0016A1EC
0x00160560,0x0016A244
0x00160560,0x0016A298
0x0016088C,0x0015D4DC
0x0016088C,0x0015F3EC
0x00160B08,0x00125EB4
0x00160B08,0x00127854
0x00160B08,0x0015D0EC
0x00160B08,0x0015D428
0x00160B08,0x0015F3EC
0x00160F18,0x00125EB4
0x00160F18,0x00127854
0x00160F18,0x0015F3EC
0x00161210,0x0015F0F0
0x00161210,0x0015F3EC
0x001617D4,0x00127040
0x00161A04,0x001617D4
0x00161A3C,0x00125EB4
0x00161A3C,0x00127854
0x00161E10,0x001617D4
0x00161F4C,0x001617D4
0x00161F9C,0x001617D4
0x001620AC,0x001617D4
0x00162130,0x001617D4
0x00162160,0x001617D4
0x001621A0,0x001617D4
0x001621D8,0x001617D4
0x001621D8,0x00161A3C
0x00162210,0x001617D4
0x00162244,0x001617D4
0x00162274,0x001617D4
0x001622D4,0x001617D4
0x00162304,0x001617D4
0x00162330,0x001617D4
0x00162368,0x001617D4
0x00162394,0x001617D4
0x001623DC,0x001617D4
0x0016240C,0x001617D4
0x0016259C,0x001617D4
0x001625C8,0x001617D4
0x001625C8,0x00161A3C
0x00162658,0x001617D4
0x00162688,0x001617D4
0x00162688,0x00161A3C
0x001626C0,0x001617D4
0x001626C0,0x00161A3C
0x0016270C,0x001617D4
0x00162744,0x00127854
0x00162744,0x001617D4
0x0016277C,0x001617D4
0x001627A8,0x001617D4
0x001627A8,0x00161A3C
0x001627DC,0x001617D4
0x001627DC,0x00161A3C
0x001627DC,0x00164FAC
0x001628B0,0x001617D4
0x001628F8,0x001617D4
0x0016292C,0x001617D4
0x00162974,0x001617D4
0x00162A94,0x001617D4
0x00162AF4,0x001617D4
0x00162AF4,0x00161A3C
0x00162B2C,0x001617D4
0x00162B2C,0x00161A3C
0x00162B64,0x001617D4
0x00162B64,0x00161A3C
0x00162BAC,0x001617D4
0x00162C58,0x001617D4
0x00162C84,0x001617D4
0x00162CBC,0x001617D4
0x00162CF4,0x001617D4
0x00162D2C,0x001617D4
0x00162D60,0x001617D4
0x00162D94,0x00125EB4
0x00162D94,0x00127854
0x00163188,0x001617D4
0x001631B8,0x001617D4
0x001631E8,0x001617D4
0x00163210,0x001617D4
0x00163240,0x001617D4
0x001632A4,0x001617D4
0x001632CC,0x001617D4
0x001632F4,0x001617D4
0x0016331C,0x001617D4
0x00163348,0x001617D4
0x00163348,0x00161A3C
0x00163404,0x001617D4
0x00163404,0x00161A3C
0x00163480,0x001617D4
0x001634B8,0x001617D4
0x001634E8,0x0015C99C
0x00163538,0x00158D1C
0x00163554,0x00158DE0
0x001635F4,0x00158FB8
0x00163624,0x001595A8
0x0016367C,0x00159628
0x001636A0,0x0012EA64
0x001636A0,0x001E5D20
0x001636A0,0x001E6130
0x001636A0,0x001E6280
0x001636A0,0x001E659C
0x001636A0,0x001E6DD0
0x00163CCC,0x001636A0
0x00163CEC,0x001636A0
0x00163D0C,0x001636A0
0x00163D44,0x001636A0
0x00163D88,0x0012EA64
0x00163DE4,0x0012EA64
0x00163E40,0x0012EA64
0x00163E9C,0x0012EA64
0x00163EF8,0x0012EA64
0x00163EF8,0x001636A0
0x00163FB0,0x0012E834
0x00163FB0,0x0012E850
0x00163FF4,0x0012746C
0x00163FF4,0x00127854
0x0016413C,0x0012746C
0x00164280,0x0016537C
0x00164368,0x001227F4
0x00164368,0x00127854
0x00164368,0x0016537C
0x00164368,0x001821DC
0x00164368,0x00182C24
0x00164368,0x0018C6E0
0x00164474,0x0016537C
0x00164474,0x001684C4
0x001644DC,0x0014A7F8
0x001644DC,0x0016537C
0x00164580,0x0016537C
0x00164624,0x0013056C
0x00164624,0x0013059C
0x00164624,0x0013082C
0x00164624,0x0014AEB0
0x00164624,0x0016537C
0x001646DC,0x0013056C
0x001646DC,0x0013059C
0x001646DC,0x0013082C
0x001646DC,0x0014AEB0
0x001646DC,0x0016537C
0x001647D4,0x0013056C
0x001647D4,0x0013059C
0x001647D4,0x0013082C
0x001647D4,0x0014AEB0
0x001647D4,0x0016537C
0x001648CC,0x00130530
0x001648CC,0x00130550
0x001648CC,0x0014A7F8
0x001648CC,0x0016537C
0x00165568,0x0016A298
0x00165634,0x00127854
0x0016576C,0x00127854
0x00165C9C,0x0013BCE8
0x00165C9C,0x0013BE18
0x00165F00,0x0012DFEC
0x00165F00,0x0012E8C0
0x00165F00,0x0012E8CC
0x00165F00,0x00139B5C
0x00165F00,0x00139C88
0x00165F00,0x0013A1D4
0x00166170,0x00132148
0x00166170,0x00163348
0x00166208,0x00123EF0
0x00166208,0x00125EB4
0x00166208,0x0012746C
0x00166208,0x00127478
0x00166208,0x00127854
0x00166208,0x00127C1C
0x00166208,0x00127CE8
0x00166208,0x00128FE8
0x00166208,0x001295A0
0x00166208,0x001297F0
0x00166208,0x0012DFEC
0x00166208,0x0012E4CC
0x00166208,0x0012E6C4
0x00166208,0x00132148
0x00166208,0x00135DC8
0x00166208,0x00136290
0x00166208,0x00137440
0x00166208,0x00138558
0x00166208,0x00138784
0x00166208,0x00138BE4
0x00166208,0x00138E00
0x00166208,0x00138FB8
0x00166208,0x0013ACB4
0x00166208,0x0013B27C
0x00166208,0x0013C818
0x00166208,0x0014A774
0x00166208,0x0015311C
0x00166208,0x00157ED8
0x00166208,0x00163348
0x00166208,0x00164368
0x00166208,0x00164474
0x00166208,0x00164FAC
0x00166208,0x0016576C
0x00166208,0x00165C9C
0x00166208,0x00165F00
0x00166208,0x0016779C
0x00166208,0x0016A298
0x00166208,0x0016AE78
0x00166208,0x00182FF8
0x00166208,0x00183A4C
0x00166208,0x0018F0AC
0x00166208,0x0019FFF4
0x00166208,0x001A5C08
0x00166208,0x001A756C
0x001676B0,0x0016537C
0x0016779C,0x0014A7F8
0x0016779C,0x0016537C
0x0016779C,0x0016AE78
0x0016779C,0x001789D4
0x0016779C,0x00178AAC
0x00167ECC,0x0016537C
0x00168014,0x0016537C
0x00168014,0x0016AE78
0x00168014,0x00178AAC
0x00168258,0x0016537C
0x00168258,0x0016AE78
0x00168258,0x001789D4
0x00168258,0x00178AAC
0x0016892C,0x001509B0
0x0016892C,0x001509E8
0x0016892C,0x0015E560
0x001689FC,0x001509B0
0x001689FC,0x001509E8
0x001689FC,0x0015E490
0x001689FC,0x0015E524
0x001689FC,0x0015E560
0x001689FC,0x0015FB9C
0x00168E38,0x001689FC
0x00168EE0,0x00127478
0x00168EE0,0x001689FC
0x00168FA4,0x0015E490
0x00168FA4,0x001689FC
0x001692A0,0x0012746C
0x001692A0,0x00127478
0x001692A0,0x0015FB9C
0x001692A0,0x001689FC
0x001692A0,0x00168FA4
0x001694C4,0x00142808
0x0016952C,0x0014201C
0x0016952C,0x00142070
0x0016952C,0x00142128
0x0016952C,0x00142390
0x0016952C,0x001425E8
0x0016952C,0x00142AA0
0x00169618,0x00142AA0
0x0016978C,0x0012746C
0x0016978C,0x00127478
0x0016978C,0x00127854
0x0016978C,0x00137958
0x0016978C,0x00138E68
0x0016978C,0x0013E4AC
0x0016978C,0x0014B854
0x0016978C,0x0014BCBC
0x0016978C,0x00150564
0x0016978C,0x0015058C
0x0016978C,0x001505A8
0x0016978C,0x001505C4
0x0016978C,0x001505E4
0x0016978C,0x00153A20
0x0016978C,0x001540CC
0x0016978C,0x00162688
0x0016978C,0x0016277C
0x00169BB8,0x00139EF4
0x00169BB8,0x00176DA8
0x00169C44,0x00139EF4
0x00169C44,0x00176DA8
0x0016A05C,0x0013E0D0
0x0016A05C,0x0013E0D8
0x0016A39C,0x0014FFD4
0x0016A39C,0x00178CC4
0x0016A39C,0x00178D10
0x0016A3E8,0x00147E14
0x0016A3E8,0x001490BC
0x0016A3E8,0x001498F8
0x0016A424,0x001379AC
0x0016A424,0x0013913C
0x0016A424,0x00148500
0x0016A424,0x0014869C
0x0016A424,0x001489DC
0x0016A424,0x00148F10
0x0016A424,0x00148FE4
0x0016A424,0x00165430
0x0016A524,0x0013121C
0x0016A524,0x00132148
0x0016A524,0x00149260
0x0016A524,0x00149430
0x0016A524,0x0014A7F8
0x0016A524,0x0016537C
0x0016A524,0x0016A19C
0x0016A524,0x0016AE78
0x0016A84C,0x00130BFC
0x0016A84C,0x00130C3C
0x0016A84C,0x00130CB8
0x0016A84C,0x00130CC0
0x0016A84C,0x00149F38
0x0016A84C,0x0014A0D8
0x0016A84C,0x0014A194
0x0016A84C,0x0014A1F8
0x0016A84C,0x0014A214
0x0016A84C,0x0014A230
0x0016A900,0x00125EB4
0x0016A900,0x0012746C
0x0016A900,0x00127478
0x0016A900,0x00127854
0x0016A900,0x00130C1C
0x0016A900,0x00130C3C
0x0016A900,0x00130C5C
0x0016A900,0x00130C7C
0x0016A900,0x00132148
0x0016A900,0x00149B64
0x0016A900,0x0014A944
0x0016A900,0x0014AE3C
0x0016A900,0x0016A19C
0x0016A900,0x0016A84C
0x0016AE94,0x0012746C
0x0016AEBC,0x001322C8
0x0016AEBC,0x001327BC
0x0016AFB8,0x00135154
0x0016AFD0,0x001351D4
0x0016B580,0x00143B38
0x0016B580,0x00144024
0x0016B580,0x0016DD34
0x0016B580,0x0016DDA0
0x0016B580,0x0016DDD4
0x0016B580,0x0016E198
0x0016B580,0x0016E670
0x0016B580,0x0016E6A0
0x0016B69C,0x00146FD8
0x0016B69C,0x001635F4
0x0016B960,0x00162CF4
0x0016B9D8,0x00132148
0x0016B9D8,0x00143830
0x0016B9D8,0x00176AE4
0x0016BB98,0x00150BC4
0x0016BB98,0x0016A244
0x0016BBE8,0x00127854
0x0016BBE8,0x0012DFEC
0x0016BBE8,0x0012E138
0x0016BBE8,0x00165484
0x0016BCE8,0x00127854
0x0016BCE8,0x001654B0
0x0016BD7C,0x00127854
0x0016BD7C,0x00165514
0x0016BE3C,0x00127854
0x0016BED0,0x00127854
0x0016BFAC,0x00127854
0x0016BFAC,0x001517FC
0x0016BFAC,0x0016A19C
0x0016C060,0x001517FC
0x0016C0B8,0x00151810
0x0016C0D0,0x00151840
0x0016C0E8,0x00127854
0x0016C0E8,0x0015187C
0x0016C0E8,0x0016A19C
0x0016C19C,0x0015187C
0x0016C1F4,0x00151890
0x0016C20C,0x001518C0
0x0016C224,0x00127854
0x0016C2D4,0x00127854
0x0016C400,0x00127854
0x0016C400,0x00150B6C
0x0016C400,0x0016A19C
0x0016C4E0,0x00150BC4
0x0016C4E0,0x0016A1EC
0x0016C4E0,0x0016A244
0x0016C5B8,0x00150BC4
0x0016C5B8,0x0016A1EC
0x0016C5B8,0x0016A244
0x0016C6F4,0x00127854
0x0016C6F4,0x0016A19C
0x0016C7CC,0x00127854
0x0016C7CC,0x00130E50
0x0016C7CC,0x0016BBE8
0x0016C7CC,0x0016F03C
0x0016C7CC,0x0016F0E4
0x0016C7CC,0x0016F18C
0x0016C7CC,0x0016F5F4
0x0016C7CC,0x0016F71C
0x0016C7CC,0x001704C0
0x0016C9D0,0x00127854
0x0016C9D0,0x0016A19C
0x0016C9D0,0x0016A32C
0x0016CA98,0x001270E4
0x0016CA98,0x00127854
0x0016CA98,0x00169674
0x0016CA98,0x0016978C
0x0016CA98,0x00169CE4
0x0016CA98,0x00169CFC
0x0016CB50,0x00126E8C
0x0016CB50,0x00127854
0x0016CB50,0x001394AC
0x0016CB50,0x0013A930
0x0016CB50,0x00146474
0x0016CB50,0x00150A70
0x0016CB50,0x00150AAC
0x0016CB50,0x00150ACC
0x0016CB50,0x0015DF54
0x0016CB50,0x001602CC
0x0016CB50,0x00160560
0x0016CB50,0x0016088C
0x0016CB50,0x00160B08
0x0016CB50,0x001621D8
0x0016CB50,0x00162D60
0x0016CB50,0x00162D94
0x0016CB50,0x00168E38
0x0016CB50,0x0016CA98
0x0016CB50,0x00177F50
0x0016CCAC,0x00127854
0x0016CCAC,0x00165484
0x0016CCAC,0x00177DE4
0x0016CCAC,0x00177F50
0x0016CCAC,0x00178AAC
0x0016CE00,0x00177DE4
0x0016CE00,0x00177EAC
0x0016CE44,0x00127854
0x0016CE44,0x00165484
0x0016CE44,0x00178D6C
0x0016CF78,0x00130E28
0x0016CF78,0x00150B50
0x0016CF78,0x00150EDC
0x0016CF78,0x00155260
0x0016CF78,0x00156008
0x0016CF78,0x00156FE8
0x0016CF78,0x00157CF4
0x0016CF78,0x00157D64
0x0016CF78,0x001704C0
0x0016CF78,0x0017089C
0x0016D118,0x00130744
0x0016D118,0x0013077C
0x0016D118,0x00155260
0x0016D228,0x00127854
0x0016D228,0x00168484
0x0016D228,0x001730E8
0x0016DAD8,0x00146FD8
0x0016DAFC,0x00127854
0x0016DAFC,0x0012DFEC
0x0016DAFC,0x00163F84
0x0016DBB8,0x00137958
0x0016DBB8,0x00137ACC
0x0016DBB8,0x00138E68
0x0016DBB8,0x0013D610
0x0016DBB8,0x0014242C
0x0016DBB8,0x00163D44
0x0016DBB8,0x00163FB0
0x0016DD04,0x00142E98
0x0016DD34,0x00142F2C
0x0016DD34,0x00142F44
0x0016DD34,0x00142F58
0x0016DD74,0x00142F70
0x0016DDA0,0x00144A00
0x0016DDD4,0x00145964
0x0016DE90,0x00142F84
0x0016DE90,0x001431A0
0x0016DF34,0x0014318C
0x0016DF4C,0x00143BB8
0x0016DF68,0x00142C8C
0x0016DFF0,0x00145B48
0x0016DFF0,0x00145BE4
0x0016DFF0,0x00145C80
0x0016DFF0,0x00145D1C
0x0016E084,0x00145DB8
0x0016E084,0x00145E78
0x0016E110,0x00143280
0x0016E110,0x00143830
0x0016E110,0x00144368
0x0016E110,0x00144448
0x0016E198,0x00143B38
0x0016E198,0x00143D50
0x0016E198,0x00144680
0x0016E198,0x001447D0
0x0016E468,0x00143B38
0x0016E468,0x00143BD8
0x0016E524,0x00143B38
0x0016E524,0x001441C0
0x0016E670,0x001453D0
0x0016E6A0,0x001449A0
0x0016E6A0,0x001449B8
0x0016E6A0,0x001449D4
0x0016E6A0,0x00145270
0x0016E6A0,0x00145674
0x0016E6A0,0x001457E8
0x0016E6A0,0x00146064
0x0016E7D8,0x001449EC
0x0016E7F0,0x00144F98
0x0016E804,0x00144B40
0x0016E828,0x0016B9D8
0x0016E9A8,0x00143240
0x0016E9A8,0x001460C0
0x0016E9A8,0x00146130
0x0016EA14,0x00127854
0x0016EA14,0x0012E400
0x0016EA14,0x0012E4CC
0x0016EB74,0x00127854
0x0016EB74,0x0016BBE8
0x0016ECA0,0x00127854
0x0016ECA0,0x0012DFEC
0x0016ECA0,0x0012E464
0x0016ECA0,0x0012E94C
0x0016ECA0,0x0012E974
0x0016ECA0,0x0012E99C
0x0016ECA0,0x0012E9C4
0x0016ECA0,0x0012E9DC
0x0016ECA0,0x0012E9F4
0x0016ECA0,0x0012EA0C
0x0016ECA0,0x0012EA34
0x0016ECA0,0x0012EA4C
0x0016ECA0,0x001759F4
0x0016ECA0,0x00175A64
0x0016ECA0,0x00175AE8
0x0016EE74,0x00127854
0x0016EE74,0x0012DFEC
0x0016EE74,0x0012E8C0
0x0016EE74,0x0012F324
0x0016EF94,0x00127854
0x0016EF94,0x0012DFEC
0x0016EF94,0x0012EEB4
0x0016F03C,0x00127854
0x0016F03C,0x0012DFEC
0x0016F03C,0x0012E06C
0x0016F0E4,0x00127854
0x0016F0E4,0x0012DFEC
0x0016F0E4,0x0012E138
0x0016F0E4,0x0016BBE8
0x0016F18C,0x0012ED4C
0x0016F18C,0x0013086C
0x0016F18C,0x00163EF8
0x0016F1E8,0x0012746C
0x0016F204,0x00127478
0x0016F23C,0x00131904
0x0016F264,0x001743A8
0x0016F358,0x00127040
0x0016F358,0x00150A70
0x0016F358,0x00150AAC
0x0016F358,0x00162CF4
0x0016F454,0x00151080
0x0016F49C,0x00151088
0x0016F4DC,0x00151090
0x0016F524,0x00151098
0x0016F564,0x0016AE78
0x0016F5F4,0x0015DEE8
0x0016F608,0x0014C3C4
0x0016F618,0x00141000
0x0016F618,0x0014C368
0x0016F640,0x0014C564
0x0016F6B8,0x0014C970
0x0016F71C,0x00127854
0x0016F71C,0x00141750
0x0016F71C,0x00141E54
0x0016F71C,0x0014C970
0x0016F71C,0x0014CA20
0x0016F960,0x001270E4
0x0016F960,0x0014C60C
0x0016F960,0x0014C9A4
0x0016F960,0x0014CA14
0x0016F960,0x0014CA20
0x0016F960,0x0016F71C
0x0016FACC,0x0014C60C
0x0016FACC,0x0014C9A4
0x0016FACC,0x0014CA14
0x0016FACC,0x0014CA20
0x0016FBDC,0x0014E398
0x0016FBDC,0x001509E8
0x0016FBDC,0x0018CEC4
0x0016FC28,0x00127854
0x0016FC28,0x00155260
0x0016FD00,0x0016AE6C
0x0016FD00,0x0016AE94
0x0016FD60,0x00127854
0x0016FD60,0x001684C4
0x0016FDF8,0x00127854
0x0016FDF8,0x001684E8
0x0016FE90,0x0015DB9C
0x0016FEA8,0x0015DBA8
0x0016FEB8,0x0015013C
0x0016FEB8,0x0015DC18
0x0016FEB8,0x0015DF54
0x0016FFA4,0x00133198
0x00170058,0x0015DA14
0x00170058,0x0015DF54
0x00170058,0x0015FDF8
0x00170120,0x00177BF0
0x00170214,0x00150B6C
0x00170214,0x00177BF0
0x00170288,0x00127110
0x00170338,0x00127854
0x00170338,0x00130CC8
0x00170400,0x00127854
0x00170400,0x00130E50
0x00170400,0x0016C7CC
0x001704C0,0x00127854
0x001704C0,0x0014A7F8
0x001705BC,0x00176AE4
0x001705BC,0x00177F50
0x00170664,0x0016A424
0x0017073C,0x00141FD8
0x0017073C,0x0016952C
0x00170778,0x0015508C
0x001707F4,0x00163EF8
0x00170838,0x001524A0
0x00170838,0x00152B4C
0x00170870,0x001431B4
0x0017089C,0x00127854
0x0017089C,0x00150BC4
0x0017089C,0x00155474
0x0017089C,0x00157E58
0x0017089C,0x0016A1EC
0x0017089C,0x0016A244
0x0017089C,0x0016AE94
0x00170AA0,0x0016576C
0x00170B04,0x00137ACC
0x00170B04,0x0013ACB4
0x00170B04,0x0013B164
0x00170B04,0x00142070
0x00170B04,0x00155260
0x00170B04,0x00156FE8
0x00170B04,0x00177F50
0x00170C04,0x00127854
0x00170C04,0x001379AC
0x00170C04,0x00155260
0x00170C04,0x00165C9C
0x00170C04,0x00165F00
0x00170CB4,0x00127854
0x00170CB4,0x0013C014
0x00170CB4,0x001653D0
0x00170CB4,0x00165C9C
0x00170CB4,0x00165F00
0x00170D58,0x00127854
0x00170D58,0x0013C014
0x00170D58,0x00155260
0x00170D58,0x001653D0
0x00170E00,0x00127854
0x00170E00,0x00155260
0x00170E78,0x00127854
0x00170F30,0x00127854
0x00170FA8,0x00155260
0x00171000,0x00155260
0x00171020,0x00155260
0x00171078,0x0015305C
0x00171078,0x00176AE4
0x001710BC,0x00150B6C
0x001710BC,0x00150BC4
0x001710BC,0x00157E58
0x001710BC,0x0016A19C
0x001710BC,0x0016A1EC
0x001710BC,0x0016A244
0x001714AC,0x00157E58
0x00171718,0x00163CCC
0x00171718,0x00163CEC
0x00171718,0x00163D0C
0x0017189C,0x00163DE4
0x0017189C,0x00163E40
0x0017189C,0x00163E9C
0x00171984,0x00143B38
0x00171984,0x00144024
0x00171984,0x00144448
0x00171984,0x00144564
0x00171A24,0x00150BC4
0x00171A24,0x00152BAC
0x00171A24,0x0016A1EC
0x00171A24,0x0016A244
0x00171A24,0x00176AE4
0x00171A24,0x00177F50
0x00171AD4,0x00150BC4
0x00171AD4,0x00152DE0
0x00171AD4,0x0016A1EC
0x00171AD4,0x0016A244
0x00171AD4,0x00176AE4
0x00171AD4,0x00177F50
0x00171B84,0x00150BC4
0x00171B84,0x00152CD8
0x00171B84,0x0016A1EC
0x00171B84,0x0016A244
0x00171B84,0x00176AE4
0x00171B84,0x00177F50
0x00171C50,0x00150BC4
0x00171C50,0x00152ECC
0x00171C50,0x0016A1EC
0x00171C50,0x0016A244
0x00171C50,0x00176AE4
0x00171C50,0x00177F50
0x00171CDC,0x00150BC4
0x00171CDC,0x00152F94
0x00171CDC,0x0016A1EC
0x00171CDC,0x0016A244
0x00171CDC,0x00176AE4
0x00171CDC,0x00177F50
0x00171DC8,0x00125EB4
0x00171DC8,0x00127854
0x00171DC8,0x00168730
0x00171DC8,0x0016878C
0x00171E9C,0x00125EB4
0x00171E9C,0x00127854
0x00171E9C,0x001692A0
0x00171F50,0x00125EB4
0x00171F50,0x00127854
0x00171F50,0x0016878C
0x00172004,0x00125EB4
0x00172004,0x00127854
0x00172004,0x001692A0
0x001720B8,0x00125EB4
0x001720B8,0x00127854
0x001720B8,0x0016892C
0x00172144,0x00125EB4
0x00172144,0x00127854
0x00172144,0x0016878C
0x001721F8,0x00125EB4
0x001721F8,0x00127854
0x001721F8,0x001692A0
0x001722AC,0x00150B50
0x001722AC,0x00150BC4
0x001722AC,0x0015106C
0x001722AC,0x0015DF54
0x001722AC,0x0016A1EC
0x001722AC,0x0016A244
0x00172348,0x00150B50
0x00172348,0x00150BC4
0x00172348,0x0016A1EC
0x00172348,0x0016A244
0x001724E0,0x00150B50
0x001724E0,0x00150BC4
0x001724E0,0x0016A1EC
0x001724E0,0x0016A244
0x001724E0,0x00177F50
0x001725D0,0x00150B50
0x001725D0,0x00150BC4
0x001725D0,0x0016A1EC
0x001725D0,0x0016A244
0x00172660,0x00177F50
0x00172718,0x00150B50
0x00172718,0x00150BC4
0x00172718,0x00150D7C
0x00172718,0x00150F1C
0x00172718,0x00150F54
0x00172718,0x00150F8C
0x00172718,0x0015E1AC
0x00172718,0x0016A1EC
0x00172718,0x0016A244
0x001728B0,0x00150B50
0x001728B0,0x00150BC4
0x001728B0,0x00150DE0
0x001728B0,0x0016A1EC
0x001728B0,0x0016A244
0x00172BBC,0x00150BC4
0x00172BBC,0x00163210
0x00172BBC,0x0016A244
0x00172C54,0x00163274
0x00172CB0,0x00174800
0x00172CB0,0x0017480C
0x00172CB0,0x00174818
0x00172CB0,0x001748A4
0x00172CB0,0x001748B0
0x00172CB0,0x001748BC
0x00172CB0,0x001748C8
0x00172CB0,0x001748D4
0x00172CB0,0x001748E0
0x00172CB0,0x001748EC
0x00172CB0,0x001748F8
0x00172CB0,0x00174904
0x00172E44,0x00175098
0x00172E98,0x0016952C
0x00172EB4,0x00169618
0x00172ED0,0x00146FD8
0x00172F18,0x001636A0
0x00172F5C,0x00158C34
0x00172FA8,0x0016D228
0x001730E8,0x00127854
0x001730E8,0x001684A4
0x00173180,0x00127854
0x00173180,0x0013C014
0x00173180,0x001653D0
0x00173210,0x0013B9F4
0x00173250,0x00127854
0x001732F8,0x0013E0E0
0x001732F8,0x0013E144
0x001732F8,0x0013E1A4
0x001732F8,0x0015CD10
0x0017349C,0x00157020
0x00173544,0x00150BC4
0x00173544,0x0016A1EC
0x00173544,0x0016A244
0x00173544,0x00176AE4
0x001735C0,0x00150BC4
0x001735C0,0x0016A1EC
0x001735C0,0x0016A244
0x001735C0,0x00176AE4
0x00173668,0x00151544
0x00173668,0x001632CC
0x00173680,0x001514C4
0x00173680,0x001632F4
0x001736AC,0x001627DC
0x00173774,0x0013A464
0x00173788,0x0013DCF0
0x00173798,0x0013DD0C
0x001737A8,0x0013DFF8
0x001737BC,0x001627A8
0x001737BC,0x0016A19C
0x001738BC,0x001627A8
0x001738BC,0x0016A19C
0x001739C0,0x00142AB4
0x001739D8,0x00154104
0x001739D8,0x00163480
0x00173C58,0x00162C84
0x00173CAC,0x00162C84
0x001743A8,0x00162C84
0x001743A8,0x00173CAC
0x00174590,0x00133198
0x00174664,0x00133198
0x00174664,0x00162BAC
0x00174664,0x00174590
0x00174910,0x00146FD8
0x00174A20,0x001469FC
0x00174A20,0x00146FD8
0x00174A20,0x00147264
0x00174A20,0x00147398
0x00174A20,0x00147470
0x00174A20,0x00147718
0x00174B68,0x001479F8
0x00174CAC,0x00147B60
0x00174DF0,0x00127854
0x00174DF0,0x001469FC
0x00174DF0,0x00146FD8
0x00174DF0,0x0014792C
0x00174DF0,0x00174B68
0x00174DF0,0x00174CAC
0x00175098,0x00127854
0x00175098,0x001469FC
0x00175098,0x00146FD8
0x00175098,0x00147264
0x00175098,0x00147398
0x00175098,0x00147470
0x00175098,0x001475D8
0x00175098,0x00174A20
0x00175098,0x00174DF0
0x00175220,0x00127854
0x00175220,0x0014792C
0x001756C4,0x00133198
0x001759F4,0x0012E06C
0x00175A64,0x0012E138
0x00175AE8,0x0012EA64
0x00175D00,0x0012DFEC
0x00175D00,0x0012F3CC
0x00175D00,0x00163F84
0x00175D00,0x00163FB0
0x00176580,0x00132148
0x00176580,0x00155B38
0x00176580,0x0016AE78
0x00176580,0x001737BC
0x001766C0,0x001540CC
0x001766C0,0x00157C70
0x001766F0,0x00138E00
0x001766F0,0x0013C818
0x001766F0,0x001737BC
0x001767D8,0x001469FC
0x001767D8,0x00152B4C
0x001767FC,0x0013C648
0x001767FC,0x0013C690
0x001767FC,0x001469FC
0x001767FC,0x00153868
0x001767FC,0x00153AC8
0x001767FC,0x0016A424
0x001767FC,0x00173210
0x00176A88,0x0013A930
0x00176A88,0x0013AA04
0x00176AE4,0x0013A930
0x00176AE4,0x0013AA04
0x00176AE4,0x001506D4
0x00176AE4,0x00150838
0x00176AE4,0x001530AC
0x00176AE4,0x00161F4C
0x00176AE4,0x00163FF4
0x00176AE4,0x001B3FB0
0x00176C1C,0x0013A930
0x00176C1C,0x0013AA04
0x00176C1C,0x00150940
0x00176C1C,0x00161DE8
0x00176C1C,0x00161E10
0x00176C1C,0x0016413C
0x00176C1C,0x00176AE4
0x00177810,0x00132FE8
0x00177810,0x00150B50
0x00177810,0x00150B6C
0x00177810,0x00150C90
0x00177810,0x00150CC0
0x00177810,0x00150CF0
0x00177AF8,0x00155B08
0x00177AF8,0x00177810
0x00177DE4,0x00164FAC
0x00177DE4,0x001692A0
0x00177EAC,0x00164FAC
0x00177EAC,0x001692A0
0x00177F50,0x0016878C
0x00177F50,0x001692A0
0x001789D4,0x0016878C
0x00178AAC,0x0016878C
0x00178AAC,0x001692A0
0x00178E5C,0x0018C73C
0x00178E9C,0x0018C62C
0x00178E9C,0x0018C6E0
0x00178EF8,0x0018C62C
0x00178EF8,0x0018C73C
0x00178F54,0x0018C62C
0x00178F54,0x0018C770
0x00178FB0,0x0018C62C
0x00178FB0,0x0018CC58
0x00178FB0,0x001B0008
0x00178FB0,0x001B09B4
0x00179024,0x0017AC68
0x00179024,0x00182FF8
0x00179024,0x00183694
0x00179024,0x0018C62C
0x00179024,0x0018C6E0
0x00179024,0x0018C73C
0x00179024,0x0018C7AC
0x001791E0,0x00127854
0x001791E0,0x00180B68
0x001791E0,0x00183A4C
0x001791E0,0x00183A84
0x001791E0,0x0018F0AC
0x001791E0,0x001A756C
0x001791E0,0x001AFC68
0x001792A0,0x00179024
0x001792A0,0x0017AC68
0x001792A0,0x00183694
0x001792A0,0x0018C614
0x001792A0,0x0018C62C
0x001792A0,0x0018C644
0x001792A0,0x0018C73C
0x001792A0,0x0018C770
0x001792A0,0x001B02C0
0x00179700,0x0018A830
0x00179700,0x0018BFC0
0x00179700,0x0018CC9C
0x00179700,0x0018CD30
0x00179700,0x0018E4E4
0x00179700,0x0018E870
0x00179700,0x001B8570
0x00179700,0x001DF094
0x00179804,0x0017C394
0x00179804,0x0018B32C
0x00179804,0x0018BA48
0x00179804,0x0018BE40
0x00179804,0x0018CC9C
0x00179804,0x0018F0AC
0x00179804,0x001A64B8
0x00179804,0x001B5CE4
0x00179898,0x0017C394
0x00179898,0x0018BA48
0x001798C8,0x00127854
0x001798C8,0x001791E0
0x001798C8,0x0017B5B4
0x001798C8,0x0017C394
0x001798C8,0x00180B68
0x001798C8,0x001839D0
0x001798C8,0x00183A4C
0x001798C8,0x00184044
0x001798C8,0x001841B8
0x001798C8,0x00184248
0x001798C8,0x0018A830
0x001798C8,0x0018B2FC
0x001798C8,0x0018BA48
0x001798C8,0x0018BE40
0x001798C8,0x0018BF14
0x001798C8,0x0018BF3C
0x001798C8,0x0018BF4C
0x001798C8,0x0018BF60
0x001798C8,0x0018BF74
0x001798C8,0x0018BF7C
0x001798C8,0x0018BFC0
0x001798C8,0x0018C62C
0x001798C8,0x0018CC9C
0x001798C8,0x0018E450
0x001798C8,0x0018E870
0x001798C8,0x0018E9B4
0x001798C8,0x0018F0AC
0x001798C8,0x001A0068
0x001798C8,0x001A33D8
0x001798C8,0x001A5430
0x001798C8,0x001A6830
0x001798C8,0x001ABB10
0x001798C8,0x001ABFB4
0x001798C8,0x001ADACC
0x001798C8,0x001AFC68
0x001798C8,0x001B5CE4
0x001798C8,0x001B5ECC
0x001798C8,0x001B8570
0x001798C8,0x001CDC70
0x001798C8,0x001D3420
0x001798C8,0x001DABD4
0x001798C8,0x001DF094
0x0017A7A8,0x0017C394
0x0017A7A8,0x0018BA48
0x0017A7A8,0x001A6994
0x0017A7E0,0x0017C394
0x0017A7E0,0x0018BA48
0x0017A7E0,0x0018CD30
0x0017A7E0,0x0018F0AC
0x0017A7E0,0x001A64B8
0x0017A7E0,0x001A6994
0x0017A8FC,0x001A4DCC
0x0017A8FC,0x001A4DD8
0x0017A8FC,0x001A4DE4
0x0017A8FC,0x001A4DF0
0x0017A8FC,0x001A4DFC
0x0017A8FC,0x001A4E08
0x0017A8FC,0x001A4E14
0x0017A8FC,0x001A4E20
0x0017A8FC,0x001A4E2C
0x0017A8FC,0x001A4E38
0x0017A8FC,0x001A4E50
0x0017A8FC,0x001A4E5C
0x0017A8FC,0x001A4E74
0x0017A8FC,0x001A4E8C
0x0017A8FC,0x001A4E98
0x0017A8FC,0x001A4EA4
0x0017A8FC,0x001A4EB0
0x0017A8FC,0x001A4EBC
0x0017A8FC,0x001A4EC8
0x0017A9E8,0x0017A8FC
0x0017A9E8,0x00184498
0x0017A9E8,0x00185054
0x0017A9E8,0x00191A3C
0x0017A9E8,0x001A4E68
0x0017A9E8,0x001A4E80
0x0017A9E8,0x001A4ED4
0x0017A9E8,0x001A4EE0
0x0017A9E8,0x001A4EEC
0x0017A9E8,0x001AE9B0
0x0017A9E8,0x001AFDC4
0x0017A9E8,0x001B2B4C
0x0017AA7C,0x00127854
0x0017AA7C,0x0017A9E8
0x0017AA7C,0x0019FAF8
0x0017AC68,0x0017AA7C
0x0017AD04,0x001792A0
0x0017AD04,0x001798C8
0x0017AD04,0x0017C47C
0x0017AD04,0x0017C4A4
0x0017AD04,0x0017D488
0x0017AD04,0x0017F4E8
0x0017AD04,0x0018CC6C
0x0017AD04,0x001E4478
0x0017AD04,0x001E4508
0x0017ADD8,0x00179024
0x0017ADD8,0x001798C8
0x0017ADD8,0x0017AA7C
0x0017ADD8,0x0017C47C
0x0017ADD8,0x0017F4E8
0x0017ADD8,0x001E4508
0x0017AF24,0x0018E430
0x0017AF24,0x0018E450
0x0017AFFC,0x0018E430
0x0017AFFC,0x0018E450
0x0017AFFC,0x001B4280
0x0017B1B0,0x00183A4C
0x0017B1B0,0x0018E430
0x0017B1B0,0x0018E450
0x0017B1B0,0x001B4280
0x0017B1B0,0x001DB8A8
0x0017B3F4,0x001839D0
0x0017B3F4,0x0018BCD4
0x0017B3F4,0x0018C678
0x0017B3F4,0x001AE898
0x0017B3F4,0x001B3FB0
0x0017B5B4,0x00127854
0x0017B5B4,0x00182FF8
0x0017B5B4,0x0018301C
0x0017B5B4,0x00183694
0x0017B5B4,0x001836D4
0x0017B5B4,0x00183760
0x0017B5B4,0x0018CC9C
0x0017B5B4,0x0019EBF8
0x0017B5B4,0x0019EC04
0x0017B778,0x00127854
0x0017B778,0x00179700
0x0017B778,0x0017A7E0
0x0017B778,0x0017B1B0
0x0017B778,0x0017B3F4
0x0017B778,0x0017B5B4
0x0017B778,0x00182FF8
0x0017B778,0x0018301C
0x0017B778,0x00183694
0x0017B778,0x001836D4
0x0017B778,0x001837E8
0x0017B778,0x001839D0
0x0017B778,0x001839E8
0x0017B778,0x001844A4
0x0017B778,0x0018A710
0x0017B778,0x0018A90C
0x0017B778,0x0018B32C
0x0017B778,0x0018BA48
0x0017B778,0x0018BCD4
0x0017B778,0x0018C874
0x0017B778,0x0018CA14
0x0017B778,0x0018CA84
0x0017B778,0x0018CB7C
0x0017B778,0x0018CBEC
0x0017B778,0x0018CC9C
0x0017B778,0x0018CD30
0x0017B778,0x0018ED14
0x0017B778,0x0018EFB4
0x0017B778,0x0018FD80
0x0017B778,0x0019DFE4
0x0017B778,0x0019DFF0
0x0017B778,0x0019EBF8
0x0017B778,0x001A0050
0x0017B778,0x001A4BD0
0x0017B778,0x001A5CAC
0x0017B778,0x001A602C
0x0017B778,0x001A6830
0x0017B778,0x001A6E70
0x0017B778,0x001A71C8
0x0017B778,0x001A756C
0x0017B778,0x001A88C8
0x0017B778,0x001A974C
0x0017B778,0x001A9B50
0x0017B778,0x001ADACC
0x0017B778,0x001ADF58
0x0017B778,0x001AE0A4
0x0017B778,0x001AFDD0
0x0017B778,0x001AFDE8
0x0017B778,0x001B02C0
0x0017B778,0x001B048C
0x0017B778,0x001B04AC
0x0017B778,0x001B1934
0x0017B778,0x001B5CE4
0x0017B778,0x001C0444
0x0017B778,0x001D08D8
0x0017B778,0x001D0D14
0x0017BFEC,0x00127854
0x0017BFEC,0x00179804
0x0017BFEC,0x0017A9E8
0x0017BFEC,0x0017AD04
0x0017BFEC,0x0017B778
0x0017BFEC,0x0017FAA8
0x0017BFEC,0x00183A2C
0x0017BFEC,0x0018C88C
0x0017BFEC,0x0018F0AC
0x0017BFEC,0x0019696C
0x0017BFEC,0x00196A4C
0x0017BFEC,0x0019FAF8
0x0017BFEC,0x001A5CAC
0x0017BFEC,0x001A8B1C
0x0017BFEC,0x001ABBE8
0x0017BFEC,0x001ABEA0
0x0017BFEC,0x001AC5DC
0x0017BFEC,0x001AC664
0x0017BFEC,0x001ADACC
0x0017BFEC,0x001AE62C
0x0017C47C,0x001ADE9C
0x0017C4A4,0x00127854
0x0017C4A4,0x0017AC68
0x0017C4A4,0x0017DA58
0x0017C4A4,0x0017FF6C
0x0017C4A4,0x001839D0
0x0017C4A4,0x00183A0C
0x0017C4A4,0x00183A2C
0x0017C4A4,0x0018A61C
0x0017C4A4,0x0018B9E4
0x0017C4A4,0x0018BD68
0x0017C4A4,0x0018C678
0x0017C4A4,0x0018CC7C
0x0017C4A4,0x001A021C
0x0017C4A4,0x001A5CAC
0x0017C4A4,0x001B5CE4
0x0017C4A4,0x001BD9B0
0x0017D488,0x0017AC68
0x0017D718,0x001821E4
0x0017D718,0x001821EC
0x0017D718,0x0018C770
0x0017D718,0x001A98EC
0x0017D718,0x001AE3E0
0x0017D718,0x001B5CE4
0x0017D718,0x001BD288
0x0017D718,0x001CA244
0x0017D8CC,0x001821E4
0x0017D8CC,0x001821EC
0x0017D8CC,0x001DE6FC
0x0017DA58,0x00127854
0x0017DA58,0x001B5CE4
0x0017DB48,0x00127854
0x0017DB48,0x00183328
0x0017DB48,0x00183410
0x0017DB48,0x0018BB20
0x0017DB48,0x0019FFF4
0x0017DB48,0x001A602C
0x0017DB48,0x001B5CE4
0x0017DB48,0x001CADE4
0x0017DB48,0x001CF178
0x0017DB48,0x001D08D8
0x0017DB48,0x001D8878
0x0017DB48,0x001D8D88
0x0017DB48,0x001DE6DC
0x0017DD40,0x0017DB48
0x0017DD40,0x001BF67C
0x0017DD40,0x001DD140
0x0017DD40,0x001DF1A8
0x0017DE2C,0x00127854
0x0017DE2C,0x0019FFF4
0x0017DE2C,0x001B7D74
0x0017DE2C,0x001D08D8
0x0017DE2C,0x001D8878
0x0017DF14,0x0018BCD4
0x0017DF14,0x001A602C
0x0017DF14,0x001B5CE4
0x0017DF14,0x001D08D8
0x0017DF14,0x001DE6DC
0x0017E010,0x0017D718
0x0017E010,0x00183A4C
0x0017E010,0x0018BCD4
0x0017E010,0x0018BE40
0x0017E010,0x001A602C
0x0017E010,0x001B5CE4
0x0017E010,0x001B7D74
0x0017E010,0x001D08D8
0x0017E010,0x001DE6DC
0x0017E17C,0x0017C1D0
0x0017E17C,0x0017C2B8
0x0017E17C,0x001839D0
0x0017E17C,0x0018C678
0x0017E17C,0x001B5CE4
0x0017E464,0x0017C394
0x0017E464,0x0017E17C
0x0017E464,0x0018A830
0x0017E464,0x0018C770
0x0017E464,0x0018CC7C
0x0017E464,0x0018CC9C
0x0017E464,0x001A6388
0x0017E464,0x001BA308
0x0017E464,0x001D0C60
0x0017E464,0x001D6FE8
0x0017E464,0x001D73D4
0x0017E464,0x001DB94C
0x0017E464,0x001DC24C
0x0017E464,0x001DE6DC
0x0017E8A0,0x0017C394
0x0017E8A0,0x0017E17C
0x0017E8A0,0x0018A830
0x0017E8A0,0x0018C770
0x0017E8A0,0x0018CC7C
0x0017E8A0,0x0018CC9C
0x0017E8A0,0x001A6388
0x0017E8A0,0x001BA308
0x0017E8A0,0x001D1214
0x0017E8A0,0x001D6FE8
0x0017E8A0,0x001D73D4
0x0017E8A0,0x001DB94C
0x0017E8A0,0x001DC24C
0x0017E8A0,0x001DE6DC
0x0017EC80,0x00127854
0x0017EC80,0x0017E464
0x0017EC80,0x0017E8A0
0x0017EC80,0x00183694
0x0017EC80,0x001839D0
0x0017EC80,0x0018BCD4
0x0017EC80,0x0018CC7C
0x0017EC80,0x001A50B0
0x0017EC80,0x001ADACC
0x0017EC80,0x001B5CE4
0x0017EC80,0x001BBD40
0x0017EC80,0x001DFDB0
0x0017EC80,0x001E06CC
0x0017F078,0x00127854
0x0017F078,0x0018CC7C
0x0017F078,0x001B1618
0x0017F078,0x001CE5EC
0x0017F130,0x00127854
0x0017F130,0x0017DB48
0x0017F130,0x0017E010
0x0017F130,0x0017E17C
0x0017F130,0x0018CC7C
0x0017F130,0x001A6830
0x0017F130,0x001ADA88
0x0017F130,0x001BF67C
0x0017F130,0x001D70E0
0x0017F130,0x001D712C
0x0017F130,0x001D7D5C
0x0017F130,0x001DD140
0x0017F130,0x001DE6DC
0x0017F130,0x001DF1A8
0x0017F4E8,0x00127854
0x0017F4E8,0x0017EC80
0x0017F4E8,0x0017F130
0x0017F4E8,0x0018C644
0x0017F4E8,0x0018CC7C
0x0017F4E8,0x001B1618
0x0017F4E8,0x001CE5EC
0x0017F604,0x0018A830
0x0017F604,0x0018B648
0x0017F604,0x0018BCD4
0x0017F604,0x0018C678
0x0017F604,0x0018CC7C
0x0017F604,0x0018CC9C
0x0017F604,0x001A756C
0x0017F604,0x001B5CE4
0x0017F604,0x001CA96C
0x0017F604,0x001DE6DC
0x0017F7C8,0x0017E17C
0x0017F7C8,0x0018CC7C
0x0017F7C8,0x001A6388
0x0017F7C8,0x001BBE60
0x0017F7C8,0x001BE12C
0x0017F7C8,0x001BFFC0
0x0017F7C8,0x001C0A54
0x0017F7C8,0x001D3420
0x0017F7C8,0x001DE6DC
0x0017F7C8,0x001E415C
0x0017F934,0x0017F7C8
0x0017F934,0x0018CC7C
0x0017F934,0x0018CF9C
0x0017F934,0x001DE6DC
0x0017FA30,0x00182FF8
0x0017FA30,0x0018C6E0
0x0017FA30,0x001D7214
0x0017FAA8,0x00127854
0x0017FAA8,0x0017E17C
0x0017FAA8,0x0017F604
0x0017FAA8,0x0017F934
0x0017FAA8,0x00182FF8
0x0017FAA8,0x001839D0
0x0017FAA8,0x0018AE00
0x0017FAA8,0x0018C6E0
0x0017FAA8,0x0018CC7C
0x0017FAA8,0x0019FFF4
0x0017FAA8,0x001A6388
0x0017FAA8,0x001B7D74
0x0017FAA8,0x001B7DA4
0x0017FAA8,0x001BBE60
0x0017FAA8,0x001C0A54
0x0017FAA8,0x001C919C
0x0017FAA8,0x001D08D8
0x0017FAA8,0x001D3420
0x0017FAA8,0x001D712C
0x0017FAA8,0x001D7214
0x0017FAA8,0x001D75EC
0x0017FAA8,0x001D7654
0x0017FAA8,0x001D8878
0x0017FAA8,0x001DE6DC
0x0017FAA8,0x001E415C
0x0017FE28,0x0018CC7C
0x0017FE44,0x001C0AE0
0x0017FE5C,0x00127854
0x0017FE5C,0x001AFE18
0x0017FE5C,0x001B0008
0x0017FF2C,0x00182118
0x0018003C,0x00182028
0x0018003C,0x001B4870
0x001800C0,0x00182028
0x001800C0,0x001B4870
0x00180144,0x00182028
0x00180144,0x001B4870
0x001801C8,0x00182028
0x001801C8,0x001B4870
0x0018027C,0x00182028
0x0018027C,0x001B4870
0x00180300,0x00182028
0x00180300,0x0018AAE0
0x00180300,0x0018AC70
0x00180300,0x0018AE00
0x00180300,0x0018AF20
0x00180300,0x0018B160
0x00180300,0x001AA52C
0x00180300,0x001B4870
0x00180710,0x00182028
0x00180710,0x0018319C
0x00180710,0x0018AAE0
0x00180710,0x0018AC70
0x00180710,0x0018AE00
0x00180710,0x0018AF20
0x00180710,0x0018B160
0x00180710,0x001AA52C
0x00180710,0x001B4870
0x00180710,0x001B5CE4
0x0018091C,0x0018AE00
0x00180948,0x0018AE20
0x0018096C,0x001B5CE4
0x00180A08,0x001B5CE4
0x00180A80,0x00127854
0x00180A80,0x00182FF8
0x00180A80,0x0018B36C
0x00180A80,0x001B02C0
0x00180B78,0x00182028
0x00180B90,0x001B02C0
0x00180BB4,0x001B02C0
0x00180BB4,0x001B2E40
0x00180BB4,0x001B5CE4
0x00180C1C,0x00182028
0x00180C1C,0x0018AEE8
0x00180C1C,0x001B5CE4
0x00180D00,0x00127854
0x00180D00,0x00182028
0x00180D00,0x00182FF8
0x00180D00,0x0018AEE8
0x00180D00,0x001ADA98
0x00180D00,0x001B3FB0
0x00180D00,0x001B5CE4
0x0018159C,0x001AA52C
0x0018159C,0x001B5CE4
0x00181690,0x0018319C
0x00181690,0x001AA52C
0x00181690,0x001B5CE4
0x00181830,0x0018319C
0x00181830,0x001AA52C
0x00181830,0x001B5CE4
0x001819C8,0x0018319C
0x001819C8,0x001AA52C
0x001819C8,0x001B5CE4
0x00181B60,0x001821E4
0x00181B70,0x00117F18
0x00181B70,0x00117F40
0x00181B70,0x001821EC
0x00181C04,0x00117EC8
0x00181C04,0x00117EF0
0x00181D1C,0x00127854
0x00181DCC,0x00117EC8
0x00181DCC,0x00117EF0
0x00181DCC,0x00117F18
0x00181DCC,0x00117F40
0x00181DCC,0x00127854
0x00182088,0x001B3FB0
0x00182138,0x0018E450
0x00182138,0x001B3FB0
0x00182138,0x001B4280
0x00182264,0x00127854
0x001822DC,0x00117030
0x001822DC,0x00117048
0x00182458,0x001171C0
0x00182458,0x00127854
0x001824C4,0x001171C0
0x001824C4,0x00127854
0x0018252C,0x001171C0
0x0018252C,0x00127854
0x00182594,0x001171C0
0x00182594,0x00127854
0x00182604,0x001171C0
0x00182604,0x00127854
0x00182C24,0x00127854
0x00182C24,0x00182B1C
0x00182C24,0x0018B36C
0x00182EF0,0x00127854
0x00182EF0,0x001AE62C
0x00182EF0,0x001B0008
0x00182FF8,0x001B5CE4
0x0018301C,0x00127854
0x0018301C,0x0017FFD8
0x0018301C,0x001B0008
0x0018301C,0x001B5CE4
0x0018319C,0x00182C24
0x0018319C,0x0018301C
0x0018319C,0x0018C73C
0x0018319C,0x001B5CE4
0x001832C4,0x0017FFD8
0x001832C4,0x0018AE00
0x001832C4,0x001AFF54
0x001832C4,0x001B5CE4
0x00183328,0x0017FFD8
0x00183328,0x0018AE00
0x00183328,0x001A0050
0x00183328,0x001AFF54
0x00183328,0x001B26B0
0x00183328,0x001B5CE4
0x00183410,0x001A0050
0x00183410,0x001B5CE4
0x00183478,0x001B02C0
0x001834BC,0x00123A70
0x001834BC,0x00127854
0x001834BC,0x00182C24
0x001834BC,0x001A98EC
0x001834BC,0x001B02C0
0x00183694,0x0012345C
0x00183694,0x001B02C0
0x001836B4,0x0012345C
0x001836B4,0x001AFE18
0x001836D4,0x0012345C
0x001836D4,0x001B02C0
0x001836D4,0x001B5CE4
0x00183760,0x0018C6E0
0x00183760,0x001B5CE4
0x001837C8,0x001B5CE4
0x001837E8,0x001B02C0
0x0018384C,0x001B02C0
0x001838B0,0x001B02C0
0x0018391C,0x001B02C0
0x001839B8,0x001244D8
0x001839E8,0x001B5CE4
0x00183A0C,0x001241E8
0x00183A2C,0x0012424C
0x00183A4C,0x001179B0
0x00183A64,0x001179B0
0x00183A84,0x00117B00
0x00183A9C,0x0012345C
0x00183AB4,0x0012345C
0x00183AF4,0x001821E4
0x00183AF4,0x001821EC
0x00183AF4,0x0018B36C
0x00183AF4,0x001AEB74
0x00183AF4,0x001B5CE4
0x00183BFC,0x00127854
0x00183BFC,0x00180A80
0x00183BFC,0x0018222C
0x00183BFC,0x00183AF4
0x00183BFC,0x0018B36C
0x00183BFC,0x001B02C0
0x00183BFC,0x001B23A0
0x00183BFC,0x001B2E40
0x00183BFC,0x001B2EE8
0x00183BFC,0x001B5CE4
0x00183D94,0x00121F3C
0x00183DAC,0x001B5CE4
0x00183DE8,0x0011F964
0x00183E00,0x001821DC
0x00183E00,0x00182C24
0x00183E00,0x0018B36C
0x00183E00,0x0018C6E0
0x00183E74,0x0012345C
0x00183E74,0x001821DC
0x00183E74,0x0018B36C
0x00183E74,0x001B02C0
0x00183ED0,0x001B5CE4
0x00183EF4,0x001A3EFC
0x00183F14,0x001A3EFC
0x00183F58,0x00120934
0x00183F58,0x00127854
0x00183F58,0x001A3BA4
0x00183F58,0x001B5CE4
0x00184028,0x0018B36C
0x00184044,0x001239A0
0x001841B8,0x001239A0
0x00184248,0x001239A0
0x001842CC,0x001239A0
0x00184378,0x001239A0
0x001843F0,0x001239A0
0x00184468,0x001237E4
0x00184480,0x00123838
0x001844D0,0x001237E4
0x001844D0,0x0018319C
0x001844D0,0x0018AE00
0x001844D0,0x001B5CE4
0x001851F8,0x0018E430
0x001851F8,0x001A119C
0x001851F8,0x001B4280
0x0018526C,0x0018E430
0x0018526C,0x001A0330
0x0018526C,0x001A0EE8
0x0018526C,0x001A119C
0x0018526C,0x001B4280
0x001853C8,0x001A1014
0x00185448,0x001A105C
0x00185530,0x0018E450
0x00185530,0x001B4280
0x00185530,0x001B42D0
0x00185610,0x00186F4C
0x00185610,0x0018E430
0x00185610,0x001A3BA4
0x00185610,0x001B3FB0
0x00185610,0x001B4280
0x0018587C,0x001B5CE4
0x001858E0,0x001B02C0
0x001858E0,0x001B0500
0x0018597C,0x001ABE3C
0x0018597C,0x001B5CE4
0x001859E4,0x0018319C
0x001859E4,0x001B5CE4
0x00185A7C,0x001B5CE4
0x00185AB4,0x001B5CE4
0x00185AEC,0x001B5CE4
0x00185B04,0x00117B18
0x00185B04,0x00117E68
0x00185B04,0x00117E70
0x00185B04,0x001AF6D0
0x00185B04,0x001B5CE4
0x00185BAC,0x00127854
0x00185BAC,0x0018E410
0x00185BAC,0x0018EAF4
0x00185BAC,0x0018EB00
0x00185BAC,0x0018EB10
0x00185BAC,0x0018EB64
0x00185BAC,0x001B3FB0
0x00185BAC,0x001B4280
0x00185BAC,0x001B5CE4
0x00185D4C,0x0018B2D4
0x00185D4C,0x0018BFAC
0x00185D4C,0x0018E804
0x00185D4C,0x001B5CE4
0x00185DDC,0x0018319C
0x00185DDC,0x001869BC
0x00185DDC,0x00186F4C
0x00185DDC,0x0018E450
0x00185DDC,0x001A4FD4
0x00185DDC,0x001A6830
0x00185DDC,0x001B5CE4
0x00185FA4,0x001B5CE4
0x00185FDC,0x001AF538
0x00185FDC,0x001AF580
0x00185FDC,0x001B5CE4
0x00186038,0x0018319C
0x00186038,0x001B5CE4
0x00186128,0x001B5CE4
0x00186140,0x0018319C
0x00186180,0x001861BC
0x00186180,0x001B5CE4
0x00186194,0x0018319C
0x00186194,0x00186180
0x001861A8,0x001861BC
0x001861BC,0x0018319C
0x001861BC,0x00186194
0x001861F0,0x0018319C
0x001861F0,0x00186294
0x00186220,0x0018319C
0x00186220,0x001B5CE4
0x00186234,0x00186294
0x00186248,0x00186220
0x00186248,0x00186294
0x00186270,0x0018319C
0x00186280,0x00186220
0x00186280,0x00186294
0x001862A8,0x0018319C
0x001862A8,0x001B5CE4
0x00186350,0x0018319C
0x00186464,0x0018319C
0x00186464,0x001B5CE4
0x00186548,0x00182FF8
0x00186548,0x001A518C
0x00186548,0x001A51F0
0x00186548,0x001A6144
0x00186548,0x001B5CE4
0x001865E8,0x00182FF8
0x001865E8,0x001A5254
0x00186670,0x00182FF8
0x00186670,0x001A51B8
0x00186728,0x0018319C
0x00186728,0x001B5CE4
0x001867E0,0x00127854
0x001867E0,0x001A0EE8
0x001867E0,0x001A1014
0x001869BC,0x00117B18
0x001869BC,0x00117E68
0x001869BC,0x00117E70
0x001869BC,0x00127854
0x001869BC,0x00182FF8
0x001869BC,0x0018319C
0x001869BC,0x00185BAC
0x001869BC,0x00185D4C
0x001869BC,0x001A2998
0x001869BC,0x001A4FA8
0x001869BC,0x001A5134
0x001869BC,0x001A51B8
0x001869BC,0x001A5254
0x001869BC,0x001A7228
0x001869BC,0x001ABE3C
0x001869BC,0x001AF538
0x001869BC,0x001AF580
0x001869BC,0x001AF6D0
0x001869BC,0x001B02C0
0x001869BC,0x001B0500
0x001869BC,0x001B299C
0x001869BC,0x001B5CE4
0x00186F4C,0x00127854
0x00186F4C,0x00182FF8
0x00186F4C,0x0018319C
0x00186F4C,0x00185BAC
0x00186F4C,0x00185DDC
0x00186F4C,0x001867E0
0x00186F4C,0x001869BC
0x00186F4C,0x001882AC
0x00186F4C,0x0018E4E4
0x00186F4C,0x001A518C
0x00186F4C,0x001A51F0
0x00186F4C,0x001A6144
0x00186F4C,0x001A7228
0x00186F4C,0x001AA52C
0x00186F4C,0x001ABE3C
0x00186F4C,0x001AC6D0
0x00186F4C,0x001B5CE4
0x00186F4C,0x001DD140
0x00186F4C,0x001E415C
0x0018779C,0x001206E4
0x001877F0,0x001B5CE4
0x00187820,0x001882AC
0x00187820,0x001B02C0
0x001879A8,0x0018319C
0x001879A8,0x001B5CE4
0x001879DC,0x00180BB4
0x001879DC,0x001B5CE4
0x00187A20,0x001B26C8
0x00187A20,0x001B5CE4
0x00187A68,0x0018301C
0x00187A68,0x001AA52C
0x00187A68,0x001B5CE4
0x00187AFC,0x001B02C0
0x00187AFC,0x001B5CE4
0x00187CAC,0x0018301C
0x00187CCC,0x0018319C
0x00187CCC,0x001B5CE4
0x00187D78,0x0018319C
0x00187D78,0x001B5CE4
0x00187E24,0x0018319C
0x00187E24,0x001B5CE4
0x00187ED0,0x0018319C
0x00187ED0,0x001B5CE4
0x00187FA8,0x00182FF8
0x00187FA8,0x001B5CE4
0x00187FD8,0x00182FF8
0x00187FD8,0x001A521C
0x001880A8,0x00182FF8
0x001880A8,0x001A5280
0x00188118,0x0018319C
0x00188118,0x001B5CE4
0x001881CC,0x0018E430
0x001881CC,0x001A105C
0x001881CC,0x001A119C
0x001881CC,0x001B4280
0x001882AC,0x001206E4
0x001882AC,0x00127854
0x001882AC,0x00180BB4
0x001882AC,0x00182FF8
0x001882AC,0x0018301C
0x001882AC,0x0018319C
0x001882AC,0x00187A68
0x001882AC,0x001881CC
0x001882AC,0x001A521C
0x001882AC,0x001A5280
0x001882AC,0x001ABE3C
0x001882AC,0x001B02C0
0x001882AC,0x001B26C8
0x001882AC,0x001B299C
0x001882AC,0x001B5CE4
0x0018A61C,0x00117D4C
0x0018A61C,0x0018CC7C
0x0018A61C,0x0018E430
0x0018A61C,0x0018ECF8
0x0018A61C,0x0018EE70
0x0018A61C,0x001A115C
0x0018A61C,0x001B3FB0
0x0018A61C,0x001B4280
0x0018A710,0x00117CC4
0x0018A710,0x00117D08
0x0018A710,0x00127854
0x0018A710,0x0019FFF4
0x0018A710,0x001B5CE4
0x0018A830,0x00117CC4
0x0018A830,0x00117D08
0x0018A830,0x00127854
0x0018A830,0x001B5CE4
0x0018A90C,0x00117CC4
0x0018A90C,0x00117CE0
0x0018A90C,0x00117D08
0x0018A90C,0x001B3FB0
0x0018A9F0,0x001B3FB0
0x0018AAE0,0x001B3FB0
0x0018AC70,0x001B3FB0
0x0018AE00,0x001B3FB0
0x0018AE20,0x001B3FB0
0x0018AEE8,0x0018A9F0
0x0018AF20,0x001B3FB0
0x0018B160,0x001B3FB0
0x0018B284,0x001241E8
0x0018B284,0x0012424C
0x0018B2C4,0x0012089C
0x0018B2D4,0x00120790
0x0018B2D4,0x00120878
0x0018B2FC,0x00123EAC
0x0018B2FC,0x0012416C
0x0018B31C,0x0011DBEC
0x0018B32C,0x0011EBCC
0x0018B32C,0x001248BC
0x0018B32C,0x001248F0
0x0018B32C,0x00124924
0x0018B36C,0x00127854
0x0018B36C,0x001B0008
0x0018B494,0x00127854
0x0018B494,0x001B0008
0x0018B5BC,0x0012355C
0x0018B5D8,0x00123118
0x0018B5D8,0x0018C614
0x0018B5D8,0x0018C62C
0x0018B65C,0x0011EDFC
0x0018B65C,0x00123C68
0x0018B65C,0x00183EF4
0x0018B65C,0x0018CDB8
0x0018B65C,0x0018DB0C
0x0018B65C,0x0018E450
0x0018B65C,0x0018E4E4
0x0018B65C,0x0019EF5C
0x0018B65C,0x001A5000
0x0018B65C,0x001A5AB4
0x0018B65C,0x001A5BB4
0x0018B65C,0x001A5BF0
0x0018B65C,0x001ABB10
0x0018B65C,0x001AE62C
0x0018B65C,0x001AE930
0x0018B65C,0x001B0500
0x0018B65C,0x001B1624
0x0018B65C,0x001B23E0
0x0018B65C,0x001B3FB0
0x0018B65C,0x001B477C
0x0018B65C,0x001B55AC
0x0018B65C,0x001B5CE4
0x0018B65C,0x001B5ECC
0x0018B9E4,0x00117E68
0x0018B9F4,0x00123EC4
0x0018B9F4,0x00127854
0x0018BA48,0x0011EA70
0x0018BA48,0x001248BC
0x0018BA48,0x00125514
0x0018BA48,0x00127854
0x0018BA48,0x001A0050
0x0018BA48,0x001A756C
0x0018BA48,0x001A8B1C
0x0018BB20,0x0017FFD8
0x0018BB20,0x00182EF0
0x0018BB20,0x0018AE00
0x0018BB20,0x001AFF54
0x0018BB20,0x001B02C0
0x0018BB20,0x001B23A0
0x0018BB20,0x001B5CE4
0x0018BB20,0x001B5ECC
0x0018BCD4,0x00182FF8
0x0018BCD4,0x0018C678
0x0018BD48,0x0017FFD8
0x0018BD68,0x00124314
0x0018BD78,0x001821C8
0x0018BDCC,0x00124344
0x0018BDE8,0x0011EAA8
0x0018BDE8,0x00127854
0x0018BE40,0x0011EA90
0x0018BE40,0x0011EAA8
0x0018BE40,0x0011EAC0
0x0018BE40,0x001206E4
0x0018BE40,0x0012379C
0x0018BE40,0x00127854
0x0018BE40,0x001A756C
0x0018BF14,0x0011D8C4
0x0018BF14,0x0011D984
0x0018BF14,0x001ABBE8
0x0018BF3C,0x0011D98C
0x0018BF4C,0x0011D9A0
0x0018BF60,0x0011D9A0
0x0018BF7C,0x00117F8C
0x0018BF7C,0x00118004
0x0018BF7C,0x0011D9A8
0x0018BFAC,0x00117B48
0x0018BFC0,0x00117B48
0x0018BFC0,0x0012089C
0x0018BFC0,0x00127854
0x0018BFC0,0x00183EF4
0x0018BFC0,0x0018E804
0x0018C03C,0x00117C0C
0x0018C03C,0x0012089C
0x0018C03C,0x00181DCC
0x0018C03C,0x00182088
0x0018C03C,0x00182264
0x0018C03C,0x00183F58
0x0018C03C,0x0018A710
0x0018C03C,0x0018F0AC
0x0018C03C,0x0018FDAC
0x0018C03C,0x0019021C
0x0018C03C,0x001ADDF0
0x0018C168,0x0011EAA8
0x0018C168,0x00127854
0x0018C168,0x0018E9B4
0x0018C168,0x0018F0AC
0x0018C168,0x0019F560
0x0018C168,0x001B2310
0x0018C168,0x001B6178
0x0018C2B0,0x00127854
0x0018C614,0x0011D9B0
0x0018C62C,0x0011D9B8
0x0018C644,0x0011D9B0
0x0018C678,0x0011D9B0
0x0018C6E0,0x0011D9B0
0x0018C73C,0x0011D9B0
0x0018C770,0x0011D9B0
0x0018C770,0x00183E00
0x0018C7AC,0x0011D9B0
0x0018C7AC,0x0011D9B8
0x0018C88C,0x00124184
0x0018C88C,0x0017FFD8
0x0018C88C,0x00182FF8
0x0018C88C,0x001839E8
0x0018C88C,0x001B1624
0x0018CA84,0x001836B4
0x0018CA84,0x001839D0
0x0018CA84,0x001ADACC
0x0018CA84,0x001AFE00
0x0018CA84,0x001AFE18
0x0018CA84,0x001B0008
0x0018CA84,0x001B2770
0x0018CB7C,0x001AFDD0
0x0018CB7C,0x001AFE00
0x0018CB7C,0x001AFE18
0x0018CC6C,0x00123EF0
0x0018CDB8,0x0012416C
0x0018CEA0,0x00127854
0x0018CEC4,0x00127854
0x0018CEE8,0x001247A0
0x0018CF08,0x001E4550
0x0018CF68,0x001247BC
0x0018CF68,0x0018BFAC
0x0018CF9C,0x0012416C
0x0018CF9C,0x001247D4
0x0018CF9C,0x00127854
0x0018CF9C,0x0018BFAC
0x0018CF9C,0x0018E430
0x0018CF9C,0x001A00E0
0x0018CF9C,0x001A00F8
0x0018CF9C,0x001B33A4
0x0018CF9C,0x001B5CE4
0x0018D128,0x001247D4
0x0018D1E8,0x00127854
0x0018D324,0x00127854
0x0018D45C,0x0012416C
0x0018D45C,0x00127854
0x0018D45C,0x0018CEE8
0x0018D45C,0x0018E410
0x0018D45C,0x001A4F50
0x0018D650,0x0012517C
0x0018D650,0x00127854
0x0018D650,0x0018D45C
0x0018D650,0x0018E410
0x0018D650,0x0018E430
0x0018D780,0x0012517C
0x0018D780,0x00183EF4
0x0018D780,0x0018E430
0x0018D800,0x0012517C
0x0018D800,0x00127854
0x0018D800,0x00183EF4
0x0018D800,0x0018E430
0x0018DB0C,0x0012517C
0x0018DB0C,0x0018E410
0x0018DB0C,0x0018E430
0x0018DB74,0x00127854
0x0018DC30,0x001221E4
0x0018DC30,0x00123EAC
0x0018DC30,0x00127854
0x0018DC30,0x0018CEE8
0x0018DC30,0x001A4F50
0x0018DC30,0x001B5CE4
0x0018DF50,0x00127854
0x0018DFFC,0x00127854
0x0018E274,0x00123EAC
0x0018E274,0x00127854
0x0018E274,0x0018CEE8
0x0018E274,0x0018D650
0x0018E274,0x0018DC30
0x0018E274,0x0018DFFC
0x0018E410,0x00124BA0
0x0018E430,0x00124BC8
0x0018E450,0x00124A20
0x0018E450,0x00124BC8
0x0018E4B8,0x00124BC8
0x0018E4E4,0x00123838
0x0018E4E4,0x00127854
0x0018E4E4,0x00182FF8
0x0018E4E4,0x0018319C
0x0018E4E4,0x00184468
0x0018E4E4,0x0018BCD4
0x0018E4E4,0x0018C678
0x0018E4E4,0x001A75C4
0x0018E4E4,0x001B4918
0x0018E4E4,0x001B4FA8
0x0018E4E4,0x001B55AC
0x0018E4E4,0x001B5CE4
0x0018E4E4,0x001B5D48
0x0018E4E4,0x001B5D88
0x0018E738,0x00124BA0
0x0018E738,0x001B3FB0
0x0018E738,0x001B5CE4
0x0018E804,0x00124A20
0x0018E804,0x001B5CE4
0x0018E870,0x00124A20
0x0018E870,0x00127854
0x0018E870,0x0018B65C
0x0018E870,0x0018E738
0x0018E870,0x0019021C
0x0018E870,0x001A50DC
0x0018E870,0x001A5CAC
0x0018E870,0x001A6830
0x0018E870,0x001A756C
0x0018E870,0x001AF538
0x0018E870,0x001B2648
0x0018E870,0x001B26B0
0x0018E870,0x001B3784
0x0018E870,0x001B5CE4
0x0018E870,0x001B5ECC
0x0018E99C,0x001B477C
0x0018E9B4,0x001B3784
0x0018E9B4,0x001B38B0
0x0018E9B4,0x001B3FB0
0x0018E9B4,0x001B42D0
0x0018E9B4,0x001B440C
0x0018E9B4,0x001B45A8
0x0018E9B4,0x001B477C
0x0018E9B4,0x001B4E40
0x0018E9B4,0x001B54E8
0x0018E9B4,0x001B55E4
0x0018E9B4,0x001B5ECC
0x0018EFB4,0x00127854
0x0018F070,0x00127854
0x0018F0AC,0x00127854
0x0018F1F8,0x00127854
0x0018F1F8,0x0019E490
0x0018F1F8,0x001A0390
0x0018F1F8,0x001A0EE8
0x0018F1F8,0x001B0008
0x0018F1F8,0x001B02C0
0x0018F6B0,0x0019E490
0x0018F6B0,0x001A0390
0x0018F6B0,0x001A0EE8
0x0018F778,0x00127854
0x0018F778,0x0019E478
0x0018F778,0x0019E490
0x0018F778,0x001A0390
0x0018F778,0x001A0EE8
0x0018F898,0x0018F778
0x0018F898,0x001A119C
0x0018F908,0x0018F778
0x0018F908,0x001A105C
0x0018F908,0x001A119C
0x0018F908,0x001B3FB0
0x0018F908,0x001B5CE4
0x0018FA1C,0x0019E490
0x0018FA1C,0x001A0330
0x0018FA1C,0x001A0390
0x0018FA1C,0x001A0EE8
0x0018FAD8,0x001A1014
0x0018FC58,0x0018E410
0x0018FC58,0x0018E450
0x0018FC58,0x001B3FB0
0x0018FC58,0x001B4280
0x0018FC58,0x001B5CE4
0x0018FD34,0x00127854
0x0018FDAC,0x001B34F8
0x001901DC,0x00183EF4
0x001901DC,0x00183F14
0x0019021C,0x00183EF4
0x0019021C,0x00183F14
0x0019021C,0x0018CC7C
0x00191A50,0x00127854
0x00191B94,0x00127854
0x00191C80,0x00127854
0x00191ED4,0x00127854
0x00191ED4,0x0018F070
0x00191ED4,0x0018F1F8
0x00191ED4,0x001E4664
0x00192188,0x00127854
0x00192188,0x0018EB10
0x00192188,0x0018EB64
0x0019232C,0x00127854
0x0019232C,0x0018FD34
0x001924B4,0x00127854
0x001924B4,0x0018F908
0x00192698,0x00127854
0x00192698,0x0018FA1C
0x00192698,0x0018FAD8
0x00192698,0x0018FC58
0x001927C4,0x001239A0
0x001927C4,0x00127854
0x001929F0,0x00127854
0x00192A98,0x00127854
0x00192AD8,0x00127854
0x00192AD8,0x00192698
0x00192AD8,0x0019FAF8
0x00192AD8,0x001A2998
0x00192AD8,0x001DB94C
0x00192D10,0x0011DBEC
0x00192D10,0x0011EAA8
0x00192D10,0x0011EBCC
0x00192D10,0x0011ED60
0x00192D10,0x00127854
0x00192D10,0x0018B2FC
0x00192D10,0x0019696C
0x00192D10,0x00197324
0x00193044,0x00127854
0x00193044,0x0018E430
0x00193044,0x001E7B68
0x00193114,0x00127854
0x001938E0,0x00127854
0x001938E0,0x0018EB10
0x001938E0,0x0018EB64
0x00193AA8,0x00122218
0x00193AA8,0x00127854
0x00193AA8,0x001B5CE4
0x00193D80,0x00127854
0x0019405C,0x0011DED8
0x0019405C,0x0011DF3C
0x0019405C,0x0011DF90
0x0019405C,0x0011DFE4
0x0019405C,0x00127854
0x0019405C,0x00192D10
0x0019405C,0x00194838
0x00194404,0x00127854
0x00194838,0x0011D98C
0x00194838,0x0011D9A0
0x00194838,0x0011D9A8
0x00194838,0x0011D9B0
0x00194838,0x0011D9B8
0x00194838,0x0011DBEC
0x00194838,0x0011DC60
0x00194838,0x0011DCB0
0x00194838,0x0011DD50
0x00194838,0x0011DDA4
0x00194838,0x0011DED8
0x00194838,0x0011E808
0x00194838,0x00127854
0x00194838,0x00195C20
0x00194838,0x00196464
0x00194D40,0x00127854
0x00194D40,0x00194838
0x00195724,0x0011F1A4
0x00195724,0x0011F43C
0x00195724,0x00127854
0x00195724,0x0019E638
0x00195724,0x0019E670
0x00195724,0x001B1624
0x00195724,0x001E7B68
0x00195A84,0x00127854
0x00195C20,0x001179B0
0x00195C20,0x001179C8
0x00195C20,0x00117A64
0x00195C20,0x00117B00
0x00195C20,0x00117B18
0x00195C20,0x00117B48
0x00195C20,0x00117C0C
0x00195C20,0x00117CC4
0x00195C20,0x00117CE0
0x00195C20,0x00117D08
0x00195C20,0x00117D4C
0x00195C20,0x00117D64
0x00195C20,0x00117DE4
0x00195C20,0x00117E68
0x00195C20,0x00117E70
0x00195C20,0x00117EC8
0x00195C20,0x00117EF0
0x00195C20,0x00117F18
0x00195C20,0x00117F40
0x00195C20,0x00117F8C
0x00195C20,0x00118004
0x00195C20,0x00123620
0x00195C20,0x00123C68
0x00195C20,0x00127854
0x00195C20,0x0018B2FC
0x00195C20,0x00192D10
0x00195C20,0x00197324
0x00195C20,0x001B5CE4
0x00196464,0x001242B0
0x00196464,0x0012433C
0x00196464,0x00124344
0x00196464,0x00124924
0x00196464,0x00127854
0x00196464,0x00195C20
0x00196734,0x00127854
0x00196A4C,0x00127854
0x00196FDC,0x00127854
0x00197274,0x00127854
0x00197324,0x00127854
0x001977D4,0x0018B2FC
0x001977D4,0x00197324
0x0019792C,0x00127854
0x0019792C,0x0018B2FC
0x0019792C,0x00197324
0x0019792C,0x001B3774
0x00197BD4,0x001226CC
0x00197BD4,0x00122F08
0x00197BD4,0x00123118
0x00197BD4,0x001232D4
0x00197BD4,0x0012345C
0x00197BD4,0x0012355C
0x00197BD4,0x00127854
0x00197BD4,0x00195C20
0x00197BD4,0x0019792C
0x00197BD4,0x001B34F8
0x00197E94,0x00120B40
0x00197E94,0x001210B4
0x00197E94,0x001212DC
0x00197E94,0x00121328
0x00197E94,0x001214E4
0x00197E94,0x001214EC
0x00197E94,0x00121578
0x00197E94,0x00121600
0x00197E94,0x00121690
0x00197E94,0x001216A8
0x00197E94,0x001216BC
0x00197E94,0x001217CC
0x00197E94,0x00121BD8
0x00197E94,0x00121CAC
0x00197E94,0x00121F04
0x00197E94,0x00121F14
0x00197E94,0x00121F1C
0x00197E94,0x00121F24
0x00197E94,0x00127854
0x00197E94,0x0018B2FC
0x00197E94,0x00192D10
0x00197E94,0x00197324
0x00197E94,0x001977D4
0x00197E94,0x00197BD4
0x00197E94,0x0019B668
0x00197E94,0x001A5160
0x00197E94,0x001A53D8
0x00197E94,0x001A53E8
0x00197E94,0x001AE3E0
0x00197E94,0x001AE558
0x00197E94,0x001AE5C0
0x001981C8,0x00120BC0
0x001981C8,0x00127854
0x001981C8,0x0018B2FC
0x001981C8,0x00195C20
0x001981C8,0x00197324
0x001981C8,0x001977D4
0x001981C8,0x00197E94
0x001981C8,0x001A8F3C
0x001981C8,0x001A951C
0x001981C8,0x001B5CE4
0x00199820,0x00127854
0x00199820,0x00197E94
0x00199F7C,0x00127854
0x00199F7C,0x0018301C
0x00199F7C,0x0018B2FC
0x00199F7C,0x00197324
0x00199F7C,0x001AA52C
0x00199F7C,0x001B5CE4
0x0019A710,0x0011EDFC
0x0019A710,0x00123EAC
0x0019A710,0x00127854
0x0019A710,0x0018B2FC
0x0019A710,0x0018E450
0x0019A710,0x00197324
0x0019A710,0x00197E94
0x0019A710,0x001981C8
0x0019A710,0x0019E3B0
0x0019A710,0x0019E490
0x0019A710,0x0019E670
0x0019A710,0x0019EF5C
0x0019A710,0x001AFE18
0x0019A710,0x001B0338
0x0019A710,0x001B5CE4
0x0019A710,0x001B5ECC
0x0019A710,0x001B5FA0
0x0019A710,0x001E415C
0x0019AEBC,0x00127854
0x0019AEBC,0x0018B2FC
0x0019AEBC,0x00197324
0x0019AEBC,0x001981C8
0x0019AEBC,0x0019A710
0x0019AEBC,0x001A0D90
0x0019AEBC,0x001A2A9C
0x0019AEBC,0x001AFE18
0x0019AEBC,0x001B0338
0x0019AEBC,0x001B5CE4
0x0019AEBC,0x001B5ECC
0x0019AEBC,0x001E7B68
0x0019B4F8,0x00127854
0x0019B4F8,0x0018B2FC
0x0019B4F8,0x00197324
0x0019B4F8,0x001A5160
0x0019B668,0x00127854
0x0019B668,0x0018B2FC
0x0019B668,0x00197324
0x0019B668,0x001A5160
0x0019B8A4,0x00127854
0x0019B8A4,0x0018B2FC
0x0019B8A4,0x00197324
0x0019B8A4,0x001A5160
0x0019BA14,0x00197E94
0x0019BA14,0x0019DAB4
0x0019C2A4,0x0019A710
0x0019D388,0x00123EAC
0x0019D388,0x00124334
0x0019D388,0x00127854
0x0019D388,0x0018B2FC
0x0019D388,0x0018E870
0x0019D388,0x00193044
0x0019D388,0x00197324
0x0019D388,0x0019FAF8
0x0019D388,0x001A2998
0x0019D388,0x001ADACC
0x0019D78C,0x001239A0
0x0019D78C,0x001248BC
0x0019D78C,0x001248F0
0x0019D78C,0x00127854
0x0019D78C,0x0018B2FC
0x0019D78C,0x0018EFAC
0x0019D78C,0x00197324
0x0019D78C,0x0019E3B0
0x0019D78C,0x001A26E4
0x0019D78C,0x001A64B8
0x0019D78C,0x001E46A4
0x0019D78C,0x001E4830
0x0019DAB4,0x00127854
0x0019DAB4,0x0018B2FC
0x0019DAB4,0x00197324
0x0019DFF0,0x00197324
0x0019DFF0,0x0019DAB4
0x0019DFF0,0x001B5CE4
0x0019E0A8,0x00127854
0x0019E18C,0x00127854
0x0019E18C,0x0018DB0C
0x0019E18C,0x001977D4
0x0019E18C,0x0019E0A8
0x0019E334,0x00127854
0x0019E3B0,0x00127854
0x0019E3B0,0x00183EF4
0x0019E3B0,0x0018CEA0
0x0019E3B0,0x00191A50
0x0019E3B0,0x00191B94
0x0019E3B0,0x00191C38
0x0019E3B0,0x001977D4
0x0019E3B0,0x0019E18C
0x0019E3B0,0x0019E334
0x0019E3B0,0x001A4F24
0x0019E478,0x0011ED60
0x0019E490,0x0011F1A4
0x0019E490,0x00127854
0x0019E500,0x0011F43C
0x0019E500,0x00127854
0x0019E500,0x001B1624
0x0019E568,0x0011F1A4
0x0019E568,0x0018E450
0x0019E568,0x001B3FB0
0x0019E568,0x001B4280
0x0019E5EC,0x0017FF2C
0x0019E638,0x0017FF2C
0x0019E670,0x0017FF2C
0x0019E6B0,0x0017FF2C
0x0019E6B0,0x0017FF50
0x0019E6B0,0x00181630
0x0019E6B0,0x00183478
0x0019E6B0,0x001B5CE4
0x0019E83C,0x0011F43C
0x0019E83C,0x00127854
0x0019E83C,0x0017FF2C
0x0019E83C,0x0018D800
0x0019E83C,0x001A0050
0x0019E83C,0x001B1624
0x0019E83C,0x001B3FB0
0x0019EAD4,0x00127854
0x0019EAD4,0x00183478
0x0019EAD4,0x001B02C0
0x0019EAD4,0x001B5CE4
0x0019EB70,0x00127854
0x0019EB70,0x001B5CE4
0x0019ECAC,0x0011ED60
0x0019ECAC,0x0011EDFC
0x0019ECAC,0x0011F778
0x0019ECAC,0x00127854
0x0019ECAC,0x0017FF2C
0x0019ECAC,0x0019E83C
0x0019ECAC,0x001B5CE4
0x0019EF5C,0x00127854
0x0019EF5C,0x0019E6B0
0x0019EF5C,0x0019ECAC
0x0019EF5C,0x001B5CE4
0x0019EF5C,0x001B5ECC
0x0019F090,0x0011F43C
0x0019F090,0x0011F778
0x0019F090,0x00127854
0x0019F090,0x0017FF2C
0x0019F090,0x0018D800
0x0019F090,0x0019E6B0
0x0019F090,0x001B1624
0x0019F090,0x001B3FB0
0x0019F090,0x001B5CE4
0x0019F090,0x001B5ECC
0x0019F560,0x0019F090
0x0019F5C0,0x00127854
0x0019F5C0,0x00183478
0x0019F5C0,0x001B02C0
0x0019F5C0,0x001B5CE4
0x0019FAF8,0x0011A4BC
0x0019FAF8,0x0011F7B4
0x0019FAF8,0x0011F860
0x0019FAF8,0x0011F868
0x0019FAF8,0x0011F9B0
0x0019FAF8,0x00127854
0x0019FAF8,0x001A0B78
0x0019FAF8,0x001A2750
0x0019FAF8,0x001A310C
0x0019FAF8,0x001A4F24
0x0019FAF8,0x001AF538
0x0019FAF8,0x001B5CE4
0x0019FF70,0x00127854
0x001A00F8,0x00118148
0x001A00F8,0x001251DC
0x001A00F8,0x0018B2FC
0x001A00F8,0x0018E410
0x001A00F8,0x0018E430
0x001A00F8,0x001A4498
0x001A01B8,0x001251DC
0x001A01B8,0x0018E410
0x001A021C,0x001A4498
0x001A0330,0x0019E478
0x001A0330,0x0019F090
0x001A0390,0x0018CDB8
0x001A0390,0x0018E410
0x001A0390,0x0019E478
0x001A0390,0x0019E490
0x001A0390,0x0019E500
0x001A0390,0x001B3FB0
0x001A0390,0x001B4280
0x001A0490,0x0019E478
0x001A0490,0x0019E490
0x001A04E8,0x0019E478
0x001A04E8,0x0019E490
0x001A0640,0x0018E410
0x001A0640,0x0018E738
0x001A0640,0x001A4FD4
0x001A0640,0x001A6830
0x001A0640,0x001B3FB0
0x001A0640,0x001B4280
0x001A0804,0x0019E478
0x001A0804,0x0019E5EC
0x001A088C,0x0018E430
0x001A088C,0x001B4280
0x001A0904,0x00182040
0x001A0904,0x0018204C
0x001A0904,0x00182054
0x001A0904,0x0018E410
0x001A0904,0x0018E430
0x001A0904,0x001B4280
0x001A0A24,0x00122218
0x001A0A24,0x001AF538
0x001A0A24,0x001AF580
0x001A0A24,0x001B5CE4
0x001A0A84,0x0018E4E4
0x001A0A84,0x001A52B8
0x001A0A84,0x001B4918
0x001A0A84,0x001B4FA8
0x001A0A84,0x001B5CE4
0x001A0B78,0x0018E4E4
0x001A0B78,0x001A52B8
0x001A0B78,0x001A52E4
0x001A0B78,0x001B5CE4
0x001A0D90,0x001205BC
0x001A0D90,0x001A0B78
0x001A0D90,0x001A3098
0x001A0D90,0x001A310C
0x001A0D90,0x001A5058
0x001A0EA4,0x001A5108
0x001A0EA4,0x001A6830
0x001A0EE8,0x0018E410
0x001A0EE8,0x0018E430
0x001A0EE8,0x001B3FB0
0x001A0EE8,0x001B4280
0x001A1014,0x0018E410
0x001A1014,0x0018E430
0x001A1014,0x001B3FB0
0x001A1014,0x001B4280
0x001A105C,0x0018E430
0x001A105C,0x001B4280
0x001A115C,0x001B3FB0
0x001A119C,0x0018E430
0x001A119C,0x001B3FB0
0x001A119C,0x001B4280
0x001A1238,0x0018E410
0x001A1238,0x001A0640
0x001A1238,0x001B3FB0
0x001A1238,0x001B4280
0x001A1238,0x001B5CE4
0x001A1354,0x0018E430
0x001A1354,0x001B3FB0
0x001A1354,0x001B4280
0x001A14B8,0x0018E410
0x001A14B8,0x0018E430
0x001A14B8,0x001A0904
0x001A14B8,0x001A0EE8
0x001A14B8,0x001A1238
0x001A14B8,0x001B3FB0
0x001A14B8,0x001B4280
0x001A15FC,0x0018E430
0x001A15FC,0x001A119C
0x001A15FC,0x001A1354
0x001A15FC,0x001A4504
0x001A15FC,0x001B4280
0x001A15FC,0x001E7B68
0x001A187C,0x001A14B8
0x001A1894,0x001A15FC
0x001A18DC,0x00117B48
0x001A18DC,0x0018E430
0x001A18DC,0x0018E804
0x001A18DC,0x001B5CE4
0x001A1978,0x001179C8
0x001A1978,0x001A87F8
0x001A1978,0x001B5CE4
0x001A19C4,0x001AC1F8
0x001A19C4,0x001B5CE4
0x001A1A28,0x001206E4
0x001A1A74,0x001A4504
0x001A1A74,0x001AFDD0
0x001A1C24,0x0019E478
0x001A1C24,0x0019E5EC
0x001A1C24,0x001A46F8
0x001A1CE4,0x0019E490
0x001A1CE4,0x0019E5EC
0x001A1CE4,0x0019E670
0x001A1CE4,0x001E7B68
0x001A1DD0,0x0019E478
0x001A1DD0,0x0019E490
0x001A1DD0,0x0019E5EC
0x001A1DD0,0x0019E670
0x001A1DD0,0x001E7B68
0x001A1EF0,0x0019E478
0x001A1EF0,0x0019E490
0x001A1EF0,0x0019E500
0x001A1EF0,0x0019E5EC
0x001A1EF0,0x0019E638
0x001A1EF0,0x0019E670
0x001A1EF0,0x001A46F8
0x001A1EF0,0x001E7B68
0x001A21FC,0x001A3BA4
0x001A21FC,0x001A4588
0x001A227C,0x001A14B8
0x001A227C,0x001A15FC
0x001A22CC,0x0018CDB8
0x001A22CC,0x0018E410
0x001A22CC,0x0019E478
0x001A22CC,0x0019E490
0x001A22CC,0x0019E500
0x001A22CC,0x001A4504
0x001A22CC,0x001B3FB0
0x001A22CC,0x001B4280
0x001A2480,0x0019E478
0x001A2480,0x0019F090
0x001A2480,0x001A14B8
0x001A2480,0x001A15FC
0x001A2568,0x0019FAF8
0x001A2568,0x001A4F24
0x001A2568,0x001B0500
0x001A25E8,0x001AF580
0x001A25E8,0x001AF9E4
0x001A25E8,0x001B5CE4
0x001A2628,0x0018CF68
0x001A2640,0x0018CF68
0x001A2668,0x001179C8
0x001A2668,0x0012089C
0x001A2668,0x0018B2FC
0x001A2668,0x0019FAF8
0x001A2668,0x001A0D90
0x001A26E4,0x0018CEA0
0x001A26E4,0x0019FAF8
0x001A26E4,0x001A4F24
0x001A2750,0x00183A84
0x001A2750,0x0018BDCC
0x001A2750,0x0018BDE8
0x001A2750,0x0019E478
0x001A2750,0x0019E490
0x001A2750,0x001A4498
0x001A2750,0x001A4798
0x001A2750,0x001B5ECC
0x001A292C,0x0011A4BC
0x001A292C,0x0011F9B0
0x001A292C,0x0019FAF8
0x001A2964,0x00120948
0x001A2964,0x001B5CE4
0x001A2964,0x001B5ECC
0x001A2998,0x0011A4BC
0x001A2998,0x00120948
0x001A2998,0x0018BFC0
0x001A2998,0x0018CC9C
0x001A2998,0x0018E870
0x001A2998,0x0019E478
0x001A2998,0x0019F090
0x001A2998,0x0019FAF8
0x001A2998,0x001A0D90
0x001A2998,0x001A502C
0x001A2998,0x001AF538
0x001A2998,0x001B5CE4
0x001A2998,0x001B5ECC
0x001A2A9C,0x0019FAF8
0x001A3098,0x0011F868
0x001A310C,0x0011F7B4
0x001A310C,0x0019FAF8
0x001A33D8,0x0011F868
0x001A33D8,0x0011F948
0x001A33D8,0x001A310C
0x001A33D8,0x001A6830
0x001A3650,0x001E56AC
0x001A3650,0x001E5C7C
0x001A3650,0x001E5D20
0x001A3650,0x001E5F08
0x001A3650,0x001E6130
0x001A3650,0x001E6280
0x001A3650,0x001E6648
0x001A3650,0x001E6CCC
0x001A3650,0x001E6DD0
0x001A3650,0x001E7B68
0x001A3A18,0x0011DBEC
0x001A3A18,0x001217CC
0x001A3A18,0x001217DC
0x001A3A18,0x00121894
0x001A3A18,0x00127854
0x001A3BA4,0x00181628
0x001A3BA4,0x00182118
0x001A3F20,0x00181628
0x001A3F20,0x0018210C
0x001A3F20,0x00182118
0x001A427C,0x001A33D8
0x001A4334,0x0012061C
0x001A4498,0x0012061C
0x001A4504,0x0012061C
0x001A4588,0x0012061C
0x001A4588,0x001E7B68
0x001A46F8,0x0012061C
0x001A47B8,0x0012061C
0x001A47B8,0x00120688
0x001A47B8,0x00120690
0x001A47B8,0x001206B4
0x001A47B8,0x001206C0
0x001A47B8,0x001206CC
0x001A4A30,0x00120688
0x001A4A30,0x00120690
0x001A4A30,0x0012069C
0x001A4A30,0x001206C0
0x001A4A30,0x001A47B8
0x001A4AD0,0x0012061C
0x001A4BD0,0x0012061C
0x001A4BD0,0x00120688
0x001A4BD0,0x00120690
0x001A4BD0,0x0012069C
0x001A4BD0,0x001206C0
0x001A4BD0,0x001A2A9C
0x001A4BD0,0x001A47B8
0x001A5344,0x00118860
0x001A5344,0x00118918
0x001A5344,0x00127854
0x001A53D8,0x00118468
0x001A53E8,0x00118488
0x001A53F8,0x00118918
0x001A53F8,0x00127854
0x001A5430,0x00118994
0x001A5430,0x001189D4
0x001A5430,0x00127854
0x001A54F8,0x00118A90
0x001A54F8,0x00127854
0x001A5530,0x0011A4BC
0x001A5530,0x00127854
0x001A5574,0x00118860
0x001A5574,0x00127854
0x001A55AC,0x00118A90
0x001A55AC,0x00127854
0x001A55E4,0x00127854
0x001A561C,0x00127854
0x001A5700,0x00127854
0x001A577C,0x00127854
0x001A57CC,0x0011903C
0x001A57CC,0x00127854
0x001A581C,0x00118680
0x001A581C,0x00127854
0x001A5870,0x00127854
0x001A58C4,0x00127854
0x001A5914,0x00119400
0x001A5914,0x00127854
0x001A595C,0x001194B8
0x001A595C,0x00127854
0x001A59A8,0x001184A8
0x001A59A8,0x001189D4
0x001A59A8,0x00127854
0x001A5AB4,0x00119560
0x001A5AB4,0x001195F4
0x001A5AB4,0x00127854
0x001A5AB4,0x001B04AC
0x001A5BB4,0x0011977C
0x001A5BB4,0x00127854
0x001A5C08,0x00119A58
0x001A5C08,0x00119C30
0x001A5C08,0x00127854
0x001A5CAC,0x00118994
0x001A5CAC,0x001195F4
0x001A5CAC,0x0011977C
0x001A5CAC,0x00119C30
0x001A5CAC,0x00119C84
0x001A5CAC,0x00127854
0x001A5CAC,0x001B5CE4
0x001A5E04,0x00119C84
0x001A5E04,0x00119E74
0x001A5E04,0x00127854
0x001A5EF4,0x0011A0AC
0x001A5EF4,0x00127854
0x001A5F6C,0x0011A264
0x001A5F6C,0x00127854
0x001A5FE4,0x0011A4BC
0x001A602C,0x0011A4A4
0x001A608C,0x001182E8
0x001A608C,0x00127854
0x001A610C,0x001183C4
0x001A610C,0x00127854
0x001A6144,0x001183DC
0x001A6144,0x00127854
0x001A617C,0x001183F4
0x001A617C,0x00127854
0x001A61C0,0x001183B4
0x001A61C0,0x00127854
0x001A61F8,0x0011840C
0x001A61F8,0x00127854
0x001A6230,0x00118418
0x001A6230,0x00127854
0x001A6270,0x00118770
0x001A6270,0x00127854
0x001A62C4,0x00118594
0x001A62C4,0x00127854
0x001A6318,0x00118418
0x001A6318,0x00127854
0x001A6350,0x0011845C
0x001A6350,0x00127854
0x001A6388,0x00127854
0x001A6388,0x0018B648
0x001A6388,0x0018BE40
0x001A6388,0x0018C678
0x001A6388,0x001A756C
0x001A6388,0x001B5CE4
0x001A64B8,0x00118918
0x001A64B8,0x00118994
0x001A64B8,0x00118A90
0x001A64B8,0x001194B8
0x001A64B8,0x0011977C
0x001A64B8,0x00119A58
0x001A64B8,0x00119C30
0x001A64B8,0x0011A4BC
0x001A64B8,0x0011A644
0x001A64B8,0x0011EA90
0x001A64B8,0x00127854
0x001A64B8,0x001B5CE4
0x001A6818,0x0011A644
0x001A6830,0x001183B4
0x001A6830,0x0011A4BC
0x001A6830,0x0011A644
0x001A6830,0x00127854
0x001A6830,0x0018B32C
0x001A6830,0x0018C678
0x001A6830,0x0018CDB8
0x001A6994,0x00127854
0x001A6994,0x00183ED0
0x001A6994,0x00183EF4
0x001A6994,0x001844A4
0x001A6994,0x001A5CAC
0x001A6994,0x001A6830
0x001A6A4C,0x00119400
0x001A6A4C,0x00127854
0x001A6AFC,0x00119400
0x001A6AFC,0x00127854
0x001A6E1C,0x0011A644
0x001A6E1C,0x001A5CAC
0x001A6E1C,0x001B5CE4
0x001A6E70,0x00118918
0x001A6E70,0x00118994
0x001A6E70,0x00118A90
0x001A6E70,0x0011903C
0x001A6E70,0x00119400
0x001A6E70,0x0011A4BC
0x001A6E70,0x0011A644
0x001A6E70,0x00127854
0x001A6E70,0x00183ED0
0x001A6E70,0x00183EF4
0x001A6E70,0x001844A4
0x001A6E70,0x0018B31C
0x001A6E70,0x0018D780
0x001A6E70,0x0018FD74
0x001A6E70,0x001A5CAC
0x001A6E70,0x001A6AFC
0x001A6E70,0x001B5CE4
0x001A71B8,0x0011D78C
0x001A71C8,0x001AA52C
0x001A71F4,0x001AA52C
0x001A7228,0x001A6830
0x001A727C,0x00127854
0x001A727C,0x00180710
0x001A727C,0x001B5CE4
0x001A7334,0x00121F3C
0x001A7334,0x00121F7C
0x001A7334,0x00121F8C
0x001A7334,0x00127854
0x001A7334,0x00180B78
0x001A7334,0x00183A4C
0x001A7334,0x0018B31C
0x001A7334,0x001B5CE4
0x001A748C,0x00127854
0x001A748C,0x00180BB4
0x001A748C,0x001B5CE4
0x001A748C,0x001B5E78
0x001A756C,0x001179C8
0x001A75C4,0x00180BB4
0x001A75C4,0x001B02C0
0x001A75C4,0x001B23A0
0x001A75C4,0x001B5CE4
0x001A7638,0x001844A4
0x001A7638,0x001B5CE4
0x001A7690,0x0018319C
0x001A7690,0x001844A4
0x001A7690,0x001AA52C
0x001A7690,0x001B5CE4
0x001A77B8,0x00121BD0
0x001A77B8,0x00121BD8
0x001A77B8,0x00121D84
0x001A77B8,0x00121DA4
0x001A77B8,0x00121DEC
0x001A77B8,0x00127854
0x001A77B8,0x0018096C
0x001A77B8,0x00180BB4
0x001A77B8,0x00182FF8
0x001A77B8,0x001844A4
0x001A77B8,0x0018C678
0x001A77B8,0x0018CDB8
0x001A77B8,0x001A7690
0x001A77B8,0x001B02C0
0x001A77B8,0x001B23A0
0x001A77B8,0x001B5CE4
0x001A7D00,0x00121CE4
0x001A7D00,0x00121DDC
0x001A7D00,0x00121DE4
0x001A7D00,0x00121F9C
0x001A7D00,0x00127854
0x001A7D00,0x001A7690
0x001A7D00,0x001B5CE4
0x001A7FE0,0x00121D14
0x001A7FE0,0x00182FF8
0x001A7FE0,0x001844A4
0x001A7FE0,0x0018C678
0x001A7FE0,0x001A7690
0x001A7FE0,0x001A7D00
0x001A7FE0,0x001AA52C
0x001A7FE0,0x001B5CE4
0x001A8194,0x00127854
0x001A8194,0x00180710
0x001A8194,0x00182FF8
0x001A8194,0x001844A4
0x001A8194,0x001A7690
0x001A8194,0x001A77B8
0x001A8194,0x001A7FE0
0x001A8194,0x001ADAAC
0x001A8194,0x001B5CE4
0x001A8194,0x001E56AC
0x001A8194,0x001E5C7C
0x001A8194,0x001E5D20
0x001A8194,0x001E6130
0x001A8194,0x001E659C
0x001A8194,0x001E69A0
0x001A8194,0x001E6CCC
0x001A8194,0x001E6E98
0x001A8480,0x00118284
0x001A8480,0x00118294
0x001A8480,0x00127854
0x001A8480,0x00180710
0x001A8480,0x0018319C
0x001A8480,0x001A7FE0
0x001A8480,0x001B5CE4
0x001A8480,0x001E56AC
0x001A8480,0x001E5C7C
0x001A8480,0x001E5D20
0x001A8480,0x001E5F08
0x001A8480,0x001E6130
0x001A8480,0x001E659C
0x001A8480,0x001E6648
0x001A8480,0x001E69A0
0x001A8480,0x001E6CCC
0x001A8480,0x001E6E98
0x001A87F8,0x00127854
0x001A87F8,0x00182130
0x001A87F8,0x001A8194
0x001A87F8,0x001A8480
0x001A88C8,0x00123440
0x001A88C8,0x00182FF8
0x001A88C8,0x001844A4
0x001A88C8,0x0018C678
0x001A88C8,0x001A7690
0x001A88C8,0x001A87F8
0x001A88C8,0x001B5CE4
0x001A89A0,0x00121F3C
0x001A89A0,0x001A7334
0x001A89A0,0x001A748C
0x001A89A0,0x001A87F8
0x001A89A0,0x001B02C0
0x001A89A0,0x001B23A0
0x001A89A0,0x001B5CE4
0x001A89A0,0x001B5E78
0x001A8B1C,0x00121F3C
0x001A8B1C,0x00127854
0x001A8B1C,0x00182028
0x001A8B1C,0x0018210C
0x001A8B1C,0x00182118
0x001A8B1C,0x001A87F8
0x001A8F3C,0x001214E4
0x001A8F3C,0x001214F4
0x001A8F3C,0x00121578
0x001A8F3C,0x00121600
0x001A8F3C,0x00180C1C
0x001A8F3C,0x00180D00
0x001A8F3C,0x0018159C
0x001A9074,0x001214E4
0x001A9074,0x001214F4
0x001A9074,0x00121578
0x001A9074,0x00121600
0x001A9074,0x00180C1C
0x001A9074,0x00180D00
0x001A9074,0x0018159C
0x001A9074,0x0018319C
0x001A9114,0x001214E4
0x001A9114,0x001214F4
0x001A9114,0x00121578
0x001A9114,0x00121600
0x001A9114,0x00180C1C
0x001A9114,0x00180D00
0x001A9114,0x0018159C
0x001A9114,0x00182FF8
0x001A92BC,0x001214E4
0x001A92BC,0x001214F4
0x001A92BC,0x00121578
0x001A92BC,0x00121600
0x001A92BC,0x00180C1C
0x001A92BC,0x00180D00
0x001A92BC,0x0018159C
0x001A9358,0x001214E4
0x001A9358,0x001214F4
0x001A9358,0x00121578
0x001A9358,0x00121600
0x001A9358,0x00180C1C
0x001A9358,0x00180D00
0x001A9358,0x0018159C
0x001A9358,0x00182FF8
0x001A9358,0x001B5CE4
0x001A951C,0x00120BC0
0x001A951C,0x00121328
0x001A951C,0x001214E4
0x001A951C,0x001214F4
0x001A951C,0x00121578
0x001A951C,0x00121600
0x001A951C,0x001216E0
0x001A951C,0x00123838
0x001A951C,0x00127854
0x001A951C,0x00180C1C
0x001A951C,0x00180D00
0x001A951C,0x0018159C
0x001A951C,0x001B5CE4
0x001A96E4,0x001B5CE4
0x001A9730,0x00120BC0
0x001A9730,0x001B5CE4
0x001A974C,0x00120B8C
0x001A974C,0x00120BC0
0x001A974C,0x00122010
0x001A974C,0x0012208C
0x001A974C,0x00127854
0x001A974C,0x0018C678
0x001A974C,0x0019EAD4
0x001A974C,0x001AA52C
0x001A974C,0x001ABB10
0x001A974C,0x001ABFB4
0x001A974C,0x001B5CE4
0x001A98EC,0x00121050
0x001A98EC,0x001212DC
0x001A98EC,0x001216E0
0x001A98EC,0x00123838
0x001A98EC,0x00183EF4
0x001A98EC,0x0018EB10
0x001A98EC,0x0018EB64
0x001A98EC,0x001B5CE4
0x001A9A00,0x001216A8
0x001A9A00,0x001216BC
0x001A9A00,0x00121704
0x001A9A00,0x00121768
0x001A9A00,0x00127854
0x001A9A00,0x00181690
0x001A9A00,0x00181830
0x001A9A00,0x001819C8
0x001A9A00,0x00182028
0x001A9B50,0x00127854
0x001A9B50,0x00182028
0x001A9B50,0x0018AEE8
0x001A9B50,0x001A87F8
0x001A9B50,0x001B3FB0
0x001A9B50,0x001B5CE4
0x001A9D5C,0x00127854
0x001A9D5C,0x001B4870
0x001A9D5C,0x001B48C0
0x001A9D5C,0x001B5CE4
0x001A9EA0,0x00127854
0x001A9EA0,0x001B5CE4
0x001A9EEC,0x001B4870
0x001A9EEC,0x001B5CE4
0x001A9FC4,0x001B4870
0x001A9FC4,0x001B5CE4
0x001AA024,0x00127854
0x001AA024,0x0018319C
0x001AA024,0x001B5CE4
0x001AA514,0x001B5CE4
0x001AA52C,0x001237E4
0x001AA52C,0x00123838
0x001AA52C,0x00182FF8
0x001AA52C,0x0018C678
0x001AA52C,0x0019EAD4
0x001AA52C,0x001B5CE4
0x001AA5C0,0x001237E4
0x001AA5C0,0x00123838
0x001AA5C0,0x00127854
0x001AA5C0,0x00182FF8
0x001AA5C0,0x0018319C
0x001AA5C0,0x0018C678
0x001AA5C0,0x0019EAD4
0x001AA5C0,0x001B4870
0x001AA5C0,0x001B48C0
0x001AA5C0,0x001B5CE4
0x001AA9E4,0x001237E4
0x001AA9E4,0x00123838
0x001AA9E4,0x00182FF8
0x001AA9E4,0x0018319C
0x001AA9E4,0x0018C678
0x001AA9E4,0x0019EAD4
0x001AA9E4,0x001B5CE4
0x001AAB6C,0x001237E4
0x001AAB6C,0x00123838
0x001AAB6C,0x00127854
0x001AAB6C,0x00182FF8
0x001AAB6C,0x0018C678
0x001AAB6C,0x0019EAD4
0x001AAB6C,0x001B4870
0x001AAB6C,0x001B48C0
0x001AAB6C,0x001B5CE4
0x001AAF38,0x001237E4
0x001AAF38,0x00123838
0x001AAF38,0x00127854
0x001AAF38,0x00182FF8
0x001AAF38,0x0018C678
0x001AAF38,0x0018E430
0x001AAF38,0x0019EAD4
0x001AAF38,0x001B4870
0x001AAF38,0x001B5CE4
0x001AB1CC,0x001237E4
0x001AB1CC,0x00123838
0x001AB1CC,0x00127854
0x001AB1CC,0x00182FF8
0x001AB1CC,0x0018C678
0x001AB1CC,0x0018E430
0x001AB1CC,0x0019EAD4
0x001AB1CC,0x001B4870
0x001AB1CC,0x001B48C0
0x001AB1CC,0x001B5CE4
0x001AB658,0x00127854
0x001AB658,0x0018319C
0x001AB658,0x001A9D5C
0x001AB658,0x001AA024
0x001AB658,0x001AAB6C
0x001AB658,0x001AB1CC
0x001AB658,0x001B4870
0x001AB658,0x001B5CE4
0x001AB790,0x00127854
0x001AB790,0x00182FF8
0x001AB790,0x0018C6E0
0x001AB790,0x0018C770
0x001AB790,0x001A87F8
0x001AB790,0x001A89A0
0x001AB790,0x001A8F3C
0x001AB790,0x001A951C
0x001AB790,0x001A9730
0x001AB790,0x001AB658
0x001AB790,0x001AD510
0x001AB790,0x001B5CE4
0x001AB790,0x001B5E78
0x001AB790,0x001B5ECC
0x001ABB10,0x00127854
0x001ABB10,0x0018C6E0
0x001ABB10,0x0018C770
0x001ABB10,0x001A8E98
0x001ABB10,0x001A951C
0x001ABB10,0x001A974C
0x001ABB10,0x001AB658
0x001ABB10,0x001AD010
0x001ABB10,0x001B5CE4
0x001ABBE8,0x00127854
0x001ABBE8,0x001A87F8
0x001ABBE8,0x001A8E98
0x001ABBE8,0x001A951C
0x001ABBE8,0x001A9EEC
0x001ABBE8,0x001AA024
0x001ABBE8,0x001AD010
0x001ABBE8,0x001B5CE4
0x001ABBE8,0x001B5E78
0x001ABDA4,0x00182FF8
0x001ABDA4,0x001B5CE4
0x001ABE3C,0x001B02C0
0x001ABE3C,0x001B23A0
0x001ABE3C,0x001B5CE4
0x001ABEA0,0x00182028
0x001ABF98,0x00122118
0x001ABF98,0x001AA9E4
0x001ABFB4,0x00122118
0x001ABFB4,0x001237E4
0x001ABFB4,0x00123838
0x001ABFB4,0x00127854
0x001ABFB4,0x00182FF8
0x001ABFB4,0x0018C678
0x001ABFB4,0x0019EAD4
0x001ABFB4,0x001A87F8
0x001ABFB4,0x001A89A0
0x001ABFB4,0x001A99E8
0x001ABFB4,0x001A99F8
0x001ABFB4,0x001A9A00
0x001ABFB4,0x001A9B50
0x001ABFB4,0x001AA9E4
0x001ABFB4,0x001AD510
0x001ABFB4,0x001ADA78
0x001ABFB4,0x001B5CE4
0x001AC1F8,0x00122118
0x001AC1F8,0x00127854
0x001AC1F8,0x001A87F8
0x001AC1F8,0x001A8E98
0x001AC1F8,0x001A8F3C
0x001AC1F8,0x001A951C
0x001AC1F8,0x001A9730
0x001AC1F8,0x001A974C
0x001AC1F8,0x001A9A00
0x001AC1F8,0x001AA9E4
0x001AC1F8,0x001AB658
0x001AC1F8,0x001AD510
0x001AC1F8,0x001B5CE4
0x001AC418,0x001237E4
0x001AC418,0x00123838
0x001AC418,0x00182FF8
0x001AC418,0x0018319C
0x001AC418,0x0018C678
0x001AC418,0x0019EAD4
0x001AC418,0x001AC1F8
0x001AC418,0x001B5CE4
0x001AC5DC,0x00121F94
0x001AC5DC,0x00182028
0x001AC664,0x00122008
0x001AC664,0x00182028
0x001AC6D0,0x001237E4
0x001AC6D0,0x00123838
0x001AC6D0,0x00127854
0x001AC6D0,0x00180710
0x001AC6D0,0x00182FF8
0x001AC6D0,0x0018319C
0x001AC6D0,0x0018C678
0x001AC6D0,0x0019EAD4
0x001AC6D0,0x001A87F8
0x001AC6D0,0x001A8E98
0x001AC6D0,0x001A8F3C
0x001AC6D0,0x001A951C
0x001AC6D0,0x001A9730
0x001AC6D0,0x001A974C
0x001AC6D0,0x001AD510
0x001AC6D0,0x001B4870
0x001AC6D0,0x001B48C0
0x001AC6D0,0x001B5CE4
0x001ACE94,0x00121288
0x001ACE94,0x0018301C
0x001ACE94,0x0018391C
0x001ACE94,0x001B5CE4
0x001AD010,0x00120BC0
0x001AD010,0x001210B4
0x001AD010,0x00127854
0x001AD010,0x001834BC
0x001AD010,0x001A8DA4
0x001AD010,0x001A8F3C
0x001AD010,0x001AA52C
0x001AD010,0x001ACE94
0x001AD010,0x001B5CE4
0x001AD10C,0x001AD010
0x001AD1A8,0x001216E0
0x001AD1A8,0x00127854
0x001AD1A8,0x00182028
0x001AD1A8,0x0018319C
0x001AD1A8,0x001AA52C
0x001AD1A8,0x001B5CE4
0x001AD510,0x001217CC
0x001AD510,0x001218A8
0x001AD510,0x00127854
0x001AD510,0x001A3A18
0x001AD510,0x001AD1A8
0x001AD510,0x001B3FB0
0x001AD880,0x00127854
0x001AD880,0x001834BC
0x001AD880,0x001AD510
0x001AD880,0x001AFF54
0x001AD880,0x001B02C0
0x001AD880,0x001B5CE4
0x001ADA00,0x00127854
0x001ADA00,0x001A9730
0x001ADA00,0x001A9A00
0x001ADA00,0x001AD510
0x001ADA00,0x001B5CE4
0x001ADA88,0x001217DC
0x001ADACC,0x00124334
0x001ADACC,0x00127854
0x001ADACC,0x001839B8
0x001ADACC,0x001839D0
0x001ADACC,0x0018A710
0x001ADACC,0x0018A830
0x001ADACC,0x0018A90C
0x001ADACC,0x0018B284
0x001ADACC,0x0018B2D4
0x001ADACC,0x0018BAE8
0x001ADACC,0x0018BDCC
0x001ADACC,0x0018CC9C
0x001ADACC,0x001ADE9C
0x001ADACC,0x001AE1AC
0x001ADACC,0x001B04C0
0x001ADACC,0x001B1624
0x001ADACC,0x001B5CE4
0x001ADACC,0x001B5ECC
0x001ADDF0,0x0018B32C
0x001ADE9C,0x00127854
0x001ADE9C,0x0018CC9C
0x001ADE9C,0x001B5CE4
0x001ADF58,0x00127854
0x001ADF58,0x001839B8
0x001ADF58,0x001839D0
0x001ADF58,0x001A4F7C
0x001ADF58,0x001ADACC
0x001ADF58,0x001B5CE4
0x001AE078,0x001B5CE4
0x001AE0A4,0x00127854
0x001AE0A4,0x001839D0
0x001AE0A4,0x001ADACC
0x001AE0A4,0x001B5CE4
0x001AE174,0x001B5CE4
0x001AE1AC,0x001B5CE4
0x001AE1EC,0x0011EB00
0x001AE1EC,0x0017FE5C
0x001AE1EC,0x001821E4
0x001AE1EC,0x001821EC
0x001AE1EC,0x001837C8
0x001AE1EC,0x0019F5C0
0x001AE1EC,0x001B5CE4
0x001AE284,0x001821E4
0x001AE284,0x001821EC
0x001AE284,0x0018319C
0x001AE284,0x0018B36C
0x001AE284,0x0018C73C
0x001AE284,0x001AE1EC
0x001AE284,0x001B5CE4
0x001AE3E0,0x0011DBEC
0x001AE3E0,0x00127854
0x001AE3E0,0x00182FF8
0x001AE3E0,0x00183A4C
0x001AE3E0,0x0018B31C
0x001AE3E0,0x0018CDB8
0x001AE3E0,0x001A756C
0x001AE3E0,0x001B5CE4
0x001AE558,0x0011DC60
0x001AE558,0x00127854
0x001AE5C0,0x0011DCB0
0x001AE5C0,0x00127854
0x001AE62C,0x0011DD50
0x001AE62C,0x0011E808
0x001AE62C,0x0011F9B0
0x001AE62C,0x00180B90
0x001AE62C,0x00181B60
0x001AE62C,0x00181B70
0x001AE62C,0x001AE6A4
0x001AE6A4,0x001B0120
0x001AE6A4,0x001B5CE4
0x001AE708,0x0011EAE8
0x001AE720,0x0011E0A8
0x001AE720,0x001B02C0
0x001AE720,0x001B23A0
0x001AE764,0x0011E038
0x001AE764,0x001B02C0
0x001AE764,0x001B23A0
0x001AE79C,0x0011E038
0x001AE79C,0x00127854
0x001AE79C,0x001B02C0
0x001AE79C,0x001B23A0
0x001AE814,0x0011E0A8
0x001AE814,0x00127854
0x001AE814,0x001B02C0
0x001AE814,0x001B23A0
0x001AE898,0x0011E11C
0x001AE898,0x0018319C
0x001AE898,0x001AE9BC
0x001AE9BC,0x00127854
0x001AE9BC,0x00182FF8
0x001AE9BC,0x0018319C
0x001AE9BC,0x001837C8
0x001AE9BC,0x001B5CE4
0x001AEB74,0x00127854
0x001AEB74,0x00182868
0x001AEB74,0x00182FF8
0x001AEB74,0x0018319C
0x001AEB74,0x00183694
0x001AEB74,0x001837C8
0x001AEB74,0x0018B36C
0x001AEB74,0x001AE284
0x001AEB74,0x001AE9BC
0x001AED68,0x001AEB74
0x001AEE04,0x00127854
0x001AEE04,0x00182900
0x001AEE04,0x001829EC
0x001AEE04,0x00182A44
0x001AEE04,0x00182B1C
0x001AEE04,0x00182FF8
0x001AEE04,0x0018319C
0x001AEE04,0x001837C8
0x001AEE04,0x00184028
0x001AEE04,0x0018B36C
0x001AEE04,0x001B5CE4
0x001AF0E8,0x0011E20C
0x001AF0E8,0x001AE930
0x001AF11C,0x0011DE08
0x001AF11C,0x00127854
0x001AF11C,0x00182FF8
0x001AF11C,0x0018319C
0x001AF11C,0x001837C8
0x001AF11C,0x001AE9BC
0x001AF200,0x0011DDA4
0x001AF200,0x0011DE08
0x001AF200,0x00127854
0x001AF200,0x00182FF8
0x001AF200,0x0018319C
0x001AF200,0x001837C8
0x001AF200,0x001AE9BC
0x001AF200,0x001AEB74
0x001AF3F0,0x0011DDA4
0x001AF3F0,0x0011DE08
0x001AF3F0,0x00127854
0x001AF3F0,0x00182FF8
0x001AF3F0,0x0018319C
0x001AF3F0,0x001837C8
0x001AF3F0,0x0018E450
0x001AF3F0,0x001A756C
0x001AF3F0,0x001AE9BC
0x001AF3F0,0x001AEB74
0x001AF3F0,0x001B5CE4
0x001AF538,0x00122218
0x001AF538,0x00127854
0x001AF580,0x001221F8
0x001AF580,0x00127854
0x001AF5C8,0x00122128
0x001AF5C8,0x00127854
0x001AF5C8,0x00182FF8
0x001AF5C8,0x001837C8
0x001AF5C8,0x001B5CE4
0x001AF664,0x00182FF8
0x001AF664,0x001837C8
0x001AF664,0x001B5CE4
0x001AF6D0,0x001221E4
0x001AF6D0,0x00127854
0x001AF6D0,0x001B5CE4
0x001AF72C,0x00122128
0x001AF72C,0x001221E4
0x001AF72C,0x001221F8
0x001AF72C,0x00127854
0x001AF72C,0x00182FF8
0x001AF72C,0x001837C8
0x001AF72C,0x0018C678
0x001AF72C,0x001B5CE4
0x001AF9E4,0x001221E4
0x001AF9E4,0x001221F8
0x001AF9E4,0x00122218
0x001AF9E4,0x00127854
0x001AF9E4,0x001B5CE4
0x001AFC68,0x001221F8
0x001AFC68,0x00122218
0x001AFC68,0x00127854
0x001AFC68,0x001837C8
0x001AFC68,0x00183E00
0x001AFC68,0x0018C644
0x001AFC68,0x001B5CE4
0x001AFDD0,0x00122F08
0x001AFDE8,0x00123010
0x001AFE00,0x0017FFD8
0x001AFE18,0x0017FFD8
0x001AFE84,0x00122F08
0x001AFE84,0x0017FFD8
0x001AFF54,0x00127854
0x001AFF54,0x0017FFD8
0x001B0008,0x00127854
0x001B0008,0x0017FFD8
0x001B0008,0x001B5CE4
0x001B0120,0x00127854
0x001B0120,0x0017FFD8
0x001B0120,0x001B5CE4
0x001B02C0,0x00127854
0x001B02C0,0x001B5CE4
0x001B0338,0x001229F8
0x001B0338,0x00127854
0x001B0338,0x0017FFD8
0x001B04C0,0x001839E8
0x001B0500,0x0011DED8
0x001B0500,0x0011EBCC
0x001B0500,0x00122218
0x001B0500,0x001229F8
0x001B0500,0x0012379C
0x001B0500,0x00127854
0x001B0500,0x0017FFD8
0x001B0500,0x00183478
0x001B0500,0x00183694
0x001B0500,0x001837C8
0x001B0500,0x001837E8
0x001B0500,0x001839E8
0x001B0500,0x00183E00
0x001B0500,0x0018B648
0x001B0500,0x0018BAE8
0x001B0500,0x0019EF5C
0x001B0500,0x001AF664
0x001B0500,0x001B3FB0
0x001B0500,0x001B5CE4
0x001B085C,0x001839E8
0x001B085C,0x0018CD30
0x001B0898,0x00127854
0x001B0898,0x0018CA48
0x001B0898,0x0018CA70
0x001B09E8,0x00127854
0x001B09E8,0x001B5CE4
0x001B0AF0,0x00127854
0x001B0AF0,0x0017FFD8
0x001B0AF0,0x0018CC9C
0x001B0AF0,0x001B5CE4
0x001B0CA0,0x00127854
0x001B0CA0,0x0017FFD8
0x001B0CA0,0x001836B4
0x001B0CA0,0x001B5CE4
0x001B0EBC,0x0018B648
0x001B0EBC,0x001A6830
0x001B0F18,0x00127854
0x001B0F18,0x0017FFD8
0x001B0F18,0x00182FF8
0x001B0F18,0x0018B648
0x001B0F18,0x0018CA34
0x001B0F18,0x0018CA48
0x001B0F18,0x0018CD30
0x001B0F18,0x001A6830
0x001B0F18,0x001B5CE4
0x001B13F0,0x00127854
0x001B13F0,0x0017FFD8
0x001B13F0,0x00182FF8
0x001B13F0,0x0018CA5C
0x001B13F0,0x0018CA70
0x001B13F0,0x001B5CE4
0x001B1624,0x00127854
0x001B1624,0x0018CC9C
0x001B167C,0x00127854
0x001B167C,0x0017FFD8
0x001B167C,0x00182FF8
0x001B167C,0x001839E8
0x001B167C,0x0018CA34
0x001B167C,0x0018CA48
0x001B167C,0x0018CC9C
0x001B167C,0x0018E9B4
0x001B167C,0x001ADACC
0x001B167C,0x001B0500
0x001B167C,0x001B5CE4
0x001B1934,0x00127854
0x001B1934,0x0017FFD8
0x001B1934,0x00182FF8
0x001B1934,0x001836B4
0x001B1934,0x001839D0
0x001B1934,0x001839E8
0x001B1934,0x001844A4
0x001B1934,0x0018C678
0x001B1934,0x0018CA14
0x001B1934,0x0018CC9C
0x001B1934,0x0018CD30
0x001B1934,0x0019FFF4
0x001B1934,0x001A119C
0x001B1934,0x001A5AB4
0x001B1934,0x001A6830
0x001B1934,0x001B0500
0x001B1934,0x001B0F18
0x001B1934,0x001B13F0
0x001B1934,0x001B167C
0x001B1934,0x001B5CE4
0x001B2254,0x00122F08
0x001B2254,0x00127854
0x001B2254,0x001B2884
0x001B2254,0x001B5CE4
0x001B2310,0x0012336C
0x001B2310,0x001839E8
0x001B2310,0x001B5CE4
0x001B2310,0x001B5ECC
0x001B23A0,0x00127854
0x001B23A0,0x0019EB70
0x001B23E0,0x0012319C
0x001B23E0,0x00127854
0x001B23E0,0x0019EB70
0x001B23E0,0x001AFE00
0x001B23E0,0x001AFE18
0x001B23E0,0x001B5CE4
0x001B24D4,0x001232D4
0x001B24E4,0x0012319C
0x001B24E4,0x00127854
0x001B24E4,0x0018B5D8
0x001B24E4,0x0018E450
0x001B24E4,0x0019EB70
0x001B24E4,0x0019EF5C
0x001B24E4,0x001AFE00
0x001B24E4,0x001AFE18
0x001B24E4,0x001B5CE4
0x001B2648,0x001A6830
0x001B2648,0x001A756C
0x001B2648,0x001AF538
0x001B2648,0x001B24E4
0x001B26B0,0x001B5CE4
0x001B26C8,0x001239A0
0x001B26C8,0x00123DF4
0x001B26C8,0x001B02C0
0x001B26C8,0x001B2254
0x001B2770,0x00127854
0x001B2884,0x00127854
0x001B299C,0x00127854
0x001B2AA4,0x00182C24
0x001B2AA4,0x0018391C
0x001B2AA4,0x0018B5D8
0x001B2AA4,0x001A756C
0x001B2AA4,0x001AF538
0x001B2B20,0x001AFF54
0x001B2B20,0x001B5CE4
0x001B2B58,0x0011DDA4
0x001B2B58,0x00182C24
0x001B2B58,0x0018391C
0x001B2BF4,0x0011DDA4
0x001B2BF4,0x00182C24
0x001B2BF4,0x00182FF8
0x001B2BF4,0x0018391C
0x001B2BF4,0x0018BCD4
0x001B2BF4,0x001A756C
0x001B2D84,0x00181660
0x001B2D84,0x00183478
0x001B2D84,0x001837E8
0x001B2D84,0x001B0008
0x001B2D84,0x001B02C0
0x001B2D84,0x001B23A0
0x001B2D84,0x001B5CE4
0x001B2E40,0x0018096C
0x001B2E40,0x001821D4
0x001B2E40,0x001B02C0
0x001B2EE8,0x00127854
0x001B2EE8,0x0018096C
0x001B2EE8,0x001821D4
0x001B2EE8,0x0018222C
0x001B2EE8,0x00182248
0x001B2EE8,0x00182FF8
0x001B2EE8,0x00184028
0x001B2EE8,0x001B02C0
0x001B2EE8,0x001B23A0
0x001B2EE8,0x001B5CE4
0x001B312C,0x00127854
0x001B312C,0x0018096C
0x001B312C,0x0018B5D8
0x001B312C,0x0018E450
0x001B312C,0x0019EF5C
0x001B312C,0x001A6830
0x001B312C,0x001A756C
0x001B312C,0x001AF538
0x001B312C,0x001B02C0
0x001B312C,0x001B5CE4
0x001B3390,0x0018B5D8
0x001B3774,0x00125148
0x001B3784,0x00125148
0x001B3784,0x00127854
0x001B38B0,0x001250C4
0x001B38B0,0x00125148
0x001B38B0,0x00127854
0x001B3A4C,0x00124A20
0x001B3E04,0x00127854
0x001B3E04,0x0018B2FC
0x001B4280,0x001B3FB0
0x001B42D0,0x00124E7C
0x001B42D0,0x00127854
0x001B440C,0x00124DF8
0x001B440C,0x00124E7C
0x001B440C,0x00127854
0x001B45A8,0x00124A20
0x001B45A8,0x001B3FB0
0x001B46A8,0x00127854
0x001B46A8,0x0018B2FC
0x001B471C,0x00180300
0x001B471C,0x0018091C
0x001B471C,0x00180940
0x001B471C,0x00180948
0x001B471C,0x001B5CE4
0x001B477C,0x00124F34
0x001B477C,0x00127854
0x001B477C,0x00180300
0x001B477C,0x0018091C
0x001B477C,0x00180940
0x001B477C,0x00180948
0x001B477C,0x00182028
0x001B477C,0x001AB658
0x001B477C,0x001B5CE4
0x001B4870,0x00182028
0x001B48C0,0x00182028
0x001B4918,0x00182028
0x001B4918,0x001B5CE4
0x001B4BAC,0x00182028
0x001B4BAC,0x001B5CE4
0x001B4E40,0x00124E7C
0x001B4E40,0x00124F34
0x001B4E40,0x00127854
0x001B4E40,0x00180300
0x001B4E40,0x0018091C
0x001B4E40,0x00180940
0x001B4E40,0x00180948
0x001B4E40,0x00182028
0x001B4E40,0x001AB658
0x001B4E40,0x001B5CE4
0x001B4FA8,0x00124A20
0x001B4FA8,0x00127854
0x001B4FA8,0x00182028
0x001B50F8,0x00127854
0x001B54E8,0x00124BC8
0x001B55E4,0x00124D40
0x001B55E4,0x00124DC4
0x001B55E4,0x00127854
0x001B5CE4,0x001B572C
0x001B5D88,0x00124A20
0x001B5D88,0x00127854
0x001B5D88,0x001B572C
0x001B5ECC,0x00124A20
0x001B5ECC,0x00127854
0x001B5ECC,0x001B572C
0x001B5F90,0x00124A20
0x001B5FA0,0x00127854
0x001B5FA0,0x0018B2FC
0x001B5FA0,0x001B572C
0x001B6178,0x001251E4
0x001B6178,0x001BDA34
0x001B61B0,0x001DF44C
0x001B61C8,0x001C0A54
0x001B61E0,0x001C0A9C
0x001B61F8,0x001DF3B8
0x001B6210,0x001BBFB0
0x001B6258,0x0017FE44
0x001B629C,0x001DF61C
0x001B62D0,0x00127854
0x001B62D0,0x0017FE44
0x001B62D0,0x001BBFB0
0x001B62D0,0x001C0A54
0x001B62D0,0x001C0A9C
0x001B62D0,0x001DF318
0x001B62D0,0x001DF3B8
0x001B62D0,0x001E1880
0x001B6500,0x001B6544
0x001B6500,0x001BDA34
0x001B6500,0x001DF290
0x001B6544,0x001BDA34
0x001B6544,0x001DF274
0x001B6544,0x001DF290
0x001B6544,0x001DF2AC
0x001B6544,0x001DF44C
0x001B6544,0x001DF61C
0x001B6610,0x001B6544
0x001B6654,0x00127854
0x001B6654,0x001B62D0
0x001B6654,0x001B6544
0x001B66C8,0x00127854
0x001B66C8,0x0017FE44
0x001B66C8,0x001B62D0
0x001B66C8,0x001B6544
0x001B66C8,0x001DC8E8
0x001B66C8,0x001E415C
0x001B679C,0x00127854
0x001B679C,0x0017FE44
0x001B679C,0x001B62D0
0x001B679C,0x001B6544
0x001B679C,0x001B66C8
0x001B679C,0x001DC8E8
0x001B679C,0x001E415C
0x001B6D30,0x0018B31C
0x001B6D30,0x001DE5BC
0x001B6D30,0x001DE5D8
0x001B6D30,0x001DE5F4
0x001B6D30,0x001DE648
0x001B6D30,0x001DE678
0x001B702C,0x001A53E8
0x001B702C,0x001D6298
0x001B702C,0x001D6304
0x001B702C,0x001D6370
0x001B702C,0x001DE5F4
0x001B702C,0x001DE610
0x001B731C,0x0018B31C
0x001B731C,0x001A53D8
0x001B731C,0x001A53E8
0x001B731C,0x001DE560
0x001B731C,0x001DE62C
0x001B7760,0x001A53E8
0x001B77AC,0x001A53F8
0x001B77AC,0x001DE560
0x001B7884,0x0018AE00
0x001B7884,0x001A53F8
0x001B7884,0x001DE560
0x001B7884,0x001DE5D8
0x001B7884,0x001DE5F4
0x001B7884,0x001DE648
0x001B7884,0x001DE678
0x001B7884,0x001DF3CC
0x001B7D74,0x001A6144
0x001B7D84,0x001A61C0
0x001B7D84,0x001A6230
0x001B7DA4,0x001A61F8
0x001B7DA4,0x001A6270
0x001B7DA4,0x001A62C4
0x001B7DEC,0x001A617C
0x001B7E04,0x00127854
0x001B7E04,0x0018AE00
0x001B7E04,0x001A53D8
0x001B7E04,0x001A5AB4
0x001B7E04,0x001B5CE4
0x001B7E04,0x001B702C
0x001B7E04,0x001C89F0
0x001B7E04,0x001C91C4
0x001B7E04,0x001C9244
0x001B7E04,0x001CE810
0x001B7E04,0x001DD140
0x001B7E04,0x001DE510
0x001B7E04,0x001DE560
0x001B7E04,0x001DE5D8
0x001B7E04,0x001DE6AC
0x001B7E04,0x001DE6FC
0x001B7E04,0x001DFB64
0x001B7E04,0x001DFE18
0x001B8530,0x001A5C08
0x001B8540,0x001A5C08
0x001B8570,0x001A5C08
0x001B8570,0x001B8708
0x001B8570,0x001B872C
0x001B8570,0x001B8750
0x001B8620,0x001A5C08
0x001B8620,0x001B8708
0x001B8620,0x001B872C
0x001B8620,0x001B8750
0x001B86EC,0x001A5C08
0x001B8708,0x001A5C08
0x001B872C,0x001A5C08
0x001B8750,0x0018AE00
0x001B8750,0x001A5C08
0x001B8750,0x001C89F0
0x001B8750,0x001C9244
0x001B8750,0x001D4D3C
0x001B8750,0x001DE678
0x001B8B48,0x001D4E10
0x001B8B88,0x001D4E10
0x001B8B88,0x001DE5D8
0x001B8B88,0x001DE678
0x001B8B88,0x001DE8EC
0x001B8B88,0x001DED1C
0x001B8D68,0x0018AE00
0x001B8D68,0x001A5C08
0x001B8D68,0x001C89F0
0x001B8D68,0x001C9244
0x001B8D68,0x001D4D3C
0x001B8D68,0x001DE5D8
0x001B8D68,0x001DE5F4
0x001B8D68,0x001DE678
0x001B8D68,0x001E0928
0x001B8D68,0x001E0BAC
0x001B9168,0x0018AE00
0x001B9168,0x001C89F0
0x001B9168,0x001C9244
0x001B9168,0x001D4D3C
0x001B9168,0x001DE5D8
0x001B9168,0x001DE5F4
0x001B9168,0x001DE678
0x001B9168,0x001E0928
0x001B9168,0x001E0BAC
0x001B9490,0x0018319C
0x001B9490,0x00183478
0x001B9490,0x0018AE00
0x001B9490,0x001AA52C
0x001B9490,0x001B5CE4
0x001B9490,0x001B8B88
0x001B9490,0x001B8D68
0x001B9490,0x001B9168
0x001B9490,0x001C0508
0x001B9490,0x001C7F14
0x001B9490,0x001C89F0
0x001B9490,0x001C9244
0x001B9490,0x001D4D3C
0x001B9490,0x001DE5D8
0x001B9490,0x001DE678
0x001B9490,0x001DE690
0x001B9490,0x001DE6AC
0x001BA308,0x00127854
0x001BA308,0x0018319C
0x001BA308,0x00183A4C
0x001BA308,0x00183A9C
0x001BA308,0x00183E00
0x001BA308,0x0018B32C
0x001BA308,0x0018BE40
0x001BA308,0x0018C678
0x001BA308,0x001A4E20
0x001BA308,0x001A5C08
0x001BA308,0x001A5CAC
0x001BA308,0x001A6E1C
0x001BA308,0x001B02C0
0x001BA308,0x001B5CE4
0x001BA308,0x001B7E04
0x001BA308,0x001B8620
0x001BA308,0x001B8750
0x001BA308,0x001B9490
0x001BA308,0x001BBFB0
0x001BA308,0x001BD288
0x001BA308,0x001BDA34
0x001BA308,0x001C7CA8
0x001BA308,0x001D4D3C
0x001BA308,0x001DE690
0x001BA308,0x001DE6CC
0x001BA308,0x001DE6DC
0x001BA308,0x001DF094
0x001BA654,0x00183E00
0x001BA654,0x0018B32C
0x001BA654,0x0018C678
0x001BA654,0x001B5CE4
0x001BA654,0x001BBD68
0x001BA654,0x001C1A70
0x001BA654,0x001C5988
0x001BA654,0x001C61BC
0x001BA654,0x001C73C4
0x001BA654,0x001C7F14
0x001BA654,0x001D1214
0x001BA654,0x001DE6DC
0x001BBD40,0x0018A830
0x001BBD40,0x0018CC9C
0x001BBD68,0x00183E00
0x001BBD68,0x0018C678
0x001BBD68,0x001B5CE4
0x001BBFB0,0x00123838
0x001BBFB0,0x00181630
0x001BBFB0,0x0018319C
0x001BBFB0,0x00183478
0x001BBFB0,0x001834BC
0x001BBFB0,0x001837E8
0x001BBFB0,0x0018391C
0x001BBFB0,0x00183BFC
0x001BBFB0,0x0018AE00
0x001BBFB0,0x0018BCD4
0x001BBFB0,0x001A75C4
0x001BBFB0,0x001AA52C
0x001BBFB0,0x001ABE3C
0x001BBFB0,0x001B0008
0x001BBFB0,0x001B02C0
0x001BBFB0,0x001B23A0
0x001BBFB0,0x001B2D84
0x001BBFB0,0x001B5CE4
0x001BBFB0,0x001BBD68
0x001BBFB0,0x001BCF54
0x001BBFB0,0x001BD288
0x001BBFB0,0x001BDA34
0x001BBFB0,0x001BDBFC
0x001BBFB0,0x001C91C4
0x001BBFB0,0x001DE6FC
0x001BBFB0,0x001DF7E8
0x001BCF54,0x001821E4
0x001BCF54,0x001821EC
0x001BCF54,0x0018BD78
0x001BCF54,0x001BDBFC
0x001BCF54,0x001DE6FC
0x001BD288,0x0017D454
0x001BD288,0x00180BB4
0x001BD288,0x0018319C
0x001BD288,0x001844D0
0x001BD288,0x0018A830
0x001BD288,0x0018AE00
0x001BD288,0x0018B5BC
0x001BD288,0x0018BCD4
0x001BD288,0x0018CC9C
0x001BD288,0x001A53F8
0x001BD288,0x001A55AC
0x001BD288,0x001A55E4
0x001BD288,0x001A602C
0x001BD288,0x001AA52C
0x001BD288,0x001B26B0
0x001BD288,0x001B2E40
0x001BD288,0x001B5CE4
0x001BD288,0x001B731C
0x001BD288,0x001B7760
0x001BD288,0x001B86EC
0x001BD288,0x001BBFB0
0x001BD288,0x001BD9B0
0x001BD288,0x001BDA34
0x001BD288,0x001BDBFC
0x001BD288,0x001BDDC8
0x001BD288,0x001BE12C
0x001BD288,0x001BE524
0x001BD288,0x001BE80C
0x001BD288,0x001BF67C
0x001BD288,0x001BFFC0
0x001BD288,0x001C0524
0x001BD288,0x001C0630
0x001BD288,0x001C3980
0x001BD288,0x001C4180
0x001BD288,0x001C4B24
0x001BD288,0x001C9244
0x001BD288,0x001CCA1C
0x001BD288,0x001D3420
0x001BD288,0x001D3670
0x001BD288,0x001D4130
0x001BD288,0x001D4EDC
0x001BD288,0x001D4FC0
0x001BD288,0x001D51B0
0x001BD288,0x001D5330
0x001BD288,0x001D5390
0x001BD288,0x001D5450
0x001BD288,0x001D5578
0x001BD288,0x001D5F58
0x001BD288,0x001D6018
0x001BD288,0x001D60D8
0x001BD288,0x001D681C
0x001BD288,0x001D685C
0x001BD288,0x001D69EC
0x001BD288,0x001D6A04
0x001BD288,0x001D6A1C
0x001BD288,0x001D6A34
0x001BD288,0x001DC8E8
0x001BD288,0x001DE5BC
0x001BD288,0x001DE5D8
0x001BD288,0x001DE5F4
0x001BD288,0x001DE648
0x001BD288,0x001DE678
0x001BD288,0x001DE6DC
0x001BD288,0x001DE6FC
0x001BD288,0x001DF274
0x001BD288,0x001DF924
0x001BD288,0x001E0928
0x001BD288,0x001E0BAC
0x001BD288,0x001E415C
0x001BD9B0,0x0018B5BC
0x001BD9B0,0x0018BCD4
0x001BD9B0,0x001A53F8
0x001BD9B0,0x001B26B0
0x001BD9B0,0x001B5CE4
0x001BD9B0,0x001BBFB0
0x001BD9B0,0x001BDA34
0x001BD9B0,0x001C0508
0x001BD9B0,0x001C0524
0x001BD9B0,0x001C0630
0x001BD9B0,0x001D1214
0x001BD9B0,0x001D7F2C
0x001BD9B0,0x001DE5D8
0x001BD9B0,0x001DE648
0x001BD9B0,0x001DF924
0x001BD9B0,0x001E39F0
0x001BDA34,0x00183478
0x001BDA34,0x001837E8
0x001BDA34,0x001B26C8
0x001BDA34,0x001BD9B0
0x001BDA34,0x001C0524
0x001BDA34,0x001C0630
0x001BDA34,0x001D1214
0x001BDA34,0x001D8D88
0x001BDBFC,0x001BBFB0
0x001BDBFC,0x001BDA34
0x001BDBFC,0x001DF274
0x001BDBFC,0x001DF44C
0x001BDDA8,0x001DF274
0x001BDDC8,0x0017D454
0x001BDDC8,0x00183478
0x001BDDC8,0x001837E8
0x001BDDC8,0x001A4274
0x001BDDC8,0x001B26C8
0x001BDDC8,0x001B7884
0x001BDDC8,0x001C0630
0x001BDDC8,0x001D8D88
0x001BDDC8,0x001DE5D8
0x001BDDC8,0x001DF008
0x001BDDC8,0x001DF274
0x001BDDC8,0x001DF2C4
0x001BDDC8,0x001DF2E0
0x001BDDC8,0x001DF924
0x001BDDC8,0x001DFB10
0x001BDDC8,0x001DFB64
0x001BE12C,0x001BD288
0x001BE12C,0x001DE5F4
0x001BE370,0x001B7D74
0x001BE370,0x001B86EC
0x001BE370,0x001BD288
0x001BE370,0x001BDBFC
0x001BE370,0x001C0630
0x001BE370,0x001C4180
0x001BE370,0x001D6A34
0x001BE370,0x001DC8E8
0x001BE370,0x001DE5F4
0x001BE370,0x001DE678
0x001BE370,0x001E0928
0x001BE524,0x001D67FC
0x001BE524,0x001D68CC
0x001BE840,0x001B5CE4
0x001BE840,0x001BD288
0x001BEA3C,0x001BD288
0x001BEA3C,0x001D681C
0x001BEA3C,0x001E0BAC
0x001BF1A0,0x001D6198
0x001BF1A0,0x001D685C
0x001BF1A0,0x001D68EC
0x001BF1A0,0x001D690C
0x001BF1A0,0x001D6984
0x001BF1A0,0x001D69B4
0x001BF1A0,0x001D69D4
0x001BF1A0,0x001DE5F4
0x001BF1A0,0x001DE610
0x001BF1A0,0x001DE678
0x001BF288,0x001B6D30
0x001BF288,0x001B731C
0x001BF288,0x001DE5F4
0x001BF288,0x001DE62C
0x001BF554,0x001DE678
0x001BF63C,0x001DE5F4
0x001BF63C,0x001E0928
0x001BF67C,0x0018319C
0x001BF67C,0x00183478
0x001BF67C,0x001AA52C
0x001BF67C,0x001BBFB0
0x001BF67C,0x001D5F58
0x001BF67C,0x001D6018
0x001BF67C,0x001D60D8
0x001BF67C,0x001D69EC
0x001BF67C,0x001D6A04
0x001BF67C,0x001D6A1C
0x001BF67C,0x001DE5BC
0x001BF67C,0x001DE5D8
0x001BF67C,0x001DE5F4
0x001BF67C,0x001DE648
0x001BF67C,0x001DE678
0x001BF67C,0x001DF924
0x001BF67C,0x001E0928
0x001BF67C,0x001E0BAC
0x001BFD58,0x00183E00
0x001BFD58,0x0018C678
0x001BFD58,0x001B5CE4
0x001BFD58,0x001DF750
0x001BFFC0,0x0018B31C
0x001BFFC0,0x001B8540
0x001BFFC0,0x001BD9B0
0x001BFFC0,0x001BDA34
0x001BFFC0,0x001BE370
0x001BFFC0,0x001BE524
0x001BFFC0,0x001BEAD0
0x001BFFC0,0x001BF1A0
0x001BFFC0,0x001C3980
0x001BFFC0,0x001C5DF8
0x001BFFC0,0x001C61BC
0x001BFFC0,0x001C6554
0x001BFFC0,0x001D4EDC
0x001BFFC0,0x001D4FC0
0x001BFFC0,0x001D51B0
0x001BFFC0,0x001D5330
0x001BFFC0,0x001D685C
0x001BFFC0,0x001D7F2C
0x001BFFC0,0x001DE5D8
0x001BFFC0,0x001DE5F4
0x001BFFC0,0x001DE648
0x001BFFC0,0x001DE678
0x001BFFC0,0x001DE6CC
0x001BFFC0,0x001DF274
0x001BFFC0,0x001E0928
0x001BFFC0,0x001E39F0
0x001C0524,0x0018319C
0x001C0524,0x0018391C
0x001C0524,0x001AA52C
0x001C0524,0x001B5CE4
0x001C0630,0x00183478
0x001C0630,0x001C0524
0x001C0A54,0x001BDDC8
0x001C0A54,0x001C0630
0x001C0A9C,0x001C0630
0x001C0AE0,0x001BDDC8
0x001C0AE0,0x001DF274
0x001C0EC8,0x0018AE00
0x001C0EC8,0x001C0B6C
0x001C0EC8,0x001C9244
0x001C0EC8,0x001E415C
0x001C0F30,0x0018AE00
0x001C0F30,0x001C0B6C
0x001C0F30,0x001C9244
0x001C0F30,0x001E415C
0x001C0F98,0x0018AE00
0x001C0F98,0x001B7E04
0x001C0F98,0x001BD288
0x001C0F98,0x001C0B6C
0x001C0F98,0x001C9244
0x001C0F98,0x001C995C
0x001C0F98,0x001D5A94
0x001C0F98,0x001D6A34
0x001C0F98,0x001DE5D8
0x001C0F98,0x001DE6CC
0x001C0F98,0x001DE6DC
0x001C0F98,0x001E0928
0x001C1184,0x001C0B6C
0x001C1184,0x001E415C
0x001C11FC,0x001B7E04
0x001C11FC,0x001BD288
0x001C11FC,0x001C0B6C
0x001C11FC,0x001D6744
0x001C11FC,0x001D6A34
0x001C11FC,0x001DE5D8
0x001C11FC,0x001DE6CC
0x001C11FC,0x001DE6DC
0x001C11FC,0x001E0928
0x001C13AC,0x00183478
0x001C13AC,0x001C0630
0x001C13AC,0x001DE610
0x001C13AC,0x001DE678
0x001C13AC,0x001DF274
0x001C1A70,0x00180BB4
0x001C1A70,0x00183478
0x001C1A70,0x0018B31C
0x001C1A70,0x0018E4E4
0x001C1A70,0x001B5CE4
0x001C1A70,0x001B8D68
0x001C1A70,0x001BDA34
0x001C1A70,0x001C0630
0x001C1A70,0x001C89F0
0x001C1A70,0x001DF274
0x001C1A70,0x001DF2FC
0x001C1A70,0x001DF55C
0x001C1A70,0x001E415C
0x001C1D20,0x00180BB4
0x001C1D20,0x0018B2FC
0x001C1D20,0x001B5CE4
0x001C1D20,0x001C0630
0x001C1D20,0x001C13AC
0x001C1D20,0x001DE62C
0x001C1D20,0x001DE690
0x001C1D20,0x001DF274
0x001C1D20,0x001E0928
0x001C1D20,0x001E0EB8
0x001C2038,0x0017D454
0x001C2038,0x00180BB4
0x001C2038,0x00183478
0x001C2038,0x001B5CE4
0x001C2038,0x001B731C
0x001C2038,0x001B7884
0x001C2038,0x001BFFC0
0x001C2038,0x001C0630
0x001C2038,0x001C1D20
0x001C2038,0x001DE5F4
0x001C2038,0x001DE62C
0x001C2038,0x001DE678
0x001C2038,0x001DF008
0x001C2038,0x001DF274
0x001C2038,0x001DF2C4
0x001C2038,0x001DF2E0
0x001C2038,0x001DF2FC
0x001C2038,0x001DF3B8
0x001C2038,0x001DF5F8
0x001C2038,0x001DF924
0x001C2038,0x001E415C
0x001C3154,0x00183478
0x001C3154,0x001C0630
0x001C3154,0x001DD140
0x001C3154,0x001DE5F4
0x001C3154,0x001DE62C
0x001C3154,0x001DE648
0x001C3154,0x001DE690
0x001C3154,0x001DF274
0x001C3154,0x001DF2E0
0x001C3154,0x001DF318
0x001C3154,0x001DF3B8
0x001C3154,0x001DF5F8
0x001C3154,0x001DF61C
0x001C3154,0x001DF924
0x001C3154,0x001DFB10
0x001C3154,0x001DFB64
0x001C3154,0x001E0928
0x001C3154,0x001E0BAC
0x001C3154,0x001E0EB8
0x001C3980,0x0018AE00
0x001C3980,0x0018B2FC
0x001C3980,0x001B731C
0x001C3980,0x001BDBFC
0x001C3980,0x001BFFC0
0x001C3980,0x001C0630
0x001C3980,0x001C13AC
0x001C3980,0x001C3154
0x001C3980,0x001C9244
0x001C3980,0x001DE5F4
0x001C3980,0x001DE62C
0x001C3980,0x001DE678
0x001C3980,0x001DF274
0x001C3980,0x001DF2AC
0x001C3980,0x001DF44C
0x001C3980,0x001E0928
0x001C3980,0x001E0B54
0x001C4180,0x00127854
0x001C4180,0x0018319C
0x001C4180,0x0018391C
0x001C4180,0x0018A830
0x001C4180,0x0018B31C
0x001C4180,0x0018CC9C
0x001C4180,0x0018E4E4
0x001C4180,0x001AA52C
0x001C4180,0x001B702C
0x001C4180,0x001B7760
0x001C4180,0x001B8570
0x001C4180,0x001BBFB0
0x001C4180,0x001BF67C
0x001C4180,0x001BFFC0
0x001C4180,0x001C0630
0x001C4180,0x001C3980
0x001C4180,0x001D5450
0x001C4180,0x001DC8E8
0x001C4180,0x001DD140
0x001C4180,0x001DE5BC
0x001C4180,0x001DE5D8
0x001C4180,0x001DE5F4
0x001C4180,0x001DE62C
0x001C4180,0x001DE678
0x001C4180,0x001DF094
0x001C4180,0x001E0928
0x001C4180,0x001E0BAC
0x001C4180,0x001E415C
0x001C4B24,0x00180BB4
0x001C4B24,0x001B5CE4
0x001C4F04,0x0018AE00
0x001C4F04,0x001BDA34
0x001C4F04,0x001BFFC0
0x001C4F04,0x001C0630
0x001C4F04,0x001C2038
0x001C4F04,0x001C3980
0x001C4F04,0x001C4180
0x001C4F04,0x001C4B24
0x001C4F04,0x001C9244
0x001C4F04,0x001DE5F4
0x001C4F04,0x001DF274
0x001C4F04,0x001DF290
0x001C5100,0x0018AE00
0x001C5100,0x0018B2FC
0x001C5100,0x001BDA34
0x001C5100,0x001BFFC0
0x001C5100,0x001C3980
0x001C5100,0x001C9244
0x001C5100,0x001DE5F4
0x001C5100,0x001DE678
0x001C5100,0x001DF274
0x001C5100,0x001DF290
0x001C5100,0x001DF44C
0x001C5100,0x001DF55C
0x001C5100,0x001E0928
0x001C534C,0x001B7760
0x001C534C,0x001BDA34
0x001C534C,0x001D4FC0
0x001C534C,0x001D51B0
0x001C534C,0x001DE5F4
0x001C55D8,0x001BDBFC
0x001C55D8,0x001BFFC0
0x001C58A4,0x001BDDC8
0x001C5988,0x0017C394
0x001C5988,0x00183A4C
0x001C5988,0x0018BE40
0x001C5988,0x0018CDB8
0x001C5988,0x001A5C08
0x001C5988,0x001A5CAC
0x001C5988,0x001B5CE4
0x001C5988,0x001B7D74
0x001C5988,0x001B7E04
0x001C5988,0x001B8620
0x001C5988,0x001BD288
0x001C5988,0x001BDA34
0x001C5988,0x001DE6DC
0x001C5DF8,0x0018AE00
0x001C5DF8,0x0018B31C
0x001C5DF8,0x001B7D74
0x001C5DF8,0x001B7E04
0x001C5DF8,0x001B8540
0x001C5DF8,0x001BD288
0x001C5DF8,0x001BDA34
0x001C5DF8,0x001BE370
0x001C5DF8,0x001BEAD0
0x001C5DF8,0x001BF1A0
0x001C5DF8,0x001BFFC0
0x001C5DF8,0x001C3980
0x001C5DF8,0x001C9244
0x001C5DF8,0x001D4EDC
0x001C5DF8,0x001D4FC0
0x001C5DF8,0x001D51B0
0x001C5DF8,0x001D5330
0x001C5DF8,0x001D685C
0x001C5DF8,0x001DE5F4
0x001C5DF8,0x001DE678
0x001C5DF8,0x001DE6CC
0x001C5DF8,0x001DE6DC
0x001C5DF8,0x001DF55C
0x001C5DF8,0x001E0928
0x001C61BC,0x0018AE00
0x001C61BC,0x0018B31C
0x001C61BC,0x001B7D74
0x001C61BC,0x001B7E04
0x001C61BC,0x001B8540
0x001C61BC,0x001BD288
0x001C61BC,0x001BDA34
0x001C61BC,0x001BE370
0x001C61BC,0x001BE524
0x001C61BC,0x001BEAD0
0x001C61BC,0x001BF1A0
0x001C61BC,0x001C3980
0x001C61BC,0x001C9244
0x001C61BC,0x001D4EDC
0x001C61BC,0x001D4FC0
0x001C61BC,0x001D51B0
0x001C61BC,0x001D5330
0x001C61BC,0x001D685C
0x001C61BC,0x001DE5F4
0x001C61BC,0x001DE678
0x001C61BC,0x001DE6CC
0x001C61BC,0x001DE6DC
0x001C61BC,0x001DF55C
0x001C61BC,0x001E0928
0x001C6554,0x00183478
0x001C6554,0x0018AE00
0x001C6554,0x0018CEA0
0x001C6554,0x001B731C
0x001C6554,0x001BF288
0x001C6554,0x001BFFC0
0x001C6554,0x001C0630
0x001C6554,0x001C0F98
0x001C6554,0x001C11FC
0x001C6554,0x001C1D20
0x001C6554,0x001C5DF8
0x001C6554,0x001C61BC
0x001C6554,0x001C7AD8
0x001C6554,0x001C814C
0x001C6554,0x001C9244
0x001C6554,0x001CA96C
0x001C6554,0x001CADE4
0x001C6554,0x001CCA1C
0x001C6554,0x001CD6A8
0x001C6554,0x001CD958
0x001C6554,0x001CDC70
0x001C6554,0x001DE5F4
0x001C6554,0x001DE62C
0x001C6554,0x001DE678
0x001C6554,0x001DE6DC
0x001C6554,0x001DF274
0x001C6554,0x001DF2FC
0x001C6554,0x001E06CC
0x001C6DE8,0x00127854
0x001C6DE8,0x001BDBFC
0x001C6DE8,0x001BFFC0
0x001C6DE8,0x001C4F04
0x001C6DE8,0x001C6554
0x001C6DE8,0x001DE5F4
0x001C6DE8,0x001DF274
0x001C6DE8,0x001DF61C
0x001C6F4C,0x0018AE00
0x001C6F4C,0x001B7760
0x001C6F4C,0x001BBFB0
0x001C6F4C,0x001BDDC8
0x001C6F4C,0x001BFFC0
0x001C6F4C,0x001C0630
0x001C6F4C,0x001C3980
0x001C6F4C,0x001C6554
0x001C6F4C,0x001C9244
0x001C6F4C,0x001DE5F4
0x001C6F4C,0x001DE62C
0x001C6F4C,0x001DF274
0x001C7334,0x001C0630
0x001C7334,0x001C4180
0x001C7334,0x001C6F4C
0x001C7334,0x001DF4A0
0x001C73C4,0x0018AE00
0x001C73C4,0x001B7D74
0x001C73C4,0x001B7E04
0x001C73C4,0x001B8540
0x001C73C4,0x001B8620
0x001C73C4,0x001BD288
0x001C73C4,0x001BDA34
0x001C73C4,0x001BDBFC
0x001C73C4,0x001BE370
0x001C73C4,0x001BE524
0x001C73C4,0x001BEAD0
0x001C73C4,0x001BF1A0
0x001C73C4,0x001C3980
0x001C73C4,0x001C919C
0x001C73C4,0x001D4FC0
0x001C73C4,0x001D51B0
0x001C73C4,0x001DE5F4
0x001C73C4,0x001DE6CC
0x001C73C4,0x001DE6DC
0x001C758C,0x0018E430
0x001C758C,0x001DE5F4
0x001C758C,0x001DE62C
0x001C758C,0x001DE648
0x001C758C,0x001DE678
0x001C758C,0x001E0928
0x001C758C,0x001E4E68
0x001C7AD8,0x001B731C
0x001C7AD8,0x001B7E04
0x001C7AD8,0x001BD288
0x001C7AD8,0x001BE0E4
0x001C7AD8,0x001C758C
0x001C7AD8,0x001D3420
0x001C7AD8,0x001DE6CC
0x001C7AD8,0x001DE6DC
0x001C7AD8,0x001E0928
0x001C7CA8,0x0018B2FC
0x001C7CA8,0x001D4D3C
0x001C7CA8,0x001DE678
0x001C7D50,0x001DE610
0x001C7D50,0x001DE678
0x001C7D50,0x001DE690
0x001C7E34,0x001DE610
0x001C7E34,0x001DE678
0x001C7F14,0x001B5CE4
0x001C7F54,0x001B5CE4
0x001C7F54,0x001C0630
0x001C7F54,0x001DE5D8
0x001C7F54,0x001DE5F4
0x001C7F54,0x001DE678
0x001C7F54,0x001DE690
0x001C7F54,0x001E0928
0x001C814C,0x0018B2FC
0x001C814C,0x001B5CE4
0x001C814C,0x001B731C
0x001C814C,0x001B7E04
0x001C814C,0x001BD288
0x001C814C,0x001C7F54
0x001C814C,0x001D4D3C
0x001C814C,0x001DE5D8
0x001C814C,0x001DE5F4
0x001C814C,0x001DE610
0x001C814C,0x001DE678
0x001C814C,0x001DE690
0x001C814C,0x001DE6CC
0x001C814C,0x001DE6DC
0x001C814C,0x001E0928
0x001C87B8,0x001B731C
0x001C87B8,0x001C7F54
0x001C87B8,0x001DE610
0x001C87B8,0x001DE62C
0x001C87B8,0x001DE678
0x001C89A4,0x0017D454
0x001C89A4,0x0018E4E4
0x001C89A4,0x001BBD40
0x001C89A4,0x001C61BC
0x001C89A4,0x001E415C
0x001C89F0,0x001B5CE4
0x001C91CC,0x001DE8EC
0x001C9244,0x001B8B88
0x001C9244,0x001C0A54
0x001C9244,0x001DE5D8
0x001C9244,0x001DE5F4
0x001C9244,0x001DE690
0x001C9244,0x001DE6AC
0x001C9244,0x001DE8EC
0x001C9244,0x001DED1C
0x001C9244,0x001E0928
0x001C995C,0x001B8B88
0x001C995C,0x001DE5D8
0x001C995C,0x001DE5F4
0x001C995C,0x001DE690
0x001C995C,0x001DE6AC
0x001C995C,0x001DE8EC
0x001C995C,0x001DED1C
0x001C9B90,0x001A53F8
0x001C9B90,0x001DF924
0x001C9B90,0x001E0BAC
0x001C9C24,0x0017C394
0x001C9C24,0x00183A4C
0x001C9C24,0x0018BCD4
0x001C9C24,0x0018BE40
0x001C9C24,0x0018CDB8
0x001C9C24,0x001A5C08
0x001C9C24,0x001A5CAC
0x001C9C24,0x001A6E1C
0x001C9C24,0x001B02C0
0x001C9C24,0x001B7E04
0x001C9C24,0x001B8620
0x001C9C24,0x001BD288
0x001C9C24,0x001BDA34
0x001C9C24,0x001BE96C
0x001C9C24,0x001D6640
0x001C9C24,0x001D690C
0x001C9C24,0x001DE5D8
0x001C9C24,0x001DE6AC
0x001C9C24,0x001DE6CC
0x001C9C24,0x001DE6DC
0x001C9C24,0x001DF924
0x001C9C24,0x001E0928
0x001C9C24,0x001E0BAC
0x001C9E60,0x0017C394
0x001C9E60,0x00183694
0x001C9E60,0x00183A4C
0x001C9E60,0x0018BCD4
0x001C9E60,0x0018BE40
0x001C9E60,0x0018CDB8
0x001C9E60,0x001A5C08
0x001C9E60,0x001A5CAC
0x001C9E60,0x001A6E1C
0x001C9E60,0x001B02C0
0x001C9E60,0x001B5CE4
0x001C9E60,0x001B7D74
0x001C9E60,0x001B7E04
0x001C9E60,0x001B8620
0x001C9E60,0x001BCF54
0x001C9E60,0x001BD288
0x001C9E60,0x001BDA34
0x001C9E60,0x001BE96C
0x001C9E60,0x001D6640
0x001C9E60,0x001D690C
0x001C9E60,0x001DE5D8
0x001C9E60,0x001DE6CC
0x001C9E60,0x001DE6DC
0x001C9E60,0x001DF7E8
0x001C9E60,0x001E0928
0x001C9E60,0x001E0D28
0x001CA244,0x00183E00
0x001CA244,0x001A5C08
0x001CA244,0x001A5CAC
0x001CA244,0x001A6E1C
0x001CA244,0x001AE62C
0x001CA244,0x001B02C0
0x001CA244,0x001B5CE4
0x001CA244,0x001B7D74
0x001CA244,0x001B7E04
0x001CA244,0x001B8620
0x001CA244,0x001BCF54
0x001CA244,0x001BDA34
0x001CA244,0x001BE96C
0x001CA244,0x001D9138
0x001CA244,0x001DE5D8
0x001CA244,0x001DE648
0x001CA244,0x001DE6CC
0x001CA244,0x001DE6DC
0x001CA244,0x001DF7E8
0x001CA244,0x001DF924
0x001CA244,0x001E0928
0x001CA478,0x00183478
0x001CA478,0x001837E8
0x001CA478,0x0018B36C
0x001CA478,0x0018B5BC
0x001CA478,0x0018C678
0x001CA478,0x0018E430
0x001CA478,0x0018E450
0x001CA478,0x001AA52C
0x001CA478,0x001B26B0
0x001CA478,0x001B26C8
0x001CA478,0x001B3FB0
0x001CA478,0x001B4280
0x001CA478,0x001BBFB0
0x001CA478,0x001D7F2C
0x001CA478,0x001D8B44
0x001CA478,0x001D8EB4
0x001CA478,0x001D9008
0x001CA478,0x001D9138
0x001CA478,0x001DE5F4
0x001CA478,0x001DE648
0x001CA478,0x001DF924
0x001CA478,0x001E0928
0x001CA478,0x001E0BAC
0x001CA96C,0x0018CDB8
0x001CA96C,0x001B5CE4
0x001CA96C,0x001B7E04
0x001CA96C,0x001BD288
0x001CA96C,0x001BE96C
0x001CA96C,0x001CA478
0x001CA96C,0x001D4E10
0x001CA96C,0x001D55EC
0x001CA96C,0x001D57E8
0x001CA96C,0x001D58C8
0x001CA96C,0x001D694C
0x001CA96C,0x001D696C
0x001CA96C,0x001D6ED0
0x001CA96C,0x001DE6CC
0x001CA96C,0x001DE6DC
0x001CA96C,0x001E0928
0x001CA96C,0x001E0BAC
0x001CAA78,0x00183A4C
0x001CAA78,0x0018BE40
0x001CAA78,0x001A53F8
0x001CAA78,0x001A5CAC
0x001CAA78,0x001A6E1C
0x001CAA78,0x001B5CE4
0x001CAA78,0x001B7E04
0x001CAA78,0x001B8540
0x001CAA78,0x001BD288
0x001CAA78,0x001D55EC
0x001CAA78,0x001D57E8
0x001CAA78,0x001D58C8
0x001CAA78,0x001D694C
0x001CAA78,0x001D696C
0x001CAA78,0x001DE6CC
0x001CAA78,0x001DE6DC
0x001CAA78,0x001DF924
0x001CAA78,0x001E0928
0x001CAC4C,0x00127854
0x001CAC4C,0x0018E430
0x001CAC4C,0x001A105C
0x001CAC4C,0x001A119C
0x001CAC4C,0x001B3FB0
0x001CAC4C,0x001B4280
0x001CAC4C,0x001D83D0
0x001CAC4C,0x001E7C80
0x001CADBC,0x001A71B8
0x001CADBC,0x001CAC4C
0x001CADE4,0x0018CDB8
0x001CADE4,0x0018E430
0x001CADE4,0x001A6E1C
0x001CADE4,0x001B3FB0
0x001CADE4,0x001B4280
0x001CADE4,0x001B7D74
0x001CADE4,0x001B7E04
0x001CADE4,0x001B8570
0x001CADE4,0x001B8620
0x001CADE4,0x001BD288
0x001CADE4,0x001D55EC
0x001CADE4,0x001D57E8
0x001CADE4,0x001D58C8
0x001CADE4,0x001D694C
0x001CADE4,0x001D696C
0x001CADE4,0x001D7F44
0x001CADE4,0x001D83D0
0x001CADE4,0x001D9008
0x001CADE4,0x001DE5D8
0x001CADE4,0x001DE678
0x001CADE4,0x001DE6CC
0x001CADE4,0x001DE6DC
0x001CADE4,0x001E0928
0x001CADE4,0x001E0BAC
0x001CADE4,0x001E120C
0x001CB3BC,0x0018B31C
0x001CB3BC,0x001D58C8
0x001CB3BC,0x001E0928
0x001CB5A0,0x0018B31C
0x001CB5A0,0x001D58C8
0x001CB5A0,0x001E0928
0x001CB7A4,0x001A6818
0x001CB7A4,0x001A71B8
0x001CB7A4,0x001B7E04
0x001CB7A4,0x001BD288
0x001CB7A4,0x001CAC4C
0x001CB7A4,0x001DE6CC
0x001CB7A4,0x001DE6DC
0x001CB814,0x0018E450
0x001CB814,0x001A6818
0x001CB814,0x001A71B8
0x001CB814,0x001B5CE4
0x001CB814,0x001B7E04
0x001CB814,0x001BD288
0x001CB814,0x001C61BC
0x001CB814,0x001CAC4C
0x001CB814,0x001D3420
0x001CB814,0x001DE6CC
0x001CB814,0x001DE6DC
0x001CBB64,0x001BDBFC
0x001CBBA4,0x0018AE00
0x001CBBA4,0x001B7884
0x001CBBA4,0x001C0AE0
0x001CBBA4,0x001DE5D8
0x001CBBA4,0x001DF008
0x001CBBA4,0x001DF924
0x001CBBA4,0x001DFB10
0x001CC020,0x001B7E04
0x001CC020,0x001B8B48
0x001CC020,0x001BD288
0x001CC020,0x001DE5D8
0x001CC020,0x001DE5F4
0x001CC020,0x001DE690
0x001CC020,0x001DE6AC
0x001CC020,0x001E0928
0x001CC0FC,0x0018AE00
0x001CC0FC,0x001B8B48
0x001CC0FC,0x001C9244
0x001CC0FC,0x001CBBA4
0x001CC0FC,0x001DE5D8
0x001CC0FC,0x001DE5F4
0x001CC0FC,0x001DE690
0x001CC0FC,0x001DE6AC
0x001CC0FC,0x001E0928
0x001CC510,0x0018AE00
0x001CC510,0x001B8B48
0x001CC510,0x001C9244
0x001CC510,0x001CBBA4
0x001CC510,0x001DE5D8
0x001CC510,0x001DE5F4
0x001CC510,0x001DE690
0x001CC510,0x001DE6AC
0x001CC510,0x001E0928
0x001CC928,0x0017D454
0x001CC928,0x001BDBFC
0x001CC928,0x001C5DF8
0x001CC928,0x001C61BC
0x001CC928,0x001DF55C
0x001CC928,0x001DF6D8
0x001CCA1C,0x00127854
0x001CCA1C,0x0018AE00
0x001CCA1C,0x0018CDB8
0x001CCA1C,0x001A5C08
0x001CCA1C,0x001A6E1C
0x001CCA1C,0x001B7E04
0x001CCA1C,0x001B8540
0x001CCA1C,0x001B8620
0x001CCA1C,0x001BD288
0x001CCA1C,0x001BDA34
0x001CCA1C,0x001C919C
0x001CCA1C,0x001CC0FC
0x001CCA1C,0x001D6A34
0x001CCA1C,0x001DE6CC
0x001CCA1C,0x001DE6DC
0x001CCC30,0x001DE560
0x001CCC30,0x001DE5F4
0x001CCC30,0x001DE678
0x001CCC30,0x001DF3CC
0x001CCC30,0x001E5498
0x001CCC30,0x001E5650
0x001CCC30,0x001E5D20
0x001CCC30,0x001E6130
0x001CCC30,0x001E6280
0x001CCC30,0x001E659C
0x001CD140,0x001A53E8
0x001CD140,0x001CCC30
0x001CD140,0x001DE5D8
0x001CD140,0x001DE5F4
0x001CD140,0x001DF008
0x001CD140,0x001DF924
0x001CD25C,0x001A5C08
0x001CD25C,0x001AF538
0x001CD25C,0x001AF580
0x001CD25C,0x001B5CE4
0x001CD25C,0x001CD140
0x001CD25C,0x001D67DC
0x001CD25C,0x001DE5D8
0x001CD25C,0x001DE5F4
0x001CD25C,0x001DE678
0x001CD25C,0x001DE690
0x001CD25C,0x001DE6CC
0x001CD25C,0x001E0928
0x001CD25C,0x001E0BAC
0x001CD4FC,0x0017D454
0x001CD4FC,0x001AF538
0x001CD4FC,0x001AF580
0x001CD4FC,0x001AF6D0
0x001CD4FC,0x001B5CE4
0x001CD4FC,0x001CD140
0x001CD4FC,0x001CD25C
0x001CD4FC,0x001E415C
0x001CD6A8,0x001A6E1C
0x001CD6A8,0x001B7E04
0x001CD6A8,0x001B8620
0x001CD6A8,0x001BD288
0x001CD6A8,0x001CD25C
0x001CD6A8,0x001D55EC
0x001CD6A8,0x001D696C
0x001CD6A8,0x001DE6DC
0x001CD700,0x001D58C8
0x001CD700,0x001E0928
0x001CD834,0x001D58C8
0x001CD834,0x001E0928
0x001CD958,0x001B7E04
0x001CD958,0x001BD288
0x001CD958,0x001CD700
0x001CD958,0x001CD834
0x001CD958,0x001D55EC
0x001CD958,0x001D57E8
0x001CD958,0x001D694C
0x001CD958,0x001D696C
0x001CD958,0x001DE5D8
0x001CD958,0x001DE6CC
0x001CD958,0x001DE6DC
0x001CD958,0x001E0928
0x001CD958,0x001E0BAC
0x001CDC70,0x001A55E4
0x001CDC70,0x001B7E04
0x001CDC70,0x001BD288
0x001CDC70,0x001D55EC
0x001CDC70,0x001D57E8
0x001CDC70,0x001D58C8
0x001CDC70,0x001D694C
0x001CDC70,0x001D696C
0x001CDC70,0x001DE648
0x001CDC70,0x001DE6CC
0x001CDC70,0x001DE6DC
0x001CDC70,0x001E0928
0x001CDC70,0x001E120C
0x001CDECC,0x0018B31C
0x001CDECC,0x0018B32C
0x001CDECC,0x001A55E4
0x001CDECC,0x001A6388
0x001CDECC,0x001B7E04
0x001CDECC,0x001BD288
0x001CDECC,0x001BE0E4
0x001CDECC,0x001D3420
0x001CDECC,0x001D55EC
0x001CDECC,0x001D57E8
0x001CDECC,0x001D58C8
0x001CDECC,0x001D7F2C
0x001CDECC,0x001D8B44
0x001CDECC,0x001D9008
0x001CDECC,0x001DE648
0x001CDECC,0x001DE6CC
0x001CDECC,0x001DE6DC
0x001CDECC,0x001E0928
0x001CDECC,0x001E0BAC
0x001CDECC,0x001E120C
0x001CE2BC,0x0018B32C
0x001CE2BC,0x0018CDB8
0x001CE2BC,0x001A55E4
0x001CE2BC,0x001A756C
0x001CE2BC,0x001AE62C
0x001CE2BC,0x001B24D4
0x001CE2BC,0x001B7D74
0x001CE2BC,0x001B7E04
0x001CE2BC,0x001BD288
0x001CE2BC,0x001CDC70
0x001CE2BC,0x001CDECC
0x001CE2BC,0x001D55EC
0x001CE2BC,0x001D57E8
0x001CE2BC,0x001D58C8
0x001CE2BC,0x001DE6CC
0x001CE2BC,0x001DE6DC
0x001CE2BC,0x001E0928
0x001CE2BC,0x001E120C
0x001CE5EC,0x001A6E1C
0x001CE5EC,0x001B7E04
0x001CE5EC,0x001BD288
0x001CE5EC,0x001BE8DC
0x001CE5EC,0x001D55EC
0x001CE5EC,0x001D694C
0x001CE5EC,0x001D696C
0x001CE5EC,0x001DE6CC
0x001CE5EC,0x001DE6DC
0x001CE5EC,0x001E0928
0x001CE5EC,0x001E0BAC
0x001CE7A4,0x001AE62C
0x001CE7A4,0x001DE648
0x001CE7A4,0x001DF924
0x001CE7A4,0x001DFB64
0x001CE810,0x00182EF0
0x001CE810,0x0018AE00
0x001CE84C,0x00182EF0
0x001CE84C,0x0018AE00
0x001CE84C,0x0018B36C
0x001CE84C,0x0018C678
0x001CE84C,0x001AE62C
0x001CE84C,0x001B8570
0x001CE84C,0x001BE12C
0x001CE84C,0x001D9138
0x001CE84C,0x001DE5D8
0x001CE84C,0x001DE648
0x001CE84C,0x001DF094
0x001CE84C,0x001DF924
0x001CE84C,0x001DFB64
0x001CE84C,0x001E0928
0x001CEF54,0x0017D454
0x001CEF54,0x001B7884
0x001CEF54,0x001BDBFC
0x001CEF54,0x001DF008
0x001CEF54,0x001E415C
0x001CF050,0x001B7884
0x001CF050,0x001BDBFC
0x001CF050,0x001DE5D8
0x001CF050,0x001DF008
0x001CF050,0x001E0928
0x001CF050,0x001E120C
0x001CF178,0x00182EF0
0x001CF178,0x0018AE00
0x001CF178,0x0019FFF4
0x001CF178,0x001A6E1C
0x001CF178,0x001B731C
0x001CF178,0x001B7884
0x001CF178,0x001B7D74
0x001CF178,0x001B7E04
0x001CF178,0x001B8540
0x001CF178,0x001B8620
0x001CF178,0x001BD288
0x001CF178,0x001BDBFC
0x001CF178,0x001CE84C
0x001CF178,0x001D55EC
0x001CF178,0x001D57E8
0x001CF178,0x001D58C8
0x001CF178,0x001D694C
0x001CF178,0x001D696C
0x001CF178,0x001DE5D8
0x001CF178,0x001DE62C
0x001CF178,0x001DE6CC
0x001CF178,0x001DE6DC
0x001CF178,0x001DF008
0x001CF178,0x001E0928
0x001CF178,0x001E120C
0x001CF438,0x001DE678
0x001CF438,0x001E0928
0x001CF6B8,0x001DE678
0x001CF734,0x0017D454
0x001CF734,0x0018AE00
0x001CF734,0x001A53E8
0x001CF734,0x001B5CE4
0x001CF734,0x001B6D30
0x001CF734,0x001B731C
0x001CF734,0x001B7884
0x001CF734,0x001BDBFC
0x001CF734,0x001BE05C
0x001CF734,0x001CF438
0x001CF734,0x001D68EC
0x001CF734,0x001DE62C
0x001CF734,0x001DE678
0x001CF734,0x001DF008
0x001CF734,0x001E415C
0x001CF9A0,0x0018AE00
0x001CF9A0,0x0018E4E4
0x001CF9A0,0x001B702C
0x001CF9A0,0x001B731C
0x001CF9A0,0x001B7760
0x001CF9A0,0x001B7884
0x001CF9A0,0x001BBD40
0x001CF9A0,0x001BDBFC
0x001CF9A0,0x001BE0E4
0x001CF9A0,0x001CE84C
0x001CF9A0,0x001CF734
0x001CF9A0,0x001D3420
0x001CF9A0,0x001DC8E8
0x001CF9A0,0x001DE5D8
0x001CF9A0,0x001DE62C
0x001CF9A0,0x001DE6DC
0x001CF9A0,0x001DF008
0x001CF9A0,0x001E0928
0x001CF9A0,0x001E120C
0x001CFB78,0x0017D454
0x001CFB78,0x0018AE00
0x001CFB78,0x001B5CE4
0x001CFB78,0x001B702C
0x001CFB78,0x001B731C
0x001CFB78,0x001B7760
0x001CFB78,0x001B7884
0x001CFB78,0x001BDBFC
0x001CFB78,0x001BE0E4
0x001CFB78,0x001BE80C
0x001CFB78,0x001CE84C
0x001CFB78,0x001DE5D8
0x001CFB78,0x001DE62C
0x001CFB78,0x001DE6DC
0x001CFB78,0x001DF008
0x001CFB78,0x001E0928
0x001CFB78,0x001E120C
0x001CFB78,0x001E415C
0x001CFDD8,0x00182EF0
0x001CFDD8,0x0018AE00
0x001CFDD8,0x0018B31C
0x001CFDD8,0x001B5CE4
0x001CFDD8,0x001B731C
0x001CFDD8,0x001B7760
0x001CFDD8,0x001B7884
0x001CFDD8,0x001BDBFC
0x001CFDD8,0x001BE05C
0x001CFDD8,0x001BE80C
0x001CFDD8,0x001CF438
0x001CFDD8,0x001D58C8
0x001CFDD8,0x001DE5D8
0x001CFDD8,0x001DE5F4
0x001CFDD8,0x001DE62C
0x001CFDD8,0x001DE678
0x001CFDD8,0x001DF008
0x001CFDD8,0x001E0928
0x001CFDD8,0x001E120C
0x001D02D8,0x00182EF0
0x001D02D8,0x0018AE00
0x001D02D8,0x0018B31C
0x001D02D8,0x001B5CE4
0x001D02D8,0x001B731C
0x001D02D8,0x001B7760
0x001D02D8,0x001B7884
0x001D02D8,0x001BDBFC
0x001D02D8,0x001BE05C
0x001D02D8,0x001CF438
0x001D02D8,0x001D58C8
0x001D02D8,0x001DE5D8
0x001D02D8,0x001DE5F4
0x001D02D8,0x001DE62C
0x001D02D8,0x001DE678
0x001D02D8,0x001DF008
0x001D02D8,0x001E0928
0x001D02D8,0x001E120C
0x001D07E4,0x001A53F8
0x001D07E4,0x001AA52C
0x001D07E4,0x001DE648
0x001D08D8,0x0017FE28
0x001D08D8,0x00183A4C
0x001D08D8,0x00183E00
0x001D08D8,0x0018BE40
0x001D08D8,0x001A5CAC
0x001D08D8,0x001A602C
0x001D08D8,0x001A6830
0x001D08D8,0x001A6E1C
0x001D08D8,0x001A71C8
0x001D08D8,0x001A71F4
0x001D08D8,0x001B02C0
0x001D08D8,0x001B5CE4
0x001D08D8,0x001B7E04
0x001D08D8,0x001B8620
0x001D08D8,0x001BD288
0x001D08D8,0x001BE96C
0x001D08D8,0x001D07E4
0x001D08D8,0x001D4DE0
0x001D08D8,0x001D5CF0
0x001D08D8,0x001D5EB4
0x001D08D8,0x001D696C
0x001D08D8,0x001DE6CC
0x001D08D8,0x001DE6DC
0x001D0AF0,0x001AFDD0
0x001D0AF0,0x001AFE18
0x001D0AF0,0x001AFE84
0x001D0AF0,0x001B02C0
0x001D0BE0,0x001DE690
0x001D0C60,0x00127854
0x001D0CA4,0x0017FFD8
0x001D0CA4,0x001AFE18
0x001D0D14,0x00127854
0x001D0D14,0x0017FFD8
0x001D0D14,0x001AFDD0
0x001D0D14,0x001AFE18
0x001D0D14,0x001AFE84
0x001D0D14,0x001B02C0
0x001D0D14,0x001B731C
0x001D0D14,0x001BE8DC
0x001D0D14,0x001DE5D8
0x001D0D14,0x001DE678
0x001D0D14,0x001DE690
0x001D0D14,0x001DE6DC
0x001D0D14,0x001E0928
0x001D1214,0x0017FFD8
0x001D1214,0x00183A4C
0x001D1214,0x0018B2FC
0x001D1214,0x0018BE40
0x001D1214,0x001A5C08
0x001D1214,0x001A6E1C
0x001D1214,0x001AFDD0
0x001D1214,0x001AFE18
0x001D1214,0x001AFE84
0x001D1214,0x001B02C0
0x001D1214,0x001B731C
0x001D1214,0x001B7E04
0x001D1214,0x001B8620
0x001D1214,0x001BD288
0x001D1214,0x001BDA34
0x001D1214,0x001BE8DC
0x001D1214,0x001D6404
0x001D1214,0x001D6424
0x001D1214,0x001DE5D8
0x001D1214,0x001DE5F4
0x001D1214,0x001DE678
0x001D1214,0x001DE690
0x001D1214,0x001DE6CC
0x001D1214,0x001DE6DC
0x001D1214,0x001DF094
0x001D1214,0x001E0928
0x001D1E74,0x001B7E04
0x001D1E74,0x001D55EC
0x001D1E74,0x001D694C
0x001D1E74,0x001D696C
0x001D1E74,0x001DE6CC
0x001D1E74,0x001DE6DC
0x001D1E74,0x001DE6FC
0x001D1E74,0x001E0928
0x001D1E74,0x001E120C
0x001D2018,0x00127854
0x001D2018,0x00164FAC
0x001D2018,0x0018CEC4
0x001D2018,0x001B5CE4
0x001D2018,0x001B7E04
0x001D2018,0x001D55EC
0x001D2018,0x001D57E8
0x001D2018,0x001D58C8
0x001D2018,0x001D694C
0x001D2018,0x001D696C
0x001D2018,0x001D7F2C
0x001D2018,0x001DE648
0x001D2018,0x001DE6CC
0x001D2018,0x001DE6DC
0x001D2018,0x001DE6FC
0x001D2018,0x001E0928
0x001D2018,0x001E120C
0x001D24B8,0x00127854
0x001D24B8,0x0018CDB8
0x001D24B8,0x0018CEC4
0x001D24B8,0x001A6E1C
0x001D24B8,0x001B7E04
0x001D24B8,0x001D55EC
0x001D24B8,0x001D57E8
0x001D24B8,0x001D58C8
0x001D24B8,0x001D694C
0x001D24B8,0x001D696C
0x001D24B8,0x001D7F2C
0x001D24B8,0x001DE5BC
0x001D24B8,0x001DE5F4
0x001D24B8,0x001DE648
0x001D24B8,0x001DE6CC
0x001D24B8,0x001DE6DC
0x001D24B8,0x001DE6FC
0x001D24B8,0x001E0928
0x001D24B8,0x001E0BAC
0x001D24B8,0x001E120C
0x001D2858,0x001B77AC
0x001D2858,0x001B7E04
0x001D2858,0x001D55EC
0x001D2858,0x001D694C
0x001D2858,0x001D696C
0x001D2858,0x001DE648
0x001D2858,0x001DE6CC
0x001D2858,0x001DE6DC
0x001D2858,0x001DE6FC
0x001D2858,0x001DF924
0x001D2858,0x001E0928
0x001D2858,0x001E120C
0x001D2A7C,0x001D55EC
0x001D2A7C,0x001D694C
0x001D2A7C,0x001D696C
0x001D2A7C,0x001DE6FC
0x001D2BC8,0x001B7E04
0x001D2BC8,0x001DE678
0x001D2BC8,0x001DE6AC
0x001D2BC8,0x001DE6CC
0x001D2BC8,0x001DE6DC
0x001D2BC8,0x001DE6FC
0x001D2F50,0x001B77AC
0x001D2F50,0x001DF924
0x001D2FD8,0x001A6318
0x001D3000,0x001A6350
0x001D3310,0x001A608C
0x001D3310,0x001A62C4
0x001D3310,0x001A6318
0x001D3310,0x001A6350
0x001D3310,0x001B5CE4
0x001D3310,0x001B7D84
0x001D3310,0x001B7DA4
0x001D3420,0x00127854
0x001D3420,0x001A610C
0x001D3420,0x001A61C0
0x001D3420,0x001B5CE4
0x001D3420,0x001B7DA4
0x001D3420,0x001B7DEC
0x001D3420,0x001D3310
0x001D3420,0x001DE6FC
0x001D3670,0x0018B31C
0x001D3670,0x001A6318
0x001D3670,0x001A6350
0x001D3670,0x001B5CE4
0x001D3670,0x001B7D84
0x001D3670,0x001B7DA4
0x001D3670,0x001B7E04
0x001D3670,0x001B8530
0x001D3670,0x001BD288
0x001D3670,0x001D55EC
0x001D3670,0x001D696C
0x001D3670,0x001DE5F4
0x001D3670,0x001DE610
0x001D3670,0x001DE678
0x001D3670,0x001DE6CC
0x001D3670,0x001E0928
0x001D3CF0,0x0018B31C
0x001D3CF0,0x001A6318
0x001D3CF0,0x001A6350
0x001D3CF0,0x001B5CE4
0x001D3CF0,0x001B7D84
0x001D3E0C,0x0018B31C
0x001D3E0C,0x001A6318
0x001D3E0C,0x001A6350
0x001D3E0C,0x001B5CE4
0x001D3E0C,0x001B7D84
0x001D3ECC,0x0018B31C
0x001D3ECC,0x001A6318
0x001D3ECC,0x001A6350
0x001D3ECC,0x001B5CE4
0x001D3ECC,0x001B7D84
0x001D3FE8,0x0017D454
0x001D3FE8,0x001B7D74
0x001D3FE8,0x001B7DA4
0x001D3FE8,0x001BBD40
0x001D3FE8,0x001C61BC
0x001D3FE8,0x001D58C8
0x001D3FE8,0x001DE6DC
0x001D3FE8,0x001E0928
0x001D4130,0x001B7E04
0x001D4130,0x001BD288
0x001D4130,0x001D3420
0x001D4130,0x001D55EC
0x001D4130,0x001D57E8
0x001D4130,0x001D58C8
0x001D4130,0x001D694C
0x001D4130,0x001D696C
0x001D4130,0x001DE5D8
0x001D4130,0x001DE6CC
0x001D4130,0x001DE6DC
0x001D4130,0x001E0928
0x001D42E8,0x0017D454
0x001D42E8,0x001A610C
0x001D42E8,0x001A61C0
0x001D42E8,0x001B5CE4
0x001D42E8,0x001B7D74
0x001D42E8,0x001B7DA4
0x001D42E8,0x001BBD40
0x001D42E8,0x001C61BC
0x001D42E8,0x001D3310
0x001D42E8,0x001D3420
0x001D42E8,0x001DE6FC
0x001D4634,0x001A6318
0x001D4634,0x001A6350
0x001D4634,0x001B5CE4
0x001D4634,0x001B7D84
0x001D48FC,0x0017D454
0x001D48FC,0x001B5CE4
0x001D48FC,0x001B7D74
0x001D48FC,0x001B7DA4
0x001D48FC,0x001BBD40
0x001D48FC,0x001BE0E4
0x001D48FC,0x001D3420
0x001D48FC,0x001DE6DC
0x001D4B9C,0x001B5CE4
0x001D4D3C,0x001A5C08
0x001D4D4C,0x001A5C08
0x001D4DE0,0x001A5C08
0x001D4E10,0x00183478
0x001D4E10,0x001837E8
0x001D4E10,0x001A5C08
0x001D4E10,0x001B26C8
0x001D4E10,0x001BBFB0
0x001D4EDC,0x001DE678
0x001D4FC0,0x001DE610
0x001D4FC0,0x001DE678
0x001D51B0,0x001D699C
0x001D51B0,0x001DE610
0x001D51B0,0x001DE678
0x001D5330,0x001DE5D8
0x001D5390,0x00183478
0x001D5390,0x001837E8
0x001D5390,0x001A5C08
0x001D5390,0x001B26C8
0x001D5390,0x001DE690
0x001D5450,0x001A5C08
0x001D5450,0x001B5CE4
0x001D5578,0x0018B2FC
0x001D5578,0x001DE678
0x001D55EC,0x001DE5F4
0x001D55EC,0x001DE610
0x001D55EC,0x001DE678
0x001D55EC,0x001DE690
0x001D57E8,0x001DE5F4
0x001D57E8,0x001DE678
0x001D58C8,0x00127854
0x001D58C8,0x001DE5D8
0x001D58C8,0x001DE5F4
0x001D58C8,0x001DE678
0x001D5A94,0x001DE5F4
0x001D5A94,0x001DE610
0x001D5A94,0x001DE678
0x001D5CF0,0x001DE5F4
0x001D5CF0,0x001DE678
0x001D5CF0,0x001DE690
0x001D5EB4,0x001DE5F4
0x001D5EB4,0x001DE678
0x001D5EB4,0x001DE690
0x001D5F58,0x001BBFB0
0x001D5F58,0x001DE678
0x001D6018,0x001BBFB0
0x001D6018,0x001DE678
0x001D60D8,0x001BBFB0
0x001D60D8,0x001DE678
0x001D6198,0x0018B2FC
0x001D6198,0x001DE678
0x001D6298,0x0018B2FC
0x001D6298,0x001DE678
0x001D6304,0x0018B2FC
0x001D6304,0x001DE678
0x001D6370,0x0018AE00
0x001D6370,0x0018B2FC
0x001D6370,0x001DE678
0x001D6404,0x001A5C08
0x001D6424,0x00127854
0x001D6424,0x001A5C08
0x001D6424,0x001DE5F4
0x001D6424,0x001DE610
0x001D6424,0x001DE678
0x001D6424,0x001DE690
0x001D6640,0x001DE5F4
0x001D6640,0x001DE678
0x001D6640,0x001DE690
0x001D6744,0x0018B2FC
0x001D6744,0x001DE678
0x001D67DC,0x001A5C08
0x001D67FC,0x001A5C08
0x001D681C,0x001A5C08
0x001D685C,0x001A5C08
0x001D685C,0x001D4D4C
0x001D685C,0x001D4DE0
0x001D68CC,0x001A5C08
0x001D68EC,0x001A5C08
0x001D690C,0x001A5C08
0x001D694C,0x001A5C08
0x001D694C,0x001D4E10
0x001D696C,0x001A5C08
0x001D6984,0x001A5C08
0x001D699C,0x001A5C08
0x001D69B4,0x001A5C08
0x001D69D4,0x001A5C08
0x001D69EC,0x001A5C08
0x001D6A04,0x001A5C08
0x001D6A1C,0x001A5C08
0x001D6A34,0x001A5C08
0x001D6A34,0x001DE678
0x001D6ED0,0x00183478
0x001D6ED0,0x001837E8
0x001D6ED0,0x0018B2FC
0x001D6ED0,0x001B26C8
0x001D6ED0,0x001BBFB0
0x001D6ED0,0x001DE678
0x001D6FE8,0x00127854
0x001D6FE8,0x0018CC9C
0x001D6FE8,0x001A53F8
0x001D6FE8,0x001D73D4
0x001D70E0,0x0018CC9C
0x001D712C,0x0018CC9C
0x001D712C,0x001B02C0
0x001D712C,0x001B09B4
0x001D7214,0x00127854
0x001D7214,0x0018C644
0x001D7214,0x0018CD30
0x001D72EC,0x00127854
0x001D72EC,0x0018CD30
0x001D73D4,0x00127854
0x001D73D4,0x0017A890
0x001D73D4,0x0017A8C8
0x001D73D4,0x00182FF8
0x001D73D4,0x0018C770
0x001D73D4,0x0018CD30
0x001D73D4,0x001B5CE4
0x001D75EC,0x0018CC7C
0x001D75EC,0x001D73D4
0x001D7654,0x0017D718
0x001D7654,0x0017D8CC
0x001D7654,0x00182FF8
0x001D7654,0x00183694
0x001D7654,0x0018C770
0x001D7654,0x0018CC7C
0x001D7654,0x0018CC9C
0x001D7654,0x0018CD30
0x001D7654,0x001A54F8
0x001D7654,0x001A5530
0x001D7654,0x001A602C
0x001D7654,0x001B5CE4
0x001D7654,0x001B7D74
0x001D7654,0x001B7DEC
0x001D7654,0x001BCF54
0x001D7654,0x001C9B90
0x001D7654,0x001C9C24
0x001D7654,0x001C9E60
0x001D7654,0x001CA244
0x001D7654,0x001DE6DC
0x001D7654,0x001DF7E8
0x001D7D5C,0x00182FF8
0x001D7D5C,0x0018C678
0x001D7ED8,0x0018C678
0x001D7ED8,0x001B5CE4
0x001D7F2C,0x001A3BA4
0x001D7F44,0x0018E430
0x001D7F44,0x001B4280
0x001D8048,0x0018E430
0x001D8048,0x001B3FB0
0x001D8048,0x001B4280
0x001D8048,0x001DE648
0x001D8048,0x001DE678
0x001D8164,0x0018E430
0x001D8164,0x001B3FB0
0x001D8164,0x001B4280
0x001D8164,0x001DE648
0x001D8164,0x001DE678
0x001D8230,0x0018E430
0x001D8230,0x001B3FB0
0x001D8230,0x001B4280
0x001D8230,0x001DE678
0x001D8230,0x001DE6AC
0x001D83D0,0x0018E430
0x001D83D0,0x0018E450
0x001D83D0,0x001B3FB0
0x001D83D0,0x001B4280
0x001D866C,0x0018E430
0x001D866C,0x001B3FB0
0x001D866C,0x001B4280
0x001D866C,0x001D83D0
0x001D866C,0x001DE678
0x001D8878,0x00183A4C
0x001D8878,0x0018BE40
0x001D8878,0x0018C678
0x001D8878,0x0018E430
0x001D8878,0x0018E804
0x001D8878,0x001A3BA4
0x001D8878,0x001A5C08
0x001D8878,0x001A5CAC
0x001D8878,0x001A6E1C
0x001D8878,0x001B3FB0
0x001D8878,0x001B4280
0x001D8878,0x001B5CE4
0x001D8878,0x001B7E04
0x001D8878,0x001BD288
0x001D8878,0x001D8048
0x001D8878,0x001D8230
0x001D8878,0x001D866C
0x001D8878,0x001DE5D8
0x001D8878,0x001DE648
0x001D8878,0x001DE678
0x001D8878,0x001DE6AC
0x001D8878,0x001DE6CC
0x001D8878,0x001DE6DC
0x001D8B44,0x0018E430
0x001D8B44,0x001B3FB0
0x001D8B44,0x001B4280
0x001D8B44,0x001D83D0
0x001D8B44,0x001DE648
0x001D8D2C,0x0018E430
0x001D8D2C,0x001B4280
0x001D8D88,0x0018AE20
0x001D8D88,0x0018E430
0x001D8D88,0x001B4280
0x001D8EB4,0x001DE648
0x001D8EB4,0x001DF924
0x001D9008,0x0018E430
0x001D9008,0x001B3FB0
0x001D9008,0x001B4280
0x001D9008,0x001DE648
0x001D9008,0x001DE678
0x001D9138,0x00184028
0x001D9138,0x001DE648
0x001D9470,0x001A577C
0x001D9470,0x001A57CC
0x001D9788,0x001A577C
0x001D9788,0x001A5914
0x001D9788,0x001DF924
0x001D9788,0x001DFA0C
0x001D98C0,0x001B3FB0
0x001D9930,0x0018E450
0x001D9930,0x001B3FB0
0x001D9930,0x001B4280
0x001D99C0,0x001A5EF4
0x001D99C0,0x001B3FB0
0x001D99C0,0x001D9788
0x001D9B60,0x001A5EF4
0x001D9B60,0x001D99C0
0x001D9C88,0x00183EF4
0x001D9D08,0x00183EF4
0x001D9D08,0x001A577C
0x001D9D08,0x001A57CC
0x001D9D08,0x001A5EF4
0x001D9D08,0x001D99C0
0x001DA128,0x00183EF4
0x001DA128,0x001A577C
0x001DA128,0x001A57CC
0x001DA128,0x001A5EF4
0x001DA128,0x001D99C0
0x001DA530,0x0018E450
0x001DA530,0x001A57CC
0x001DA530,0x001AC1F8
0x001DA530,0x001AD510
0x001DA530,0x001B3FB0
0x001DA530,0x001B4280
0x001DA530,0x001D99C0
0x001DA96C,0x0018E450
0x001DA96C,0x001A57CC
0x001DA96C,0x001AC1F8
0x001DA96C,0x001AD510
0x001DA96C,0x001B3FB0
0x001DA96C,0x001B4280
0x001DA96C,0x001D99C0
0x001DABD4,0x00183EF4
0x001DABD4,0x0018B2C4
0x001DABD4,0x0018B2D4
0x001DABD4,0x0018BFAC
0x001DABD4,0x0018E804
0x001DABD4,0x001A54F8
0x001DABD4,0x001A5530
0x001DABD4,0x001A577C
0x001DABD4,0x001A57CC
0x001DABD4,0x001A5870
0x001DABD4,0x001A5EF4
0x001DABD4,0x001A87F8
0x001DABD4,0x001A8F3C
0x001DABD4,0x001B5CE4
0x001DABD4,0x001B7E04
0x001DABD4,0x001BD288
0x001DABD4,0x001D99C0
0x001DB098,0x00182034
0x001DB098,0x0018204C
0x001DB098,0x00182054
0x001DB098,0x00182138
0x001DB098,0x0018B2C4
0x001DB098,0x0018B2D4
0x001DB098,0x0018BF7C
0x001DB098,0x0018E410
0x001DB098,0x0018E450
0x001DB098,0x0018E738
0x001DB098,0x001A53D8
0x001DB098,0x001B3FB0
0x001DB098,0x001B4280
0x001DB098,0x001B45A8
0x001DB098,0x001B5CE4
0x001DB098,0x001DE560
0x001DB098,0x001DE5D8
0x001DB098,0x001DE648
0x001DB098,0x001DF924
0x001DB098,0x001E0928
0x001DB7CC,0x001B3FB0
0x001DB7CC,0x001DE648
0x001DB7CC,0x001DF924
0x001DB8A8,0x0018E430
0x001DB8A8,0x001DE648
0x001DB94C,0x00182034
0x001DB94C,0x00182054
0x001DB94C,0x0018B9F4
0x001DB94C,0x0018BF7C
0x001DB94C,0x0018E430
0x001DB94C,0x001A53D8
0x001DB94C,0x001A53F8
0x001DB94C,0x001A6E1C
0x001DB94C,0x001B3FB0
0x001DB94C,0x001B4280
0x001DB94C,0x001B7D74
0x001DB94C,0x001B7E04
0x001DB94C,0x001BD288
0x001DB94C,0x001D7F2C
0x001DB94C,0x001DE560
0x001DB94C,0x001DE5D8
0x001DB94C,0x001DE648
0x001DB94C,0x001DE6CC
0x001DB94C,0x001DE6DC
0x001DB94C,0x001DF924
0x001DB94C,0x001E0928
0x001DC24C,0x0018E430
0x001DC24C,0x001B3FB0
0x001DC24C,0x001B4280
0x001DC24C,0x001B45A8
0x001DC24C,0x001DE648
0x001DC24C,0x001DF924
0x001DC8D0,0x00182FF8
0x001DC8E8,0x00127854
0x001DC8E8,0x00180A08
0x001DC8E8,0x001B5CE4
0x001DC8E8,0x001DD140
0x001DD140,0x00127854
0x001DD140,0x0017FFD8
0x001DD140,0x0018096C
0x001DD140,0x00182FF8
0x001DD140,0x0018301C
0x001DD140,0x0018391C
0x001DD140,0x001AA52C
0x001DD140,0x001AFE18
0x001DD140,0x001B5CE4
0x001DE510,0x001A561C
0x001DE510,0x001A59A8
0x001DE560,0x001A55AC
0x001DE560,0x001A56BC
0x001DE5BC,0x001A577C
0x001DE5D8,0x001A57CC
0x001DE5F4,0x001A581C
0x001DE610,0x001A5870
0x001DE62C,0x001A58C4
0x001DE648,0x001A5914
0x001DE678,0x001A595C
0x001DE690,0x001A59A8
0x001DE6AC,0x001A5700
0x001DE6CC,0x001A54F8
0x001DE6DC,0x001A5530
0x001DE6DC,0x001A6830
0x001DE6FC,0x001A5430
0x001DE6FC,0x001A5FE4
0x001DE8EC,0x001B5CE4
0x001DE8EC,0x001E35B0
0x001DED1C,0x001A5E04
0x001DED1C,0x001B5CE4
0x001DED1C,0x001E37C0
0x001DF008,0x001E56AC
0x001DF008,0x001E5D20
0x001DF008,0x001E5F08
0x001DF008,0x001E6130
0x001DF094,0x001B5CE4
0x001DF130,0x001C61BC
0x001DF130,0x001C6F4C
0x001DF130,0x001D3420
0x001DF130,0x001DE6DC
0x001DF1A8,0x001BFD58
0x001DF1A8,0x001C61BC
0x001DF1A8,0x001C6F4C
0x001DF1A8,0x001C7334
0x001DF274,0x001C0630
0x001DF290,0x001C0630
0x001DF2AC,0x001C0630
0x001DF2C4,0x001C0630
0x001DF2E0,0x001C0630
0x001DF2FC,0x001C0630
0x001DF318,0x001C0630
0x001DF3CC,0x0018AE00
0x001DF44C,0x001A4274
0x001DF44C,0x001C0630
0x001DF4A0,0x001A4274
0x001DF4A0,0x001BDBFC
0x001DF4A0,0x001C0630
0x001DF55C,0x0018B2FC
0x001DF55C,0x001A4274
0x001DF55C,0x001C0630
0x001DF5F8,0x001C0630
0x001DF61C,0x001C0630
0x001DF640,0x0017D454
0x001DF640,0x001CBB64
0x001DF640,0x001CBBA4
0x001DF640,0x001E415C
0x001DF68C,0x0017D454
0x001DF68C,0x001CBB64
0x001DF68C,0x001CBBA4
0x001DF68C,0x001E415C
0x001DF6D8,0x001C0A54
0x001DF6D8,0x001C2038
0x001DF6D8,0x001C7334
0x001DF6D8,0x001DE6DC
0x001DF750,0x0018B31C
0x001DF750,0x001B9490
0x001DF7E8,0x001B5CE4
0x001DF924,0x001DE648
0x001DFA0C,0x001DE648
0x001DFB10,0x001DF924
0x001DFB10,0x001DFA0C
0x001DFB64,0x001DE5F4
0x001DFB64,0x001DE648
0x001DFB64,0x001DF924
0x001DFB64,0x001DFA0C
0x001DFDB0,0x0018BCD4
0x001DFDB0,0x0018E450
0x001DFDB0,0x001A6388
0x001DFDB0,0x001ADE9C
0x001DFDB0,0x001B5CE4
0x001DFDB0,0x001DE6DC
0x001DFE18,0x001A5C08
0x001DFE18,0x001B3FB0
0x001DFE18,0x001B5CE4
0x001DFE18,0x001B8570
0x001DFE18,0x001B8620
0x001DFE18,0x001DC8E8
0x001E0100,0x0018B65C
0x001E0100,0x0018BFC0
0x001E0100,0x0018C678
0x001E0100,0x0018E4E4
0x001E0100,0x001A756C
0x001E0100,0x001A951C
0x001E0100,0x001AC6D0
0x001E0100,0x001AF538
0x001E0100,0x001B2648
0x001E0100,0x001B5CE4
0x001E0100,0x001BBD40
0x001E0100,0x001C5DF8
0x001E0100,0x001C61BC
0x001E0100,0x001DE6DC
0x001E0100,0x001DF1A8
0x001E03DC,0x00127854
0x001E03DC,0x001D24B8
0x001E0648,0x0018CF9C
0x001E0648,0x0018D0F4
0x001E0648,0x001C61BC
0x001E0648,0x001D1E74
0x001E0648,0x001D2018
0x001E0648,0x001E03DC
0x001E06CC,0x0018C678
0x001E06CC,0x0018CF9C
0x001E06CC,0x0018D0F4
0x001E06CC,0x001C61BC
0x001E06CC,0x001D1E74
0x001E06CC,0x001D2018
0x001E06CC,0x001DE6CC
0x001E06CC,0x001DE6DC
0x001E06CC,0x001E03DC
0x001E07F0,0x00127854
0x001E07F0,0x0018CC7C
0x001E07F0,0x0018CEC4
0x001E07F0,0x0018CF9C
0x001E07F0,0x001C61BC
0x001E07F0,0x001D2858
0x001E07F0,0x001DE6DC
0x001E07F0,0x001E03DC
0x001E08D0,0x0018CF68
0x001E08D0,0x0018E804
0x001E08D0,0x001A5CAC
0x001E08D0,0x001D2BC8
0x001E08D0,0x001DE6DC
0x001E0928,0x001A5E04
0x001E0928,0x001A5EF4
0x001E0928,0x001B5CE4
0x001E0928,0x001E19C0
0x001E0928,0x001E1F44
0x001E0928,0x001E2464
0x001E0928,0x001E2984
0x001E0928,0x001E2EA4
0x001E0B54,0x001DE678
0x001E0B54,0x001E0928
0x001E0BAC,0x001B5CE4
0x001E0BAC,0x001E1A20
0x001E0BAC,0x001E1FA4
0x001E0BAC,0x001E24C4
0x001E0BAC,0x001E29E4
0x001E0BAC,0x001E2F04
0x001E0D28,0x001B5CE4
0x001E0D28,0x001E1A20
0x001E0D28,0x001E1FA4
0x001E0D28,0x001E24C4
0x001E0D28,0x001E29E4
0x001E0D28,0x001E2F04
0x001E0EB8,0x001A595C
0x001E120C,0x001A5E04
0x001E120C,0x001B5CE4
0x001E120C,0x001E1BF8
0x001E120C,0x001E2154
0x001E120C,0x001E2674
0x001E120C,0x001E2B94
0x001E120C,0x001E30B4
0x001E14EC,0x001B5CE4
0x001E14EC,0x001E1DC8
0x001E14EC,0x001E2304
0x001E14EC,0x001E2824
0x001E14EC,0x001E2D44
0x001E14EC,0x001E3264
0x001E176C,0x00127854
0x001E1880,0x00127854
0x001E1880,0x001B5CE4
0x001E19C0,0x001A5F6C
0x001E19C0,0x001B5CE4
0x001E1A20,0x001B5CE4
0x001E1BF8,0x001A5F6C
0x001E1BF8,0x001B5CE4
0x001E1DC8,0x001B5CE4
0x001E1F44,0x001A5E04
0x001E1F44,0x001B5CE4
0x001E1FA4,0x001B5CE4
0x001E2154,0x001A5E04
0x001E2154,0x001B5CE4
0x001E2304,0x001B5CE4
0x001E2464,0x001A5E04
0x001E2464,0x001B5CE4
0x001E24C4,0x001B5CE4
0x001E2674,0x001A5E04
0x001E2674,0x001B5CE4
0x001E2824,0x001B5CE4
0x001E2984,0x001A5E04
0x001E2984,0x001B5CE4
0x001E29E4,0x001B5CE4
0x001E2B94,0x001A5E04
0x001E2B94,0x001B5CE4
0x001E2D44,0x001B5CE4
0x001E2EA4,0x001A5E04
0x001E2EA4,0x001B5CE4
0x001E2F04,0x001B5CE4
0x001E30B4,0x001A5E04
0x001E30B4,0x001B5CE4
0x001E3264,0x001B5CE4
0x001E35B0,0x001B5CE4
0x001E35B0,0x001E7B68
0x001E37C0,0x001A5F6C
0x001E37C0,0x001B5CE4
0x001E37C0,0x001E7B68
0x001E39F0,0x001A577C
0x001E39F0,0x001A5914
0x001E39F0,0x001B5CE4
0x001E39F0,0x001E3BB0
0x001E39F0,0x001E3C94
0x001E39F0,0x001E3D78
0x001E39F0,0x001E3E5C
0x001E3BB0,0x001A577C
0x001E3BB0,0x001A5914
0x001E3BB0,0x001B5CE4
0x001E3C94,0x001A577C
0x001E3C94,0x001A5914
0x001E3C94,0x001B5CE4
0x001E3D78,0x001A577C
0x001E3D78,0x001A5914
0x001E3D78,0x001B5CE4
0x001E3E5C,0x001A577C
0x001E3E5C,0x001A5914
0x001E3E5C,0x001B5CE4
0x001E415C,0x00127854
0x001E415C,0x0017DA58
0x001E415C,0x0018A710
0x001E415C,0x001A5AB4
0x001E415C,0x001A87F8
0x001E415C,0x001A89A0
0x001E415C,0x001A8B1C
0x001E415C,0x001A9074
0x001E415C,0x001A9114
0x001E415C,0x001A92BC
0x001E415C,0x001A9358
0x001E415C,0x001A951C
0x001E415C,0x001A974C
0x001E415C,0x001A98EC
0x001E415C,0x001A9A00
0x001E415C,0x001AB790
0x001E415C,0x001AC418
0x001E415C,0x001AD10C
0x001E415C,0x001AD880
0x001E415C,0x001ADA00
0x001E415C,0x001ADE9C
0x001E415C,0x001AE79C
0x001E415C,0x001AE814
0x001E415C,0x001AF3F0
0x001E415C,0x001B2648
0x001E415C,0x001B2AA4
0x001E415C,0x001B2BF4
0x001E415C,0x001B312C
0x001E415C,0x001B3390
0x001E415C,0x001B5CE4
0x001E415C,0x001DC8E8
0x001E415C,0x001DD140
0x001E415C,0x001E4AD0
0x001E415C,0x001E4C38
0x001E4478,0x0017AC68
0x001E4510,0x00127854
0x001E4550,0x00127854
0x001E4550,0x0018E274
0x001E45D4,0x00127854
0x001E4664,0x001253EC
0x001E4664,0x00125514
0x001E46A4,0x0012089C
0x001E46A4,0x00127854
0x001E46A4,0x00191C38
0x001E46A4,0x001977D4
0x001E46A4,0x001B5CE4
0x001E4838,0x0011F948
0x001E4838,0x0018BCD4
0x001E4864,0x001837C8
0x001E4864,0x001AF538
0x001E4864,0x001B5CE4
0x001E4924,0x0018B32C
0x001E4AD0,0x00182FF8
0x001E4AD0,0x001837E8
0x001E4AD0,0x0018B32C
0x001E4AD0,0x0018C678
0x001E4AD0,0x001A6830
0x001E4AD0,0x001A756C
0x001E4B74,0x0018E450
0x001E4B74,0x0018E4B8
0x001E4B74,0x0019EF5C
0x001E4B74,0x001B5CE4
0x001E4C38,0x0011F948
0x001E4C38,0x00183478
0x001E4C38,0x0018391C
0x001E4C38,0x0018B32C
0x001E4C38,0x0018BCD4
0x001E4C38,0x0018C678
0x001E4C38,0x0018CDB8
0x001E4C38,0x001A6830
0x001E4C38,0x001A756C
0x001E4C38,0x001E4864
0x001E4C38,0x001E4B74
0x001E518C,0x0013526C
0x001E5238,0x001270E4
0x001E5238,0x00146360
0x001E5238,0x001463CC
0x001E5238,0x001E518C
0x001E5238,0x001E522C
0x001E52F4,0x001E659C
0x001E52F4,0x001E6BA0
0x001E5498,0x001E659C
0x001E5650,0x001E659C
0x001E5650,0x001E6C04
0x001E5650,0x001E6DD0
0x001E56AC,0x001E5C7C
0x001E56AC,0x001E60CC
0x001E56AC,0x001E61DC
0x001E56F8,0x001E6EF8
0x001E5C7C,0x001E5A4C
0x001E5C7C,0x001E7278
0x001E5C7C,0x001E73C0
0x001E5CC8,0x001E5A4C
0x001E5CC8,0x001E7278
0x001E5CC8,0x001E73C0
0x001E5D20,0x001E71A8
0x001E5D20,0x001E7278
0x001E5D20,0x001E73C0
0x001E5F08,0x001E7278
0x001E5F08,0x001E73C0
0x001E6068,0x001E73C0
0x001E6068,0x001E7498
0x001E60CC,0x001E73C0
0x001E60CC,0x001E7498
0x001E6130,0x001E7278
0x001E61DC,0x001E73C0
0x001E6280,0x001E6E6C
0x001E6280,0x001E73C0
0x001E659C,0x001E62D0
0x001E659C,0x001E75D8
0x001E659C,0x001E77D8
0x001E65EC,0x001E62D0
0x001E65EC,0x001E75D8
0x001E65EC,0x001E77D8
0x001E6648,0x001E71A8
0x001E6648,0x001E75D8
0x001E6648,0x001E77D8
0x001E69A0,0x001E75D8
0x001E69A0,0x001E77D8
0x001E6BA0,0x001E77D8
0x001E6BA0,0x001E790C
0x001E6C04,0x001E77D8
0x001E6C04,0x001E790C
0x001E6C68,0x001E77D8
0x001E6C68,0x001E790C
0x001E6CCC,0x001E75D8
0x001E6DD0,0x001E5598
0x001E6DD0,0x001E77D8
0x001E6E6C,0x001E75D8
0x001E6E98,0x001E75BC
0x001E6E98,0x001E77D8
0x001E71A8,0x001E7A80
0x001E75BC,0x001E7278
0x001E75D8,0x001E5598
0x001E75D8,0x001E55F4
0x001E7C18,0x001E7FB8
0x001E7C80,0x001E7FB8
0x001E7CF0,0x001E7FB8
0x001E7D4C,0x001E7FB8
0x001E7F78,0x001EC09C
0x001E7FB8,0x001E6C68
0x001E7FB8,0x001E6EF8
0x001E7FB8,0x001E7B68
0x001E7FB8,0x001E7DB0
0x001E7FB8,0x001E7F78
0x001E7FB8,0x001E9C10
0x001E7FB8,0x001E9C8C
0x001E7FB8,0x001EA248
0x001E7FB8,0x001EA590
0x001E7FB8,0x001EB858
0x001E7FB8,0x001EBAB0
0x001E7FB8,0x001EBE18
0x001E7FB8,0x001EC73C
0x001E7FB8,0x001EC8B4
0x001E7FB8,0x001ECFA8
0x001E7FB8,0x001EE42C
0x001E7FB8,0x001EE464
0x001E7FB8,0x001EEA48
0x001E7FB8,0x001EECF8
0x001E7FB8,0x001EED5C
0x001E7FB8,0x001EEF8C
0x001E7FB8,0x001EEFC0
0x001E7FB8,0x001EEFF0
0x001E7FB8,0x001EF050
0x001E7FB8,0x001EF080
0x001E7FB8,0x001EF0B0
0x001E7FB8,0x001EF0E0
0x001E9B4C,0x001E7FB8
0x001E9BB0,0x001E7FB8
0x001E9C10,0x001E9DC8
0x001E9C8C,0x001E9C10
0x001E9D98,0x001E9C8C
0x001E9DC8,0x001E7DB0
0x001E9DC8,0x001EE5FC
0x001EA248,0x001EBAB0
0x001EA248,0x001EBE18
0x001EA248,0x001EC754
0x001EA398,0x001E6EF8
0x001EA398,0x001E7A80
0x001EA398,0x001EDA1C
0x001EA590,0x00164FAC
0x001EA590,0x001E659C
0x001EA590,0x001E65EC
0x001EA590,0x001E6648
0x001EA590,0x001E69A0
0x001EA590,0x001E6BA0
0x001EA590,0x001E6C04
0x001EA590,0x001E6C68
0x001EA590,0x001E6CCC
0x001EA590,0x001E6DD0
0x001EA590,0x001EA398
0x001EA590,0x001ED1C4
0x001EA590,0x001ED280
0x001EA590,0x001ED2AC
0x001EA590,0x001ED450
0x001EA590,0x001ED5A0
0x001EA590,0x001ED5C4
0x001EA590,0x001ED7E0
0x001EA590,0x001ED908
0x001EA590,0x001EDA1C
0x001EA590,0x001EDA84
0x001EA590,0x001EDD48
0x001EA590,0x001EECF8
0x001EA590,0x001EED5C
0x001EB858,0x001EBAB0
0x001EB858,0x001EC4D4
0x001EB858,0x001EEFF0
0x001EB858,0x001EF050
0x001EB9C0,0x001EEF8C
0x001EB9C0,0x001EF080
0x001EB9C0,0x001EF0B0
0x001EB9C0,0x001EF0E0
0x001EBA50,0x001E7B68
0x001EBA50,0x001EC8B4
0x001EBAB0,0x001EB9C0
0x001EBB1C,0x001EC4D4
0x001EBB4C,0x001EEFF0
0x001EBB64,0x001EBA50
0x001EBB64,0x001EBAB0
0x001EBB64,0x001EBB4C
0x001EBB64,0x001EEF8C
0x001EBB64,0x001EF050
0x001EBB64,0x001EF080
0x001EBB64,0x001EF0B0
0x001EBB64,0x001EF0E0
0x001EBC90,0x001EEFF0
0x001EBCB4,0x001EF050
0x001EBCD8,0x001EBB4C
0x001EBCD8,0x001EBB64
0x001EBCD8,0x001EC4D4
0x001EBD1C,0x001ED1AC
0x001EBD1C,0x001ED1C4
0x001EBD1C,0x001EE490
0x001EBE18,0x001EBD1C
0x001EBE18,0x001ED1AC
0x001EBE18,0x001ED1C4
0x001EC09C,0x001EA248
0x001EC09C,0x001EB858
0x001EC09C,0x001EBE18
0x001EC09C,0x001ECFA8
0x001EC09C,0x001ED080
0x001EC09C,0x001EDF3C
0x001EC4D4,0x001EBB4C
0x001EC4D4,0x001EBB64
0x001EC4D4,0x001EEFF0
0x001EC4D4,0x001EF050
0x001EC5B0,0x001EBB4C
0x001EC5B0,0x001EBB64
0x001EC5B0,0x001EEFF0
0x001EC5B0,0x001EF050
0x001EC690,0x001EE5FC
0x001EC73C,0x001EC70C
0x001EC754,0x001EC8B4
0x001EC754,0x001EE98C
0x001EC754,0x001EEDDC
0x001EC8B4,0x001EBE18
0x001EC8B4,0x001ED1AC
0x001EC8B4,0x001ED1C4
0x001EC8B4,0x001EE490
0x001ED1AC,0x001EEFF0
0x001ED1C4,0x001EE6F8
0x001ED1C4,0x001EF050
0x001ED2AC,0x00164FAC
0x001ED2AC,0x001E7A80
0x001ED2AC,0x001ED1C4
0x001ED2AC,0x001ED280
0x001ED388,0x001E6EF8
0x001ED388,0x001ED1C4
0x001ED388,0x001ED2AC
0x001ED5A0,0x001ED1C4
0x001ED5C4,0x001E7A80
0x001ED5C4,0x001ED1C4
0x001ED7E0,0x001ED280
0x001ED7E0,0x001ED2AC
0x001ED7E0,0x001ED5A0
0x001ED7E0,0x001ED5C4
0x001ED908,0x001ED1C4
0x001ED908,0x001ED280
0x001EDA84,0x001ED1C4
0x001EDA84,0x001EDA1C
0x001EDC58,0x001ED450
0x001EDD48,0x001ED1C4
0x001EDD48,0x001ED450
0x001EDD48,0x001ED4D0
0x001EDE70,0x001E69A0
0x001EDE70,0x001EDC58
0x001EDEEC,0x001E6648
0x001EDF3C,0x00164FAC
0x001EDF3C,0x001EBE18
0x001EDF3C,0x001EC8B4
0x001EDF3C,0x001ED1AC
0x001EDF3C,0x001ED1C4
0x001EE490,0x001EEE68
0x001EE4C8,0x001EEA08
0x001EE514,0x001EE6B8
0x001EE514,0x001EE9C8
0x001EE6B8,0x001EEE98
0x001EE6F8,0x001E7A80
0x001EE6F8,0x001E7B68
0x001EE6F8,0x001EC8B4
0x001EE7A8,0x001EEDC0
0x001EE7E0,0x001EB858
0x001EE7E0,0x001EBAB0
0x001EE7E0,0x001EBB4C
0x001EE7E0,0x001EBB64
0x001EE7E0,0x001EBE18
0x001EE7E0,0x001EEFC0
0x001EE7E0,0x001EEFF0
0x001EE7E0,0x001EF050
0x001EE98C,0x001EEDC8
0x001EE9C8,0x001EEDE4
0x001EEA08,0x001EEE00
0x001EECF8,0x001E77D8
0x001EECF8,0x001E790C
0x001EED5C,0x001E77D8
0x001EED5C,0x001E790C
0x001EEDE4,0x001EF114
0x001EEE00,0x001EEF58
0x001EEE98,0x001EEF10
