address,file_offset,ida_defined,direct_call_count,save_prologue,follows_return_delay_slot,ida_container,confidence,reasons
0x0010018C,0x0012E18C,True,9,False,False,,ida-defined,ida|direct-call-x9
0x00100234,0x0012E234,True,1,False,True,,ida-defined,ida|direct-call-x1|after-return-delay-slot
0x001002CC,0x0012E2CC,True,1,True,True,,ida-defined,ida|direct-call-x1|save-prologue|after-return-delay-slot
0x00101368,0x0012F368,True,1,False,True,,ida-defined,ida|direct-call-x1|after-return-delay-slot
0x00101370,0x0012F370,False,8,True,True,,high,direct-call-x8|save-prologue|after-return-delay-slot
0x00101538,0x0012F538,True,1,True,True,,ida-defined,ida|direct-call-x1|save-prologue|after-return-delay-slot
0x00101C1C,0x0012FC1C,True,1,True,True,,ida-defined,ida|direct-call-x1|save-prologue|after-return-delay-slot
0x00101E74,0x0012FE74,True,1,False,True,,ida-defined,ida|direct-call-x1|after-return-delay-slot
0x00101E8C,0x0012FE8C,True,1,False,True,,ida-defined,ida|direct-call-x1|after-return-delay-slot
0x00101EA0,0x0012FEA0,True,9,False,True,,ida-defined,ida|direct-call-x9|after-return-delay-slot
0x00101EB0,0x0012FEB0,True,1,True,True,,ida-defined,ida|direct-call-x1|save-prologue|after-return-delay-slot
0x00102018,0x00130018,True,1,True,True,,ida-defined,ida|direct-call-x1|save-prologue|after-return-delay-slot
0x00102118,0x00130118,True,0,True,True,,ida-defined,ida|save-prologue|after-return-delay-slot
0x00102154,0x00130154,True,0,True,True,,ida-defined,ida|save-prologue|after-return-delay-slot
0x001021BC,0x001301BC,False,0,True,True,,medium,save-prologue|after-return-delay-slot
0x001021DC,0x001301DC,False,0,True,False,,low,save-prologue
0x00102384,0x00130384,False,0,True,True,,medium,save-prologue|after-return-delay-slot
0x001023B0,0x001303B0,False,0,True,True,,medium,save-prologue|after-return-delay-slot
0x0010251C,0x0013051C,True,2,True,True,,ida-defined,ida|direct-call-x2|save-prologue|after-return-delay-slot
0x00102854,0x00130854,True,2,True,True,,ida-defined,ida|direct-call-x2|save-prologue|after-return-delay-slot
0x0010294C,0x0013094C,True,0,True,True,,ida-defined,ida|save-prologue|after-return-delay-slot
0x00102CA0,0x00130CA0,True,0,True,False,,ida-defined,ida|save-prologue
0x00102F2C,0x00130F2C,True,13,True,True,,ida-defined,ida|direct-call-x13|save-prologue|after-return-delay-slot
0x00102FB8,0x00130FB8,True,9,True,True,,ida-defined,ida|direct-call-x9|save-prologue|after-return-delay-slot
0x00103044,0x00131044,True,7,True,True,,ida-defined,ida|direct-call-x7|save-prologue|after-return-delay-slot
0x00103064,0x00131064,True,5,True,True,,ida-defined,ida|direct-call-x5|save-prologue|after-return-delay-slot
0x00103310,0x00131310,True,0,True,False,,ida-defined,ida|save-prologue
0x00103404,0x00131404,False,0,True,False,0x00103310:sub_103310,low,save-prologue
0x0010345C,0x0013145C,False,4,True,False,0x00103310:sub_103310,high,direct-call-x4|save-prologue
0x001035D0,0x001315D0,True,0,True,True,,ida-defined,ida|save-prologue|after-return-delay-slot
0x00103724,0x00131724,False,0,True,False,0x001035D0:sub_1035D0,low,save-prologue
0x00103770,0x00131770,True,1,True,True,,ida-defined,ida|direct-call-x1|save-prologue|after-return-delay-slot
0x00103894,0x00131894,True,6,True,True,,ida-defined,ida|direct-call-x6|save-prologue|after-return-delay-slot
0x00103B04,0x00131B04,True,0,True,True,,ida-defined,ida|save-prologue|after-return-delay-slot
0x00103B8C,0x00131B8C,True,5,True,False,,ida-defined,ida|direct-call-x5|save-prologue
0x00103CE8,0x00131CE8,False,1,False,False,0x00103B8C:sub_103B8C,low,direct-call-x1
0x00103D00,0x00131D00,True,1,False,True,,ida-defined,ida|direct-call-x1|after-return-delay-slot
0x00103D1C,0x00131D1C,True,1,False,True,,ida-defined,ida|direct-call-x1|after-return-delay-slot
0x00103D38,0x00131D38,True,1,False,True,,ida-defined,ida|direct-call-x1|after-return-delay-slot
0x00103D54,0x00131D54,True,1,False,True,,ida-defined,ida|direct-call-x1|after-return-delay-slot
0x00103D70,0x00131D70,True,1,False,True,,ida-defined,ida|direct-call-x1|after-return-delay-slot
0x00103D8C,0x00131D8C,True,1,False,True,,ida-defined,ida|direct-call-x1|after-return-delay-slot
0x00103DA8,0x00131DA8,True,1,False,True,,ida-defined,ida|direct-call-x1|after-return-delay-slot
0x00103DBC,0x00131DBC,True,1,True,False,,ida-defined,ida|direct-call-x1|save-prologue
0x001045D8,0x001325D8,True,1,False,True,,ida-defined,ida|direct-call-x1|after-return-delay-slot
0x00104640,0x00132640,True,1,True,True,,ida-defined,ida|direct-call-x1|save-prologue|after-return-delay-slot
0x00104718,0x00132718,True,1,False,False,,ida-defined,ida|direct-call-x1
0x00104728,0x00132728,True,13,False,False,,ida-defined,ida|direct-call-x13
0x001047B4,0x001327B4,True,1,True,True,,ida-defined,ida|direct-call-x1|save-prologue|after-return-delay-slot
0x0010487C,0x0013287C,True,1,False,True,,ida-defined,ida|direct-call-x1|after-return-delay-slot
0x00104884,0x00132884,True,3,True,True,,ida-defined,ida|direct-call-x3|save-prologue|after-return-delay-slot
0x00104C60,0x00132C60,True,7,True,True,,ida-defined,ida|direct-call-x7|save-prologue|after-return-delay-slot
0x00104D40,0x00132D40,True,1,True,True,,ida-defined,ida|direct-call-x1|save-prologue|after-return-delay-slot
0x00104E20,0x00132E20,True,5,False,True,,ida-defined,ida|direct-call-x5|after-return-delay-slot
0x00104EF8,0x00132EF8,True,2,True,True,,ida-defined,ida|direct-call-x2|save-prologue|after-return-delay-slot
0x00104FD8,0x00132FD8,True,1,False,True,,ida-defined,ida|direct-call-x1|after-return-delay-slot
0x00104FE4,0x00132FE4,True,1,False,True,,ida-defined,ida|direct-call-x1|after-return-delay-slot
0x00104FF0,0x00132FF0,True,1,False,True,,ida-defined,ida|direct-call-x1|after-return-delay-slot
0x00104FFC,0x00132FFC,True,1,True,True,,ida-defined,ida|direct-call-x1|save-prologue|after-return-delay-slot
0x001050A4,0x001330A4,True,2,True,False,,ida-defined,ida|direct-call-x2|save-prologue
0x00105238,0x00133238,True,0,True,True,,ida-defined,ida|save-prologue|after-return-delay-slot
0x001053A8,0x001333A8,True,1,True,False,,ida-defined,ida|direct-call-x1|save-prologue
0x0010542C,0x0013342C,True,2,False,False,,ida-defined,ida|direct-call-x2
0x00105438,0x00133438,True,2,True,True,,ida-defined,ida|direct-call-x2|save-prologue|after-return-delay-slot
0x00105500,0x00133500,True,1,True,False,,ida-defined,ida|direct-call-x1|save-prologue
0x001056B8,0x001336B8,True,0,True,True,,ida-defined,ida|save-prologue|after-return-delay-slot
0x001056E0,0x001336E0,False,1,True,False,0x001056B8:sub_1056B8,high,direct-call-x1|save-prologue
0x00105724,0x00133724,True,0,True,True,,ida-defined,ida|save-prologue|after-return-delay-slot
0x00105778,0x00133778,False,0,True,False,0x00105724:sub_105724,low,save-prologue
0x00105810,0x00133810,False,0,True,False,0x00105724:sub_105724,low,save-prologue
0x0010587C,0x0013387C,False,0,True,False,0x00105724:sub_105724,low,save-prologue
0x00105928,0x00133928,False,0,True,False,0x00105724:sub_105724,low,save-prologue
0x00105994,0x00133994,False,0,True,False,0x00105724:sub_105724,low,save-prologue
0x00105A40,0x00133A40,False,0,True,False,0x00105724:sub_105724,low,save-prologue
0x00105AAC,0x00133AAC,False,0,True,False,0x00105724:sub_105724,low,save-prologue
0x00105B58,0x00133B58,False,0,True,False,0x00105724:sub_105724,low,save-prologue
0x00105BC4,0x00133BC4,False,0,True,False,0x00105724:sub_105724,low,save-prologue
0x00105C70,0x00133C70,False,0,True,False,0x00105724:sub_105724,low,save-prologue
0x00105CF4,0x00133CF4,False,0,True,False,0x00105724:sub_105724,low,save-prologue
0x00105D78,0x00133D78,False,0,True,False,0x00105724:sub_105724,low,save-prologue
0x00105E18,0x00133E18,False,0,True,False,0x00105724:sub_105724,low,save-prologue
0x00105E98,0x00133E98,False,0,True,False,0x00105724:sub_105724,low,save-prologue
0x0010643C,0x0013443C,False,0,True,False,,low,save-prologue
0x001064BC,0x001344BC,False,0,True,False,,low,save-prologue
0x001064F0,0x001344F0,False,0,True,False,,low,save-prologue
0x001065F0,0x001345F0,False,0,True,False,,low,save-prologue
0x00106630,0x00134630,False,0,True,False,,low,save-prologue
0x00106680,0x00134680,True,0,True,False,,ida-defined,ida|save-prologue
0x00106700,0x00134700,False,0,True,False,0x00106680:sub_106680,low,save-prologue
0x00106734,0x00134734,False,0,True,False,0x00106680:sub_106680,low,save-prologue
0x00106774,0x00134774,False,0,True,False,0x00106680:sub_106680,low,save-prologue
0x001067A8,0x001347A8,False,0,True,False,0x00106680:sub_106680,low,save-prologue
0x001067E8,0x001347E8,False,0,True,False,0x00106680:sub_106680,low,save-prologue
0x0010681C,0x0013481C,False,0,True,False,0x00106680:sub_106680,low,save-prologue
0x00106988,0x00134988,False,0,True,False,,low,save-prologue
0x001069A4,0x001349A4,True,1,True,False,,ida-defined,ida|direct-call-x1|save-prologue
0x00106D88,0x00134D88,False,0,True,False,,low,save-prologue
0x00106DC0,0x00134DC0,True,0,True,True,,ida-defined,ida|save-prologue|after-return-delay-slot
0x00106F40,0x00134F40,True,1,False,True,,ida-defined,ida|direct-call-x1|after-return-delay-slot
0x00106F88,0x00134F88,True,196,True,True,,ida-defined,ida|direct-call-x196|save-prologue|after-return-delay-slot
0x0010750C,0x0013550C,True,187,False,False,,ida-defined,ida|direct-call-x187
0x00107580,0x00135580,True,2,True,False,,ida-defined,ida|direct-call-x2|save-prologue
0x00107638,0x00135638,True,1,False,True,,ida-defined,ida|direct-call-x1|after-return-delay-slot
0x00107650,0x00135650,True,4,True,False,,ida-defined,ida|direct-call-x4|save-prologue
0x00107684,0x00135684,True,1,True,True,,ida-defined,ida|direct-call-x1|save-prologue|after-return-delay-slot
0x001076B8,0x001356B8,False,1,True,True,,high,direct-call-x1|save-prologue|after-return-delay-slot
0x001078B0,0x001358B0,True,0,True,True,,ida-defined,ida|save-prologue|after-return-delay-slot
0x00107928,0x00135928,True,2,True,True,,ida-defined,ida|direct-call-x2|save-prologue|after-return-delay-slot
0x001079AC,0x001359AC,True,2,True,False,,ida-defined,ida|direct-call-x2|save-prologue
0x001083A8,0x001363A8,True,3,True,True,,ida-defined,ida|direct-call-x3|save-prologue|after-return-delay-slot
0x001084C8,0x001364C8,True,6,False,True,,ida-defined,ida|direct-call-x6|after-return-delay-slot
0x001084E4,0x001364E4,True,12,True,False,,ida-defined,ida|direct-call-x12|save-prologue
0x0010853C,0x0013653C,True,7,True,False,,ida-defined,ida|direct-call-x7|save-prologue
0x001085CC,0x001365CC,True,12,False,False,,ida-defined,ida|direct-call-x12
0x001085E8,0x001365E8,False,39,True,False,0x001085CC:sub_1085CC,high,direct-call-x39|save-prologue
0x001086EC,0x001366EC,True,2,True,True,,ida-defined,ida|direct-call-x2|save-prologue|after-return-delay-slot
0x001087BC,0x001367BC,True,13,True,True,,ida-defined,ida|direct-call-x13|save-prologue|after-return-delay-slot
0x0010890C,0x0013690C,True,1,False,True,,ida-defined,ida|direct-call-x1|after-return-delay-slot
0x00108928,0x00136928,True,1,False,True,,ida-defined,ida|direct-call-x1|after-return-delay-slot
0x00108940,0x00136940,True,1,False,True,,ida-defined,ida|direct-call-x1|after-return-delay-slot
0x0010895C,0x0013695C,True,1,False,True,,ida-defined,ida|direct-call-x1|after-return-delay-slot
0x00108978,0x00136978,True,11,True,True,,ida-defined,ida|direct-call-x11|save-prologue|after-return-delay-slot
0x00108A9C,0x00136A9C,True,1,True,True,,ida-defined,ida|direct-call-x1|save-prologue|after-return-delay-slot
0x00108B00,0x00136B00,False,0,True,False,0x00108A9C:sub_108A9C,low,save-prologue
0x00108B94,0x00136B94,True,74,True,True,,ida-defined,ida|direct-call-x74|save-prologue|after-return-delay-slot
0x00108D6C,0x00136D6C,True,0,True,False,,ida-defined,ida|save-prologue
0x00108DD0,0x00136DD0,True,12,True,True,,ida-defined,ida|direct-call-x12|save-prologue|after-return-delay-slot
0x001095E0,0x001375E0,True,1,False,True,,ida-defined,ida|direct-call-x1|after-return-delay-slot
0x00109614,0x00137614,False,0,True,False,0x001095E0:sub_1095E0,low,save-prologue
0x001097C0,0x001377C0,True,1,True,True,,ida-defined,ida|direct-call-x1|save-prologue|after-return-delay-slot
0x001099B8,0x001379B8,True,0,True,True,,ida-defined,ida|save-prologue|after-return-delay-slot
0x00109B64,0x00137B64,True,1,True,True,,ida-defined,ida|direct-call-x1|save-prologue|after-return-delay-slot
0x00109D5C,0x00137D5C,True,3,True,True,,ida-defined,ida|direct-call-x3|save-prologue|after-return-delay-slot
0x00109E74,0x00137E74,True,1,True,False,,ida-defined,ida|direct-call-x1|save-prologue
0x00109EF0,0x00137EF0,True,3,True,False,,ida-defined,ida|direct-call-x3|save-prologue
0x0010A074,0x00138074,True,1,True,False,,ida-defined,ida|direct-call-x1|save-prologue
0x0010A0F0,0x001380F0,True,3,True,False,,ida-defined,ida|direct-call-x3|save-prologue
0x0010A274,0x00138274,True,1,True,False,,ida-defined,ida|direct-call-x1|save-prologue
0x0010A2F0,0x001382F0,True,4,True,False,,ida-defined,ida|direct-call-x4|save-prologue
0x0010A40C,0x0013840C,True,1,True,False,,ida-defined,ida|direct-call-x1|save-prologue
0x0010A488,0x00138488,True,5,True,False,,ida-defined,ida|direct-call-x5|save-prologue
0x0010A5C8,0x001385C8,True,1,True,False,,ida-defined,ida|direct-call-x1|save-prologue
0x0010A644,0x00138644,True,7,True,False,,ida-defined,ida|direct-call-x7|save-prologue
0x0010A7D4,0x001387D4,True,1,True,False,,ida-defined,ida|direct-call-x1|save-prologue
0x0010A850,0x00138850,True,3,True,False,,ida-defined,ida|direct-call-x3|save-prologue
0x0010AB10,0x00138B10,True,1,True,False,,ida-defined,ida|direct-call-x1|save-prologue
0x0010AB8C,0x00138B8C,False,0,True,False,0x0010AB10:sub_10AB10,low,save-prologue
0x0010AC94,0x00138C94,True,1,True,True,,ida-defined,ida|direct-call-x1|save-prologue|after-return-delay-slot
0x0010ADF4,0x00138DF4,True,0,True,True,,ida-defined,ida|save-prologue|after-return-delay-slot
0x0010AEFC,0x00138EFC,True,1,True,True,,ida-defined,ida|direct-call-x1|save-prologue|after-return-delay-slot
0x0010B05C,0x0013905C,True,0,True,True,,ida-defined,ida|save-prologue|after-return-delay-slot
0x0010B164,0x00139164,True,1,True,True,,ida-defined,ida|direct-call-x1|save-prologue|after-return-delay-slot
0x0010B2C4,0x001392C4,True,0,True,True,,ida-defined,ida|save-prologue|after-return-delay-slot
0x0010B3CC,0x001393CC,True,1,True,True,,ida-defined,ida|direct-call-x1|save-prologue|after-return-delay-slot
0x0010B52C,0x0013952C,True,0,True,True,,ida-defined,ida|save-prologue|after-return-delay-slot
0x0010B634,0x00139634,True,1,True,True,,ida-defined,ida|direct-call-x1|save-prologue|after-return-delay-slot
0x0010B794,0x00139794,True,0,True,True,,ida-defined,ida|save-prologue|after-return-delay-slot
0x0010B8B0,0x001398B0,True,1,True,True,,ida-defined,ida|direct-call-x1|save-prologue|after-return-delay-slot
0x0010BA24,0x00139A24,True,0,True,True,,ida-defined,ida|save-prologue|after-return-delay-slot
0x0010BB4C,0x00139B4C,True,1,True,True,,ida-defined,ida|direct-call-x1|save-prologue|after-return-delay-slot
0x0010BCCC,0x00139CCC,True,3,True,True,,ida-defined,ida|direct-call-x3|save-prologue|after-return-delay-slot
0x0010BF08,0x00139F08,True,1,True,False,,ida-defined,ida|direct-call-x1|save-prologue
0x0010BF84,0x00139F84,True,3,True,False,,ida-defined,ida|direct-call-x3|save-prologue
0x0010C09C,0x0013A09C,True,1,True,False,,ida-defined,ida|direct-call-x1|save-prologue
0x0010C118,0x0013A118,True,3,True,False,,ida-defined,ida|direct-call-x3|save-prologue
0x0010C258,0x0013A258,True,1,True,False,,ida-defined,ida|direct-call-x1|save-prologue
0x0010C2D4,0x0013A2D4,True,3,True,False,,ida-defined,ida|direct-call-x3|save-prologue
0x0010C3EC,0x0013A3EC,True,1,True,False,,ida-defined,ida|direct-call-x1|save-prologue
0x0010C468,0x0013A468,True,3,True,False,,ida-defined,ida|direct-call-x3|save-prologue
0x0010C5D4,0x0013A5D4,True,1,True,False,,ida-defined,ida|direct-call-x1|save-prologue
0x0010C650,0x0013A650,True,3,True,False,,ida-defined,ida|direct-call-x3|save-prologue
0x0010C764,0x0013A764,True,1,True,False,,ida-defined,ida|direct-call-x1|save-prologue
0x0010C7E0,0x0013A7E0,True,3,True,False,,ida-defined,ida|direct-call-x3|save-prologue
0x0010C8F8,0x0013A8F8,True,1,True,False,,ida-defined,ida|direct-call-x1|save-prologue
0x0010C988,0x0013A988,True,1,True,False,,ida-defined,ida|direct-call-x1|save-prologue
0x0010CA14,0x0013AA14,False,1,True,False,0x0010C988:sub_10C988,high,direct-call-x1|save-prologue
0x0010CB3C,0x0013AB3C,True,0,True,False,,ida-defined,ida|save-prologue
0x0010CBB8,0x0013ABB8,False,1,True,False,0x0010CB3C:sub_10CB3C,high,direct-call-x1|save-prologue
0x0010CD28,0x0013AD28,True,0,True,False,,ida-defined,ida|save-prologue
0x0010CDA4,0x0013ADA4,True,3,True,False,,ida-defined,ida|direct-call-x3|save-prologue
0x0010CF2C,0x0013AF2C,True,1,True,True,,ida-defined,ida|direct-call-x1|save-prologue|after-return-delay-slot
0x0010CFA8,0x0013AFA8,True,3,True,False,,ida-defined,ida|direct-call-x3|save-prologue
0x0010D180,0x0013B180,True,1,True,False,,ida-defined,ida|direct-call-x1|save-prologue
0x0010D200,0x0013B200,True,3,True,False,,ida-defined,ida|direct-call-x3|save-prologue
0x0010D34C,0x0013B34C,True,1,True,False,,ida-defined,ida|direct-call-x1|save-prologue
0x0010D3C8,0x0013B3C8,True,3,True,False,,ida-defined,ida|direct-call-x3|save-prologue
0x0010D62C,0x0013B62C,True,1,True,True,,ida-defined,ida|direct-call-x1|save-prologue|after-return-delay-slot
0x0010D6AC,0x0013B6AC,True,2,True,False,,ida-defined,ida|direct-call-x2|save-prologue
0x0010D7C0,0x0013B7C0,True,1,True,True,,ida-defined,ida|direct-call-x1|save-prologue|after-return-delay-slot
0x0010DAAC,0x0013BAAC,False,0,True,False,0x0010D7C0:sub_10D7C0,low,save-prologue
0x0010DC58,0x0013BC58,True,0,True,True,,ida-defined,ida|save-prologue|after-return-delay-slot
0x0010DD64,0x0013BD64,True,1,True,True,,ida-defined,ida|direct-call-x1|save-prologue|after-return-delay-slot
0x0010DECC,0x0013BECC,True,0,True,True,,ida-defined,ida|save-prologue|after-return-delay-slot
0x0010DFD8,0x0013BFD8,True,1,True,True,,ida-defined,ida|direct-call-x1|save-prologue|after-return-delay-slot
0x0010E140,0x0013C140,True,0,True,True,,ida-defined,ida|save-prologue|after-return-delay-slot
0x0010E24C,0x0013C24C,True,1,True,True,,ida-defined,ida|direct-call-x1|save-prologue|after-return-delay-slot
0x0010E3B4,0x0013C3B4,True,0,True,True,,ida-defined,ida|save-prologue|after-return-delay-slot
0x0010E4C0,0x0013C4C0,True,1,True,True,,ida-defined,ida|direct-call-x1|save-prologue|after-return-delay-slot
0x0010E628,0x0013C628,True,3,True,True,,ida-defined,ida|direct-call-x3|save-prologue|after-return-delay-slot
0x0010E85C,0x0013C85C,True,1,True,False,,ida-defined,ida|direct-call-x1|save-prologue
0x0010E8DC,0x0013C8DC,True,3,True,False,,ida-defined,ida|direct-call-x3|save-prologue
0x0010EA58,0x0013CA58,True,1,True,False,,ida-defined,ida|direct-call-x1|save-prologue
0x0010EAD4,0x0013CAD4,True,3,True,False,,ida-defined,ida|direct-call-x3|save-prologue
0x0010ECB0,0x0013CCB0,True,1,True,False,,ida-defined,ida|direct-call-x1|save-prologue
0x0010ED2C,0x0013CD2C,True,3,True,False,,ida-defined,ida|direct-call-x3|save-prologue
0x0010EEAC,0x0013CEAC,True,1,True,False,,ida-defined,ida|direct-call-x1|save-prologue
0x0010EF28,0x0013CF28,False,1,True,False,0x0010EEAC:sub_10EEAC,high,direct-call-x1|save-prologue
0x0010F210,0x0013D210,False,1,True,False,0x0010EEAC:sub_10EEAC,high,direct-call-x1|save-prologue
0x0010F528,0x0013D528,True,1,False,False,,ida-defined,ida|direct-call-x1
0x0010F55C,0x0013D55C,True,0,True,True,,ida-defined,ida|save-prologue|after-return-delay-slot
0x0010F68C,0x0013D68C,True,0,True,True,,ida-defined,ida|save-prologue|after-return-delay-slot
0x0010F6C4,0x0013D6C4,True,1,True,True,,ida-defined,ida|direct-call-x1|save-prologue|after-return-delay-slot
0x0010F714,0x0013D714,True,1,False,True,,ida-defined,ida|direct-call-x1|after-return-delay-slot
0x0010F71C,0x0013D71C,True,1,False,True,,ida-defined,ida|direct-call-x1|after-return-delay-slot
0x0010F724,0x0013D724,True,1,False,True,,ida-defined,ida|direct-call-x1|after-return-delay-slot
0x0010F72C,0x0013D72C,True,1,False,True,,ida-defined,ida|direct-call-x1|after-return-delay-slot
0x0010F740,0x0013D740,True,1,False,False,,ida-defined,ida|direct-call-x1
0x0010F754,0x0013D754,True,1,False,False,,ida-defined,ida|direct-call-x1
0x0010F768,0x0013D768,True,1,True,False,,ida-defined,ida|direct-call-x1|save-prologue
0x0010F79C,0x0013D79C,True,1,True,True,,ida-defined,ida|direct-call-x1|save-prologue|after-return-delay-slot
0x0010F7CC,0x0013D7CC,True,2,True,False,,ida-defined,ida|direct-call-x2|save-prologue
0x0010F800,0x0013D800,True,1,True,True,,ida-defined,ida|direct-call-x1|save-prologue|after-return-delay-slot
0x0010F830,0x0013D830,True,2,True,False,,ida-defined,ida|direct-call-x2|save-prologue
0x0010F864,0x0013D864,True,1,True,True,,ida-defined,ida|direct-call-x1|save-prologue|after-return-delay-slot
0x0010F8E8,0x0013D8E8,False,1,True,False,0x0010F864:sub_10F864,high,direct-call-x1|save-prologue
0x0010F984,0x0013D984,False,1,True,False,0x0010F864:sub_10F864,high,direct-call-x1|save-prologue
0x0010F99C,0x0013D99C,False,1,True,False,0x0010F864:sub_10F864,high,direct-call-x1|save-prologue
0x0010FA08,0x0013DA08,False,1,True,False,0x0010F864:sub_10F864,high,direct-call-x1|save-prologue
0x0010FA74,0x0013DA74,False,0,True,False,0x0010F864:sub_10F864,low,save-prologue
0x0010FC00,0x0013DC00,True,0,True,True,,ida-defined,ida|save-prologue|after-return-delay-slot
0x0010FD88,0x0013DD88,True,0,True,True,,ida-defined,ida|save-prologue|after-return-delay-slot
0x0010FF04,0x0013DF04,True,0,True,True,,ida-defined,ida|save-prologue|after-return-delay-slot
0x001101A8,0x0013E1A8,True,0,True,True,,ida-defined,ida|save-prologue|after-return-delay-slot
0x0011031C,0x0013E31C,True,0,True,True,,ida-defined,ida|save-prologue|after-return-delay-slot
0x00110494,0x0013E494,True,0,True,True,,ida-defined,ida|save-prologue|after-return-delay-slot
0x001104F4,0x0013E4F4,True,0,True,True,,ida-defined,ida|save-prologue|after-return-delay-slot
0x00110554,0x0013E554,True,0,True,True,,ida-defined,ida|save-prologue|after-return-delay-slot
0x001105B0,0x0013E5B0,True,0,True,True,,ida-defined,ida|save-prologue|after-return-delay-slot
0x0011060C,0x0013E60C,True,0,True,True,,ida-defined,ida|save-prologue|after-return-delay-slot
0x00110688,0x0013E688,True,0,True,True,,ida-defined,ida|save-prologue|after-return-delay-slot
0x00110704,0x0013E704,True,0,True,True,,ida-defined,ida|save-prologue|after-return-delay-slot
0x00110780,0x0013E780,True,0,True,True,,ida-defined,ida|save-prologue|after-return-delay-slot
0x001107FC,0x0013E7FC,True,0,True,True,,ida-defined,ida|save-prologue|after-return-delay-slot
0x00110848,0x0013E848,True,0,True,True,,ida-defined,ida|save-prologue|after-return-delay-slot
0x00110898,0x0013E898,True,0,True,True,,ida-defined,ida|save-prologue|after-return-delay-slot
0x00110978,0x0013E978,False,0,True,False,,low,save-prologue
0x00110AE4,0x0013EAE4,True,0,True,True,,ida-defined,ida|save-prologue|after-return-delay-slot
0x00110C68,0x0013EC68,True,0,True,True,,ida-defined,ida|save-prologue|after-return-delay-slot
0x00110DF4,0x0013EDF4,True,0,True,True,,ida-defined,ida|save-prologue|after-return-delay-slot
0x00110F80,0x0013EF80,True,0,True,True,,ida-defined,ida|save-prologue|after-return-delay-slot
0x0011110C,0x0013F10C,True,0,True,True,,ida-defined,ida|save-prologue|after-return-delay-slot
0x001112C8,0x0013F2C8,True,0,True,True,,ida-defined,ida|save-prologue|after-return-delay-slot
0x00111454,0x0013F454,True,0,True,True,,ida-defined,ida|save-prologue|after-return-delay-slot
0x00111610,0x0013F610,True,0,True,True,,ida-defined,ida|save-prologue|after-return-delay-slot
0x00111668,0x0013F668,True,0,True,True,,ida-defined,ida|save-prologue|after-return-delay-slot
0x001116BC,0x0013F6BC,True,0,True,True,,ida-defined,ida|save-prologue|after-return-delay-slot
0x0011179C,0x0013F79C,True,0,True,True,,ida-defined,ida|save-prologue|after-return-delay-slot
0x00111878,0x0013F878,True,0,True,True,,ida-defined,ida|save-prologue|after-return-delay-slot
0x00111958,0x0013F958,True,0,True,True,,ida-defined,ida|save-prologue|after-return-delay-slot
0x00111A34,0x0013FA34,True,0,True,True,,ida-defined,ida|save-prologue|after-return-delay-slot
0x00111B14,0x0013FB14,True,0,True,True,,ida-defined,ida|save-prologue|after-return-delay-slot
0x00111BF0,0x0013FBF0,True,0,True,True,,ida-defined,ida|save-prologue|after-return-delay-slot
0x00111CD0,0x0013FCD0,True,0,True,True,,ida-defined,ida|save-prologue|after-return-delay-slot
0x00111DAC,0x0013FDAC,True,0,True,True,,ida-defined,ida|save-prologue|after-return-delay-slot
0x00111E8C,0x0013FE8C,True,0,True,True,,ida-defined,ida|save-prologue|after-return-delay-slot
0x00111F68,0x0013FF68,True,0,True,True,,ida-defined,ida|save-prologue|after-return-delay-slot
0x0011205C,0x0014005C,True,0,True,True,,ida-defined,ida|save-prologue|after-return-delay-slot
0x0011214C,0x0014014C,True,0,True,True,,ida-defined,ida|save-prologue|after-return-delay-slot
0x0011224C,0x0014024C,True,0,True,True,,ida-defined,ida|save-prologue|after-return-delay-slot
0x00112354,0x00140354,True,0,True,True,,ida-defined,ida|save-prologue|after-return-delay-slot
0x001123E4,0x001403E4,False,0,True,False,0x00112354:sub_112354,low,save-prologue
0x00112458,0x00140458,False,0,True,False,0x00112354:sub_112354,low,save-prologue
0x00112494,0x00140494,True,0,True,True,,ida-defined,ida|save-prologue|after-return-delay-slot
0x001124D0,0x001404D0,True,0,True,True,,ida-defined,ida|save-prologue|after-return-delay-slot
0x00112520,0x00140520,True,0,True,True,,ida-defined,ida|save-prologue|after-return-delay-slot
0x00112570,0x00140570,True,0,True,True,,ida-defined,ida|save-prologue|after-return-delay-slot
0x00112624,0x00140624,False,0,True,False,0x00112570:sub_112570,low,save-prologue
0x001126CC,0x001406CC,False,0,True,False,0x00112570:sub_112570,low,save-prologue
0x001127A8,0x001407A8,True,0,True,True,,ida-defined,ida|save-prologue|after-return-delay-slot
0x0011287C,0x0014087C,True,0,True,True,,ida-defined,ida|save-prologue|after-return-delay-slot
0x001128CC,0x001408CC,True,0,True,True,,ida-defined,ida|save-prologue|after-return-delay-slot
0x0011291C,0x0014091C,True,0,True,True,,ida-defined,ida|save-prologue|after-return-delay-slot
0x00112960,0x00140960,True,0,True,True,,ida-defined,ida|save-prologue|after-return-delay-slot
0x00112A74,0x00140A74,False,0,True,False,,low,save-prologue
0x00112B20,0x00140B20,True,0,True,True,,ida-defined,ida|save-prologue|after-return-delay-slot
0x00112BD4,0x00140BD4,True,0,True,True,,ida-defined,ida|save-prologue|after-return-delay-slot
0x00112DB8,0x00140DB8,True,0,True,True,,ida-defined,ida|save-prologue|after-return-delay-slot
0x00112F9C,0x00140F9C,True,0,True,True,,ida-defined,ida|save-prologue|after-return-delay-slot
0x00113054,0x00141054,False,0,True,False,0x00112F9C:sub_112F9C,low,save-prologue
0x00113100,0x00141100,False,0,True,False,0x00112F9C:sub_112F9C,low,save-prologue
0x00113178,0x00141178,True,0,True,True,,ida-defined,ida|save-prologue|after-return-delay-slot
0x001131F0,0x001411F0,True,0,True,True,,ida-defined,ida|save-prologue|after-return-delay-slot
0x0011325C,0x0014125C,True,0,True,True,,ida-defined,ida|save-prologue|after-return-delay-slot
0x001132C8,0x001412C8,True,0,True,True,,ida-defined,ida|save-prologue|after-return-delay-slot
0x0011334C,0x0014134C,True,0,True,True,,ida-defined,ida|save-prologue|after-return-delay-slot
0x001133D0,0x001413D0,True,0,True,True,,ida-defined,ida|save-prologue|after-return-delay-slot
0x0011344C,0x0014144C,False,0,True,False,0x001133D0:sub_1133D0,low,save-prologue
0x001134D4,0x001414D4,True,0,True,False,,ida-defined,ida|save-prologue
0x0011355C,0x0014155C,True,0,True,True,,ida-defined,ida|save-prologue|after-return-delay-slot
0x001135E4,0x001415E4,True,0,True,True,,ida-defined,ida|save-prologue|after-return-delay-slot
0x00113608,0x00141608,True,1,True,True,,ida-defined,ida|direct-call-x1|save-prologue|after-return-delay-slot
0x0011362C,0x0014162C,True,3,True,True,,ida-defined,ida|direct-call-x3|save-prologue|after-return-delay-slot
0x0011365C,0x0014165C,True,1,True,True,,ida-defined,ida|direct-call-x1|save-prologue|after-return-delay-slot
0x00113680,0x00141680,True,1,True,True,,ida-defined,ida|direct-call-x1|save-prologue|after-return-delay-slot
0x001136A4,0x001416A4,True,1,True,True,,ida-defined,ida|direct-call-x1|save-prologue|after-return-delay-slot
0x001136C8,0x001416C8,True,1,True,True,,ida-defined,ida|direct-call-x1|save-prologue|after-return-delay-slot
0x001137E4,0x001417E4,True,1,True,True,,ida-defined,ida|direct-call-x1|save-prologue|after-return-delay-slot
0x00113808,0x00141808,True,1,True,True,,ida-defined,ida|direct-call-x1|save-prologue|after-return-delay-slot
0x001139BC,0x001419BC,True,2,True,False,,ida-defined,ida|direct-call-x2|save-prologue
0x00113A3C,0x00141A3C,True,4,False,True,,ida-defined,ida|direct-call-x4|after-return-delay-slot
0x00113A6C,0x00141A6C,True,5,False,False,,ida-defined,ida|direct-call-x5
0x00113AD4,0x00141AD4,False,2,True,False,0x00113A6C:sub_113A6C,high,direct-call-x2|save-prologue
0x00113B14,0x00141B14,False,0,True,False,0x00113A6C:sub_113A6C,low,save-prologue
0x00113B70,0x00141B70,False,4,True,False,0x00113A6C:sub_113A6C,high,direct-call-x4|save-prologue
0x00113B94,0x00141B94,False,2,True,True,,high,direct-call-x2|save-prologue|after-return-delay-slot
0x00113BC0,0x00141BC0,False,0,True,False,,low,save-prologue
0x00113C5C,0x00141C5C,False,4,True,False,,high,direct-call-x4|save-prologue
0x00113CEC,0x00141CEC,True,2,True,True,,ida-defined,ida|direct-call-x2|save-prologue|after-return-delay-slot
0x00113D18,0x00141D18,False,0,True,False,0x00113CEC:sub_113CEC,low,save-prologue
0x00113DC0,0x00141DC0,True,4,True,False,,ida-defined,ida|direct-call-x4|save-prologue
0x00113E58,0x00141E58,True,2,True,True,,ida-defined,ida|direct-call-x2|save-prologue|after-return-delay-slot
0x00113EC8,0x00141EC8,False,0,True,False,0x00113E58:sub_113E58,low,save-prologue
0x00113F64,0x00141F64,True,4,False,False,,ida-defined,ida|direct-call-x4
0x00113F6C,0x00141F6C,True,1,True,True,,ida-defined,ida|direct-call-x1|save-prologue|after-return-delay-slot
0x00114004,0x00142004,True,4,False,False,,ida-defined,ida|direct-call-x4
0x001140D4,0x001420D4,True,4,False,False,,ida-defined,ida|direct-call-x4
0x00114108,0x00142108,True,4,False,False,,ida-defined,ida|direct-call-x4
0x0011413C,0x0014213C,True,4,False,False,,ida-defined,ida|direct-call-x4
0x0011420C,0x0014220C,True,6,False,False,,ida-defined,ida|direct-call-x6
0x00114260,0x00142260,True,3,False,False,,ida-defined,ida|direct-call-x3
0x00114290,0x00142290,True,3,False,False,,ida-defined,ida|direct-call-x3
0x001142B4,0x001422B4,False,0,True,False,0x00114290:sub_114290,low,save-prologue
0x00114374,0x00142374,False,1,False,False,0x00114290:sub_114290,low,direct-call-x1
0x0011437C,0x0014237C,True,3,False,True,,ida-defined,ida|direct-call-x3|after-return-delay-slot
0x001143C0,0x001423C0,False,2,True,False,0x0011437C:sub_11437C,high,direct-call-x2|save-prologue
0x001143D8,0x001423D8,False,2,True,False,0x0011437C:sub_11437C,high,direct-call-x2|save-prologue
0x001143F0,0x001423F0,True,5,False,False,,ida-defined,ida|direct-call-x5
0x0011445C,0x0014245C,True,2,False,False,,ida-defined,ida|direct-call-x2
0x001144A4,0x001424A4,True,4,False,True,,ida-defined,ida|direct-call-x4|after-return-delay-slot
0x00114530,0x00142530,True,5,False,False,,ida-defined,ida|direct-call-x5
0x00114558,0x00142558,False,0,True,False,0x00114530:sub_114530,low,save-prologue
0x001146E8,0x001426E8,True,0,True,False,,ida-defined,ida|save-prologue
0x0011474C,0x0014274C,True,0,False,False,,ida-defined,ida
0x00114788,0x00142788,True,2,False,False,,ida-defined,ida|direct-call-x2
0x001147B0,0x001427B0,True,3,True,False,,ida-defined,ida|direct-call-x3|save-prologue
0x00114828,0x00142828,True,4,False,True,,ida-defined,ida|direct-call-x4|after-return-delay-slot
0x00114848,0x00142848,True,4,False,False,,ida-defined,ida|direct-call-x4
0x00114868,0x00142868,True,2,False,False,,ida-defined,ida|direct-call-x2
0x00114888,0x00142888,True,5,False,False,,ida-defined,ida|direct-call-x5
0x00114904,0x00142904,True,4,True,True,,ida-defined,ida|direct-call-x4|save-prologue|after-return-delay-slot
0x0011492C,0x0014292C,False,2,True,False,0x00114904:sub_114904,high,direct-call-x2|save-prologue
0x001149C0,0x001429C0,True,0,False,False,,ida-defined,ida
0x00114A00,0x00142A00,True,0,True,False,,ida-defined,ida|save-prologue
0x00114A74,0x00142A74,False,0,True,False,0x00114A00:sub_114A00,low,save-prologue
0x00114B08,0x00142B08,False,0,True,False,0x00114A00:sub_114A00,low,save-prologue
0x00114B60,0x00142B60,True,10,True,True,,ida-defined,ida|direct-call-x10|save-prologue|after-return-delay-slot
0x00114CFC,0x00142CFC,True,0,False,True,,ida-defined,ida|after-return-delay-slot
0x00114D14,0x00142D14,True,2,False,False,,ida-defined,ida|direct-call-x2
0x00114DF8,0x00142DF8,True,7,True,False,,ida-defined,ida|direct-call-x7|save-prologue
0x00115BF0,0x00143BF0,True,2,True,True,,ida-defined,ida|direct-call-x2|save-prologue|after-return-delay-slot
0x00115C30,0x00143C30,True,0,True,True,,ida-defined,ida|save-prologue|after-return-delay-slot
0x00115C70,0x00143C70,True,0,True,True,,ida-defined,ida|save-prologue|after-return-delay-slot
0x00115CB0,0x00143CB0,True,2,True,True,,ida-defined,ida|direct-call-x2|save-prologue|after-return-delay-slot
0x00115CF0,0x00143CF0,True,2,True,True,,ida-defined,ida|direct-call-x2|save-prologue|after-return-delay-slot
0x00115D30,0x00143D30,True,5,True,True,,ida-defined,ida|direct-call-x5|save-prologue|after-return-delay-slot
0x00115E54,0x00143E54,True,1,True,True,,ida-defined,ida|direct-call-x1|save-prologue|after-return-delay-slot
0x00116344,0x00144344,True,0,True,True,,ida-defined,ida|save-prologue|after-return-delay-slot
0x00116398,0x00144398,True,0,True,True,,ida-defined,ida|save-prologue|after-return-delay-slot
0x001163F8,0x001443F8,True,0,True,True,,ida-defined,ida|save-prologue|after-return-delay-slot
0x00116428,0x00144428,True,1,True,True,,ida-defined,ida|direct-call-x1|save-prologue|after-return-delay-slot
0x00116498,0x00144498,True,3,True,True,,ida-defined,ida|direct-call-x3|save-prologue|after-return-delay-slot
0x00116EB4,0x00144EB4,True,1,False,True,,ida-defined,ida|direct-call-x1|after-return-delay-slot
0x00116EC0,0x00144EC0,True,0,True,True,,ida-defined,ida|save-prologue|after-return-delay-slot
0x00116F2C,0x00144F2C,True,1,True,True,,ida-defined,ida|direct-call-x1|save-prologue|after-return-delay-slot
0x00117030,0x00145030,True,1,True,True,,ida-defined,ida|direct-call-x1|save-prologue|after-return-delay-slot
0x00117048,0x00145048,True,1,True,True,,ida-defined,ida|direct-call-x1|save-prologue|after-return-delay-slot
0x001171C0,0x001451C0,True,11,True,True,,ida-defined,ida|direct-call-x11|save-prologue|after-return-delay-slot
0x001173C0,0x001453C0,False,0,True,True,,medium,save-prologue|after-return-delay-slot
0x001175B0,0x001455B0,False,0,True,True,,medium,save-prologue|after-return-delay-slot
0x001177B8,0x001457B8,False,0,True,True,,medium,save-prologue|after-return-delay-slot
0x001179B0,0x001459B0,True,3,True,True,,ida-defined,ida|direct-call-x3|save-prologue|after-return-delay-slot
0x001179C8,0x001459C8,True,6,True,True,,ida-defined,ida|direct-call-x6|save-prologue|after-return-delay-slot
0x00117A64,0x00145A64,True,2,True,True,,ida-defined,ida|direct-call-x2|save-prologue|after-return-delay-slot
0x00117B00,0x00145B00,True,2,True,True,,ida-defined,ida|direct-call-x2|save-prologue|after-return-delay-slot
0x00117B18,0x00145B18,True,2,False,True,,ida-defined,ida|direct-call-x2|after-return-delay-slot
0x00117B2C,0x00145B2C,False,2,False,False,0x00117B18:sub_117B18,medium,direct-call-x2
0x00117B40,0x00145B40,False,12,False,False,0x00117B18:sub_117B18,high,direct-call-x12
0x00117B48,0x00145B48,True,15,True,True,,ida-defined,ida|direct-call-x15|save-prologue|after-return-delay-slot
0x00117C0C,0x00145C0C,True,2,True,False,,ida-defined,ida|direct-call-x2|save-prologue
0x00117CC4,0x00145CC4,True,6,False,True,,ida-defined,ida|direct-call-x6|after-return-delay-slot
0x00117CE0,0x00145CE0,True,2,True,False,,ida-defined,ida|direct-call-x2|save-prologue
0x00117D08,0x00145D08,True,6,False,True,,ida-defined,ida|direct-call-x6|after-return-delay-slot
0x00117D24,0x00145D24,False,1,True,False,0x00117D08:sub_117D08,high,direct-call-x1|save-prologue
0x00117D4C,0x00145D4C,True,2,True,True,,ida-defined,ida|direct-call-x2|save-prologue|after-return-delay-slot
0x00117D64,0x00145D64,True,1,True,True,,ida-defined,ida|direct-call-x1|save-prologue|after-return-delay-slot
0x00117DE4,0x00145DE4,True,2,True,True,,ida-defined,ida|direct-call-x2|save-prologue|after-return-delay-slot
0x00117E68,0x00145E68,True,10,False,True,,ida-defined,ida|direct-call-x10|after-return-delay-slot
0x00117E70,0x00145E70,True,9,False,True,,ida-defined,ida|direct-call-x9|after-return-delay-slot
0x00117E78,0x00145E78,False,3,True,True,,high,direct-call-x3|save-prologue|after-return-delay-slot
0x00117EA0,0x00145EA0,False,3,True,True,,high,direct-call-x3|save-prologue|after-return-delay-slot
0x00117EC8,0x00145EC8,True,3,True,True,,ida-defined,ida|direct-call-x3|save-prologue|after-return-delay-slot
0x00117EF0,0x00145EF0,True,3,True,True,,ida-defined,ida|direct-call-x3|save-prologue|after-return-delay-slot
0x00117F18,0x00145F18,True,3,True,True,,ida-defined,ida|direct-call-x3|save-prologue|after-return-delay-slot
0x00117F40,0x00145F40,True,3,True,True,,ida-defined,ida|direct-call-x3|save-prologue|after-return-delay-slot
0x00117F68,0x00145F68,False,1,True,True,,high,direct-call-x1|save-prologue|after-return-delay-slot
0x00117F8C,0x00145F8C,True,2,True,True,,ida-defined,ida|direct-call-x2|save-prologue|after-return-delay-slot
0x00118004,0x00146004,True,2,True,True,,ida-defined,ida|direct-call-x2|save-prologue|after-return-delay-slot
0x001180E8,0x001460E8,True,3,False,True,,ida-defined,ida|direct-call-x3|after-return-delay-slot
0x00118148,0x00146148,True,4,True,True,,ida-defined,ida|direct-call-x4|save-prologue|after-return-delay-slot
0x001181CC,0x001461CC,False,0,True,True,,medium,save-prologue|after-return-delay-slot
0x001181FC,0x001461FC,False,3,True,False,,high,direct-call-x3|save-prologue
0x00118284,0x00146284,True,2,False,True,,ida-defined,ida|direct-call-x2|after-return-delay-slot
0x00118294,0x00146294,True,1,False,False,,ida-defined,ida|direct-call-x1
0x001182C8,0x001462C8,True,1,False,False,,ida-defined,ida|direct-call-x1
0x001182E8,0x001462E8,True,2,True,False,,ida-defined,ida|direct-call-x2|save-prologue
0x001183B4,0x001463B4,True,3,False,False,,ida-defined,ida|direct-call-x3
0x001183C4,0x001463C4,True,2,False,True,,ida-defined,ida|direct-call-x2|after-return-delay-slot
0x001183DC,0x001463DC,True,2,False,False,,ida-defined,ida|direct-call-x2
0x001183F4,0x001463F4,True,2,True,False,,ida-defined,ida|direct-call-x2|save-prologue
0x0011840C,0x0014640C,True,2,False,True,,ida-defined,ida|direct-call-x2|after-return-delay-slot
0x00118418,0x00146418,True,2,True,True,,ida-defined,ida|direct-call-x2|save-prologue|after-return-delay-slot
0x00118450,0x00146450,False,1,False,False,0x00118418:sub_118418,low,direct-call-x1
0x0011845C,0x0014645C,True,1,False,True,,ida-defined,ida|direct-call-x1|after-return-delay-slot
0x00118468,0x00146468,True,1,False,True,,ida-defined,ida|direct-call-x1|after-return-delay-slot
0x00118488,0x00146488,True,1,False,False,,ida-defined,ida|direct-call-x1
0x001184A8,0x001464A8,True,3,True,False,,ida-defined,ida|direct-call-x3|save-prologue
0x00118594,0x00146594,True,2,True,True,,ida-defined,ida|direct-call-x2|save-prologue|after-return-delay-slot
0x00118680,0x00146680,True,2,True,True,,ida-defined,ida|direct-call-x2|save-prologue|after-return-delay-slot
0x00118770,0x00146770,True,2,True,True,,ida-defined,ida|direct-call-x2|save-prologue|after-return-delay-slot
0x00118860,0x00146860,True,12,True,True,,ida-defined,ida|direct-call-x12|save-prologue|after-return-delay-slot
0x001188F4,0x001468F4,False,2,False,False,0x00118860:sub_118860,medium,direct-call-x2
0x00118918,0x00146918,True,5,True,False,,ida-defined,ida|direct-call-x5|save-prologue
0x0011898C,0x0014698C,False,4,False,False,0x00118918:sub_118918,high,direct-call-x4
0x00118994,0x00146994,True,6,True,True,,ida-defined,ida|direct-call-x6|save-prologue|after-return-delay-slot
0x001189CC,0x001469CC,False,1,False,False,0x00118994:sub_118994,low,direct-call-x1
0x001189D4,0x001469D4,True,2,True,True,,ida-defined,ida|direct-call-x2|save-prologue|after-return-delay-slot
0x001189F8,0x001469F8,False,2,True,False,0x001189D4:sub_1189D4,high,direct-call-x2|save-prologue
0x00118A1C,0x00146A1C,False,2,True,False,0x001189D4:sub_1189D4,high,direct-call-x2|save-prologue
0x00118A90,0x00146A90,True,5,False,False,,ida-defined,ida|direct-call-x5
0x00118AA8,0x00146AA8,False,1,False,False,0x00118A90:sub_118A90,low,direct-call-x1
0x00118AB4,0x00146AB4,False,2,True,True,,high,direct-call-x2|save-prologue|after-return-delay-slot
0x00118F80,0x00146F80,False,3,True,True,,high,direct-call-x3|save-prologue|after-return-delay-slot
0x0011903C,0x0014703C,True,3,True,True,,ida-defined,ida|direct-call-x3|save-prologue|after-return-delay-slot
0x001190C0,0x001470C0,False,2,True,True,,high,direct-call-x2|save-prologue|after-return-delay-slot
0x001191A4,0x001471A4,False,2,True,True,,high,direct-call-x2|save-prologue|after-return-delay-slot
0x00119254,0x00147254,False,2,True,True,,high,direct-call-x2|save-prologue|after-return-delay-slot
0x0011938C,0x0014738C,False,2,True,True,,high,direct-call-x2|save-prologue|after-return-delay-slot
0x00119400,0x00147400,True,14,True,True,,ida-defined,ida|direct-call-x14|save-prologue|after-return-delay-slot
0x001194B8,0x001474B8,True,6,True,False,,ida-defined,ida|direct-call-x6|save-prologue
0x00119560,0x00147560,True,2,True,True,,ida-defined,ida|direct-call-x2|save-prologue|after-return-delay-slot
0x001195F4,0x001475F4,True,3,True,True,,ida-defined,ida|direct-call-x3|save-prologue|after-return-delay-slot
0x0011977C,0x0014777C,True,4,True,True,,ida-defined,ida|direct-call-x4|save-prologue|after-return-delay-slot
0x00119858,0x00147858,False,2,True,True,,high,direct-call-x2|save-prologue|after-return-delay-slot
0x001198C0,0x001478C0,False,4,True,True,,high,direct-call-x4|save-prologue|after-return-delay-slot
0x00119A3C,0x00147A3C,False,2,False,True,,medium,direct-call-x2|after-return-delay-slot
0x00119A58,0x00147A58,True,3,True,False,,ida-defined,ida|direct-call-x3|save-prologue
0x00119B40,0x00147B40,False,1,True,True,,high,direct-call-x1|save-prologue|after-return-delay-slot
0x00119C30,0x00147C30,True,4,True,True,,ida-defined,ida|direct-call-x4|save-prologue|after-return-delay-slot
0x00119C84,0x00147C84,True,1,False,False,,ida-defined,ida|direct-call-x1
0x00119C98,0x00147C98,False,2,True,False,0x00119C84:sub_119C84,high,direct-call-x2|save-prologue
0x00119E74,0x00147E74,True,2,True,True,,ida-defined,ida|direct-call-x2|save-prologue|after-return-delay-slot
0x0011A0AC,0x001480AC,True,2,True,True,,ida-defined,ida|direct-call-x2|save-prologue|after-return-delay-slot
0x0011A264,0x00148264,True,2,True,True,,ida-defined,ida|direct-call-x2|save-prologue|after-return-delay-slot
0x0011A4A4,0x001484A4,True,1,True,True,,ida-defined,ida|direct-call-x1|save-prologue|after-return-delay-slot
0x0011A4BC,0x001484BC,True,5,True,True,,ida-defined,ida|direct-call-x5|save-prologue|after-return-delay-slot
0x0011A524,0x00148524,False,1,True,False,0x0011A4BC:sub_11A4BC,high,direct-call-x1|save-prologue
0x0011A58C,0x0014858C,False,2,True,False,0x0011A4BC:sub_11A4BC,high,direct-call-x2|save-prologue
0x0011A644,0x00148644,True,1,False,True,,ida-defined,ida|direct-call-x1|after-return-delay-slot
0x0011A658,0x00148658,False,5,True,False,0x0011A644:sub_11A644,high,direct-call-x5|save-prologue
0x0011A6E8,0x001486E8,False,0,True,False,0x0011A644:sub_11A644,low,save-prologue
0x0011A8A8,0x001488A8,True,0,True,True,,ida-defined,ida|save-prologue|after-return-delay-slot
0x0011AA18,0x00148A18,True,0,True,True,,ida-defined,ida|save-prologue|after-return-delay-slot
0x0011AB30,0x00148B30,True,1,True,True,,ida-defined,ida|direct-call-x1|save-prologue|after-return-delay-slot
0x0011AF70,0x00148F70,True,0,True,True,,ida-defined,ida|save-prologue|after-return-delay-slot
0x0011B01C,0x0014901C,True,2,True,True,,ida-defined,ida|direct-call-x2|save-prologue|after-return-delay-slot
0x0011B41C,0x0014941C,True,0,True,True,,ida-defined,ida|save-prologue|after-return-delay-slot
0x0011B484,0x00149484,True,1,True,True,,ida-defined,ida|direct-call-x1|save-prologue|after-return-delay-slot
0x0011B5F8,0x001495F8,True,0,True,True,,ida-defined,ida|save-prologue|after-return-delay-slot
0x0011B694,0x00149694,True,2,True,True,,ida-defined,ida|direct-call-x2|save-prologue|after-return-delay-slot
0x0011BA10,0x00149A10,True,3,True,True,,ida-defined,ida|direct-call-x3|save-prologue|after-return-delay-slot
0x0011BCF0,0x00149CF0,True,0,True,True,,ida-defined,ida|save-prologue|after-return-delay-slot
0x0011BDD0,0x00149DD0,True,2,True,True,,ida-defined,ida|direct-call-x2|save-prologue|after-return-delay-slot
0x0011D348,0x0014B348,True,0,True,True,,ida-defined,ida|save-prologue|after-return-delay-slot
0x0011D3DC,0x0014B3DC,True,0,True,True,,ida-defined,ida|save-prologue|after-return-delay-slot
0x0011D494,0x0014B494,True,1,True,True,,ida-defined,ida|direct-call-x1|save-prologue|after-return-delay-slot
0x0011D580,0x0014B580,True,1,True,False,,ida-defined,ida|direct-call-x1|save-prologue
0x0011D78C,0x0014B78C,True,1,True,True,,ida-defined,ida|direct-call-x1|save-prologue|after-return-delay-slot
0x0011D8C4,0x0014B8C4,True,1,True,False,,ida-defined,ida|direct-call-x1|save-prologue
0x0011D984,0x0014B984,True,1,False,False,,ida-defined,ida|direct-call-x1
0x0011D98C,0x0014B98C,True,2,False,True,,ida-defined,ida|direct-call-x2|after-return-delay-slot
0x0011D9A0,0x0014B9A0,True,3,False,False,,ida-defined,ida|direct-call-x3
0x0011D9A8,0x0014B9A8,True,2,False,True,,ida-defined,ida|direct-call-x2|after-return-delay-slot
0x0011D9B0,0x0014B9B0,True,23,False,True,,ida-defined,ida|direct-call-x23|after-return-delay-slot
0x0011D9B8,0x0014B9B8,True,4,True,True,,ida-defined,ida|direct-call-x4|save-prologue|after-return-delay-slot
0x0011D9E8,0x0014B9E8,False,6,False,True,,high,direct-call-x6|after-return-delay-slot
0x0011DBEC,0x0014BBEC,True,6,False,True,,ida-defined,ida|direct-call-x6|after-return-delay-slot
0x0011DBFC,0x0014BBFC,False,5,True,False,0x0011DBEC:sub_11DBEC,high,direct-call-x5|save-prologue
0x0011DC60,0x0014BC60,True,2,True,True,,ida-defined,ida|direct-call-x2|save-prologue|after-return-delay-slot
0x0011DCB0,0x0014BCB0,True,3,True,True,,ida-defined,ida|direct-call-x3|save-prologue|after-return-delay-slot
0x0011DD50,0x0014BD50,True,3,True,True,,ida-defined,ida|direct-call-x3|save-prologue|after-return-delay-slot
0x0011DDA4,0x0014BDA4,True,8,True,True,,ida-defined,ida|direct-call-x8|save-prologue|after-return-delay-slot
0x0011DE08,0x0014BE08,True,4,False,True,,ida-defined,ida|direct-call-x4|after-return-delay-slot
0x0011DED8,0x0014BED8,True,2,False,True,,ida-defined,ida|direct-call-x2|after-return-delay-slot
0x0011DEE8,0x0014BEE8,False,7,True,False,0x0011DED8:sub_11DED8,high,direct-call-x7|save-prologue
0x0011DF3C,0x0014BF3C,True,7,True,True,,ida-defined,ida|direct-call-x7|save-prologue|after-return-delay-slot
0x0011DF90,0x0014BF90,True,1,True,True,,ida-defined,ida|direct-call-x1|save-prologue|after-return-delay-slot
0x0011DFE4,0x0014BFE4,True,1,True,True,,ida-defined,ida|direct-call-x1|save-prologue|after-return-delay-slot
0x0011E038,0x0014C038,True,4,True,True,,ida-defined,ida|direct-call-x4|save-prologue|after-return-delay-slot
0x0011E0A8,0x0014C0A8,True,4,True,True,,ida-defined,ida|direct-call-x4|save-prologue|after-return-delay-slot
0x0011E11C,0x0014C11C,True,1,True,True,,ida-defined,ida|direct-call-x1|save-prologue|after-return-delay-slot
0x0011E20C,0x0014C20C,True,2,True,True,,ida-defined,ida|direct-call-x2|save-prologue|after-return-delay-slot
0x0011E2A8,0x0014C2A8,True,1,True,True,,ida-defined,ida|direct-call-x1|save-prologue|after-return-delay-slot
0x0011E320,0x0014C320,True,1,True,True,,ida-defined,ida|direct-call-x1|save-prologue|after-return-delay-slot
0x0011E3A4,0x0014C3A4,True,0,True,True,,ida-defined,ida|save-prologue|after-return-delay-slot
0x0011E428,0x0014C428,True,0,True,True,,ida-defined,ida|save-prologue|after-return-delay-slot
0x0011E4AC,0x0014C4AC,True,1,True,True,,ida-defined,ida|direct-call-x1|save-prologue|after-return-delay-slot
0x0011E530,0x0014C530,True,2,True,True,,ida-defined,ida|direct-call-x2|save-prologue|after-return-delay-slot
0x0011E5B4,0x0014C5B4,True,2,True,True,,ida-defined,ida|direct-call-x2|save-prologue|after-return-delay-slot
0x0011E808,0x0014C808,True,2,True,True,,ida-defined,ida|direct-call-x2|save-prologue|after-return-delay-slot
0x0011E870,0x0014C870,False,3,True,False,0x0011E808:sub_11E808,high,direct-call-x3|save-prologue
0x0011E93C,0x0014C93C,True,4,True,True,,ida-defined,ida|direct-call-x4|save-prologue|after-return-delay-slot
0x0011EA70,0x0014CA70,True,2,False,True,,ida-defined,ida|direct-call-x2|after-return-delay-slot
0x0011EA78,0x0014CA78,True,1,False,True,,ida-defined,ida|direct-call-x1|after-return-delay-slot
0x0011EA90,0x0014CA90,True,4,False,False,,ida-defined,ida|direct-call-x4
0x0011EAA8,0x0014CAA8,True,9,False,False,,ida-defined,ida|direct-call-x9
0x0011EAC0,0x0014CAC0,True,2,False,False,,ida-defined,ida|direct-call-x2
0x0011EAE8,0x0014CAE8,True,1,True,True,,ida-defined,ida|direct-call-x1|save-prologue|after-return-delay-slot
0x0011EB00,0x0014CB00,True,1,True,True,,ida-defined,ida|direct-call-x1|save-prologue|after-return-delay-slot
0x0011EB44,0x0014CB44,True,0,True,True,,ida-defined,ida|save-prologue|after-return-delay-slot
0x0011EBCC,0x0014CBCC,True,4,True,True,,ida-defined,ida|direct-call-x4|save-prologue|after-return-delay-slot
0x0011ED60,0x0014CD60,True,7,True,True,,ida-defined,ida|direct-call-x7|save-prologue|after-return-delay-slot
0x0011EDFC,0x0014CDFC,True,4,True,True,,ida-defined,ida|direct-call-x4|save-prologue|after-return-delay-slot
0x0011EF80,0x0014CF80,True,0,True,True,,ida-defined,ida|save-prologue|after-return-delay-slot
0x0011F06C,0x0014D06C,True,0,True,True,,ida-defined,ida|save-prologue|after-return-delay-slot
0x0011F1A4,0x0014D1A4,True,4,True,True,,ida-defined,ida|direct-call-x4|save-prologue|after-return-delay-slot
0x0011F43C,0x0014D43C,True,4,True,True,,ida-defined,ida|direct-call-x4|save-prologue|after-return-delay-slot
0x0011F778,0x0014D778,True,4,False,True,,ida-defined,ida|direct-call-x4|after-return-delay-slot
0x0011F7B4,0x0014D7B4,True,2,True,False,,ida-defined,ida|direct-call-x2|save-prologue
0x0011F860,0x0014D860,True,2,False,False,,ida-defined,ida|direct-call-x2
0x0011F868,0x0014D868,True,3,True,True,,ida-defined,ida|direct-call-x3|save-prologue|after-return-delay-slot
0x0011F948,0x0014D948,True,1,False,True,,ida-defined,ida|direct-call-x1|after-return-delay-slot
0x0011F95C,0x0014D95C,False,4,False,False,0x0011F948:sub_11F948,high,direct-call-x4
0x0011F964,0x0014D964,True,1,False,True,,ida-defined,ida|direct-call-x1|after-return-delay-slot
0x0011F96C,0x0014D96C,True,0,True,True,,ida-defined,ida|save-prologue|after-return-delay-slot
0x0011F9B0,0x0014D9B0,True,5,True,False,,ida-defined,ida|direct-call-x5|save-prologue
0x001205BC,0x0014E5BC,True,1,False,True,,ida-defined,ida|direct-call-x1|after-return-delay-slot
0x001205E8,0x0014E5E8,True,0,True,True,,ida-defined,ida|save-prologue|after-return-delay-slot
0x0012061C,0x0014E61C,True,15,True,True,,ida-defined,ida|direct-call-x15|save-prologue|after-return-delay-slot
0x00120688,0x0014E688,True,3,False,True,,ida-defined,ida|direct-call-x3|after-return-delay-slot
0x00120690,0x0014E690,True,6,False,True,,ida-defined,ida|direct-call-x6|after-return-delay-slot
0x0012069C,0x0014E69C,True,3,False,True,,ida-defined,ida|direct-call-x3|after-return-delay-slot
0x001206B4,0x0014E6B4,True,1,False,True,,ida-defined,ida|direct-call-x1|after-return-delay-slot
0x001206C0,0x0014E6C0,True,3,False,True,,ida-defined,ida|direct-call-x3|after-return-delay-slot
0x001206CC,0x0014E6CC,True,1,False,True,,ida-defined,ida|direct-call-x1|after-return-delay-slot
0x001206E4,0x0014E6E4,True,5,False,False,,ida-defined,ida|direct-call-x5
0x001206F4,0x0014E6F4,True,0,True,True,,ida-defined,ida|save-prologue|after-return-delay-slot
0x00120790,0x0014E790,True,1,True,True,,ida-defined,ida|direct-call-x1|save-prologue|after-return-delay-slot
0x00120878,0x0014E878,True,1,True,False,,ida-defined,ida|direct-call-x1|save-prologue
0x0012089C,0x0014E89C,True,4,True,True,,ida-defined,ida|direct-call-x4|save-prologue|after-return-delay-slot
0x0012092C,0x0014E92C,False,2,False,False,0x0012089C:sub_12089C,medium,direct-call-x2
0x00120934,0x0014E934,True,2,False,True,,ida-defined,ida|direct-call-x2|after-return-delay-slot
0x00120948,0x0014E948,True,2,True,True,,ida-defined,ida|direct-call-x2|save-prologue|after-return-delay-slot
0x00120B40,0x0014EB40,True,1,False,False,,ida-defined,ida|direct-call-x1
0x00120B58,0x0014EB58,False,1,True,False,0x00120B40:sub_120B40,high,direct-call-x1|save-prologue
0x00120B8C,0x0014EB8C,True,1,False,False,,ida-defined,ida|direct-call-x1
0x00120B9C,0x0014EB9C,True,2,False,True,,ida-defined,ida|direct-call-x2|after-return-delay-slot
0x00120BC0,0x0014EBC0,True,6,True,False,,ida-defined,ida|direct-call-x6|save-prologue
0x00121050,0x0014F050,True,2,True,True,,ida-defined,ida|direct-call-x2|save-prologue|after-return-delay-slot
0x001210B4,0x0014F0B4,True,2,True,True,,ida-defined,ida|direct-call-x2|save-prologue|after-return-delay-slot
0x00121288,0x0014F288,True,2,True,True,,ida-defined,ida|direct-call-x2|save-prologue|after-return-delay-slot
0x001212DC,0x0014F2DC,True,2,True,True,,ida-defined,ida|direct-call-x2|save-prologue|after-return-delay-slot
0x00121328,0x0014F328,True,3,True,True,,ida-defined,ida|direct-call-x3|save-prologue|after-return-delay-slot
0x001214E4,0x0014F4E4,True,13,False,True,,ida-defined,ida|direct-call-x13|after-return-delay-slot
0x001214EC,0x0014F4EC,True,1,False,True,,ida-defined,ida|direct-call-x1|after-return-delay-slot
0x001214F4,0x0014F4F4,True,12,True,True,,ida-defined,ida|direct-call-x12|save-prologue|after-return-delay-slot
0x00121578,0x0014F578,True,13,True,True,,ida-defined,ida|direct-call-x13|save-prologue|after-return-delay-slot
0x00121600,0x0014F600,True,11,True,True,,ida-defined,ida|direct-call-x11|save-prologue|after-return-delay-slot
0x0012167C,0x0014F67C,True,1,False,True,,ida-defined,ida|direct-call-x1|after-return-delay-slot
0x00121690,0x0014F690,True,1,False,False,,ida-defined,ida|direct-call-x1
0x001216A8,0x0014F6A8,True,2,False,False,,ida-defined,ida|direct-call-x2
0x001216BC,0x0014F6BC,True,2,False,False,,ida-defined,ida|direct-call-x2
0x001216E0,0x0014F6E0,True,3,False,True,,ida-defined,ida|direct-call-x3|after-return-delay-slot
0x001216F4,0x0014F6F4,False,1,False,False,0x001216E0:sub_1216E0,low,direct-call-x1
0x00121704,0x0014F704,True,1,True,True,,ida-defined,ida|direct-call-x1|save-prologue|after-return-delay-slot
0x00121768,0x0014F768,True,1,True,True,,ida-defined,ida|direct-call-x1|save-prologue|after-return-delay-slot
0x001217CC,0x0014F7CC,True,3,False,True,,ida-defined,ida|direct-call-x3|after-return-delay-slot
0x001217DC,0x0014F7DC,True,3,True,False,,ida-defined,ida|direct-call-x3|save-prologue
0x0012180C,0x0014F80C,True,0,True,True,,ida-defined,ida|save-prologue|after-return-delay-slot
0x00121894,0x0014F894,True,2,False,True,,ida-defined,ida|direct-call-x2|after-return-delay-slot
0x001218A8,0x0014F8A8,True,1,True,False,,ida-defined,ida|direct-call-x1|save-prologue
0x00121BD0,0x0014FBD0,True,2,False,True,,ida-defined,ida|direct-call-x2|after-return-delay-slot
0x00121BD8,0x0014FBD8,True,4,True,True,,ida-defined,ida|direct-call-x4|save-prologue|after-return-delay-slot
0x00121CAC,0x0014FCAC,True,1,False,False,,ida-defined,ida|direct-call-x1
0x00121CC8,0x0014FCC8,False,1,False,False,0x00121CAC:sub_121CAC,low,direct-call-x1
0x00121CE4,0x0014FCE4,True,2,False,False,,ida-defined,ida|direct-call-x2
0x00121D14,0x0014FD14,True,2,False,True,,ida-defined,ida|direct-call-x2|after-return-delay-slot
0x00121D30,0x0014FD30,False,1,False,False,0x00121D14:sub_121D14,low,direct-call-x1
0x00121D3C,0x0014FD3C,True,4,False,True,,ida-defined,ida|direct-call-x4|after-return-delay-slot
0x00121D48,0x0014FD48,True,1,True,True,,ida-defined,ida|direct-call-x1|save-prologue|after-return-delay-slot
0x00121D84,0x0014FD84,True,3,False,True,,ida-defined,ida|direct-call-x3|after-return-delay-slot
0x00121DA4,0x0014FDA4,True,3,False,False,,ida-defined,ida|direct-call-x3
0x00121DC4,0x0014FDC4,False,1,True,False,0x00121DA4:sub_121DA4,high,direct-call-x1|save-prologue
0x00121DDC,0x0014FDDC,True,2,False,True,,ida-defined,ida|direct-call-x2|after-return-delay-slot
0x00121DE4,0x0014FDE4,True,2,False,True,,ida-defined,ida|direct-call-x2|after-return-delay-slot
0x00121DEC,0x0014FDEC,True,2,True,True,,ida-defined,ida|direct-call-x2|save-prologue|after-return-delay-slot
0x00121EFC,0x0014FEFC,True,1,False,True,,ida-defined,ida|direct-call-x1|after-return-delay-slot
0x00121F04,0x0014FF04,True,1,False,True,,ida-defined,ida|direct-call-x1|after-return-delay-slot
0x00121F0C,0x0014FF0C,True,1,False,True,,ida-defined,ida|direct-call-x1|after-return-delay-slot
0x00121F14,0x0014FF14,True,1,False,True,,ida-defined,ida|direct-call-x1|after-return-delay-slot
0x00121F1C,0x0014FF1C,True,1,False,True,,ida-defined,ida|direct-call-x1|after-return-delay-slot
0x00121F24,0x0014FF24,True,1,False,True,,ida-defined,ida|direct-call-x1|after-return-delay-slot
0x00121F3C,0x0014FF3C,True,6,False,False,,ida-defined,ida|direct-call-x6
0x00121F64,0x0014FF64,False,2,True,False,0x00121F3C:sub_121F3C,high,direct-call-x2|save-prologue
0x00121F7C,0x0014FF7C,True,1,False,True,,ida-defined,ida|direct-call-x1|after-return-delay-slot
0x00121F8C,0x0014FF8C,True,1,False,False,,ida-defined,ida|direct-call-x1
0x00121F94,0x0014FF94,True,1,False,True,,ida-defined,ida|direct-call-x1|after-return-delay-slot
0x00121F9C,0x0014FF9C,True,5,True,True,,ida-defined,ida|direct-call-x5|save-prologue|after-return-delay-slot
0x00122008,0x00150008,True,1,False,True,,ida-defined,ida|direct-call-x1|after-return-delay-slot
0x00122010,0x00150010,True,3,True,True,,ida-defined,ida|direct-call-x3|save-prologue|after-return-delay-slot
0x0012208C,0x0015008C,True,1,False,False,,ida-defined,ida|direct-call-x1
0x00122094,0x00150094,True,0,True,True,,ida-defined,ida|save-prologue|after-return-delay-slot
0x001220C0,0x001500C0,True,0,True,True,,ida-defined,ida|save-prologue|after-return-delay-slot
0x001220EC,0x001500EC,True,0,True,True,,ida-defined,ida|save-prologue|after-return-delay-slot
0x00122118,0x00150118,True,3,False,True,,ida-defined,ida|direct-call-x3|after-return-delay-slot
0x00122128,0x00150128,True,3,True,True,,ida-defined,ida|direct-call-x3|save-prologue|after-return-delay-slot
0x001221E4,0x001501E4,True,5,False,True,,ida-defined,ida|direct-call-x5|after-return-delay-slot
0x001221F8,0x001501F8,True,4,True,False,,ida-defined,ida|direct-call-x4|save-prologue
0x00122218,0x00150218,True,5,True,False,,ida-defined,ida|direct-call-x5|save-prologue
0x00122230,0x00150230,False,2,False,False,0x00122218:sub_122218,medium,direct-call-x2
0x00122240,0x00150240,False,1,True,False,0x00122218:sub_122218,high,direct-call-x1|save-prologue
0x001226CC,0x001506CC,True,36,False,False,,ida-defined,ida|direct-call-x36
0x00122710,0x00150710,False,10,True,True,,high,direct-call-x10|save-prologue|after-return-delay-slot
0x001227F4,0x001507F4,True,10,False,True,,ida-defined,ida|direct-call-x10|after-return-delay-slot
0x0012283C,0x0015083C,False,6,True,True,,high,direct-call-x6|save-prologue|after-return-delay-slot
0x001229F8,0x001509F8,True,4,True,True,,ida-defined,ida|direct-call-x4|save-prologue|after-return-delay-slot
0x00122B74,0x00150B74,True,2,True,True,,ida-defined,ida|direct-call-x2|save-prologue|after-return-delay-slot
0x00122C60,0x00150C60,True,2,True,True,,ida-defined,ida|direct-call-x2|save-prologue|after-return-delay-slot
0x00122CE8,0x00150CE8,True,2,True,True,,ida-defined,ida|direct-call-x2|save-prologue|after-return-delay-slot
0x00122D70,0x00150D70,True,2,True,True,,ida-defined,ida|direct-call-x2|save-prologue|after-return-delay-slot
0x00122DF8,0x00150DF8,True,2,True,True,,ida-defined,ida|direct-call-x2|save-prologue|after-return-delay-slot
0x00122E80,0x00150E80,True,2,True,True,,ida-defined,ida|direct-call-x2|save-prologue|after-return-delay-slot
0x00122F08,0x00150F08,True,9,True,True,,ida-defined,ida|direct-call-x9|save-prologue|after-return-delay-slot
0x00123010,0x00151010,True,1,True,True,,ida-defined,ida|direct-call-x1|save-prologue|after-return-delay-slot
0x00123118,0x00151118,True,3,True,True,,ida-defined,ida|direct-call-x3|save-prologue|after-return-delay-slot
0x0012319C,0x0015119C,True,4,True,True,,ida-defined,ida|direct-call-x4|save-prologue|after-return-delay-slot
0x001232D4,0x001512D4,True,2,True,True,,ida-defined,ida|direct-call-x2|save-prologue|after-return-delay-slot
0x0012336C,0x0015136C,True,1,True,True,,ida-defined,ida|direct-call-x1|save-prologue|after-return-delay-slot
0x00123440,0x00151440,True,1,True,True,,ida-defined,ida|direct-call-x1|save-prologue|after-return-delay-slot
0x0012345C,0x0015145C,True,14,True,True,,ida-defined,ida|direct-call-x14|save-prologue|after-return-delay-slot
0x0012355C,0x0015155C,True,4,True,True,,ida-defined,ida|direct-call-x4|save-prologue|after-return-delay-slot
0x00123620,0x00151620,True,4,True,True,,ida-defined,ida|direct-call-x4|save-prologue|after-return-delay-slot
0x0012379C,0x0015179C,True,4,False,True,,ida-defined,ida|direct-call-x4|after-return-delay-slot
0x001237E4,0x001517E4,True,16,True,True,,ida-defined,ida|direct-call-x16|save-prologue|after-return-delay-slot
0x00123838,0x00151838,True,21,True,True,,ida-defined,ida|direct-call-x21|save-prologue|after-return-delay-slot
0x0012388C,0x0015188C,True,2,True,True,,ida-defined,ida|direct-call-x2|save-prologue|after-return-delay-slot
0x001238E8,0x001518E8,True,1,True,True,,ida-defined,ida|direct-call-x1|save-prologue|after-return-delay-slot
0x001239A0,0x001519A0,True,10,True,True,,ida-defined,ida|direct-call-x10|save-prologue|after-return-delay-slot
0x00123A70,0x00151A70,True,4,True,True,,ida-defined,ida|direct-call-x4|save-prologue|after-return-delay-slot
0x00123AC4,0x00151AC4,True,0,True,True,,ida-defined,ida|save-prologue|after-return-delay-slot
0x00123C68,0x00151C68,True,3,True,True,,ida-defined,ida|direct-call-x3|save-prologue|after-return-delay-slot
0x00123DF4,0x00151DF4,True,3,True,False,,ida-defined,ida|direct-call-x3|save-prologue
0x00123E14,0x00151E14,True,2,True,True,,ida-defined,ida|direct-call-x2|save-prologue|after-return-delay-slot
0x00123EAC,0x00151EAC,True,13,False,True,,ida-defined,ida|direct-call-x13|after-return-delay-slot
0x00123EC4,0x00151EC4,True,2,False,False,,ida-defined,ida|direct-call-x2
0x00123ED4,0x00151ED4,False,1,True,False,0x00123EC4:sub_123EC4,high,direct-call-x1|save-prologue
0x00123EF0,0x00151EF0,True,2,True,True,,ida-defined,ida|direct-call-x2|save-prologue|after-return-delay-slot
0x0012416C,0x0015216C,True,6,False,True,,ida-defined,ida|direct-call-x6|after-return-delay-slot
0x0012417C,0x0015217C,False,2,False,False,0x0012416C:sub_12416C,medium,direct-call-x2
0x00124184,0x00152184,True,2,True,False,,ida-defined,ida|direct-call-x2|save-prologue
0x001241E8,0x001521E8,True,3,True,True,,ida-defined,ida|direct-call-x3|save-prologue|after-return-delay-slot
0x0012424C,0x0015224C,True,3,True,True,,ida-defined,ida|direct-call-x3|save-prologue|after-return-delay-slot
0x001242B0,0x001522B0,True,2,True,True,,ida-defined,ida|direct-call-x2|save-prologue|after-return-delay-slot
0x00124314,0x00152314,True,1,False,True,,ida-defined,ida|direct-call-x1|after-return-delay-slot
0x00124334,0x00152334,True,2,False,True,,ida-defined,ida|direct-call-x2|after-return-delay-slot
0x0012433C,0x0015233C,True,1,False,True,,ida-defined,ida|direct-call-x1|after-return-delay-slot
0x00124344,0x00152344,True,4,True,True,,ida-defined,ida|direct-call-x4|save-prologue|after-return-delay-slot
0x001244D8,0x001524D8,True,1,True,True,,ida-defined,ida|direct-call-x1|save-prologue|after-return-delay-slot
0x00124524,0x00152524,True,0,True,True,,ida-defined,ida|save-prologue|after-return-delay-slot
0x00124574,0x00152574,False,0,True,True,,medium,save-prologue|after-return-delay-slot
0x001245B0,0x001525B0,False,0,True,True,,medium,save-prologue|after-return-delay-slot
0x00124600,0x00152600,True,1,True,True,,ida-defined,ida|direct-call-x1|save-prologue|after-return-delay-slot
0x001247A0,0x001527A0,True,1,True,True,,ida-defined,ida|direct-call-x1|save-prologue|after-return-delay-slot
0x001247BC,0x001527BC,True,1,True,True,,ida-defined,ida|direct-call-x1|save-prologue|after-return-delay-slot
0x001247D4,0x001527D4,True,6,True,True,,ida-defined,ida|direct-call-x6|save-prologue|after-return-delay-slot
0x00124804,0x00152804,True,3,True,True,,ida-defined,ida|direct-call-x3|save-prologue|after-return-delay-slot
0x001248BC,0x001528BC,True,4,True,False,,ida-defined,ida|direct-call-x4|save-prologue
0x001248F0,0x001528F0,True,2,True,True,,ida-defined,ida|direct-call-x2|save-prologue|after-return-delay-slot
0x00124924,0x00152924,True,2,True,True,,ida-defined,ida|direct-call-x2|save-prologue|after-return-delay-slot
0x00124A20,0x00152A20,True,17,True,False,,ida-defined,ida|direct-call-x17|save-prologue
0x00124BA0,0x00152BA0,True,2,False,True,,ida-defined,ida|direct-call-x2|after-return-delay-slot
0x00124BC8,0x00152BC8,True,3,False,False,,ida-defined,ida|direct-call-x3
0x00124BF0,0x00152BF0,False,1,True,False,0x00124BC8:sub_124BC8,high,direct-call-x1|save-prologue
0x00124D40,0x00152D40,True,1,True,True,,ida-defined,ida|direct-call-x1|save-prologue|after-return-delay-slot
0x00124DC4,0x00152DC4,True,2,False,True,,ida-defined,ida|direct-call-x2|after-return-delay-slot
0x00124DF8,0x00152DF8,True,1,True,False,,ida-defined,ida|direct-call-x1|save-prologue
0x00124E7C,0x00152E7C,True,4,False,True,,ida-defined,ida|direct-call-x4|after-return-delay-slot
0x00124EB0,0x00152EB0,False,1,True,False,0x00124E7C:sub_124E7C,high,direct-call-x1|save-prologue
0x00124F34,0x00152F34,True,2,True,True,,ida-defined,ida|direct-call-x2|save-prologue|after-return-delay-slot
0x0012500C,0x0015300C,True,1,True,True,,ida-defined,ida|direct-call-x1|save-prologue|after-return-delay-slot
0x00125090,0x00153090,True,2,False,True,,ida-defined,ida|direct-call-x2|after-return-delay-slot
0x001250C4,0x001530C4,True,1,True,False,,ida-defined,ida|direct-call-x1|save-prologue
0x00125148,0x00153148,True,4,False,True,,ida-defined,ida|direct-call-x4|after-return-delay-slot
0x0012517C,0x0015317C,True,15,False,False,,ida-defined,ida|direct-call-x15
0x001251DC,0x001531DC,True,2,False,True,,ida-defined,ida|direct-call-x2|after-return-delay-slot
0x001251E4,0x001531E4,True,1,True,True,,ida-defined,ida|direct-call-x1|save-prologue|after-return-delay-slot
0x001253EC,0x001533EC,True,1,True,True,,ida-defined,ida|direct-call-x1|save-prologue|after-return-delay-slot
0x00125514,0x00153514,True,2,False,False,,ida-defined,ida|direct-call-x2
0x0012551C,0x0015351C,True,1,True,True,,ida-defined,ida|direct-call-x1|save-prologue|after-return-delay-slot
0x0012555C,0x0015355C,True,2,True,True,,ida-defined,ida|direct-call-x2|save-prologue|after-return-delay-slot
0x00125590,0x00153590,True,2,False,True,,ida-defined,ida|direct-call-x2|after-return-delay-slot
0x001255BC,0x001535BC,True,1,False,True,,ida-defined,ida|direct-call-x1|after-return-delay-slot
0x00125600,0x00153600,True,3,True,True,,ida-defined,ida|direct-call-x3|save-prologue|after-return-delay-slot
0x0012579C,0x0015379C,True,0,True,True,,ida-defined,ida|save-prologue|after-return-delay-slot
0x00125B18,0x00153B18,True,0,True,True,,ida-defined,ida|save-prologue|after-return-delay-slot
0x00125C9C,0x00153C9C,True,0,True,True,,ida-defined,ida|save-prologue|after-return-delay-slot
0x00125D04,0x00153D04,True,0,True,True,,ida-defined,ida|save-prologue|after-return-delay-slot
0x00125E08,0x00153E08,True,0,True,True,,ida-defined,ida|save-prologue|after-return-delay-slot
0x00125EB4,0x00153EB4,True,59,False,True,,ida-defined,ida|direct-call-x59|after-return-delay-slot
0x00125EC8,0x00153EC8,True,0,True,True,,ida-defined,ida|save-prologue|after-return-delay-slot
0x00125F00,0x00153F00,False,0,True,False,0x00125EC8:sub_125EC8,low,save-prologue
0x00125F68,0x00153F68,True,0,True,True,,ida-defined,ida|save-prologue|after-return-delay-slot
0x001260DC,0x001540DC,True,1,False,True,,ida-defined,ida|direct-call-x1|after-return-delay-slot
0x00126134,0x00154134,True,1,False,False,,ida-defined,ida|direct-call-x1
0x00126314,0x00154314,True,4,False,True,,ida-defined,ida|direct-call-x4|after-return-delay-slot
0x001265E8,0x001545E8,True,17,False,False,,ida-defined,ida|direct-call-x17
0x00126754,0x00154754,True,1,False,True,,ida-defined,ida|direct-call-x1|after-return-delay-slot
0x001268B8,0x001548B8,False,17,False,True,,high,direct-call-x17|after-return-delay-slot
0x00126A2C,0x00154A2C,True,19,False,True,,ida-defined,ida|direct-call-x19|after-return-delay-slot
0x00126C74,0x00154C74,True,0,False,True,,ida-defined,ida|after-return-delay-slot
0x00126DA8,0x00154DA8,True,1,False,True,,ida-defined,ida|direct-call-x1|after-return-delay-slot
0x00126E34,0x00154E34,False,0,True,True,,medium,save-prologue|after-return-delay-slot
0x00126E8C,0x00154E8C,True,1,True,True,,ida-defined,ida|direct-call-x1|save-prologue|after-return-delay-slot
0x00126ED8,0x00154ED8,False,0,True,True,,medium,save-prologue|after-return-delay-slot
0x00126F04,0x00154F04,False,0,True,False,,low,save-prologue
0x00126F3C,0x00154F3C,False,1,True,False,,high,direct-call-x1|save-prologue
0x00127040,0x00155040,True,2,False,False,,ida-defined,ida|direct-call-x2
0x0012705C,0x0015505C,False,1,False,False,0x00127040:sub_127040,low,direct-call-x1
0x00127094,0x00155094,False,2,False,False,0x00127040:sub_127040,medium,direct-call-x2
0x001270AC,0x001550AC,False,1,False,False,0x00127040:sub_127040,low,direct-call-x1
0x001270C4,0x001550C4,False,1,False,False,0x00127040:sub_127040,low,direct-call-x1
0x001270CC,0x001550CC,True,1,False,True,,ida-defined,ida|direct-call-x1|after-return-delay-slot
0x001270E4,0x001550E4,True,17,False,False,,ida-defined,ida|direct-call-x17
0x00127110,0x00155110,True,5,False,True,,ida-defined,ida|direct-call-x5|after-return-delay-slot
0x0012727C,0x0015527C,False,1,True,True,,high,direct-call-x1|save-prologue|after-return-delay-slot
0x0012734C,0x0015534C,False,0,True,True,,medium,save-prologue|after-return-delay-slot
0x001273B0,0x001553B0,False,0,True,True,,medium,save-prologue|after-return-delay-slot
0x0012746C,0x0015546C,True,73,False,True,,ida-defined,ida|direct-call-x73|after-return-delay-slot
0x00127478,0x00155478,True,60,False,True,,ida-defined,ida|direct-call-x60|after-return-delay-slot
0x001274A8,0x001554A8,False,1,True,True,,high,direct-call-x1|save-prologue|after-return-delay-slot
0x00127550,0x00155550,False,0,True,False,,low,save-prologue
0x00127588,0x00155588,True,1,False,True,,ida-defined,ida|direct-call-x1|after-return-delay-slot
0x001275D4,0x001555D4,True,2,True,True,,ida-defined,ida|direct-call-x2|save-prologue|after-return-delay-slot
0x00127624,0x00155624,True,29,True,False,,ida-defined,ida|direct-call-x29|save-prologue
0x001276E0,0x001556E0,True,5,True,True,,ida-defined,ida|direct-call-x5|save-prologue|after-return-delay-slot
0x00127758,0x00155758,False,0,True,True,,medium,save-prologue|after-return-delay-slot
0x001277D8,0x001557D8,True,1,True,True,,ida-defined,ida|direct-call-x1|save-prologue|after-return-delay-slot
0x00127854,0x00155854,True,2271,True,True,,ida-defined,ida|direct-call-x2271|save-prologue|after-return-delay-slot
0x00127970,0x00155970,False,0,True,True,,medium,save-prologue|after-return-delay-slot
0x00127A60,0x00155A60,False,0,True,True,,medium,save-prologue|after-return-delay-slot
0x00127A7C,0x00155A7C,False,0,True,True,,medium,save-prologue|after-return-delay-slot
0x00127AC8,0x00155AC8,False,1,True,True,,high,direct-call-x1|save-prologue|after-return-delay-slot
0x00127B18,0x00155B18,False,0,True,False,,low,save-prologue
0x00127B48,0x00155B48,False,0,True,True,,medium,save-prologue|after-return-delay-slot
0x00127BCC,0x00155BCC,False,0,True,True,,medium,save-prologue|after-return-delay-slot
0x00127C1C,0x00155C1C,True,1,False,False,,ida-defined,ida|direct-call-x1
0x00127CE8,0x00155CE8,True,2,False,True,,ida-defined,ida|direct-call-x2|after-return-delay-slot
0x00127CF0,0x00155CF0,False,1,True,True,,high,direct-call-x1|save-prologue|after-return-delay-slot
0x00128E7C,0x00156E7C,True,1,True,True,,ida-defined,ida|direct-call-x1|save-prologue|after-return-delay-slot
0x00128FE8,0x00156FE8,True,2,True,True,,ida-defined,ida|direct-call-x2|save-prologue|after-return-delay-slot
0x001295A0,0x001575A0,True,1,True,True,,ida-defined,ida|direct-call-x1|save-prologue|after-return-delay-slot
0x001297F0,0x001577F0,True,2,False,True,,ida-defined,ida|direct-call-x2|after-return-delay-slot
0x0012984C,0x0015784C,True,30,False,True,,ida-defined,ida|direct-call-x30|after-return-delay-slot
0x00129858,0x00157858,True,13,False,True,,ida-defined,ida|direct-call-x13|after-return-delay-slot
0x001298B4,0x001578B4,True,4,False,True,,ida-defined,ida|direct-call-x4|after-return-delay-slot
0x00129B50,0x00157B50,True,4,False,True,,ida-defined,ida|direct-call-x4|after-return-delay-slot
0x00129B88,0x00157B88,True,3,True,True,,ida-defined,ida|direct-call-x3|save-prologue|after-return-delay-slot
0x00129D64,0x00157D64,True,1,True,True,,ida-defined,ida|direct-call-x1|save-prologue|after-return-delay-slot
0x00129E08,0x00157E08,False,1,False,False,0x00129D64:sub_129D64,low,direct-call-x1
0x00129E54,0x00157E54,True,2,True,True,,ida-defined,ida|direct-call-x2|save-prologue|after-return-delay-slot
0x0012A074,0x00158074,True,2,True,True,,ida-defined,ida|direct-call-x2|save-prologue|after-return-delay-slot
0x0012A1E8,0x001581E8,True,1,True,True,,ida-defined,ida|direct-call-x1|save-prologue|after-return-delay-slot
0x0012A2C8,0x001582C8,True,3,False,True,,ida-defined,ida|direct-call-x3|after-return-delay-slot
0x0012A340,0x00158340,True,1,False,True,,ida-defined,ida|direct-call-x1|after-return-delay-slot
0x0012A390,0x00158390,True,1,False,True,,ida-defined,ida|direct-call-x1|after-return-delay-slot
0x0012A3B8,0x001583B8,True,1,False,True,,ida-defined,ida|direct-call-x1|after-return-delay-slot
0x0012A410,0x00158410,True,1,False,True,,ida-defined,ida|direct-call-x1|after-return-delay-slot
0x0012A448,0x00158448,False,0,True,True,,medium,save-prologue|after-return-delay-slot
0x0012A734,0x00158734,True,5,True,False,,ida-defined,ida|direct-call-x5|save-prologue
0x0012A810,0x00158810,True,3,False,True,,ida-defined,ida|direct-call-x3|after-return-delay-slot
0x0012A82C,0x0015882C,True,2,False,True,,ida-defined,ida|direct-call-x2|after-return-delay-slot
0x0012A970,0x00158970,True,0,True,True,,ida-defined,ida|save-prologue|after-return-delay-slot
0x0012AAC8,0x00158AC8,True,47,True,False,,ida-defined,ida|direct-call-x47|save-prologue
0x0012AB80,0x00158B80,True,1,True,True,,ida-defined,ida|direct-call-x1|save-prologue|after-return-delay-slot
0x0012AC70,0x00158C70,True,1,True,True,,ida-defined,ida|direct-call-x1|save-prologue|after-return-delay-slot
0x0012B048,0x00159048,True,0,True,False,,ida-defined,ida|save-prologue
0x0012B230,0x00159230,True,1,True,True,,ida-defined,ida|direct-call-x1|save-prologue|after-return-delay-slot
0x0012B58C,0x0015958C,True,1,True,False,,ida-defined,ida|direct-call-x1|save-prologue
0x0012B8B8,0x001598B8,True,0,True,True,,ida-defined,ida|save-prologue|after-return-delay-slot
0x0012BF84,0x00159F84,True,1,False,True,,ida-defined,ida|direct-call-x1|after-return-delay-slot
0x0012C0A8,0x0015A0A8,True,0,True,True,,ida-defined,ida|save-prologue|after-return-delay-slot
0x0012C184,0x0015A184,True,0,True,True,,ida-defined,ida|save-prologue|after-return-delay-slot
0x0012C35C,0x0015A35C,True,0,True,True,,ida-defined,ida|save-prologue|after-return-delay-slot
0x0012C4A0,0x0015A4A0,True,2,False,True,,ida-defined,ida|direct-call-x2|after-return-delay-slot
0x0012C57C,0x0015A57C,True,0,True,True,,ida-defined,ida|save-prologue|after-return-delay-slot
0x0012C6E4,0x0015A6E4,True,0,True,True,,ida-defined,ida|save-prologue|after-return-delay-slot
0x0012C828,0x0015A828,True,0,True,True,,ida-defined,ida|save-prologue|after-return-delay-slot
0x0012C8A0,0x0015A8A0,True,74,False,True,,ida-defined,ida|direct-call-x74|after-return-delay-slot
0x0012C8E4,0x0015A8E4,True,164,False,True,,ida-defined,ida|direct-call-x164|after-return-delay-slot
0x0012C96C,0x0015A96C,True,59,True,True,,ida-defined,ida|direct-call-x59|save-prologue|after-return-delay-slot
0x0012CAF4,0x0015AAF4,True,25,False,True,,ida-defined,ida|direct-call-x25|after-return-delay-slot
0x0012CB58,0x0015AB58,True,46,True,True,,ida-defined,ida|direct-call-x46|save-prologue|after-return-delay-slot
0x0012CC1C,0x0015AC1C,True,7,False,True,,ida-defined,ida|direct-call-x7|after-return-delay-slot
0x0012CC60,0x0015AC60,True,5,False,True,,ida-defined,ida|direct-call-x5|after-return-delay-slot
0x0012CCE8,0x0015ACE8,True,0,True,True,,ida-defined,ida|save-prologue|after-return-delay-slot
0x0012CDAC,0x0015ADAC,True,29,False,True,,ida-defined,ida|direct-call-x29|after-return-delay-slot
0x0012CDF0,0x0015ADF0,True,31,False,True,,ida-defined,ida|direct-call-x31|after-return-delay-slot
0x0012CE78,0x0015AE78,True,10,True,True,,ida-defined,ida|direct-call-x10|save-prologue|after-return-delay-slot
0x0012D000,0x0015B000,True,9,False,True,,ida-defined,ida|direct-call-x9|after-return-delay-slot
0x0012D064,0x0015B064,True,29,False,True,,ida-defined,ida|direct-call-x29|after-return-delay-slot
0x0012D0A8,0x0015B0A8,True,79,False,True,,ida-defined,ida|direct-call-x79|after-return-delay-slot
0x0012D13C,0x0015B13C,True,30,True,True,,ida-defined,ida|direct-call-x30|save-prologue|after-return-delay-slot
0x0012D298,0x0015B298,True,88,True,True,,ida-defined,ida|direct-call-x88|save-prologue|after-return-delay-slot
0x0012D408,0x0015B408,True,36,False,True,,ida-defined,ida|direct-call-x36|after-return-delay-slot
0x0012D518,0x0015B518,True,17,True,True,,ida-defined,ida|direct-call-x17|save-prologue|after-return-delay-slot
0x0012D7E4,0x0015B7E4,True,12,True,True,,ida-defined,ida|direct-call-x12|save-prologue|after-return-delay-slot
0x0012D958,0x0015B958,True,3,False,True,,ida-defined,ida|direct-call-x3|after-return-delay-slot
0x0012D99C,0x0015B99C,True,8,False,True,,ida-defined,ida|direct-call-x8|after-return-delay-slot
0x0012DA30,0x0015BA30,True,14,False,True,,ida-defined,ida|direct-call-x14|after-return-delay-slot
0x0012DA54,0x0015BA54,True,6,True,True,,ida-defined,ida|direct-call-x6|save-prologue|after-return-delay-slot
0x0012DB34,0x0015BB34,True,1,True,True,,ida-defined,ida|direct-call-x1|save-prologue|after-return-delay-slot
0x0012DC14,0x0015BC14,True,19,False,True,,ida-defined,ida|direct-call-x19|after-return-delay-slot
0x0012DC28,0x0015BC28,True,86,False,True,,ida-defined,ida|direct-call-x86|after-return-delay-slot
0x0012DC44,0x0015BC44,True,3,False,True,,ida-defined,ida|direct-call-x3|after-return-delay-slot
0x0012DC8C,0x0015BC8C,True,5,False,True,,ida-defined,ida|direct-call-x5|after-return-delay-slot
0x0012DCD0,0x0015BCD0,True,16,False,True,,ida-defined,ida|direct-call-x16|after-return-delay-slot
0x0012DD30,0x0015BD30,False,1,True,True,,high,direct-call-x1|save-prologue|after-return-delay-slot
0x0012DF04,0x0015BF04,True,1,True,True,,ida-defined,ida|direct-call-x1|save-prologue|after-return-delay-slot
0x0012DF98,0x0015BF98,True,1,True,True,,ida-defined,ida|direct-call-x1|save-prologue|after-return-delay-slot
0x0012DFB4,0x0015BFB4,True,1,True,True,,ida-defined,ida|direct-call-x1|save-prologue|after-return-delay-slot
0x0012DFD0,0x0015BFD0,True,1,True,True,,ida-defined,ida|direct-call-x1|save-prologue|after-return-delay-slot
0x0012DFEC,0x0015BFEC,True,22,False,True,,ida-defined,ida|direct-call-x22|after-return-delay-slot
0x0012E06C,0x0015C06C,True,2,False,True,,ida-defined,ida|direct-call-x2|after-return-delay-slot
0x0012E138,0x0015C138,True,2,False,True,,ida-defined,ida|direct-call-x2|after-return-delay-slot
0x0012E400,0x0015C400,True,22,False,True,,ida-defined,ida|direct-call-x22|after-return-delay-slot
0x0012E464,0x0015C464,True,1,True,True,,ida-defined,ida|direct-call-x1|save-prologue|after-return-delay-slot
0x0012E4CC,0x0015C4CC,True,5,False,False,,ida-defined,ida|direct-call-x5
0x0012E574,0x0015C574,True,0,True,True,,ida-defined,ida|save-prologue|after-return-delay-slot
0x0012E6C4,0x0015C6C4,True,6,False,True,,ida-defined,ida|direct-call-x6|after-return-delay-slot
0x0012E834,0x0015C834,True,1,False,True,,ida-defined,ida|direct-call-x1|after-return-delay-slot
0x0012E850,0x0015C850,True,1,False,True,,ida-defined,ida|direct-call-x1|after-return-delay-slot
0x0012E884,0x0015C884,True,1,False,True,,ida-defined,ida|direct-call-x1|after-return-delay-slot
0x0012E8C0,0x0015C8C0,True,3,False,True,,ida-defined,ida|direct-call-x3|after-return-delay-slot
0x0012E8CC,0x0015C8CC,True,3,True,True,,ida-defined,ida|direct-call-x3|save-prologue|after-return-delay-slot
0x0012E94C,0x0015C94C,True,1,False,True,,ida-defined,ida|direct-call-x1|after-return-delay-slot
0x0012E974,0x0015C974,True,1,False,True,,ida-defined,ida|direct-call-x1|after-return-delay-slot
0x0012E99C,0x0015C99C,True,1,False,True,,ida-defined,ida|direct-call-x1|after-return-delay-slot
0x0012E9C4,0x0015C9C4,True,2,False,True,,ida-defined,ida|direct-call-x2|after-return-delay-slot
0x0012E9DC,0x0015C9DC,True,2,False,True,,ida-defined,ida|direct-call-x2|after-return-delay-slot
0x0012E9F4,0x0015C9F4,True,2,False,True,,ida-defined,ida|direct-call-x2|after-return-delay-slot
0x0012EA0C,0x0015CA0C,True,5,False,True,,ida-defined,ida|direct-call-x5|after-return-delay-slot
0x0012EA34,0x0015CA34,True,5,False,True,,ida-defined,ida|direct-call-x5|after-return-delay-slot
0x0012EA4C,0x0015CA4C,True,1,False,True,,ida-defined,ida|direct-call-x1|after-return-delay-slot
0x0012EA64,0x0015CA64,True,11,True,True,,ida-defined,ida|direct-call-x11|save-prologue|after-return-delay-slot
0x0012ED4C,0x0015CD4C,True,1,True,True,,ida-defined,ida|direct-call-x1|save-prologue|after-return-delay-slot
0x0012EEB4,0x0015CEB4,True,2,True,True,,ida-defined,ida|direct-call-x2|save-prologue|after-return-delay-slot
0x0012EFB4,0x0015CFB4,True,0,True,True,,ida-defined,ida|save-prologue|after-return-delay-slot
0x0012F088,0x0015D088,True,0,True,True,,ida-defined,ida|save-prologue|after-return-delay-slot
0x0012F15C,0x0015D15C,True,4,True,True,,ida-defined,ida|direct-call-x4|save-prologue|after-return-delay-slot
0x0012F324,0x0015D324,True,2,False,True,,ida-defined,ida|direct-call-x2|after-return-delay-slot
0x0012F3CC,0x0015D3CC,True,1,True,False,,ida-defined,ida|direct-call-x1|save-prologue
0x001302C0,0x0015E2C0,True,0,True,True,,ida-defined,ida|save-prologue|after-return-delay-slot
0x0013043C,0x0015E43C,True,1,True,False,,ida-defined,ida|direct-call-x1|save-prologue
0x00130530,0x0015E530,True,3,True,False,,ida-defined,ida|direct-call-x3|save-prologue
0x00130550,0x0015E550,True,3,True,True,,ida-defined,ida|direct-call-x3|save-prologue|after-return-delay-slot
0x0013056C,0x0015E56C,True,8,True,True,,ida-defined,ida|direct-call-x8|save-prologue|after-return-delay-slot
0x0013059C,0x0015E59C,True,8,False,False,,ida-defined,ida|direct-call-x8
0x001305BC,0x0015E5BC,False,1,True,False,0x0013059C:sub_13059C,high,direct-call-x1|save-prologue
0x001305F0,0x0015E5F0,False,1,True,False,0x0013059C:sub_13059C,high,direct-call-x1|save-prologue
0x0013061C,0x0015E61C,False,1,True,False,0x0013059C:sub_13059C,high,direct-call-x1|save-prologue
0x0013070C,0x0015E70C,True,2,True,True,,ida-defined,ida|direct-call-x2|save-prologue|after-return-delay-slot
0x00130728,0x0015E728,True,2,True,True,,ida-defined,ida|direct-call-x2|save-prologue|after-return-delay-slot
0x00130744,0x0015E744,True,4,False,True,,ida-defined,ida|direct-call-x4|after-return-delay-slot
0x00130764,0x0015E764,False,6,False,False,0x00130744:sub_130744,high,direct-call-x6
0x0013077C,0x0015E77C,True,8,True,True,,ida-defined,ida|direct-call-x8|save-prologue|after-return-delay-slot
0x0013082C,0x0015E82C,True,7,False,False,,ida-defined,ida|direct-call-x7
0x0013086C,0x0015E86C,True,3,True,False,,ida-defined,ida|direct-call-x3|save-prologue
0x00130890,0x0015E890,False,1,False,True,,low,direct-call-x1|after-return-delay-slot
0x001308B0,0x0015E8B0,False,0,True,False,,low,save-prologue
0x00130A74,0x0015EA74,True,1,True,False,,ida-defined,ida|direct-call-x1|save-prologue
0x00130BFC,0x0015EBFC,True,4,True,False,,ida-defined,ida|direct-call-x4|save-prologue
0x00130C1C,0x0015EC1C,True,1,True,True,,ida-defined,ida|direct-call-x1|save-prologue|after-return-delay-slot
0x00130C3C,0x0015EC3C,True,2,True,True,,ida-defined,ida|direct-call-x2|save-prologue|after-return-delay-slot
0x00130C5C,0x0015EC5C,True,1,True,True,,ida-defined,ida|direct-call-x1|save-prologue|after-return-delay-slot
0x00130C7C,0x0015EC7C,True,1,True,True,,ida-defined,ida|direct-call-x1|save-prologue|after-return-delay-slot
0x00130CB8,0x0015ECB8,True,1,False,True,,ida-defined,ida|direct-call-x1|after-return-delay-slot
0x00130CC0,0x0015ECC0,True,1,False,True,,ida-defined,ida|direct-call-x1|after-return-delay-slot
0x00130CC8,0x0015ECC8,True,2,True,True,,ida-defined,ida|direct-call-x2|save-prologue|after-return-delay-slot
0x00130E28,0x0015EE28,True,1,False,False,,ida-defined,ida|direct-call-x1
0x00130E50,0x0015EE50,True,2,True,True,,ida-defined,ida|direct-call-x2|save-prologue|after-return-delay-slot
0x001311A8,0x0015F1A8,False,0,True,True,,medium,save-prologue|after-return-delay-slot
0x0013121C,0x0015F21C,True,2,False,True,,ida-defined,ida|direct-call-x2|after-return-delay-slot
0x0013126C,0x0015F26C,True,0,True,True,,ida-defined,ida|save-prologue|after-return-delay-slot
0x00131374,0x0015F374,True,0,True,True,,ida-defined,ida|save-prologue|after-return-delay-slot
0x00131904,0x0015F904,True,1,False,True,,ida-defined,ida|direct-call-x1|after-return-delay-slot
0x0013191C,0x0015F91C,True,0,True,True,,ida-defined,ida|save-prologue|after-return-delay-slot
0x001319B4,0x0015F9B4,True,0,True,True,,ida-defined,ida|save-prologue|after-return-delay-slot
0x00131AC8,0x0015FAC8,True,0,True,True,,ida-defined,ida|save-prologue|after-return-delay-slot
0x00131C6C,0x0015FC6C,True,0,True,True,,ida-defined,ida|save-prologue|after-return-delay-slot
0x00131E78,0x0015FE78,True,1,True,False,,ida-defined,ida|direct-call-x1|save-prologue
0x00131EBC,0x0015FEBC,False,1,True,False,,high,direct-call-x1|save-prologue
0x00132148,0x00160148,True,28,True,True,,ida-defined,ida|direct-call-x28|save-prologue|after-return-delay-slot
0x001322C8,0x001602C8,True,1,True,True,,ida-defined,ida|direct-call-x1|save-prologue|after-return-delay-slot
0x001327BC,0x001607BC,True,1,True,True,,ida-defined,ida|direct-call-x1|save-prologue|after-return-delay-slot
0x0013289C,0x0016089C,True,3,True,True,,ida-defined,ida|direct-call-x3|save-prologue|after-return-delay-slot
0x00132AA8,0x00160AA8,True,0,True,True,,ida-defined,ida|save-prologue|after-return-delay-slot
0x00132B00,0x00160B00,True,3,True,True,,ida-defined,ida|direct-call-x3|save-prologue|after-return-delay-slot
0x00132D0C,0x00160D0C,True,0,True,True,,ida-defined,ida|save-prologue|after-return-delay-slot
0x00132DC4,0x00160DC4,True,0,True,True,,ida-defined,ida|save-prologue|after-return-delay-slot
0x00132FE8,0x00160FE8,True,2,False,False,,ida-defined,ida|direct-call-x2
0x00133030,0x00161030,True,4,False,True,,ida-defined,ida|direct-call-x4|after-return-delay-slot
0x00133138,0x00161138,True,0,True,True,,ida-defined,ida|save-prologue|after-return-delay-slot
0x00133198,0x00161198,True,71,False,True,,ida-defined,ida|direct-call-x71|after-return-delay-slot
0x001350BC,0x001630BC,True,4,False,True,,ida-defined,ida|direct-call-x4|after-return-delay-slot
0x00135154,0x00163154,True,1,True,True,,ida-defined,ida|direct-call-x1|save-prologue|after-return-delay-slot
0x001351D4,0x001631D4,True,1,True,True,,ida-defined,ida|direct-call-x1|save-prologue|after-return-delay-slot
0x0013526C,0x0016326C,True,2,False,True,,ida-defined,ida|direct-call-x2|after-return-delay-slot
0x00135484,0x00163484,True,1,True,True,,ida-defined,ida|direct-call-x1|save-prologue|after-return-delay-slot
0x00135730,0x00163730,True,2,False,True,,ida-defined,ida|direct-call-x2|after-return-delay-slot
0x001357E0,0x001637E0,True,1,True,True,,ida-defined,ida|direct-call-x1|save-prologue|after-return-delay-slot
0x00135C0C,0x00163C0C,False,0,True,True,,medium,save-prologue|after-return-delay-slot
0x00135DC8,0x00163DC8,True,1,False,True,,ida-defined,ida|direct-call-x1|after-return-delay-slot
0x00135E94,0x00163E94,True,1,True,True,,ida-defined,ida|direct-call-x1|save-prologue|after-return-delay-slot
0x00136290,0x00164290,True,2,False,True,,ida-defined,ida|direct-call-x2|after-return-delay-slot
0x001362B8,0x001642B8,False,2,False,False,0x00136290:sub_136290,medium,direct-call-x2
0x001362D4,0x001642D4,True,1,False,True,,ida-defined,ida|direct-call-x1|after-return-delay-slot
0x001362F0,0x001642F0,True,1,False,True,,ida-defined,ida|direct-call-x1|after-return-delay-slot
0x00136378,0x00164378,True,1,True,True,,ida-defined,ida|direct-call-x1|save-prologue|after-return-delay-slot
0x00136444,0x00164444,True,1,False,True,,ida-defined,ida|direct-call-x1|after-return-delay-slot
0x00136454,0x00164454,True,2,False,True,,ida-defined,ida|direct-call-x2|after-return-delay-slot
0x00136470,0x00164470,True,2,False,True,,ida-defined,ida|direct-call-x2|after-return-delay-slot
0x0013649C,0x0016449C,True,1,False,True,,ida-defined,ida|direct-call-x1|after-return-delay-slot
0x001364D4,0x001644D4,True,1,False,True,,ida-defined,ida|direct-call-x1|after-return-delay-slot
0x00136518,0x00164518,True,2,False,True,,ida-defined,ida|direct-call-x2|after-return-delay-slot
0x0013653C,0x0016453C,True,1,False,True,,ida-defined,ida|direct-call-x1|after-return-delay-slot
0x00136570,0x00164570,True,1,False,True,,ida-defined,ida|direct-call-x1|after-return-delay-slot
0x001365A0,0x001645A0,True,1,False,True,,ida-defined,ida|direct-call-x1|after-return-delay-slot
0x001365EC,0x001645EC,True,1,False,True,,ida-defined,ida|direct-call-x1|after-return-delay-slot
0x00136628,0x00164628,True,4,False,True,,ida-defined,ida|direct-call-x4|after-return-delay-slot
0x0013664C,0x0016464C,True,1,False,True,,ida-defined,ida|direct-call-x1|after-return-delay-slot
0x00136670,0x00164670,True,1,False,True,,ida-defined,ida|direct-call-x1|after-return-delay-slot
0x001366BC,0x001646BC,True,1,False,True,,ida-defined,ida|direct-call-x1|after-return-delay-slot
0x001366F0,0x001646F0,True,1,False,True,,ida-defined,ida|direct-call-x1|after-return-delay-slot
0x00136708,0x00164708,True,1,False,True,,ida-defined,ida|direct-call-x1|after-return-delay-slot
0x00136720,0x00164720,True,1,False,True,,ida-defined,ida|direct-call-x1|after-return-delay-slot
0x00136748,0x00164748,True,4,False,True,,ida-defined,ida|direct-call-x4|after-return-delay-slot
0x00136760,0x00164760,True,4,False,True,,ida-defined,ida|direct-call-x4|after-return-delay-slot
0x001367B0,0x001647B0,True,1,True,True,,ida-defined,ida|direct-call-x1|save-prologue|after-return-delay-slot
0x00136864,0x00164864,True,3,False,True,,ida-defined,ida|direct-call-x3|after-return-delay-slot
0x001368B4,0x001648B4,True,3,False,True,,ida-defined,ida|direct-call-x3|after-return-delay-slot
0x00136948,0x00164948,True,1,False,True,,ida-defined,ida|direct-call-x1|after-return-delay-slot
0x00136BE4,0x00164BE4,False,4,True,True,,high,direct-call-x4|save-prologue|after-return-delay-slot
0x001370B4,0x001650B4,True,23,True,False,,ida-defined,ida|direct-call-x23|save-prologue
0x001372C0,0x001652C0,True,4,True,True,,ida-defined,ida|direct-call-x4|save-prologue|after-return-delay-slot
0x00137324,0x00165324,True,4,True,False,,ida-defined,ida|direct-call-x4|save-prologue
0x00137440,0x00165440,True,1,True,True,,ida-defined,ida|direct-call-x1|save-prologue|after-return-delay-slot
0x00137958,0x00165958,True,4,True,True,,ida-defined,ida|direct-call-x4|save-prologue|after-return-delay-slot
0x001379AC,0x001659AC,True,54,True,True,,ida-defined,ida|direct-call-x54|save-prologue|after-return-delay-slot
0x00137ACC,0x00165ACC,True,7,True,True,,ida-defined,ida|direct-call-x7|save-prologue|after-return-delay-slot
0x00137BB0,0x00165BB0,False,1,True,True,,high,direct-call-x1|save-prologue|after-return-delay-slot
0x001384A0,0x001664A0,False,0,True,True,,medium,save-prologue|after-return-delay-slot
0x00138558,0x00166558,True,1,True,True,,ida-defined,ida|direct-call-x1|save-prologue|after-return-delay-slot
0x00138784,0x00166784,True,1,True,False,,ida-defined,ida|direct-call-x1|save-prologue
0x00138BE4,0x00166BE4,True,1,True,False,,ida-defined,ida|direct-call-x1|save-prologue
0x00138CF8,0x00166CF8,True,2,True,True,,ida-defined,ida|direct-call-x2|save-prologue|after-return-delay-slot
0x00138E00,0x00166E00,True,9,True,True,,ida-defined,ida|direct-call-x9|save-prologue|after-return-delay-slot
0x00138E68,0x00166E68,True,2,True,True,,ida-defined,ida|direct-call-x2|save-prologue|after-return-delay-slot
0x00138FB8,0x00166FB8,True,4,True,True,,ida-defined,ida|direct-call-x4|save-prologue|after-return-delay-slot
0x0013913C,0x0016713C,True,4,True,True,,ida-defined,ida|direct-call-x4|save-prologue|after-return-delay-slot
0x00139238,0x00167238,True,0,True,True,,ida-defined,ida|save-prologue|after-return-delay-slot
0x001393E8,0x001673E8,True,0,True,True,,ida-defined,ida|save-prologue|after-return-delay-slot
0x001394AC,0x001674AC,True,1,False,True,,ida-defined,ida|direct-call-x1|after-return-delay-slot
0x001396B4,0x001676B4,True,1,True,True,,ida-defined,ida|direct-call-x1|save-prologue|after-return-delay-slot
0x00139A20,0x00167A20,True,2,True,True,,ida-defined,ida|direct-call-x2|save-prologue|after-return-delay-slot
0x00139B5C,0x00167B5C,True,1,True,True,,ida-defined,ida|direct-call-x1|save-prologue|after-return-delay-slot
0x00139C88,0x00167C88,True,1,True,True,,ida-defined,ida|direct-call-x1|save-prologue|after-return-delay-slot
0x00139CE0,0x00167CE0,False,1,True,False,0x00139C88:sub_139C88,high,direct-call-x1|save-prologue
0x00139DE0,0x00167DE0,True,0,True,True,,ida-defined,ida|save-prologue|after-return-delay-slot
0x00139EF4,0x00167EF4,True,2,False,False,,ida-defined,ida|direct-call-x2
0x00139F84,0x00167F84,True,0,True,True,,ida-defined,ida|save-prologue|after-return-delay-slot
0x00139FA4,0x00167FA4,True,0,True,True,,ida-defined,ida|save-prologue|after-return-delay-slot
0x00139FC4,0x00167FC4,True,0,True,True,,ida-defined,ida|save-prologue|after-return-delay-slot
0x00139FE4,0x00167FE4,True,4,True,True,,ida-defined,ida|direct-call-x4|save-prologue|after-return-delay-slot
0x0013A020,0x00168020,False,3,False,False,,high,direct-call-x3
0x0013A0D4,0x001680D4,True,0,True,True,,ida-defined,ida|save-prologue|after-return-delay-slot
0x0013A0F4,0x001680F4,True,0,True,True,,ida-defined,ida|save-prologue|after-return-delay-slot
0x0013A114,0x00168114,True,0,True,True,,ida-defined,ida|save-prologue|after-return-delay-slot
0x0013A134,0x00168134,True,0,True,True,,ida-defined,ida|save-prologue|after-return-delay-slot
0x0013A154,0x00168154,True,1,True,True,,ida-defined,ida|direct-call-x1|save-prologue|after-return-delay-slot
0x0013A174,0x00168174,True,1,True,True,,ida-defined,ida|direct-call-x1|save-prologue|after-return-delay-slot
0x0013A194,0x00168194,True,1,True,True,,ida-defined,ida|direct-call-x1|save-prologue|after-return-delay-slot
0x0013A1B4,0x001681B4,True,1,True,True,,ida-defined,ida|direct-call-x1|save-prologue|after-return-delay-slot
0x0013A1D4,0x001681D4,True,2,True,True,,ida-defined,ida|direct-call-x2|save-prologue|after-return-delay-slot
0x0013A1FC,0x001681FC,False,0,True,False,0x0013A1D4:sub_13A1D4,low,save-prologue
0x0013A2C8,0x001682C8,False,1,False,False,0x0013A1D4:sub_13A1D4,low,direct-call-x1
0x0013A464,0x00168464,True,4,False,True,,ida-defined,ida|direct-call-x4|after-return-delay-slot
0x0013A508,0x00168508,True,3,True,True,,ida-defined,ida|direct-call-x3|save-prologue|after-return-delay-slot
0x0013A56C,0x0016856C,True,3,False,True,,ida-defined,ida|direct-call-x3|after-return-delay-slot
0x0013A5CC,0x001685CC,True,3,False,True,,ida-defined,ida|direct-call-x3|after-return-delay-slot
0x0013A62C,0x0016862C,True,3,False,True,,ida-defined,ida|direct-call-x3|after-return-delay-slot
0x0013A68C,0x0016868C,True,3,False,True,,ida-defined,ida|direct-call-x3|after-return-delay-slot
0x0013A6EC,0x001686EC,True,3,False,True,,ida-defined,ida|direct-call-x3|after-return-delay-slot
0x0013A74C,0x0016874C,True,3,False,True,,ida-defined,ida|direct-call-x3|after-return-delay-slot
0x0013A794,0x00168794,True,3,False,True,,ida-defined,ida|direct-call-x3|after-return-delay-slot
0x0013A7DC,0x001687DC,True,3,False,True,,ida-defined,ida|direct-call-x3|after-return-delay-slot
0x0013A824,0x00168824,True,3,False,True,,ida-defined,ida|direct-call-x3|after-return-delay-slot
0x0013A86C,0x0016886C,True,3,False,True,,ida-defined,ida|direct-call-x3|after-return-delay-slot
0x0013A924,0x00168924,True,1,False,True,,ida-defined,ida|direct-call-x1|after-return-delay-slot
0x0013A930,0x00168930,True,4,True,True,,ida-defined,ida|direct-call-x4|save-prologue|after-return-delay-slot
0x0013AA04,0x00168A04,True,3,False,True,,ida-defined,ida|direct-call-x3|after-return-delay-slot
0x0013AA1C,0x00168A1C,False,2,False,False,0x0013AA04:sub_13AA04,medium,direct-call-x2
0x0013ACB4,0x00168CB4,True,7,True,True,,ida-defined,ida|direct-call-x7|save-prologue|after-return-delay-slot
0x0013B0B8,0x001690B8,True,0,True,True,,ida-defined,ida|save-prologue|after-return-delay-slot
0x0013B164,0x00169164,True,18,True,True,,ida-defined,ida|direct-call-x18|save-prologue|after-return-delay-slot
0x0013B27C,0x0016927C,True,5,True,True,,ida-defined,ida|direct-call-x5|save-prologue|after-return-delay-slot
0x0013B380,0x00169380,False,0,True,True,,medium,save-prologue|after-return-delay-slot
0x0013B9F4,0x001699F4,True,1,False,True,,ida-defined,ida|direct-call-x1|after-return-delay-slot
0x0013BB10,0x00169B10,True,1,True,True,,ida-defined,ida|direct-call-x1|save-prologue|after-return-delay-slot
0x0013BCB0,0x00169CB0,True,7,False,True,,ida-defined,ida|direct-call-x7|after-return-delay-slot
0x0013BCE8,0x00169CE8,True,2,True,True,,ida-defined,ida|direct-call-x2|save-prologue|after-return-delay-slot
0x0013BE18,0x00169E18,True,4,True,True,,ida-defined,ida|direct-call-x4|save-prologue|after-return-delay-slot
0x0013BF48,0x00169F48,True,12,False,True,,ida-defined,ida|direct-call-x12|after-return-delay-slot
0x0013C014,0x0016A014,True,37,False,True,,ida-defined,ida|direct-call-x37|after-return-delay-slot
0x0013C0F4,0x0016A0F4,True,1,False,True,,ida-defined,ida|direct-call-x1|after-return-delay-slot
0x0013C138,0x0016A138,True,5,True,True,,ida-defined,ida|direct-call-x5|save-prologue|after-return-delay-slot
0x0013C1CC,0x0016A1CC,False,0,True,True,,medium,save-prologue|after-return-delay-slot
0x0013C3BC,0x0016A3BC,True,1,True,True,,ida-defined,ida|direct-call-x1|save-prologue|after-return-delay-slot
0x0013C574,0x0016A574,True,0,True,False,,ida-defined,ida|save-prologue
0x0013C648,0x0016A648,True,14,False,True,,ida-defined,ida|direct-call-x14|after-return-delay-slot
0x0013C690,0x0016A690,True,13,False,True,,ida-defined,ida|direct-call-x13|after-return-delay-slot
0x0013C6EC,0x0016A6EC,True,0,True,True,,ida-defined,ida|save-prologue|after-return-delay-slot
0x0013C738,0x0016A738,True,0,True,True,,ida-defined,ida|save-prologue|after-return-delay-slot
0x0013C818,0x0016A818,True,9,True,True,,ida-defined,ida|direct-call-x9|save-prologue|after-return-delay-slot
0x0013CE70,0x0016AE70,False,0,True,True,,medium,save-prologue|after-return-delay-slot
0x0013CF64,0x0016AF64,False,0,True,False,,low,save-prologue
0x0013D460,0x0016B460,False,1,False,True,,low,direct-call-x1|after-return-delay-slot
0x0013D478,0x0016B478,True,1,False,False,,ida-defined,ida|direct-call-x1
0x0013D4A0,0x0016B4A0,True,4,False,True,,ida-defined,ida|direct-call-x4|after-return-delay-slot
0x0013D4B0,0x0016B4B0,True,2,False,True,,ida-defined,ida|direct-call-x2|after-return-delay-slot
0x0013D4C0,0x0016B4C0,True,1,True,True,,ida-defined,ida|direct-call-x1|save-prologue|after-return-delay-slot
0x0013D4FC,0x0016B4FC,True,1,True,True,,ida-defined,ida|direct-call-x1|save-prologue|after-return-delay-slot
0x0013D568,0x0016B568,True,1,True,True,,ida-defined,ida|direct-call-x1|save-prologue|after-return-delay-slot
0x0013D5A4,0x0016B5A4,True,1,True,True,,ida-defined,ida|direct-call-x1|save-prologue|after-return-delay-slot
0x0013D610,0x0016B610,True,1,True,True,,ida-defined,ida|direct-call-x1|save-prologue|after-return-delay-slot
0x0013D6FC,0x0016B6FC,True,0,True,True,,ida-defined,ida|save-prologue|after-return-delay-slot
0x0013D790,0x0016B790,True,0,True,True,,ida-defined,ida|save-prologue|after-return-delay-slot
0x0013D94C,0x0016B94C,True,0,True,True,,ida-defined,ida|save-prologue|after-return-delay-slot
0x0013DA64,0x0016BA64,True,0,True,True,,ida-defined,ida|save-prologue|after-return-delay-slot
0x0013DB5C,0x0016BB5C,True,0,True,True,,ida-defined,ida|save-prologue|after-return-delay-slot
0x0013DC5C,0x0016BC5C,True,1,False,True,,ida-defined,ida|direct-call-x1|after-return-delay-slot
0x0013DCD4,0x0016BCD4,True,1,False,True,,ida-defined,ida|direct-call-x1|after-return-delay-slot
0x0013DCF0,0x0016BCF0,True,2,False,True,,ida-defined,ida|direct-call-x2|after-return-delay-slot
0x0013DD0C,0x0016BD0C,True,4,False,True,,ida-defined,ida|direct-call-x4|after-return-delay-slot
0x0013DD28,0x0016BD28,True,2,True,True,,ida-defined,ida|direct-call-x2|save-prologue|after-return-delay-slot
0x0013DDB4,0x0016BDB4,True,1,False,True,,ida-defined,ida|direct-call-x1|after-return-delay-slot
0x0013DDD0,0x0016BDD0,True,1,False,True,,ida-defined,ida|direct-call-x1|after-return-delay-slot
0x0013DDEC,0x0016BDEC,True,4,False,True,,ida-defined,ida|direct-call-x4|after-return-delay-slot
0x0013DE08,0x0016BE08,True,3,False,True,,ida-defined,ida|direct-call-x3|after-return-delay-slot
0x0013DE34,0x0016BE34,False,3,False,False,0x0013DE08:sub_13DE08,high,direct-call-x3
0x0013DE48,0x0016BE48,True,2,False,True,,ida-defined,ida|direct-call-x2|after-return-delay-slot
0x0013DE64,0x0016BE64,True,7,False,True,,ida-defined,ida|direct-call-x7|after-return-delay-slot
0x0013DE80,0x0016BE80,True,2,True,True,,ida-defined,ida|direct-call-x2|save-prologue|after-return-delay-slot
0x0013DECC,0x0016BECC,True,3,False,True,,ida-defined,ida|direct-call-x3|after-return-delay-slot
0x0013DEE8,0x0016BEE8,True,2,False,True,,ida-defined,ida|direct-call-x2|after-return-delay-slot
0x0013DF04,0x0016BF04,True,7,False,True,,ida-defined,ida|direct-call-x7|after-return-delay-slot
0x0013DF20,0x0016BF20,True,2,True,True,,ida-defined,ida|direct-call-x2|save-prologue|after-return-delay-slot
0x0013DF6C,0x0016BF6C,True,0,True,True,,ida-defined,ida|save-prologue|after-return-delay-slot
0x0013DFA8,0x0016BFA8,False,0,True,False,,low,save-prologue
0x0013DFF8,0x0016BFF8,True,1,True,False,,ida-defined,ida|direct-call-x1|save-prologue
0x0013E0D0,0x0016C0D0,True,2,False,True,,ida-defined,ida|direct-call-x2|after-return-delay-slot
0x0013E0D8,0x0016C0D8,True,1,False,True,,ida-defined,ida|direct-call-x1|after-return-delay-slot
0x0013E0E0,0x0016C0E0,True,1,True,True,,ida-defined,ida|direct-call-x1|save-prologue|after-return-delay-slot
0x0013E144,0x0016C144,True,1,True,True,,ida-defined,ida|direct-call-x1|save-prologue|after-return-delay-slot
0x0013E1A4,0x0016C1A4,True,2,True,True,,ida-defined,ida|direct-call-x2|save-prologue|after-return-delay-slot
0x0013E300,0x0016C300,True,0,True,True,,ida-defined,ida|save-prologue|after-return-delay-slot
0x0013E49C,0x0016C49C,False,1,False,True,,low,direct-call-x1|after-return-delay-slot
0x0013E4AC,0x0016C4AC,True,1,False,True,,ida-defined,ida|direct-call-x1|after-return-delay-slot
0x0013E750,0x0016C750,False,1,True,True,,high,direct-call-x1|save-prologue|after-return-delay-slot
0x0013EAD4,0x0016CAD4,True,1,False,True,,ida-defined,ida|direct-call-x1|after-return-delay-slot
0x0013EB30,0x0016CB30,True,0,True,True,,ida-defined,ida|save-prologue|after-return-delay-slot
0x0013EBDC,0x0016CBDC,False,1,True,True,,high,direct-call-x1|save-prologue|after-return-delay-slot
0x0013F28C,0x0016D28C,False,1,True,True,,high,direct-call-x1|save-prologue|after-return-delay-slot
0x0013FCCC,0x0016DCCC,True,8,True,True,,ida-defined,ida|direct-call-x8|save-prologue|after-return-delay-slot
0x0013FF40,0x0016DF40,True,0,True,True,,ida-defined,ida|save-prologue|after-return-delay-slot
0x0013FF88,0x0016DF88,True,9,True,False,,ida-defined,ida|direct-call-x9|save-prologue
0x001400D0,0x0016E0D0,True,2,True,True,,ida-defined,ida|direct-call-x2|save-prologue|after-return-delay-slot
0x0014027C,0x0016E27C,False,1,True,True,,high,direct-call-x1|save-prologue|after-return-delay-slot
0x00140DC8,0x0016EDC8,False,0,True,True,,medium,save-prologue|after-return-delay-slot
0x00140E9C,0x0016EE9C,False,0,True,True,,medium,save-prologue|after-return-delay-slot
0x00140F14,0x0016EF14,True,2,True,True,,ida-defined,ida|direct-call-x2|save-prologue|after-return-delay-slot
0x00141000,0x0016F000,True,7,False,True,,ida-defined,ida|direct-call-x7|after-return-delay-slot
0x00141010,0x0016F010,True,0,True,True,,ida-defined,ida|save-prologue|after-return-delay-slot
0x001410DC,0x0016F0DC,True,1,True,True,,ida-defined,ida|direct-call-x1|save-prologue|after-return-delay-slot
0x001413EC,0x0016F3EC,True,0,True,True,,ida-defined,ida|save-prologue|after-return-delay-slot
0x001415C8,0x0016F5C8,True,1,True,True,,ida-defined,ida|direct-call-x1|save-prologue|after-return-delay-slot
0x00141750,0x0016F750,True,2,True,True,,ida-defined,ida|direct-call-x2|save-prologue|after-return-delay-slot
0x00141910,0x0016F910,True,1,False,True,,ida-defined,ida|direct-call-x1|after-return-delay-slot
0x00141A50,0x0016FA50,True,1,False,True,,ida-defined,ida|direct-call-x1|after-return-delay-slot
0x00141A74,0x0016FA74,True,1,False,True,,ida-defined,ida|direct-call-x1|after-return-delay-slot
0x00141A88,0x0016FA88,True,2,True,True,,ida-defined,ida|direct-call-x2|save-prologue|after-return-delay-slot
0x00141B20,0x0016FB20,True,1,False,False,,ida-defined,ida|direct-call-x1
0x00141B34,0x0016FB34,True,1,True,True,,ida-defined,ida|direct-call-x1|save-prologue|after-return-delay-slot
0x00141B9C,0x0016FB9C,False,0,True,False,0x00141B34:sub_141B34,low,save-prologue
0x00141D54,0x0016FD54,True,0,True,True,,ida-defined,ida|save-prologue|after-return-delay-slot
0x00141D9C,0x0016FD9C,False,0,True,False,0x00141D54:sub_141D54,low,save-prologue
0x00141E54,0x0016FE54,True,3,False,True,,ida-defined,ida|direct-call-x3|after-return-delay-slot
0x00141EEC,0x0016FEEC,True,1,True,True,,ida-defined,ida|direct-call-x1|save-prologue|after-return-delay-slot
0x00141FD8,0x0016FFD8,True,6,False,True,,ida-defined,ida|direct-call-x6|after-return-delay-slot
0x0014201C,0x0017001C,True,3,True,True,,ida-defined,ida|direct-call-x3|save-prologue|after-return-delay-slot
0x00142070,0x00170070,True,3,False,True,,ida-defined,ida|direct-call-x3|after-return-delay-slot
0x00142128,0x00170128,True,2,True,True,,ida-defined,ida|direct-call-x2|save-prologue|after-return-delay-slot
0x00142390,0x00170390,True,1,False,True,,ida-defined,ida|direct-call-x1|after-return-delay-slot
0x00142398,0x00170398,True,0,True,True,,ida-defined,ida|save-prologue|after-return-delay-slot
0x0014242C,0x0017042C,True,8,True,True,,ida-defined,ida|direct-call-x8|save-prologue|after-return-delay-slot
0x00142484,0x00170484,False,1,True,False,0x0014242C:sub_14242C,high,direct-call-x1|save-prologue
0x00142510,0x00170510,True,0,True,True,,ida-defined,ida|save-prologue|after-return-delay-slot
0x001425A0,0x001705A0,True,0,True,True,,ida-defined,ida|save-prologue|after-return-delay-slot
0x001425E8,0x001705E8,True,1,True,True,,ida-defined,ida|direct-call-x1|save-prologue|after-return-delay-slot
0x00142808,0x00170808,True,1,True,True,,ida-defined,ida|direct-call-x1|save-prologue|after-return-delay-slot
0x00142AA0,0x00170AA0,True,2,False,True,,ida-defined,ida|direct-call-x2|after-return-delay-slot
0x00142AB4,0x00170AB4,True,1,False,True,,ida-defined,ida|direct-call-x1|after-return-delay-slot
0x00142AFC,0x00170AFC,True,10,False,False,,ida-defined,ida|direct-call-x10
0x00142B5C,0x00170B5C,True,12,True,True,,ida-defined,ida|direct-call-x12|save-prologue|after-return-delay-slot
0x00142C8C,0x00170C8C,True,9,True,True,,ida-defined,ida|direct-call-x9|save-prologue|after-return-delay-slot
0x00142E64,0x00170E64,True,5,False,True,,ida-defined,ida|direct-call-x5|after-return-delay-slot
0x00142E98,0x00170E98,True,1,True,True,,ida-defined,ida|direct-call-x1|save-prologue|after-return-delay-slot
0x00142F2C,0x00170F2C,True,1,False,False,,ida-defined,ida|direct-call-x1
0x00142F44,0x00170F44,True,1,False,True,,ida-defined,ida|direct-call-x1|after-return-delay-slot
0x00142F58,0x00170F58,True,1,False,True,,ida-defined,ida|direct-call-x1|after-return-delay-slot
0x00142F70,0x00170F70,True,1,False,True,,ida-defined,ida|direct-call-x1|after-return-delay-slot
0x00142F84,0x00170F84,True,6,True,True,,ida-defined,ida|direct-call-x6|save-prologue|after-return-delay-slot
0x0014318C,0x0017118C,True,1,False,True,,ida-defined,ida|direct-call-x1|after-return-delay-slot
0x001431A0,0x001711A0,True,1,False,True,,ida-defined,ida|direct-call-x1|after-return-delay-slot
0x001431B4,0x001711B4,True,2,False,True,,ida-defined,ida|direct-call-x2|after-return-delay-slot
0x00143240,0x00171240,True,4,False,True,,ida-defined,ida|direct-call-x4|after-return-delay-slot
0x00143280,0x00171280,True,1,True,True,,ida-defined,ida|direct-call-x1|save-prologue|after-return-delay-slot
0x00143830,0x00171830,True,1,True,False,,ida-defined,ida|direct-call-x1|save-prologue
0x0014395C,0x0017195C,False,11,False,False,0x00143830:sub_143830,high,direct-call-x11
0x00143B38,0x00171B38,True,12,True,True,,ida-defined,ida|direct-call-x12|save-prologue|after-return-delay-slot
0x00143BB8,0x00171BB8,True,2,False,True,,ida-defined,ida|direct-call-x2|after-return-delay-slot
0x00143BD8,0x00171BD8,True,2,True,True,,ida-defined,ida|direct-call-x2|save-prologue|after-return-delay-slot
0x00143D50,0x00171D50,True,3,True,False,,ida-defined,ida|direct-call-x3|save-prologue
0x00144024,0x00172024,True,3,True,True,,ida-defined,ida|direct-call-x3|save-prologue|after-return-delay-slot
0x001441C0,0x001721C0,True,3,True,True,,ida-defined,ida|direct-call-x3|save-prologue|after-return-delay-slot
0x00144368,0x00172368,True,1,True,True,,ida-defined,ida|direct-call-x1|save-prologue|after-return-delay-slot
0x00144448,0x00172448,True,3,True,True,,ida-defined,ida|direct-call-x3|save-prologue|after-return-delay-slot
0x00144564,0x00172564,True,2,True,True,,ida-defined,ida|direct-call-x2|save-prologue|after-return-delay-slot
0x00144680,0x00172680,True,4,True,True,,ida-defined,ida|direct-call-x4|save-prologue|after-return-delay-slot
0x001447D0,0x001727D0,True,1,True,True,,ida-defined,ida|direct-call-x1|save-prologue|after-return-delay-slot
0x001449A0,0x001729A0,True,2,False,True,,ida-defined,ida|direct-call-x2|after-return-delay-slot
0x001449B8,0x001729B8,True,1,False,True,,ida-defined,ida|direct-call-x1|after-return-delay-slot
0x001449D4,0x001729D4,True,1,False,True,,ida-defined,ida|direct-call-x1|after-return-delay-slot
0x001449EC,0x001729EC,True,1,False,True,,ida-defined,ida|direct-call-x1|after-return-delay-slot
0x00144A00,0x00172A00,True,1,False,True,,ida-defined,ida|direct-call-x1|after-return-delay-slot
0x00144B40,0x00172B40,True,1,True,True,,ida-defined,ida|direct-call-x1|save-prologue|after-return-delay-slot
0x00144F98,0x00172F98,True,1,True,True,,ida-defined,ida|direct-call-x1|save-prologue|after-return-delay-slot
0x00145270,0x00173270,True,1,True,True,,ida-defined,ida|direct-call-x1|save-prologue|after-return-delay-slot
0x001453D0,0x001733D0,True,1,True,True,,ida-defined,ida|direct-call-x1|save-prologue|after-return-delay-slot
0x00145530,0x00173530,True,0,True,True,,ida-defined,ida|save-prologue|after-return-delay-slot
0x00145674,0x00173674,True,1,True,True,,ida-defined,ida|direct-call-x1|save-prologue|after-return-delay-slot
0x001457E8,0x001737E8,True,1,True,True,,ida-defined,ida|direct-call-x1|save-prologue|after-return-delay-slot
0x00145964,0x00173964,True,1,True,True,,ida-defined,ida|direct-call-x1|save-prologue|after-return-delay-slot
0x00145B48,0x00173B48,True,1,False,True,,ida-defined,ida|direct-call-x1|after-return-delay-slot
0x00145BE4,0x00173BE4,True,1,False,True,,ida-defined,ida|direct-call-x1|after-return-delay-slot
0x00145C80,0x00173C80,True,1,False,True,,ida-defined,ida|direct-call-x1|after-return-delay-slot
0x00145D1C,0x00173D1C,True,1,False,True,,ida-defined,ida|direct-call-x1|after-return-delay-slot
0x00145DB8,0x00173DB8,True,1,False,True,,ida-defined,ida|direct-call-x1|after-return-delay-slot
0x00145E78,0x00173E78,True,1,False,True,,ida-defined,ida|direct-call-x1|after-return-delay-slot
0x00146064,0x00174064,True,1,False,True,,ida-defined,ida|direct-call-x1|after-return-delay-slot
0x001460C0,0x001740C0,True,3,False,True,,ida-defined,ida|direct-call-x3|after-return-delay-slot
0x00146130,0x00174130,True,1,False,True,,ida-defined,ida|direct-call-x1|after-return-delay-slot
0x001461A0,0x001741A0,True,2,False,True,,ida-defined,ida|direct-call-x2|after-return-delay-slot
0x001461D8,0x001741D8,True,0,True,True,,ida-defined,ida|save-prologue|after-return-delay-slot
0x0014628C,0x0017428C,True,4,True,True,,ida-defined,ida|direct-call-x4|save-prologue|after-return-delay-slot
0x00146360,0x00174360,True,7,False,True,,ida-defined,ida|direct-call-x7|after-return-delay-slot
0x001463CC,0x001743CC,True,1,False,True,,ida-defined,ida|direct-call-x1|after-return-delay-slot
0x00146474,0x00174474,True,1,True,True,,ida-defined,ida|direct-call-x1|save-prologue|after-return-delay-slot
0x001469FC,0x001749FC,True,16,True,True,,ida-defined,ida|direct-call-x16|save-prologue|after-return-delay-slot
0x00146FD8,0x00174FD8,True,33,False,True,,ida-defined,ida|direct-call-x33|after-return-delay-slot
0x00147264,0x00175264,True,8,True,True,,ida-defined,ida|direct-call-x8|save-prologue|after-return-delay-slot
0x00147398,0x00175398,True,3,False,True,,ida-defined,ida|direct-call-x3|after-return-delay-slot
0x00147470,0x00175470,True,7,True,True,,ida-defined,ida|direct-call-x7|save-prologue|after-return-delay-slot
0x001475D8,0x001755D8,True,3,False,True,,ida-defined,ida|direct-call-x3|after-return-delay-slot
0x00147688,0x00175688,True,1,False,True,,ida-defined,ida|direct-call-x1|after-return-delay-slot
0x00147718,0x00175718,True,10,False,True,,ida-defined,ida|direct-call-x10|after-return-delay-slot
0x001478E0,0x001758E0,True,0,True,True,,ida-defined,ida|save-prologue|after-return-delay-slot
0x0014792C,0x0017592C,True,2,True,True,,ida-defined,ida|direct-call-x2|save-prologue|after-return-delay-slot
0x001479F8,0x001759F8,True,9,False,True,,ida-defined,ida|direct-call-x9|after-return-delay-slot
0x00147B60,0x00175B60,True,8,False,True,,ida-defined,ida|direct-call-x8|after-return-delay-slot
0x00147D40,0x00175D40,True,0,True,True,,ida-defined,ida|save-prologue|after-return-delay-slot
0x00147E14,0x00175E14,True,1,True,True,,ida-defined,ida|direct-call-x1|save-prologue|after-return-delay-slot
0x00148500,0x00176500,True,2,False,True,,ida-defined,ida|direct-call-x2|after-return-delay-slot
0x0014869C,0x0017669C,True,1,True,False,,ida-defined,ida|direct-call-x1|save-prologue
0x001489DC,0x001769DC,True,1,True,True,,ida-defined,ida|direct-call-x1|save-prologue|after-return-delay-slot
0x00148F10,0x00176F10,True,1,True,True,,ida-defined,ida|direct-call-x1|save-prologue|after-return-delay-slot
0x00148FE4,0x00176FE4,True,1,True,True,,ida-defined,ida|direct-call-x1|save-prologue|after-return-delay-slot
0x001490BC,0x001770BC,True,2,True,True,,ida-defined,ida|direct-call-x2|save-prologue|after-return-delay-slot
0x00149260,0x00177260,True,1,True,True,,ida-defined,ida|direct-call-x1|save-prologue|after-return-delay-slot
0x00149430,0x00177430,True,2,True,True,,ida-defined,ida|direct-call-x2|save-prologue|after-return-delay-slot
0x00149774,0x00177774,True,0,True,True,,ida-defined,ida|save-prologue|after-return-delay-slot
0x001498F8,0x001778F8,True,1,False,True,,ida-defined,ida|direct-call-x1|after-return-delay-slot
0x001499B0,0x001779B0,True,1,False,True,,ida-defined,ida|direct-call-x1|after-return-delay-slot
0x00149B2C,0x00177B2C,True,4,False,True,,ida-defined,ida|direct-call-x4|after-return-delay-slot
0x00149B64,0x00177B64,True,1,False,True,,ida-defined,ida|direct-call-x1|after-return-delay-slot
0x00149B80,0x00177B80,True,1,True,False,,ida-defined,ida|direct-call-x1|save-prologue
0x00149CD0,0x00177CD0,False,1,True,True,,high,direct-call-x1|save-prologue|after-return-delay-slot
0x00149F38,0x00177F38,True,4,True,False,,ida-defined,ida|direct-call-x4|save-prologue
0x00149FB8,0x00177FB8,False,2,True,False,0x00149F38:sub_149F38,high,direct-call-x2|save-prologue
0x0014A0D8,0x001780D8,True,6,True,True,,ida-defined,ida|direct-call-x6|save-prologue|after-return-delay-slot
0x0014A194,0x00178194,True,1,True,True,,ida-defined,ida|direct-call-x1|save-prologue|after-return-delay-slot
0x0014A1F8,0x001781F8,True,2,True,True,,ida-defined,ida|direct-call-x2|save-prologue|after-return-delay-slot
0x0014A214,0x00178214,True,2,True,True,,ida-defined,ida|direct-call-x2|save-prologue|after-return-delay-slot
0x0014A230,0x00178230,True,2,True,True,,ida-defined,ida|direct-call-x2|save-prologue|after-return-delay-slot
0x0014A384,0x00178384,True,2,True,True,,ida-defined,ida|direct-call-x2|save-prologue|after-return-delay-slot
0x0014A74C,0x0017874C,True,0,True,True,,ida-defined,ida|save-prologue|after-return-delay-slot
0x0014A774,0x00178774,True,1,True,True,,ida-defined,ida|direct-call-x1|save-prologue|after-return-delay-slot
0x0014A7F8,0x001787F8,True,23,True,True,,ida-defined,ida|direct-call-x23|save-prologue|after-return-delay-slot
0x0014A81C,0x0017881C,True,2,True,True,,ida-defined,ida|direct-call-x2|save-prologue|after-return-delay-slot
0x0014A914,0x00178914,True,7,False,True,,ida-defined,ida|direct-call-x7|after-return-delay-slot
0x0014A944,0x00178944,True,1,True,True,,ida-defined,ida|direct-call-x1|save-prologue|after-return-delay-slot
0x0014AB88,0x00178B88,False,2,True,True,,high,direct-call-x2|save-prologue|after-return-delay-slot
0x0014AC98,0x00178C98,True,1,False,False,,ida-defined,ida|direct-call-x1
0x0014ACE0,0x00178CE0,True,2,True,False,,ida-defined,ida|direct-call-x2|save-prologue
0x0014AD14,0x00178D14,False,12,True,False,0x0014ACE0:sub_14ACE0,high,direct-call-x12|save-prologue
0x0014ADB4,0x00178DB4,True,6,True,True,,ida-defined,ida|direct-call-x6|save-prologue|after-return-delay-slot
0x0014AE3C,0x00178E3C,True,1,True,True,,ida-defined,ida|direct-call-x1|save-prologue|after-return-delay-slot
0x0014AE64,0x00178E64,False,0,True,False,0x0014AE3C:sub_14AE3C,low,save-prologue
0x0014AE8C,0x00178E8C,True,3,False,False,,ida-defined,ida|direct-call-x3
0x0014AEB0,0x00178EB0,True,4,True,True,,ida-defined,ida|direct-call-x4|save-prologue|after-return-delay-slot
0x0014AFA0,0x00178FA0,True,2,True,True,,ida-defined,ida|direct-call-x2|save-prologue|after-return-delay-slot
0x0014AFE8,0x00178FE8,False,0,True,False,0x0014AFA0:sub_14AFA0,low,save-prologue
0x0014B10C,0x0017910C,False,1,False,True,,low,direct-call-x1|after-return-delay-slot
0x0014B138,0x00179138,True,0,True,True,,ida-defined,ida|save-prologue|after-return-delay-slot
0x0014B18C,0x0017918C,True,0,True,True,,ida-defined,ida|save-prologue|after-return-delay-slot
0x0014B260,0x00179260,True,0,True,True,,ida-defined,ida|save-prologue|after-return-delay-slot
0x0014B48C,0x0017948C,False,0,True,True,,medium,save-prologue|after-return-delay-slot
0x0014B4DC,0x001794DC,False,1,False,True,,low,direct-call-x1|after-return-delay-slot
0x0014B568,0x00179568,False,0,True,True,,medium,save-prologue|after-return-delay-slot
0x0014B854,0x00179854,True,1,False,True,,ida-defined,ida|direct-call-x1|after-return-delay-slot
0x0014B924,0x00179924,True,0,True,True,,ida-defined,ida|save-prologue|after-return-delay-slot
0x0014BAD8,0x00179AD8,True,0,True,True,,ida-defined,ida|save-prologue|after-return-delay-slot
0x0014BC94,0x00179C94,False,0,True,True,,medium,save-prologue|after-return-delay-slot
0x0014BCBC,0x00179CBC,True,1,True,True,,ida-defined,ida|direct-call-x1|save-prologue|after-return-delay-slot
0x0014C25C,0x0017A25C,True,0,True,True,,ida-defined,ida|save-prologue|after-return-delay-slot
0x0014C368,0x0017A368,True,1,False,True,,ida-defined,ida|direct-call-x1|after-return-delay-slot
0x0014C3C4,0x0017A3C4,True,1,True,True,,ida-defined,ida|direct-call-x1|save-prologue|after-return-delay-slot
0x0014C564,0x0017A564,True,1,True,True,,ida-defined,ida|direct-call-x1|save-prologue|after-return-delay-slot
0x0014C60C,0x0017A60C,True,2,True,True,,ida-defined,ida|direct-call-x2|save-prologue|after-return-delay-slot
0x0014C970,0x0017A970,True,8,False,True,,ida-defined,ida|direct-call-x8|after-return-delay-slot
0x0014C9A4,0x0017A9A4,True,2,True,True,,ida-defined,ida|direct-call-x2|save-prologue|after-return-delay-slot
0x0014CA14,0x0017AA14,True,2,False,True,,ida-defined,ida|direct-call-x2|after-return-delay-slot
0x0014CA20,0x0017AA20,True,3,False,True,,ida-defined,ida|direct-call-x3|after-return-delay-slot
0x0014CA2C,0x0017AA2C,True,1,True,True,,ida-defined,ida|direct-call-x1|save-prologue|after-return-delay-slot
0x0014CC9C,0x0017AC9C,True,1,True,True,,ida-defined,ida|direct-call-x1|save-prologue|after-return-delay-slot
0x0014D004,0x0017B004,True,4,True,True,,ida-defined,ida|direct-call-x4|save-prologue|after-return-delay-slot
0x0014D3A0,0x0017B3A0,True,1,True,True,,ida-defined,ida|direct-call-x1|save-prologue|after-return-delay-slot
0x0014D81C,0x0017B81C,True,1,True,True,,ida-defined,ida|direct-call-x1|save-prologue|after-return-delay-slot
0x0014DEB8,0x0017BEB8,True,0,True,True,,ida-defined,ida|save-prologue|after-return-delay-slot
0x0014E284,0x0017C284,True,1,False,True,,ida-defined,ida|direct-call-x1|after-return-delay-slot
0x0014E398,0x0017C398,True,3,True,True,,ida-defined,ida|direct-call-x3|save-prologue|after-return-delay-slot
0x0014E800,0x0017C800,True,1,True,True,,ida-defined,ida|direct-call-x1|save-prologue|after-return-delay-slot
0x0014E9F0,0x0017C9F0,True,3,True,True,,ida-defined,ida|direct-call-x3|save-prologue|after-return-delay-slot
0x0014EB90,0x0017CB90,False,0,True,True,,medium,save-prologue|after-return-delay-slot
0x0014EC84,0x0017CC84,True,1,True,True,,ida-defined,ida|direct-call-x1|save-prologue|after-return-delay-slot
0x0014ECCC,0x0017CCCC,False,0,True,True,,medium,save-prologue|after-return-delay-slot
0x0014ED1C,0x0017CD1C,False,0,True,True,,medium,save-prologue|after-return-delay-slot
0x0014ED68,0x0017CD68,False,0,True,True,,medium,save-prologue|after-return-delay-slot
0x0014EDBC,0x0017CDBC,False,0,True,True,,medium,save-prologue|after-return-delay-slot
0x0014EE1C,0x0017CE1C,False,0,True,True,,medium,save-prologue|after-return-delay-slot
0x0014EF20,0x0017CF20,False,0,True,True,,medium,save-prologue|after-return-delay-slot
0x0014EF98,0x0017CF98,False,0,True,True,,medium,save-prologue|after-return-delay-slot
0x0014EFF8,0x0017CFF8,False,0,True,True,,medium,save-prologue|after-return-delay-slot
0x0014F054,0x0017D054,True,3,True,True,,ida-defined,ida|direct-call-x3|save-prologue|after-return-delay-slot
0x0014F0B0,0x0017D0B0,False,0,True,True,,medium,save-prologue|after-return-delay-slot
0x0014F100,0x0017D100,False,0,True,True,,medium,save-prologue|after-return-delay-slot
0x0014F150,0x0017D150,False,0,True,True,,medium,save-prologue|after-return-delay-slot
0x0014F194,0x0017D194,False,0,True,True,,medium,save-prologue|after-return-delay-slot
0x0014F1FC,0x0017D1FC,False,0,True,True,,medium,save-prologue|after-return-delay-slot
0x0014F24C,0x0017D24C,False,0,True,True,,medium,save-prologue|after-return-delay-slot
0x0014F2C8,0x0017D2C8,True,1,True,True,,ida-defined,ida|direct-call-x1|save-prologue|after-return-delay-slot
0x0014F460,0x0017D460,False,0,True,True,,medium,save-prologue|after-return-delay-slot
0x0014F4B0,0x0017D4B0,True,4,True,True,,ida-defined,ida|direct-call-x4|save-prologue|after-return-delay-slot
0x0014F864,0x0017D864,False,0,True,True,,medium,save-prologue|after-return-delay-slot
0x0014F8C8,0x0017D8C8,False,0,True,True,,medium,save-prologue|after-return-delay-slot
0x0014FC10,0x0017DC10,True,1,True,True,,ida-defined,ida|direct-call-x1|save-prologue|after-return-delay-slot
0x0014FD60,0x0017DD60,False,0,True,True,,medium,save-prologue|after-return-delay-slot
0x0014FFB0,0x0017DFB0,True,1,False,True,,ida-defined,ida|direct-call-x1|after-return-delay-slot
0x0014FFD4,0x0017DFD4,True,1,True,True,,ida-defined,ida|direct-call-x1|save-prologue|after-return-delay-slot
0x0015013C,0x0017E13C,True,3,False,True,,ida-defined,ida|direct-call-x3|after-return-delay-slot
0x00150150,0x0017E150,True,1,True,True,,ida-defined,ida|direct-call-x1|save-prologue|after-return-delay-slot
0x00150564,0x0017E564,True,2,True,True,,ida-defined,ida|direct-call-x2|save-prologue|after-return-delay-slot
0x0015058C,0x0017E58C,True,2,False,True,,ida-defined,ida|direct-call-x2|after-return-delay-slot
0x001505A8,0x0017E5A8,True,2,False,False,,ida-defined,ida|direct-call-x2
0x001505C4,0x0017E5C4,True,7,True,False,,ida-defined,ida|direct-call-x7|save-prologue
0x001505E4,0x0017E5E4,True,18,True,False,,ida-defined,ida|direct-call-x18|save-prologue
0x00150604,0x0017E604,False,3,True,False,0x001505E4:sub_1505E4,high,direct-call-x3|save-prologue
0x0015062C,0x0017E62C,True,2,False,True,,ida-defined,ida|direct-call-x2|after-return-delay-slot
0x00150648,0x0017E648,True,3,False,False,,ida-defined,ida|direct-call-x3
0x00150664,0x0017E664,True,3,False,False,,ida-defined,ida|direct-call-x3
0x00150680,0x0017E680,False,3,False,False,0x00150664:sub_150664,high,direct-call-x3
0x0015069C,0x0017E69C,False,2,False,False,0x00150664:sub_150664,medium,direct-call-x2
0x001506D4,0x0017E6D4,True,2,True,True,,ida-defined,ida|direct-call-x2|save-prologue|after-return-delay-slot
0x001507B8,0x0017E7B8,False,1,True,True,,high,direct-call-x1|save-prologue|after-return-delay-slot
0x00150838,0x0017E838,True,2,True,True,,ida-defined,ida|direct-call-x2|save-prologue|after-return-delay-slot
0x001508C0,0x0017E8C0,False,4,True,True,,high,direct-call-x4|save-prologue|after-return-delay-slot
0x00150940,0x0017E940,True,4,True,True,,ida-defined,ida|direct-call-x4|save-prologue|after-return-delay-slot
0x001509B0,0x0017E9B0,True,4,True,True,,ida-defined,ida|direct-call-x4|save-prologue|after-return-delay-slot
0x001509E8,0x0017E9E8,True,4,True,False,,ida-defined,ida|direct-call-x4|save-prologue
0x00150A54,0x0017EA54,False,1,False,True,,low,direct-call-x1|after-return-delay-slot
0x00150A70,0x0017EA70,True,1,False,False,,ida-defined,ida|direct-call-x1
0x00150A8C,0x0017EA8C,False,1,True,False,0x00150A70:sub_150A70,high,direct-call-x1|save-prologue
0x00150AAC,0x0017EAAC,True,2,True,False,,ida-defined,ida|direct-call-x2|save-prologue
0x00150ACC,0x0017EACC,True,1,False,False,,ida-defined,ida|direct-call-x1
0x00150AD4,0x0017EAD4,True,1,False,True,,ida-defined,ida|direct-call-x1|after-return-delay-slot
0x00150AF0,0x0017EAF0,True,1,False,True,,ida-defined,ida|direct-call-x1|after-return-delay-slot
0x00150B50,0x0017EB50,True,20,False,True,,ida-defined,ida|direct-call-x20|after-return-delay-slot
0x00150B6C,0x0017EB6C,True,20,False,True,,ida-defined,ida|direct-call-x20|after-return-delay-slot
0x00150BC4,0x0017EBC4,True,29,False,True,,ida-defined,ida|direct-call-x29|after-return-delay-slot
0x00150C90,0x0017EC90,True,1,False,True,,ida-defined,ida|direct-call-x1|after-return-delay-slot
0x00150CC0,0x0017ECC0,True,1,False,True,,ida-defined,ida|direct-call-x1|after-return-delay-slot
0x00150CF0,0x0017ECF0,True,2,False,True,,ida-defined,ida|direct-call-x2|after-return-delay-slot
0x00150D0C,0x0017ED0C,True,1,False,True,,ida-defined,ida|direct-call-x1|after-return-delay-slot
0x00150D28,0x0017ED28,True,1,False,True,,ida-defined,ida|direct-call-x1|after-return-delay-slot
0x00150D7C,0x0017ED7C,True,2,False,True,,ida-defined,ida|direct-call-x2|after-return-delay-slot
0x00150D90,0x0017ED90,True,3,False,True,,ida-defined,ida|direct-call-x3|after-return-delay-slot
0x00150DA4,0x0017EDA4,True,5,False,True,,ida-defined,ida|direct-call-x5|after-return-delay-slot
0x00150DE0,0x0017EDE0,True,3,True,True,,ida-defined,ida|direct-call-x3|save-prologue|after-return-delay-slot
0x00150EDC,0x0017EEDC,True,3,False,False,,ida-defined,ida|direct-call-x3
0x00150F1C,0x0017EF1C,True,4,False,True,,ida-defined,ida|direct-call-x4|after-return-delay-slot
0x00150F54,0x0017EF54,True,4,False,True,,ida-defined,ida|direct-call-x4|after-return-delay-slot
0x00150F8C,0x0017EF8C,True,4,False,True,,ida-defined,ida|direct-call-x4|after-return-delay-slot
0x00150FC4,0x0017EFC4,True,9,False,True,,ida-defined,ida|direct-call-x9|after-return-delay-slot
0x00151000,0x0017F000,True,2,False,True,,ida-defined,ida|direct-call-x2|after-return-delay-slot
0x00151018,0x0017F018,True,2,False,True,,ida-defined,ida|direct-call-x2|after-return-delay-slot
0x00151034,0x0017F034,True,2,False,True,,ida-defined,ida|direct-call-x2|after-return-delay-slot
0x00151050,0x0017F050,True,2,False,True,,ida-defined,ida|direct-call-x2|after-return-delay-slot
0x0015106C,0x0017F06C,True,1,False,True,,ida-defined,ida|direct-call-x1|after-return-delay-slot
0x00151080,0x0017F080,True,1,False,True,,ida-defined,ida|direct-call-x1|after-return-delay-slot
0x00151088,0x0017F088,True,1,False,True,,ida-defined,ida|direct-call-x1|after-return-delay-slot
0x00151090,0x0017F090,True,1,False,True,,ida-defined,ida|direct-call-x1|after-return-delay-slot
0x00151098,0x0017F098,True,1,False,True,,ida-defined,ida|direct-call-x1|after-return-delay-slot
0x001510A0,0x0017F0A0,True,1,True,True,,ida-defined,ida|direct-call-x1|save-prologue|after-return-delay-slot
0x00151434,0x0017F434,True,1,True,True,,ida-defined,ida|direct-call-x1|save-prologue|after-return-delay-slot
0x001514C4,0x0017F4C4,True,1,False,True,,ida-defined,ida|direct-call-x1|after-return-delay-slot
0x00151544,0x0017F544,True,1,False,True,,ida-defined,ida|direct-call-x1|after-return-delay-slot
0x0015158C,0x0017F58C,True,2,True,True,,ida-defined,ida|direct-call-x2|save-prologue|after-return-delay-slot
0x001516C8,0x0017F6C8,False,1,True,False,,high,direct-call-x1|save-prologue
0x001517FC,0x0017F7FC,True,5,False,True,,ida-defined,ida|direct-call-x5|after-return-delay-slot
0x00151810,0x0017F810,True,1,False,True,,ida-defined,ida|direct-call-x1|after-return-delay-slot
0x00151840,0x0017F840,True,1,False,True,,ida-defined,ida|direct-call-x1|after-return-delay-slot
0x0015187C,0x0017F87C,True,2,False,True,,ida-defined,ida|direct-call-x2|after-return-delay-slot
0x00151890,0x0017F890,True,1,False,True,,ida-defined,ida|direct-call-x1|after-return-delay-slot
0x001518C0,0x0017F8C0,True,1,False,True,,ida-defined,ida|direct-call-x1|after-return-delay-slot
0x001518FC,0x0017F8FC,True,1,True,True,,ida-defined,ida|direct-call-x1|save-prologue|after-return-delay-slot
0x001519CC,0x0017F9CC,False,0,True,False,0x001518FC:sub_1518FC,low,save-prologue
0x00151A20,0x0017FA20,True,0,True,True,,ida-defined,ida|save-prologue|after-return-delay-slot
0x00151C40,0x0017FC40,True,0,True,True,,ida-defined,ida|save-prologue|after-return-delay-slot
0x00151F30,0x0017FF30,True,0,True,True,,ida-defined,ida|save-prologue|after-return-delay-slot
0x00151FF8,0x0017FFF8,True,1,True,True,,ida-defined,ida|direct-call-x1|save-prologue|after-return-delay-slot
0x001524A0,0x001804A0,True,2,True,True,,ida-defined,ida|direct-call-x2|save-prologue|after-return-delay-slot
0x00152B4C,0x00180B4C,True,2,False,True,,ida-defined,ida|direct-call-x2|after-return-delay-slot
0x00152BAC,0x00180BAC,True,3,True,True,,ida-defined,ida|direct-call-x3|save-prologue|after-return-delay-slot
0x00152CD8,0x00180CD8,True,5,True,True,,ida-defined,ida|direct-call-x5|save-prologue|after-return-delay-slot
0x00152DE0,0x00180DE0,True,1,True,True,,ida-defined,ida|direct-call-x1|save-prologue|after-return-delay-slot
0x00152ECC,0x00180ECC,True,1,True,True,,ida-defined,ida|direct-call-x1|save-prologue|after-return-delay-slot
0x00152F94,0x00180F94,True,2,True,True,,ida-defined,ida|direct-call-x2|save-prologue|after-return-delay-slot
0x0015305C,0x0018105C,True,1,False,True,,ida-defined,ida|direct-call-x1|after-return-delay-slot
0x001530AC,0x001810AC,True,1,False,True,,ida-defined,ida|direct-call-x1|after-return-delay-slot
0x0015311C,0x0018111C,True,1,False,True,,ida-defined,ida|direct-call-x1|after-return-delay-slot
0x00153170,0x00181170,True,2,True,False,,ida-defined,ida|direct-call-x2|save-prologue
0x001533B4,0x001813B4,True,1,True,True,,ida-defined,ida|direct-call-x1|save-prologue|after-return-delay-slot
0x00153440,0x00181440,False,1,False,True,,low,direct-call-x1|after-return-delay-slot
0x00153464,0x00181464,False,1,False,False,,low,direct-call-x1
0x00153580,0x00181580,False,1,True,True,,high,direct-call-x1|save-prologue|after-return-delay-slot
0x001537A8,0x001817A8,True,0,True,True,,ida-defined,ida|save-prologue|after-return-delay-slot
0x00153868,0x00181868,True,6,True,True,,ida-defined,ida|direct-call-x6|save-prologue|after-return-delay-slot
0x00153A20,0x00181A20,True,2,True,True,,ida-defined,ida|direct-call-x2|save-prologue|after-return-delay-slot
0x00153A8C,0x00181A8C,True,0,True,True,,ida-defined,ida|save-prologue|after-return-delay-slot
0x00153AC8,0x00181AC8,True,4,True,True,,ida-defined,ida|direct-call-x4|save-prologue|after-return-delay-slot
0x00153C40,0x00181C40,True,1,True,True,,ida-defined,ida|direct-call-x1|save-prologue|after-return-delay-slot
0x00153F64,0x00181F64,True,0,True,True,,ida-defined,ida|save-prologue|after-return-delay-slot
0x00153FE8,0x00181FE8,True,0,True,True,,ida-defined,ida|save-prologue|after-return-delay-slot
0x00154044,0x00182044,True,0,True,True,,ida-defined,ida|save-prologue|after-return-delay-slot
0x001540CC,0x001820CC,True,2,True,True,,ida-defined,ida|direct-call-x2|save-prologue|after-return-delay-slot
0x00154104,0x00182104,True,1,False,True,,ida-defined,ida|direct-call-x1|after-return-delay-slot
0x00154138,0x00182138,True,1,False,True,,ida-defined,ida|direct-call-x1|after-return-delay-slot
0x00154154,0x00182154,True,1,True,True,,ida-defined,ida|direct-call-x1|save-prologue|after-return-delay-slot
0x001542D8,0x001822D8,False,4,True,True,,high,direct-call-x4|save-prologue|after-return-delay-slot
0x001547C8,0x001827C8,False,3,True,True,,high,direct-call-x3|save-prologue|after-return-delay-slot
0x00154CB8,0x00182CB8,False,0,True,True,,medium,save-prologue|after-return-delay-slot
0x00154D30,0x00182D30,False,0,True,True,,medium,save-prologue|after-return-delay-slot
0x00154DE0,0x00182DE0,True,1,False,True,,ida-defined,ida|direct-call-x1|after-return-delay-slot
0x00154E00,0x00182E00,True,3,True,True,,ida-defined,ida|direct-call-x3|save-prologue|after-return-delay-slot
0x0015508C,0x0018308C,True,1,True,True,,ida-defined,ida|direct-call-x1|save-prologue|after-return-delay-slot
0x001551C0,0x001831C0,True,1,False,False,,ida-defined,ida|direct-call-x1
0x001551C8,0x001831C8,True,1,False,True,,ida-defined,ida|direct-call-x1|after-return-delay-slot
0x00155260,0x00183260,True,28,True,False,,ida-defined,ida|direct-call-x28|save-prologue
0x00155388,0x00183388,True,0,True,True,,ida-defined,ida|save-prologue|after-return-delay-slot
0x00155444,0x00183444,True,5,False,True,,ida-defined,ida|direct-call-x5|after-return-delay-slot
0x00155474,0x00183474,True,6,True,True,,ida-defined,ida|direct-call-x6|save-prologue|after-return-delay-slot
0x001555E8,0x001835E8,True,1,True,True,,ida-defined,ida|direct-call-x1|save-prologue|after-return-delay-slot
0x00155A9C,0x00183A9C,False,1,False,True,,low,direct-call-x1|after-return-delay-slot
0x00155B08,0x00183B08,True,2,True,True,,ida-defined,ida|direct-call-x2|save-prologue|after-return-delay-slot
0x00155B38,0x00183B38,True,1,True,True,,ida-defined,ida|direct-call-x1|save-prologue|after-return-delay-slot
0x00156008,0x00184008,True,2,False,True,,ida-defined,ida|direct-call-x2|after-return-delay-slot
0x0015603C,0x0018403C,True,0,True,True,,ida-defined,ida|save-prologue|after-return-delay-slot
0x00156184,0x00184184,True,1,True,False,,ida-defined,ida|direct-call-x1|save-prologue
0x00156FE8,0x00184FE8,True,3,True,True,,ida-defined,ida|direct-call-x3|save-prologue|after-return-delay-slot
0x00157020,0x00185020,True,1,True,True,,ida-defined,ida|direct-call-x1|save-prologue|after-return-delay-slot
0x0015713C,0x0018513C,True,1,True,True,,ida-defined,ida|direct-call-x1|save-prologue|after-return-delay-slot
0x00157C70,0x00185C70,True,1,True,True,,ida-defined,ida|direct-call-x1|save-prologue|after-return-delay-slot
0x00157CEC,0x00185CEC,True,1,False,True,,ida-defined,ida|direct-call-x1|after-return-delay-slot
0x00157CF4,0x00185CF4,True,1,False,True,,ida-defined,ida|direct-call-x1|after-return-delay-slot
0x00157D64,0x00185D64,True,1,False,True,,ida-defined,ida|direct-call-x1|after-return-delay-slot
0x00157E58,0x00185E58,True,13,False,True,,ida-defined,ida|direct-call-x13|after-return-delay-slot
0x00157E98,0x00185E98,False,0,True,False,0x00157E58:sub_157E58,low,save-prologue
0x00157ED8,0x00185ED8,True,2,True,True,,ida-defined,ida|direct-call-x2|save-prologue|after-return-delay-slot
0x00157F4C,0x00185F4C,True,1,False,True,,ida-defined,ida|direct-call-x1|after-return-delay-slot
0x00157F78,0x00185F78,True,0,True,True,,ida-defined,ida|save-prologue|after-return-delay-slot
0x00157FEC,0x00185FEC,True,0,True,True,,ida-defined,ida|save-prologue|after-return-delay-slot
0x001580F4,0x001860F4,True,0,True,True,,ida-defined,ida|save-prologue|after-return-delay-slot
0x00158154,0x00186154,True,0,True,True,,ida-defined,ida|save-prologue|after-return-delay-slot
0x0015843C,0x0018643C,False,0,True,True,,medium,save-prologue|after-return-delay-slot
0x00158818,0x00186818,True,8,True,True,,ida-defined,ida|direct-call-x8|save-prologue|after-return-delay-slot
0x001588B0,0x001868B0,True,0,True,True,,ida-defined,ida|save-prologue|after-return-delay-slot
0x00158ABC,0x00186ABC,True,1,False,True,,ida-defined,ida|direct-call-x1|after-return-delay-slot
0x00158AFC,0x00186AFC,True,0,True,True,,ida-defined,ida|save-prologue|after-return-delay-slot
0x00158C14,0x00186C14,True,0,True,True,,ida-defined,ida|save-prologue|after-return-delay-slot
0x00158C34,0x00186C34,True,1,True,False,,ida-defined,ida|direct-call-x1|save-prologue
0x00158D1C,0x00186D1C,True,1,True,False,,ida-defined,ida|direct-call-x1|save-prologue
0x00158DE0,0x00186DE0,True,1,True,True,,ida-defined,ida|direct-call-x1|save-prologue|after-return-delay-slot
0x00158FB8,0x00186FB8,True,1,False,True,,ida-defined,ida|direct-call-x1|after-return-delay-slot
0x00159108,0x00187108,True,1,True,True,,ida-defined,ida|direct-call-x1|save-prologue|after-return-delay-slot
0x00159214,0x00187214,True,0,True,True,,ida-defined,ida|save-prologue|after-return-delay-slot
0x001595A8,0x001875A8,True,1,False,False,,ida-defined,ida|direct-call-x1
0x00159628,0x00187628,True,1,False,True,,ida-defined,ida|direct-call-x1|after-return-delay-slot
0x001596E8,0x001876E8,True,0,True,True,,ida-defined,ida|save-prologue|after-return-delay-slot
0x0015980C,0x0018780C,True,0,True,True,,ida-defined,ida|save-prologue|after-return-delay-slot
0x001598E8,0x001878E8,True,0,True,True,,ida-defined,ida|save-prologue|after-return-delay-slot
0x00159C64,0x00187C64,True,0,True,True,,ida-defined,ida|save-prologue|after-return-delay-slot
0x00159DF4,0x00187DF4,True,0,True,True,,ida-defined,ida|save-prologue|after-return-delay-slot
0x00159ED0,0x00187ED0,True,0,True,True,,ida-defined,ida|save-prologue|after-return-delay-slot
0x00159F44,0x00187F44,True,1,True,True,,ida-defined,ida|direct-call-x1|save-prologue|after-return-delay-slot
0x0015A0A4,0x001880A4,True,0,True,True,,ida-defined,ida|save-prologue|after-return-delay-slot
0x0015A1BC,0x001881BC,True,0,True,True,,ida-defined,ida|save-prologue|after-return-delay-slot
0x0015A338,0x00188338,True,0,True,True,,ida-defined,ida|save-prologue|after-return-delay-slot
0x0015A3C0,0x001883C0,True,0,True,True,,ida-defined,ida|save-prologue|after-return-delay-slot
0x0015A444,0x00188444,True,0,True,True,,ida-defined,ida|save-prologue|after-return-delay-slot
0x0015A500,0x00188500,True,0,True,True,,ida-defined,ida|save-prologue|after-return-delay-slot
0x0015A6A4,0x001886A4,True,1,True,True,,ida-defined,ida|direct-call-x1|save-prologue|after-return-delay-slot
0x0015A8F0,0x001888F0,True,0,True,True,,ida-defined,ida|save-prologue|after-return-delay-slot
0x0015AA08,0x00188A08,True,0,True,True,,ida-defined,ida|save-prologue|after-return-delay-slot
0x0015ACE0,0x00188CE0,True,0,True,True,,ida-defined,ida|save-prologue|after-return-delay-slot
0x0015AD68,0x00188D68,True,0,True,True,,ida-defined,ida|save-prologue|after-return-delay-slot
0x0015AE00,0x00188E00,True,2,True,True,,ida-defined,ida|direct-call-x2|save-prologue|after-return-delay-slot
0x0015B2E4,0x001892E4,True,0,True,True,,ida-defined,ida|save-prologue|after-return-delay-slot
0x0015B390,0x00189390,True,1,True,True,,ida-defined,ida|direct-call-x1|save-prologue|after-return-delay-slot
0x0015B674,0x00189674,True,1,True,True,,ida-defined,ida|direct-call-x1|save-prologue|after-return-delay-slot
0x0015B974,0x00189974,True,0,True,True,,ida-defined,ida|save-prologue|after-return-delay-slot
0x0015BB50,0x00189B50,True,1,True,False,,ida-defined,ida|direct-call-x1|save-prologue
0x0015C1D8,0x0018A1D8,True,0,True,True,,ida-defined,ida|save-prologue|after-return-delay-slot
0x0015C300,0x0018A300,True,1,True,True,,ida-defined,ida|direct-call-x1|save-prologue|after-return-delay-slot
0x0015C918,0x0018A918,True,0,True,True,,ida-defined,ida|save-prologue|after-return-delay-slot
0x0015C99C,0x0018A99C,True,1,False,True,,ida-defined,ida|direct-call-x1|after-return-delay-slot
0x0015C9D0,0x0018A9D0,True,1,True,True,,ida-defined,ida|direct-call-x1|save-prologue|after-return-delay-slot
0x0015CC00,0x0018AC00,True,0,True,True,,ida-defined,ida|save-prologue|after-return-delay-slot
0x0015CD10,0x0018AD10,True,1,False,True,,ida-defined,ida|direct-call-x1|after-return-delay-slot
0x0015CE5C,0x0018AE5C,True,0,True,False,,ida-defined,ida|save-prologue
0x0015CF24,0x0018AF24,True,0,True,True,,ida-defined,ida|save-prologue|after-return-delay-slot
0x0015CFA4,0x0018AFA4,True,0,True,True,,ida-defined,ida|save-prologue|after-return-delay-slot
0x0015D0EC,0x0018B0EC,True,1,True,True,,ida-defined,ida|direct-call-x1|save-prologue|after-return-delay-slot
0x0015D428,0x0018B428,True,1,False,True,,ida-defined,ida|direct-call-x1|after-return-delay-slot
0x0015D4DC,0x0018B4DC,True,1,False,True,,ida-defined,ida|direct-call-x1|after-return-delay-slot
0x0015D6F0,0x0018B6F0,False,0,True,True,,medium,save-prologue|after-return-delay-slot
0x0015D718,0x0018B718,False,0,True,True,,medium,save-prologue|after-return-delay-slot
0x0015D740,0x0018B740,False,0,True,True,,medium,save-prologue|after-return-delay-slot
0x0015D768,0x0018B768,False,1,True,True,,high,direct-call-x1|save-prologue|after-return-delay-slot
0x0015D790,0x0018B790,True,2,True,True,,ida-defined,ida|direct-call-x2|save-prologue|after-return-delay-slot
0x0015D7B8,0x0018B7B8,True,0,True,True,,ida-defined,ida|save-prologue|after-return-delay-slot
0x0015DA14,0x0018BA14,True,1,True,True,,ida-defined,ida|direct-call-x1|save-prologue|after-return-delay-slot
0x0015DAD4,0x0018BAD4,True,0,True,True,,ida-defined,ida|save-prologue|after-return-delay-slot
0x0015DB9C,0x0018BB9C,True,1,False,True,,ida-defined,ida|direct-call-x1|after-return-delay-slot
0x0015DBA8,0x0018BBA8,True,1,True,True,,ida-defined,ida|direct-call-x1|save-prologue|after-return-delay-slot
0x0015DC18,0x0018BC18,True,1,True,True,,ida-defined,ida|direct-call-x1|save-prologue|after-return-delay-slot
0x0015DD80,0x0018BD80,False,0,True,True,,medium,save-prologue|after-return-delay-slot
0x0015DDC8,0x0018BDC8,False,1,True,True,,high,direct-call-x1|save-prologue|after-return-delay-slot
0x0015DE30,0x0018BE30,True,3,False,False,,ida-defined,ida|direct-call-x3
0x0015DE54,0x0018BE54,False,1,False,False,0x0015DE30:sub_15DE30,low,direct-call-x1
0x0015DE78,0x0018BE78,False,1,False,False,0x0015DE30:sub_15DE30,low,direct-call-x1
0x0015DEE8,0x0018BEE8,True,1,False,False,,ida-defined,ida|direct-call-x1
0x0015DF54,0x0018BF54,True,1,False,False,,ida-defined,ida|direct-call-x1
0x0015DF78,0x0018BF78,False,5,False,False,0x0015DF54:sub_15DF54,high,direct-call-x5
0x0015DF9C,0x0018BF9C,False,5,False,False,0x0015DF54:sub_15DF54,high,direct-call-x5
0x0015E044,0x0018C044,False,1,False,False,0x0015DF54:sub_15DF54,low,direct-call-x1
0x0015E068,0x0018C068,False,1,False,False,0x0015DF54:sub_15DF54,low,direct-call-x1
0x0015E0A4,0x0018C0A4,False,3,True,False,0x0015DF54:sub_15DF54,high,direct-call-x3|save-prologue
0x0015E0DC,0x0018C0DC,False,6,True,False,0x0015DF54:sub_15DF54,high,direct-call-x6|save-prologue
0x0015E1AC,0x0018C1AC,True,1,False,False,,ida-defined,ida|direct-call-x1
0x0015E280,0x0018C280,False,0,True,False,0x0015E1AC:sub_15E1AC,low,save-prologue
0x0015E2D8,0x0018C2D8,False,1,True,False,0x0015E1AC:sub_15E1AC,high,direct-call-x1|save-prologue
0x0015E490,0x0018C490,True,2,True,False,,ida-defined,ida|direct-call-x2|save-prologue
0x0015E524,0x0018C524,True,3,True,False,,ida-defined,ida|direct-call-x3|save-prologue
0x0015E560,0x0018C560,True,2,True,False,,ida-defined,ida|direct-call-x2|save-prologue
0x0015E59C,0x0018C59C,False,0,True,False,0x0015E560:sub_15E560,low,save-prologue
0x0015E5C4,0x0018C5C4,False,0,True,True,,medium,save-prologue|after-return-delay-slot
0x0015E60C,0x0018C60C,False,0,True,False,,low,save-prologue
0x0015E77C,0x0018C77C,False,0,True,True,,medium,save-prologue|after-return-delay-slot
0x0015E8DC,0x0018C8DC,False,0,True,True,,medium,save-prologue|after-return-delay-slot
0x0015E904,0x0018C904,False,0,True,True,,medium,save-prologue|after-return-delay-slot
0x0015E970,0x0018C970,False,0,True,True,,medium,save-prologue|after-return-delay-slot
0x0015EA4C,0x0018CA4C,False,0,True,True,,medium,save-prologue|after-return-delay-slot
0x0015EB44,0x0018CB44,True,1,True,True,,ida-defined,ida|direct-call-x1|save-prologue|after-return-delay-slot
0x0015F0F0,0x0018D0F0,True,4,True,True,,ida-defined,ida|direct-call-x4|save-prologue|after-return-delay-slot
0x0015F3EC,0x0018D3EC,True,22,True,True,,ida-defined,ida|direct-call-x22|save-prologue|after-return-delay-slot
0x0015F654,0x0018D654,True,0,True,True,,ida-defined,ida|save-prologue|after-return-delay-slot
0x0015F93C,0x0018D93C,True,9,True,True,,ida-defined,ida|direct-call-x9|save-prologue|after-return-delay-slot
0x0015FA0C,0x0018DA0C,True,8,True,True,,ida-defined,ida|direct-call-x8|save-prologue|after-return-delay-slot
0x0015FB9C,0x0018DB9C,True,3,True,True,,ida-defined,ida|direct-call-x3|save-prologue|after-return-delay-slot
0x0015FDF8,0x0018DDF8,True,3,True,True,,ida-defined,ida|direct-call-x3|save-prologue|after-return-delay-slot
0x0015FFF4,0x0018DFF4,False,0,True,True,,medium,save-prologue|after-return-delay-slot
0x001602CC,0x0018E2CC,True,1,True,True,,ida-defined,ida|direct-call-x1|save-prologue|after-return-delay-slot
0x00160560,0x0018E560,True,1,True,True,,ida-defined,ida|direct-call-x1|save-prologue|after-return-delay-slot
0x0016088C,0x0018E88C,True,1,True,True,,ida-defined,ida|direct-call-x1|save-prologue|after-return-delay-slot
0x00160B08,0x0018EB08,True,1,True,True,,ida-defined,ida|direct-call-x1|save-prologue|after-return-delay-slot
0x00160F18,0x0018EF18,True,5,True,True,,ida-defined,ida|direct-call-x5|save-prologue|after-return-delay-slot
0x00161210,0x0018F210,True,0,True,True,,ida-defined,ida|save-prologue|after-return-delay-slot
0x00161228,0x0018F228,False,0,True,False,0x00161210:sub_161210,low,save-prologue
0x0016137C,0x0018F37C,False,0,True,True,,medium,save-prologue|after-return-delay-slot
0x00161420,0x0018F420,True,1,True,True,,ida-defined,ida|direct-call-x1|save-prologue|after-return-delay-slot
0x0016148C,0x0018F48C,False,2,True,True,,high,direct-call-x2|save-prologue|after-return-delay-slot
0x001614B8,0x0018F4B8,False,0,True,True,,medium,save-prologue|after-return-delay-slot
0x001614E4,0x0018F4E4,False,2,True,True,,high,direct-call-x2|save-prologue|after-return-delay-slot
0x00161514,0x0018F514,False,0,True,True,,medium,save-prologue|after-return-delay-slot
0x00161544,0x0018F544,False,0,True,True,,medium,save-prologue|after-return-delay-slot
0x00161574,0x0018F574,False,0,True,True,,medium,save-prologue|after-return-delay-slot
0x001615A4,0x0018F5A4,False,0,True,True,,medium,save-prologue|after-return-delay-slot
0x001617D4,0x0018F7D4,True,68,True,True,,ida-defined,ida|direct-call-x68|save-prologue|after-return-delay-slot
0x00161A04,0x0018FA04,True,0,True,True,,ida-defined,ida|save-prologue|after-return-delay-slot
0x00161A3C,0x0018FA3C,True,11,True,True,,ida-defined,ida|direct-call-x11|save-prologue|after-return-delay-slot
0x00161D08,0x0018FD08,False,0,True,True,,medium,save-prologue|after-return-delay-slot
0x00161DB0,0x0018FDB0,False,0,True,True,,medium,save-prologue|after-return-delay-slot
0x00161DE8,0x0018FDE8,True,1,True,True,,ida-defined,ida|direct-call-x1|save-prologue|after-return-delay-slot
0x00161E10,0x0018FE10,True,1,True,True,,ida-defined,ida|direct-call-x1|save-prologue|after-return-delay-slot
0x00161E38,0x0018FE38,True,1,True,True,,ida-defined,ida|direct-call-x1|save-prologue|after-return-delay-slot
0x00161E7C,0x0018FE7C,False,0,True,True,,medium,save-prologue|after-return-delay-slot
0x00161EA8,0x0018FEA8,False,0,True,True,,medium,save-prologue|after-return-delay-slot
0x00161F1C,0x0018FF1C,False,0,True,True,,medium,save-prologue|after-return-delay-slot
0x00161F4C,0x0018FF4C,True,2,True,True,,ida-defined,ida|direct-call-x2|save-prologue|after-return-delay-slot
0x00161F9C,0x0018FF9C,True,2,True,True,,ida-defined,ida|direct-call-x2|save-prologue|after-return-delay-slot
0x001620AC,0x001900AC,True,4,True,True,,ida-defined,ida|direct-call-x4|save-prologue|after-return-delay-slot
0x00162130,0x00190130,True,1,True,True,,ida-defined,ida|direct-call-x1|save-prologue|after-return-delay-slot
0x00162160,0x00190160,True,0,True,True,,ida-defined,ida|save-prologue|after-return-delay-slot
0x001621A0,0x001901A0,True,0,True,True,,ida-defined,ida|save-prologue|after-return-delay-slot
0x001621D8,0x001901D8,True,1,True,True,,ida-defined,ida|direct-call-x1|save-prologue|after-return-delay-slot
0x00162210,0x00190210,True,0,True,True,,ida-defined,ida|save-prologue|after-return-delay-slot
0x00162244,0x00190244,True,0,True,True,,ida-defined,ida|save-prologue|after-return-delay-slot
0x00162274,0x00190274,True,1,True,True,,ida-defined,ida|direct-call-x1|save-prologue|after-return-delay-slot
0x001622D4,0x001902D4,True,1,True,True,,ida-defined,ida|direct-call-x1|save-prologue|after-return-delay-slot
0x00162304,0x00190304,True,1,True,True,,ida-defined,ida|direct-call-x1|save-prologue|after-return-delay-slot
0x00162330,0x00190330,True,2,True,True,,ida-defined,ida|direct-call-x2|save-prologue|after-return-delay-slot
0x00162368,0x00190368,True,0,True,True,,ida-defined,ida|save-prologue|after-return-delay-slot
0x00162394,0x00190394,True,0,True,True,,ida-defined,ida|save-prologue|after-return-delay-slot
0x001623DC,0x001903DC,True,0,True,True,,ida-defined,ida|save-prologue|after-return-delay-slot
0x0016240C,0x0019040C,True,0,True,True,,ida-defined,ida|save-prologue|after-return-delay-slot
0x0016259C,0x0019059C,True,0,True,True,,ida-defined,ida|save-prologue|after-return-delay-slot
0x001625C8,0x001905C8,True,0,True,True,,ida-defined,ida|save-prologue|after-return-delay-slot
0x00162658,0x00190658,True,0,True,True,,ida-defined,ida|save-prologue|after-return-delay-slot
0x00162688,0x00190688,True,2,True,True,,ida-defined,ida|direct-call-x2|save-prologue|after-return-delay-slot
0x001626C0,0x001906C0,True,0,True,True,,ida-defined,ida|save-prologue|after-return-delay-slot
0x0016270C,0x0019070C,True,0,True,True,,ida-defined,ida|save-prologue|after-return-delay-slot
0x00162744,0x00190744,True,2,True,True,,ida-defined,ida|direct-call-x2|save-prologue|after-return-delay-slot
0x0016277C,0x0019077C,True,2,True,True,,ida-defined,ida|direct-call-x2|save-prologue|after-return-delay-slot
0x001627A8,0x001907A8,True,2,True,True,,ida-defined,ida|direct-call-x2|save-prologue|after-return-delay-slot
0x001627DC,0x001907DC,True,1,True,True,,ida-defined,ida|direct-call-x1|save-prologue|after-return-delay-slot
0x001628B0,0x001908B0,True,2,True,False,,ida-defined,ida|direct-call-x2|save-prologue
0x001628F8,0x001908F8,True,1,True,True,,ida-defined,ida|direct-call-x1|save-prologue|after-return-delay-slot
0x0016292C,0x0019092C,True,2,True,True,,ida-defined,ida|direct-call-x2|save-prologue|after-return-delay-slot
0x00162974,0x00190974,True,1,True,True,,ida-defined,ida|direct-call-x1|save-prologue|after-return-delay-slot
0x00162A94,0x00190A94,True,2,True,True,,ida-defined,ida|direct-call-x2|save-prologue|after-return-delay-slot
0x00162AF4,0x00190AF4,True,0,True,True,,ida-defined,ida|save-prologue|after-return-delay-slot
0x00162B2C,0x00190B2C,True,0,True,True,,ida-defined,ida|save-prologue|after-return-delay-slot
0x00162B64,0x00190B64,True,0,True,True,,ida-defined,ida|save-prologue|after-return-delay-slot
0x00162BA4,0x00190BA4,True,1,False,True,,ida-defined,ida|direct-call-x1|after-return-delay-slot
0x00162BAC,0x00190BAC,True,1,True,True,,ida-defined,ida|direct-call-x1|save-prologue|after-return-delay-slot
0x00162C58,0x00190C58,True,2,True,True,,ida-defined,ida|direct-call-x2|save-prologue|after-return-delay-slot
0x00162C84,0x00190C84,True,6,True,True,,ida-defined,ida|direct-call-x6|save-prologue|after-return-delay-slot
0x00162CBC,0x00190CBC,True,1,True,True,,ida-defined,ida|direct-call-x1|save-prologue|after-return-delay-slot
0x00162CF4,0x00190CF4,True,7,True,True,,ida-defined,ida|direct-call-x7|save-prologue|after-return-delay-slot
0x00162D2C,0x00190D2C,True,0,True,True,,ida-defined,ida|save-prologue|after-return-delay-slot
0x00162D60,0x00190D60,True,1,True,True,,ida-defined,ida|direct-call-x1|save-prologue|after-return-delay-slot
0x00162D94,0x00190D94,True,1,True,True,,ida-defined,ida|direct-call-x1|save-prologue|after-return-delay-slot
0x00162DEC,0x00190DEC,False,0,True,True,,medium,save-prologue|after-return-delay-slot
0x001630E4,0x001910E4,False,1,True,True,,high,direct-call-x1|save-prologue|after-return-delay-slot
0x00163188,0x00191188,True,1,True,True,,ida-defined,ida|direct-call-x1|save-prologue|after-return-delay-slot
0x001631B8,0x001911B8,True,1,True,True,,ida-defined,ida|direct-call-x1|save-prologue|after-return-delay-slot
0x001631E8,0x001911E8,True,1,True,True,,ida-defined,ida|direct-call-x1|save-prologue|after-return-delay-slot
0x00163210,0x00191210,True,5,True,True,,ida-defined,ida|direct-call-x5|save-prologue|after-return-delay-slot
0x00163240,0x00191240,True,2,True,True,,ida-defined,ida|direct-call-x2|save-prologue|after-return-delay-slot
0x00163274,0x00191274,True,1,True,True,,ida-defined,ida|direct-call-x1|save-prologue|after-return-delay-slot
0x001632A4,0x001912A4,True,2,True,True,,ida-defined,ida|direct-call-x2|save-prologue|after-return-delay-slot
0x001632CC,0x001912CC,True,2,True,True,,ida-defined,ida|direct-call-x2|save-prologue|after-return-delay-slot
0x001632F4,0x001912F4,True,1,True,True,,ida-defined,ida|direct-call-x1|save-prologue|after-return-delay-slot
0x0016331C,0x0019131C,True,1,True,True,,ida-defined,ida|direct-call-x1|save-prologue|after-return-delay-slot
0x00163348,0x00191348,True,2,True,True,,ida-defined,ida|direct-call-x2|save-prologue|after-return-delay-slot
0x00163404,0x00191404,True,0,True,True,,ida-defined,ida|save-prologue|after-return-delay-slot
0x00163480,0x00191480,True,1,True,True,,ida-defined,ida|direct-call-x1|save-prologue|after-return-delay-slot
0x001634B8,0x001914B8,True,1,True,True,,ida-defined,ida|direct-call-x1|save-prologue|after-return-delay-slot
0x001634E8,0x001914E8,True,1,False,True,,ida-defined,ida|direct-call-x1|after-return-delay-slot
0x00163538,0x00191538,True,1,False,False,,ida-defined,ida|direct-call-x1
0x00163554,0x00191554,True,1,False,False,,ida-defined,ida|direct-call-x1
0x001635AC,0x001915AC,True,1,False,True,,ida-defined,ida|direct-call-x1|after-return-delay-slot
0x001635F4,0x001915F4,True,2,True,True,,ida-defined,ida|direct-call-x2|save-prologue|after-return-delay-slot
0x00163624,0x00191624,True,1,False,True,,ida-defined,ida|direct-call-x1|after-return-delay-slot
0x0016367C,0x0019167C,True,2,False,True,,ida-defined,ida|direct-call-x2|after-return-delay-slot
0x001636A0,0x001916A0,True,8,True,True,,ida-defined,ida|direct-call-x8|save-prologue|after-return-delay-slot
0x00163CCC,0x00191CCC,True,1,False,True,,ida-defined,ida|direct-call-x1|after-return-delay-slot
0x00163CEC,0x00191CEC,True,1,False,False,,ida-defined,ida|direct-call-x1
0x00163D0C,0x00191D0C,True,1,False,False,,ida-defined,ida|direct-call-x1
0x00163D44,0x00191D44,True,3,False,True,,ida-defined,ida|direct-call-x3|after-return-delay-slot
0x00163D88,0x00191D88,True,1,True,True,,ida-defined,ida|direct-call-x1|save-prologue|after-return-delay-slot
0x00163DE4,0x00191DE4,True,1,True,True,,ida-defined,ida|direct-call-x1|save-prologue|after-return-delay-slot
0x00163E40,0x00191E40,True,1,True,True,,ida-defined,ida|direct-call-x1|save-prologue|after-return-delay-slot
0x00163E9C,0x00191E9C,True,1,True,True,,ida-defined,ida|direct-call-x1|save-prologue|after-return-delay-slot
0x00163EF8,0x00191EF8,True,1,False,True,,ida-defined,ida|direct-call-x1|after-return-delay-slot
0x00163F24,0x00191F24,False,1,False,False,0x00163EF8:sub_163EF8,low,direct-call-x1
0x00163F84,0x00191F84,True,3,False,False,,ida-defined,ida|direct-call-x3
0x00163FB0,0x00191FB0,True,2,False,True,,ida-defined,ida|direct-call-x2|after-return-delay-slot
0x00163FF4,0x00191FF4,True,11,True,False,,ida-defined,ida|direct-call-x11|save-prologue
0x0016413C,0x0019213C,True,4,True,True,,ida-defined,ida|direct-call-x4|save-prologue|after-return-delay-slot
0x001641C8,0x001921C8,True,0,True,True,,ida-defined,ida|save-prologue|after-return-delay-slot
0x00164280,0x00192280,True,0,True,True,,ida-defined,ida|save-prologue|after-return-delay-slot
0x00164368,0x00192368,True,1,True,True,,ida-defined,ida|direct-call-x1|save-prologue|after-return-delay-slot
0x00164474,0x00192474,True,1,True,True,,ida-defined,ida|direct-call-x1|save-prologue|after-return-delay-slot
0x001644DC,0x001924DC,True,0,True,True,,ida-defined,ida|save-prologue|after-return-delay-slot
0x00164580,0x00192580,True,0,True,True,,ida-defined,ida|save-prologue|after-return-delay-slot
0x00164624,0x00192624,True,1,True,True,,ida-defined,ida|direct-call-x1|save-prologue|after-return-delay-slot
0x001646DC,0x001926DC,True,0,True,True,,ida-defined,ida|save-prologue|after-return-delay-slot
0x001647D4,0x001927D4,True,0,True,True,,ida-defined,ida|save-prologue|after-return-delay-slot
0x001648CC,0x001928CC,True,1,True,True,,ida-defined,ida|direct-call-x1|save-prologue|after-return-delay-slot
0x00164964,0x00192964,False,1,True,True,,high,direct-call-x1|save-prologue|after-return-delay-slot
0x00164FAC,0x00192FAC,True,48,False,False,,ida-defined,ida|direct-call-x48
0x00164FE0,0x00192FE0,True,1,True,True,,ida-defined,ida|direct-call-x1|save-prologue|after-return-delay-slot
0x0016537C,0x0019337C,True,27,False,True,,ida-defined,ida|direct-call-x27|after-return-delay-slot
0x001653D0,0x001933D0,True,77,False,True,,ida-defined,ida|direct-call-x77|after-return-delay-slot
0x00165430,0x00193430,True,1,False,True,,ida-defined,ida|direct-call-x1|after-return-delay-slot
0x00165484,0x00193484,True,6,False,True,,ida-defined,ida|direct-call-x6|after-return-delay-slot
0x001654B0,0x001934B0,True,1,False,True,,ida-defined,ida|direct-call-x1|after-return-delay-slot
0x001654D4,0x001934D4,True,3,False,True,,ida-defined,ida|direct-call-x3|after-return-delay-slot
0x00165514,0x00193514,True,3,False,True,,ida-defined,ida|direct-call-x3|after-return-delay-slot
0x00165568,0x00193568,True,1,True,True,,ida-defined,ida|direct-call-x1|save-prologue|after-return-delay-slot
0x00165634,0x00193634,True,0,True,True,,ida-defined,ida|save-prologue|after-return-delay-slot
0x00165730,0x00193730,True,1,False,True,,ida-defined,ida|direct-call-x1|after-return-delay-slot
0x00165750,0x00193750,True,5,False,True,,ida-defined,ida|direct-call-x5|after-return-delay-slot
0x0016576C,0x0019376C,True,2,True,True,,ida-defined,ida|direct-call-x2|save-prologue|after-return-delay-slot
0x00165C9C,0x00193C9C,True,5,True,True,,ida-defined,ida|direct-call-x5|save-prologue|after-return-delay-slot
0x00165F00,0x00193F00,True,5,True,False,,ida-defined,ida|direct-call-x5|save-prologue
0x00166170,0x00194170,True,0,True,True,,ida-defined,ida|save-prologue|after-return-delay-slot
0x00166208,0x00194208,True,1,True,True,,ida-defined,ida|direct-call-x1|save-prologue|after-return-delay-slot
0x00167610,0x00195610,True,1,False,True,,ida-defined,ida|direct-call-x1|after-return-delay-slot
0x00167630,0x00195630,True,1,False,True,,ida-defined,ida|direct-call-x1|after-return-delay-slot
0x001676B0,0x001956B0,True,0,True,True,,ida-defined,ida|save-prologue|after-return-delay-slot
0x0016779C,0x0019579C,True,1,True,True,,ida-defined,ida|direct-call-x1|save-prologue|after-return-delay-slot
0x00167ECC,0x00195ECC,True,0,True,True,,ida-defined,ida|save-prologue|after-return-delay-slot
0x00168014,0x00196014,True,0,True,True,,ida-defined,ida|save-prologue|after-return-delay-slot
0x00168258,0x00196258,True,0,True,True,,ida-defined,ida|save-prologue|after-return-delay-slot
0x00168484,0x00196484,True,1,False,True,,ida-defined,ida|direct-call-x1|after-return-delay-slot
0x001684A4,0x001964A4,True,1,False,True,,ida-defined,ida|direct-call-x1|after-return-delay-slot
0x001684C4,0x001964C4,True,4,False,True,,ida-defined,ida|direct-call-x4|after-return-delay-slot
0x001684E8,0x001964E8,True,3,False,True,,ida-defined,ida|direct-call-x3|after-return-delay-slot
0x0016850C,0x0019650C,True,1,True,True,,ida-defined,ida|direct-call-x1|save-prologue|after-return-delay-slot
0x00168730,0x00196730,True,2,False,True,,ida-defined,ida|direct-call-x2|after-return-delay-slot
0x0016878C,0x0019678C,True,20,True,True,,ida-defined,ida|direct-call-x20|save-prologue|after-return-delay-slot
0x0016892C,0x0019692C,True,1,True,True,,ida-defined,ida|direct-call-x1|save-prologue|after-return-delay-slot
0x001689FC,0x001969FC,True,4,True,True,,ida-defined,ida|direct-call-x4|save-prologue|after-return-delay-slot
0x00168E38,0x00196E38,True,1,True,True,,ida-defined,ida|direct-call-x1|save-prologue|after-return-delay-slot
0x00168EE0,0x00196EE0,True,1,True,True,,ida-defined,ida|direct-call-x1|save-prologue|after-return-delay-slot
0x00168FA4,0x00196FA4,True,1,True,True,,ida-defined,ida|direct-call-x1|save-prologue|after-return-delay-slot
0x001692A0,0x001972A0,True,23,True,True,,ida-defined,ida|direct-call-x23|save-prologue|after-return-delay-slot
0x001694C4,0x001974C4,True,1,True,True,,ida-defined,ida|direct-call-x1|save-prologue|after-return-delay-slot
0x0016952C,0x0019752C,True,1,True,True,,ida-defined,ida|direct-call-x1|save-prologue|after-return-delay-slot
0x001695E8,0x001975E8,False,1,True,False,0x0016952C:sub_16952C,high,direct-call-x1|save-prologue
0x00169618,0x00197618,True,1,True,True,,ida-defined,ida|direct-call-x1|save-prologue|after-return-delay-slot
0x00169674,0x00197674,True,3,False,False,,ida-defined,ida|direct-call-x3
0x0016978C,0x0019778C,True,5,True,True,,ida-defined,ida|direct-call-x5|save-prologue|after-return-delay-slot
0x00169BB8,0x00197BB8,True,0,True,True,,ida-defined,ida|save-prologue|after-return-delay-slot
0x00169C44,0x00197C44,True,1,True,True,,ida-defined,ida|direct-call-x1|save-prologue|after-return-delay-slot
0x00169CE4,0x00197CE4,True,3,False,True,,ida-defined,ida|direct-call-x3|after-return-delay-slot
0x00169CFC,0x00197CFC,True,2,False,True,,ida-defined,ida|direct-call-x2|after-return-delay-slot
0x00169D98,0x00197D98,False,1,False,True,,low,direct-call-x1|after-return-delay-slot
0x00169EC0,0x00197EC0,True,20,False,True,,ida-defined,ida|direct-call-x20|after-return-delay-slot
0x00169F20,0x00197F20,True,14,False,True,,ida-defined,ida|direct-call-x14|after-return-delay-slot
0x0016A05C,0x0019805C,True,0,True,True,,ida-defined,ida|save-prologue|after-return-delay-slot
0x0016A118,0x00198118,True,1,False,True,,ida-defined,ida|direct-call-x1|after-return-delay-slot
0x0016A144,0x00198144,True,1,False,True,,ida-defined,ida|direct-call-x1|after-return-delay-slot
0x0016A174,0x00198174,True,1,False,True,,ida-defined,ida|direct-call-x1|after-return-delay-slot
0x0016A19C,0x0019819C,True,24,False,True,,ida-defined,ida|direct-call-x24|after-return-delay-slot
0x0016A1EC,0x001981EC,True,28,False,True,,ida-defined,ida|direct-call-x28|after-return-delay-slot
0x0016A244,0x00198244,True,30,False,True,,ida-defined,ida|direct-call-x30|after-return-delay-slot
0x0016A298,0x00198298,True,5,False,True,,ida-defined,ida|direct-call-x5|after-return-delay-slot
0x0016A320,0x00198320,True,1,False,True,,ida-defined,ida|direct-call-x1|after-return-delay-slot
0x0016A32C,0x0019832C,True,1,False,True,,ida-defined,ida|direct-call-x1|after-return-delay-slot
0x0016A37C,0x0019837C,True,1,False,True,,ida-defined,ida|direct-call-x1|after-return-delay-slot
0x0016A39C,0x0019839C,True,1,True,True,,ida-defined,ida|direct-call-x1|save-prologue|after-return-delay-slot
0x0016A3E8,0x001983E8,True,1,True,True,,ida-defined,ida|direct-call-x1|save-prologue|after-return-delay-slot
0x0016A424,0x00198424,True,5,True,False,,ida-defined,ida|direct-call-x5|save-prologue
0x0016A524,0x00198524,True,1,True,True,,ida-defined,ida|direct-call-x1|save-prologue|after-return-delay-slot
0x0016A7C4,0x001987C4,False,1,False,True,,low,direct-call-x1|after-return-delay-slot
0x0016A84C,0x0019884C,True,2,True,True,,ida-defined,ida|direct-call-x2|save-prologue|after-return-delay-slot
0x0016A900,0x00198900,True,1,True,True,,ida-defined,ida|direct-call-x1|save-prologue|after-return-delay-slot
0x0016AE6C,0x00198E6C,True,1,False,True,,ida-defined,ida|direct-call-x1|after-return-delay-slot
0x0016AE78,0x00198E78,True,13,False,True,,ida-defined,ida|direct-call-x13|after-return-delay-slot
0x0016AE94,0x00198E94,True,4,True,True,,ida-defined,ida|direct-call-x4|save-prologue|after-return-delay-slot
0x0016AEBC,0x00198EBC,True,1,True,True,,ida-defined,ida|direct-call-x1|save-prologue|after-return-delay-slot
0x0016AFB8,0x00198FB8,True,1,False,True,,ida-defined,ida|direct-call-x1|after-return-delay-slot
0x0016AFD0,0x00198FD0,True,1,True,False,,ida-defined,ida|direct-call-x1|save-prologue
0x0016B534,0x00199534,False,26,False,False,,high,direct-call-x26
0x0016B580,0x00199580,True,8,False,True,,ida-defined,ida|direct-call-x8|after-return-delay-slot
0x0016B694,0x00199694,True,1,False,True,,ida-defined,ida|direct-call-x1|after-return-delay-slot
0x0016B69C,0x0019969C,True,4,False,True,,ida-defined,ida|direct-call-x4|after-return-delay-slot
0x0016B6B8,0x001996B8,False,1,False,False,0x0016B69C:sub_16B69C,low,direct-call-x1
0x0016B6D4,0x001996D4,False,1,False,False,0x0016B69C:sub_16B69C,low,direct-call-x1
0x0016B704,0x00199704,False,12,True,False,,high,direct-call-x12|save-prologue
0x0016B960,0x00199960,True,0,True,False,,ida-defined,ida|save-prologue
0x0016B9D8,0x001999D8,True,5,True,False,,ida-defined,ida|direct-call-x5|save-prologue
0x0016BB98,0x00199B98,True,0,True,True,,ida-defined,ida|save-prologue|after-return-delay-slot
0x0016BBE8,0x00199BE8,True,30,True,True,,ida-defined,ida|direct-call-x30|save-prologue|after-return-delay-slot
0x0016BCE8,0x00199CE8,True,3,True,True,,ida-defined,ida|direct-call-x3|save-prologue|after-return-delay-slot
0x0016BD7C,0x00199D7C,True,2,False,False,,ida-defined,ida|direct-call-x2
0x0016BD8C,0x00199D8C,False,5,True,False,0x0016BD7C:sub_16BD7C,high,direct-call-x5|save-prologue
0x0016BE3C,0x00199E3C,True,3,True,True,,ida-defined,ida|direct-call-x3|save-prologue|after-return-delay-slot
0x0016BED0,0x00199ED0,True,2,True,True,,ida-defined,ida|direct-call-x2|save-prologue|after-return-delay-slot
0x0016BF64,0x00199F64,True,3,False,True,,ida-defined,ida|direct-call-x3|after-return-delay-slot
0x0016BF74,0x00199F74,True,1,False,True,,ida-defined,ida|direct-call-x1|after-return-delay-slot
0x0016BF80,0x00199F80,True,4,False,True,,ida-defined,ida|direct-call-x4|after-return-delay-slot
0x0016BFA0,0x00199FA0,True,1,False,True,,ida-defined,ida|direct-call-x1|after-return-delay-slot
0x0016BFAC,0x00199FAC,True,4,True,True,,ida-defined,ida|direct-call-x4|save-prologue|after-return-delay-slot
0x0016C060,0x0019A060,True,1,True,True,,ida-defined,ida|direct-call-x1|save-prologue|after-return-delay-slot
0x0016C0B8,0x0019A0B8,True,1,True,True,,ida-defined,ida|direct-call-x1|save-prologue|after-return-delay-slot
0x0016C0D0,0x0019A0D0,True,3,True,True,,ida-defined,ida|direct-call-x3|save-prologue|after-return-delay-slot
0x0016C0E8,0x0019A0E8,True,0,True,True,,ida-defined,ida|save-prologue|after-return-delay-slot
0x0016C19C,0x0019A19C,True,1,True,True,,ida-defined,ida|direct-call-x1|save-prologue|after-return-delay-slot
0x0016C1F4,0x0019A1F4,True,0,True,True,,ida-defined,ida|save-prologue|after-return-delay-slot
0x0016C20C,0x0019A20C,True,0,True,True,,ida-defined,ida|save-prologue|after-return-delay-slot
0x0016C224,0x0019A224,True,15,True,True,,ida-defined,ida|direct-call-x15|save-prologue|after-return-delay-slot
0x0016C2D4,0x0019A2D4,True,8,True,True,,ida-defined,ida|direct-call-x8|save-prologue|after-return-delay-slot
0x0016C390,0x0019A390,True,7,False,True,,ida-defined,ida|direct-call-x7|after-return-delay-slot
0x0016C3F8,0x0019A3F8,True,8,False,True,,ida-defined,ida|direct-call-x8|after-return-delay-slot
0x0016C400,0x0019A400,True,26,True,True,,ida-defined,ida|direct-call-x26|save-prologue|after-return-delay-slot
0x0016C4E0,0x0019A4E0,True,8,True,True,,ida-defined,ida|direct-call-x8|save-prologue|after-return-delay-slot
0x0016C508,0x0019A508,True,22,True,True,,ida-defined,ida|direct-call-x22|save-prologue|after-return-delay-slot
0x0016C568,0x0019A568,True,44,False,True,,ida-defined,ida|direct-call-x44|after-return-delay-slot
0x0016C5B8,0x0019A5B8,True,0,True,True,,ida-defined,ida|save-prologue|after-return-delay-slot
0x0016C5F0,0x0019A5F0,True,3,False,True,,ida-defined,ida|direct-call-x3|after-return-delay-slot
0x0016C5F8,0x0019A5F8,True,3,False,True,,ida-defined,ida|direct-call-x3|after-return-delay-slot
0x0016C6A0,0x0019A6A0,True,3,False,True,,ida-defined,ida|direct-call-x3|after-return-delay-slot
0x0016C6F4,0x0019A6F4,True,0,True,True,,ida-defined,ida|save-prologue|after-return-delay-slot
0x0016C7CC,0x0019A7CC,True,0,True,True,,ida-defined,ida|save-prologue|after-return-delay-slot
0x0016C9D0,0x0019A9D0,True,1,True,True,,ida-defined,ida|direct-call-x1|save-prologue|after-return-delay-slot
0x0016CA98,0x0019AA98,True,13,True,True,,ida-defined,ida|direct-call-x13|save-prologue|after-return-delay-slot
0x0016CB50,0x0019AB50,True,3,True,True,,ida-defined,ida|direct-call-x3|save-prologue|after-return-delay-slot
0x0016CC1C,0x0019AC1C,False,0,True,False,0x0016CB50:sub_16CB50,low,save-prologue
0x0016CCA0,0x0019ACA0,True,0,False,True,,ida-defined,ida|after-return-delay-slot
0x0016CCAC,0x0019ACAC,True,7,True,True,,ida-defined,ida|direct-call-x7|save-prologue|after-return-delay-slot
0x0016CE00,0x0019AE00,True,1,False,True,,ida-defined,ida|direct-call-x1|after-return-delay-slot
0x0016CE44,0x0019AE44,True,2,True,True,,ida-defined,ida|direct-call-x2|save-prologue|after-return-delay-slot
0x0016CF78,0x0019AF78,True,97,False,True,,ida-defined,ida|direct-call-x97|after-return-delay-slot
0x0016D118,0x0019B118,True,37,True,True,,ida-defined,ida|direct-call-x37|save-prologue|after-return-delay-slot
0x0016D228,0x0019B228,True,6,False,True,,ida-defined,ida|direct-call-x6|after-return-delay-slot
0x0016D400,0x0019B400,True,6,False,True,,ida-defined,ida|direct-call-x6|after-return-delay-slot
0x0016DAD8,0x0019BAD8,True,1,False,True,,ida-defined,ida|direct-call-x1|after-return-delay-slot
0x0016DAF4,0x0019BAF4,True,1,False,False,,ida-defined,ida|direct-call-x1
0x0016DAFC,0x0019BAFC,True,5,True,True,,ida-defined,ida|direct-call-x5|save-prologue|after-return-delay-slot
0x0016DBB8,0x0019BBB8,True,5,False,True,,ida-defined,ida|direct-call-x5|after-return-delay-slot
0x0016DBCC,0x0019BBCC,False,1,False,False,0x0016DBB8:sub_16DBB8,low,direct-call-x1
0x0016DBF4,0x0019BBF4,False,10,True,False,0x0016DBB8:sub_16DBB8,high,direct-call-x10|save-prologue
0x0016DD04,0x0019BD04,True,8,False,True,,ida-defined,ida|direct-call-x8|after-return-delay-slot
0x0016DD18,0x0019BD18,True,3,False,False,,ida-defined,ida|direct-call-x3
0x0016DD34,0x0019BD34,True,9,True,True,,ida-defined,ida|direct-call-x9|save-prologue|after-return-delay-slot
0x0016DD5C,0x0019BD5C,False,1,True,False,0x0016DD34:sub_16DD34,high,direct-call-x1|save-prologue
0x0016DD74,0x0019BD74,True,0,True,True,,ida-defined,ida|save-prologue|after-return-delay-slot
0x0016DD8C,0x0019BD8C,True,2,False,True,,ida-defined,ida|direct-call-x2|after-return-delay-slot
0x0016DDA0,0x0019BDA0,True,3,True,True,,ida-defined,ida|direct-call-x3|save-prologue|after-return-delay-slot
0x0016DDD4,0x0019BDD4,True,4,True,True,,ida-defined,ida|direct-call-x4|save-prologue|after-return-delay-slot
0x0016DE90,0x0019BE90,True,2,False,True,,ida-defined,ida|direct-call-x2|after-return-delay-slot
0x0016DF1C,0x0019BF1C,False,1,True,False,0x0016DE90:sub_16DE90,high,direct-call-x1|save-prologue
0x0016DF34,0x0019BF34,True,0,True,True,,ida-defined,ida|save-prologue|after-return-delay-slot
0x0016DF4C,0x0019BF4C,True,2,False,True,,ida-defined,ida|direct-call-x2|after-return-delay-slot
0x0016DF68,0x0019BF68,True,5,False,False,,ida-defined,ida|direct-call-x5
0x0016DFF0,0x0019BFF0,True,2,False,True,,ida-defined,ida|direct-call-x2|after-return-delay-slot
0x0016E084,0x0019C084,True,6,False,True,,ida-defined,ida|direct-call-x6|after-return-delay-slot
0x0016E110,0x0019C110,True,14,False,True,,ida-defined,ida|direct-call-x14|after-return-delay-slot
0x0016E144,0x0019C144,False,3,False,False,0x0016E110:sub_16E110,high,direct-call-x3
0x0016E168,0x0019C168,False,1,False,False,0x0016E110:sub_16E110,low,direct-call-x1
0x0016E180,0x0019C180,False,1,False,False,0x0016E110:sub_16E110,low,direct-call-x1
0x0016E198,0x0019C198,True,3,False,False,,ida-defined,ida|direct-call-x3
0x0016E274,0x0019C274,False,14,True,False,0x0016E198:sub_16E198,high,direct-call-x14|save-prologue
0x0016E468,0x0019C468,True,46,True,True,,ida-defined,ida|direct-call-x46|save-prologue|after-return-delay-slot
0x0016E524,0x0019C524,True,9,True,False,,ida-defined,ida|direct-call-x9|save-prologue
0x0016E5D0,0x0019C5D0,True,0,True,False,,ida-defined,ida|save-prologue
0x0016E670,0x0019C670,True,66,False,False,,ida-defined,ida|direct-call-x66
0x0016E6A0,0x0019C6A0,True,9,False,False,,ida-defined,ida|direct-call-x9
0x0016E6BC,0x0019C6BC,False,1,False,False,0x0016E6A0:sub_16E6A0,low,direct-call-x1
0x0016E6E4,0x0019C6E4,False,59,False,False,0x0016E6A0:sub_16E6A0,high,direct-call-x59
0x0016E710,0x0019C710,False,43,False,False,0x0016E6A0:sub_16E6A0,high,direct-call-x43
0x0016E740,0x0019C740,False,84,False,False,0x0016E6A0:sub_16E6A0,high,direct-call-x84
0x0016E75C,0x0019C75C,False,87,False,False,0x0016E6A0:sub_16E6A0,high,direct-call-x87
0x0016E7A4,0x0019C7A4,False,3,True,False,0x0016E6A0:sub_16E6A0,high,direct-call-x3|save-prologue
0x0016E7D8,0x0019C7D8,True,1,False,True,,ida-defined,ida|direct-call-x1|after-return-delay-slot
0x0016E7F0,0x0019C7F0,True,3,False,False,,ida-defined,ida|direct-call-x3
0x0016E804,0x0019C804,True,2,False,False,,ida-defined,ida|direct-call-x2
0x0016E828,0x0019C828,True,109,True,False,,ida-defined,ida|direct-call-x109|save-prologue
0x0016E9A8,0x0019C9A8,True,36,True,False,,ida-defined,ida|direct-call-x36|save-prologue
0x0016E9E4,0x0019C9E4,False,1,True,False,0x0016E9A8:sub_16E9A8,high,direct-call-x1|save-prologue
0x0016EA0C,0x0019CA0C,True,10,False,True,,ida-defined,ida|direct-call-x10|after-return-delay-slot
0x0016EA14,0x0019CA14,True,0,True,True,,ida-defined,ida|save-prologue|after-return-delay-slot
0x0016EB74,0x0019CB74,True,0,True,True,,ida-defined,ida|save-prologue|after-return-delay-slot
0x0016EC04,0x0019CC04,True,0,True,True,,ida-defined,ida|save-prologue|after-return-delay-slot
0x0016ECA0,0x0019CCA0,True,16,True,True,,ida-defined,ida|direct-call-x16|save-prologue|after-return-delay-slot
0x0016EE74,0x0019CE74,True,1,True,True,,ida-defined,ida|direct-call-x1|save-prologue|after-return-delay-slot
0x0016EF94,0x0019CF94,True,1,True,True,,ida-defined,ida|direct-call-x1|save-prologue|after-return-delay-slot
0x0016F03C,0x0019D03C,True,2,True,True,,ida-defined,ida|direct-call-x2|save-prologue|after-return-delay-slot
0x0016F0E4,0x0019D0E4,True,2,True,True,,ida-defined,ida|direct-call-x2|save-prologue|after-return-delay-slot
0x0016F18C,0x0019D18C,True,1,False,True,,ida-defined,ida|direct-call-x1|after-return-delay-slot
0x0016F1B0,0x0019D1B0,False,0,True,False,0x0016F18C:sub_16F18C,low,save-prologue
0x0016F1E0,0x0019D1E0,True,1,False,True,,ida-defined,ida|direct-call-x1|after-return-delay-slot
0x0016F1E8,0x0019D1E8,True,15,True,True,,ida-defined,ida|direct-call-x15|save-prologue|after-return-delay-slot
0x0016F204,0x0019D204,True,1,True,True,,ida-defined,ida|direct-call-x1|save-prologue|after-return-delay-slot
0x0016F23C,0x0019D23C,True,0,True,True,,ida-defined,ida|save-prologue|after-return-delay-slot
0x0016F254,0x0019D254,True,1,False,True,,ida-defined,ida|direct-call-x1|after-return-delay-slot
0x0016F25C,0x0019D25C,True,1,False,True,,ida-defined,ida|direct-call-x1|after-return-delay-slot
0x0016F264,0x0019D264,True,9,True,True,,ida-defined,ida|direct-call-x9|save-prologue|after-return-delay-slot
0x0016F358,0x0019D358,True,7,True,False,,ida-defined,ida|direct-call-x7|save-prologue
0x0016F3B8,0x0019D3B8,False,5,True,False,0x0016F358:sub_16F358,high,direct-call-x5|save-prologue
0x0016F454,0x0019D454,True,0,True,True,,ida-defined,ida|save-prologue|after-return-delay-slot
0x0016F49C,0x0019D49C,True,0,True,True,,ida-defined,ida|save-prologue|after-return-delay-slot
0x0016F4DC,0x0019D4DC,True,0,True,True,,ida-defined,ida|save-prologue|after-return-delay-slot
0x0016F524,0x0019D524,True,0,True,True,,ida-defined,ida|save-prologue|after-return-delay-slot
0x0016F564,0x0019D564,True,0,True,True,,ida-defined,ida|save-prologue|after-return-delay-slot
0x0016F5EC,0x0019D5EC,True,1,False,True,,ida-defined,ida|direct-call-x1|after-return-delay-slot
0x0016F5F4,0x0019D5F4,True,3,False,True,,ida-defined,ida|direct-call-x3|after-return-delay-slot
0x0016F608,0x0019D608,True,1,False,False,,ida-defined,ida|direct-call-x1
0x0016F618,0x0019D618,True,1,False,False,,ida-defined,ida|direct-call-x1
0x0016F640,0x0019D640,True,1,True,False,,ida-defined,ida|direct-call-x1|save-prologue
0x0016F6B8,0x0019D6B8,True,0,True,True,,ida-defined,ida|save-prologue|after-return-delay-slot
0x0016F71C,0x0019D71C,True,1,True,True,,ida-defined,ida|direct-call-x1|save-prologue|after-return-delay-slot
0x0016F960,0x0019D960,True,1,True,True,,ida-defined,ida|direct-call-x1|save-prologue|after-return-delay-slot
0x0016FACC,0x0019DACC,True,0,True,True,,ida-defined,ida|save-prologue|after-return-delay-slot
0x0016FBDC,0x0019DBDC,True,3,True,True,,ida-defined,ida|direct-call-x3|save-prologue|after-return-delay-slot
0x0016FC28,0x0019DC28,True,5,True,False,,ida-defined,ida|direct-call-x5|save-prologue
0x0016FCF8,0x0019DCF8,True,4,False,True,,ida-defined,ida|direct-call-x4|after-return-delay-slot
0x0016FD00,0x0019DD00,True,5,True,True,,ida-defined,ida|direct-call-x5|save-prologue|after-return-delay-slot
0x0016FD24,0x0019DD24,True,36,False,True,,ida-defined,ida|direct-call-x36|after-return-delay-slot
0x0016FD60,0x0019DD60,True,11,True,True,,ida-defined,ida|direct-call-x11|save-prologue|after-return-delay-slot
0x0016FDF8,0x0019DDF8,True,3,True,True,,ida-defined,ida|direct-call-x3|save-prologue|after-return-delay-slot
0x0016FE90,0x0019DE90,True,1,True,True,,ida-defined,ida|direct-call-x1|save-prologue|after-return-delay-slot
0x0016FEA8,0x0019DEA8,True,1,False,True,,ida-defined,ida|direct-call-x1|after-return-delay-slot
0x0016FEB8,0x0019DEB8,True,5,False,False,,ida-defined,ida|direct-call-x5
0x0016FED4,0x0019DED4,False,0,True,False,0x0016FEB8:sub_16FEB8,low,save-prologue
0x0016FFA4,0x0019DFA4,True,6,True,True,,ida-defined,ida|direct-call-x6|save-prologue|after-return-delay-slot
0x00170058,0x0019E058,True,4,False,True,,ida-defined,ida|direct-call-x4|after-return-delay-slot
0x001700C8,0x0019E0C8,False,6,False,False,0x00170058:sub_170058,high,direct-call-x6
0x001700D0,0x0019E0D0,True,2,False,True,,ida-defined,ida|direct-call-x2|after-return-delay-slot
0x00170118,0x0019E118,True,2,False,True,,ida-defined,ida|direct-call-x2|after-return-delay-slot
0x00170120,0x0019E120,True,3,True,True,,ida-defined,ida|direct-call-x3|save-prologue|after-return-delay-slot
0x00170214,0x0019E214,True,2,True,True,,ida-defined,ida|direct-call-x2|save-prologue|after-return-delay-slot
0x00170288,0x0019E288,True,2,True,True,,ida-defined,ida|direct-call-x2|save-prologue|after-return-delay-slot
0x00170318,0x0019E318,True,5,False,True,,ida-defined,ida|direct-call-x5|after-return-delay-slot
0x00170338,0x0019E338,True,0,True,True,,ida-defined,ida|save-prologue|after-return-delay-slot
0x00170400,0x0019E400,True,0,True,False,,ida-defined,ida|save-prologue
0x001704C0,0x0019E4C0,True,4,True,False,,ida-defined,ida|direct-call-x4|save-prologue
0x001705BC,0x0019E5BC,True,0,True,True,,ida-defined,ida|save-prologue|after-return-delay-slot
0x00170608,0x0019E608,True,2,False,False,,ida-defined,ida|direct-call-x2
0x00170664,0x0019E664,True,4,False,True,,ida-defined,ida|direct-call-x4|after-return-delay-slot
0x0017073C,0x0019E73C,True,5,True,True,,ida-defined,ida|direct-call-x5|save-prologue|after-return-delay-slot
0x00170778,0x0019E778,True,2,True,False,,ida-defined,ida|direct-call-x2|save-prologue
0x001707A0,0x0019E7A0,True,3,False,False,,ida-defined,ida|direct-call-x3
0x001707F4,0x0019E7F4,True,1,False,True,,ida-defined,ida|direct-call-x1|after-return-delay-slot
0x00170838,0x0019E838,True,2,False,False,,ida-defined,ida|direct-call-x2
0x00170870,0x0019E870,True,4,True,False,,ida-defined,ida|direct-call-x4|save-prologue
0x0017089C,0x0019E89C,True,7,True,False,,ida-defined,ida|direct-call-x7|save-prologue
0x00170AA0,0x0019EAA0,True,10,True,True,,ida-defined,ida|direct-call-x10|save-prologue|after-return-delay-slot
0x00170B04,0x0019EB04,True,2,True,True,,ida-defined,ida|direct-call-x2|save-prologue|after-return-delay-slot
0x00170C04,0x0019EC04,True,4,True,False,,ida-defined,ida|direct-call-x4|save-prologue
0x00170CB4,0x0019ECB4,True,3,True,False,,ida-defined,ida|direct-call-x3|save-prologue
0x00170D58,0x0019ED58,True,1,True,False,,ida-defined,ida|direct-call-x1|save-prologue
0x00170E00,0x0019EE00,True,1,True,False,,ida-defined,ida|direct-call-x1|save-prologue
0x00170E78,0x0019EE78,True,2,False,False,,ida-defined,ida|direct-call-x2
0x00170F30,0x0019EF30,True,2,True,True,,ida-defined,ida|direct-call-x2|save-prologue|after-return-delay-slot
0x00170FA8,0x0019EFA8,True,2,True,True,,ida-defined,ida|direct-call-x2|save-prologue|after-return-delay-slot
0x00171000,0x0019F000,True,2,False,False,,ida-defined,ida|direct-call-x2
0x00171020,0x0019F020,True,4,True,False,,ida-defined,ida|direct-call-x4|save-prologue
0x00171078,0x0019F078,True,1,True,False,,ida-defined,ida|direct-call-x1|save-prologue
0x001710BC,0x0019F0BC,True,1,True,False,,ida-defined,ida|direct-call-x1|save-prologue
0x001714AC,0x0019F4AC,True,4,False,True,,ida-defined,ida|direct-call-x4|after-return-delay-slot
0x00171718,0x0019F718,True,6,False,True,,ida-defined,ida|direct-call-x6|after-return-delay-slot
0x0017189C,0x0019F89C,True,6,False,True,,ida-defined,ida|direct-call-x6|after-return-delay-slot
0x00171984,0x0019F984,True,2,True,True,,ida-defined,ida|direct-call-x2|save-prologue|after-return-delay-slot
0x00171A24,0x0019FA24,True,2,True,True,,ida-defined,ida|direct-call-x2|save-prologue|after-return-delay-slot
0x00171AD4,0x0019FAD4,True,0,True,True,,ida-defined,ida|save-prologue|after-return-delay-slot
0x00171B84,0x0019FB84,True,0,True,True,,ida-defined,ida|save-prologue|after-return-delay-slot
0x00171C50,0x0019FC50,True,0,True,True,,ida-defined,ida|save-prologue|after-return-delay-slot
0x00171CDC,0x0019FCDC,True,2,True,True,,ida-defined,ida|direct-call-x2|save-prologue|after-return-delay-slot
0x00171D68,0x0019FD68,True,2,False,True,,ida-defined,ida|direct-call-x2|after-return-delay-slot
0x00171D94,0x0019FD94,True,3,False,True,,ida-defined,ida|direct-call-x3|after-return-delay-slot
0x00171DC8,0x0019FDC8,True,0,True,True,,ida-defined,ida|save-prologue|after-return-delay-slot
0x00171E9C,0x0019FE9C,True,0,True,True,,ida-defined,ida|save-prologue|after-return-delay-slot
0x00171F50,0x0019FF50,True,0,True,True,,ida-defined,ida|save-prologue|after-return-delay-slot
0x00172004,0x001A0004,True,0,True,True,,ida-defined,ida|save-prologue|after-return-delay-slot
0x001720B8,0x001A00B8,True,0,True,True,,ida-defined,ida|save-prologue|after-return-delay-slot
0x00172144,0x001A0144,True,8,True,True,,ida-defined,ida|direct-call-x8|save-prologue|after-return-delay-slot
0x001721F8,0x001A01F8,True,21,True,True,,ida-defined,ida|direct-call-x21|save-prologue|after-return-delay-slot
0x001722AC,0x001A02AC,True,0,True,True,,ida-defined,ida|save-prologue|after-return-delay-slot
0x00172348,0x001A0348,True,0,True,False,,ida-defined,ida|save-prologue
0x00172440,0x001A0440,False,0,True,False,0x00172348:sub_172348,low,save-prologue
0x001724E0,0x001A04E0,True,0,True,True,,ida-defined,ida|save-prologue|after-return-delay-slot
0x001725D0,0x001A05D0,True,0,True,False,,ida-defined,ida|save-prologue
0x00172660,0x001A0660,True,0,True,False,,ida-defined,ida|save-prologue
0x00172718,0x001A0718,True,2,True,False,,ida-defined,ida|direct-call-x2|save-prologue
0x001728B0,0x001A08B0,True,0,True,True,,ida-defined,ida|save-prologue|after-return-delay-slot
0x00172998,0x001A0998,False,0,True,False,0x001728B0:sub_1728B0,low,save-prologue
0x00172A80,0x001A0A80,False,0,True,False,,low,save-prologue
0x00172BBC,0x001A0BBC,True,4,True,True,,ida-defined,ida|direct-call-x4|save-prologue|after-return-delay-slot
0x00172C54,0x001A0C54,True,5,True,True,,ida-defined,ida|direct-call-x5|save-prologue|after-return-delay-slot
0x00172CB0,0x001A0CB0,True,21,False,True,,ida-defined,ida|direct-call-x21|after-return-delay-slot
0x00172E44,0x001A0E44,True,4,False,True,,ida-defined,ida|direct-call-x4|after-return-delay-slot
0x00172E98,0x001A0E98,True,0,True,True,,ida-defined,ida|save-prologue|after-return-delay-slot
0x00172EB4,0x001A0EB4,True,0,True,True,,ida-defined,ida|save-prologue|after-return-delay-slot
0x00172ED0,0x001A0ED0,True,4,False,True,,ida-defined,ida|direct-call-x4|after-return-delay-slot
0x00172F18,0x001A0F18,True,3,False,False,,ida-defined,ida|direct-call-x3
0x00172F5C,0x001A0F5C,True,3,False,False,,ida-defined,ida|direct-call-x3
0x00172FA8,0x001A0FA8,True,1,True,True,,ida-defined,ida|direct-call-x1|save-prologue|after-return-delay-slot
0x00173050,0x001A1050,True,3,True,True,,ida-defined,ida|direct-call-x3|save-prologue|after-return-delay-slot
0x001730E8,0x001A10E8,True,1,True,True,,ida-defined,ida|direct-call-x1|save-prologue|after-return-delay-slot
0x00173180,0x001A1180,True,3,True,True,,ida-defined,ida|direct-call-x3|save-prologue|after-return-delay-slot
0x00173210,0x001A1210,True,3,True,False,,ida-defined,ida|direct-call-x3|save-prologue
0x00173250,0x001A1250,True,0,True,True,,ida-defined,ida|save-prologue|after-return-delay-slot
0x001732F8,0x001A12F8,True,1,False,True,,ida-defined,ida|direct-call-x1|after-return-delay-slot
0x0017332C,0x001A132C,False,0,True,False,0x001732F8:sub_1732F8,low,save-prologue
0x00173424,0x001A1424,True,3,False,False,,ida-defined,ida|direct-call-x3
0x00173434,0x001A1434,True,1,False,True,,ida-defined,ida|direct-call-x1|after-return-delay-slot
0x0017343C,0x001A143C,True,1,False,True,,ida-defined,ida|direct-call-x1|after-return-delay-slot
0x00173464,0x001A1464,True,3,False,True,,ida-defined,ida|direct-call-x3|after-return-delay-slot
0x0017346C,0x001A146C,True,1,False,True,,ida-defined,ida|direct-call-x1|after-return-delay-slot
0x0017349C,0x001A149C,True,2,False,True,,ida-defined,ida|direct-call-x2|after-return-delay-slot
0x00173544,0x001A1544,True,0,True,True,,ida-defined,ida|save-prologue|after-return-delay-slot
0x001735C0,0x001A15C0,True,0,True,True,,ida-defined,ida|save-prologue|after-return-delay-slot
0x00173668,0x001A1668,True,0,True,True,,ida-defined,ida|save-prologue|after-return-delay-slot
0x00173680,0x001A1680,True,1,True,False,,ida-defined,ida|direct-call-x1|save-prologue
0x001736AC,0x001A16AC,True,2,True,True,,ida-defined,ida|direct-call-x2|save-prologue|after-return-delay-slot
0x00173748,0x001A1748,True,3,False,True,,ida-defined,ida|direct-call-x3|after-return-delay-slot
0x00173774,0x001A1774,True,1,False,True,,ida-defined,ida|direct-call-x1|after-return-delay-slot
0x00173788,0x001A1788,True,1,False,False,,ida-defined,ida|direct-call-x1
0x00173798,0x001A1798,True,1,False,False,,ida-defined,ida|direct-call-x1
0x001737A8,0x001A17A8,True,1,False,False,,ida-defined,ida|direct-call-x1
0x001737BC,0x001A17BC,True,3,True,False,,ida-defined,ida|direct-call-x3|save-prologue
0x001738BC,0x001A18BC,True,1,True,True,,ida-defined,ida|direct-call-x1|save-prologue|after-return-delay-slot
0x001739C0,0x001A19C0,True,1,True,True,,ida-defined,ida|direct-call-x1|save-prologue|after-return-delay-slot
0x001739D8,0x001A19D8,True,1,False,True,,ida-defined,ida|direct-call-x1|after-return-delay-slot
0x001739F8,0x001A19F8,False,1,False,False,0x001739D8:sub_1739D8,low,direct-call-x1
0x00173A7C,0x001A1A7C,True,0,True,True,,ida-defined,ida|save-prologue|after-return-delay-slot
0x00173AE0,0x001A1AE0,True,0,True,True,,ida-defined,ida|save-prologue|after-return-delay-slot
0x00173C58,0x001A1C58,True,0,True,True,,ida-defined,ida|save-prologue|after-return-delay-slot
0x00173CAC,0x001A1CAC,True,1,True,True,,ida-defined,ida|direct-call-x1|save-prologue|after-return-delay-slot
0x001741D8,0x001A21D8,True,0,True,True,,ida-defined,ida|save-prologue|after-return-delay-slot
0x001743A8,0x001A23A8,True,7,True,True,,ida-defined,ida|direct-call-x7|save-prologue|after-return-delay-slot
0x00174590,0x001A2590,True,2,True,False,,ida-defined,ida|direct-call-x2|save-prologue
0x00174664,0x001A2664,True,1,True,True,,ida-defined,ida|direct-call-x1|save-prologue|after-return-delay-slot
0x00174800,0x001A2800,True,1,False,True,,ida-defined,ida|direct-call-x1|after-return-delay-slot
0x0017480C,0x001A280C,True,1,False,True,,ida-defined,ida|direct-call-x1|after-return-delay-slot
0x00174818,0x001A2818,True,8,False,True,,ida-defined,ida|direct-call-x8|after-return-delay-slot
0x001748A4,0x001A28A4,True,1,False,True,,ida-defined,ida|direct-call-x1|after-return-delay-slot
0x001748B0,0x001A28B0,True,1,False,True,,ida-defined,ida|direct-call-x1|after-return-delay-slot
0x001748BC,0x001A28BC,True,1,False,True,,ida-defined,ida|direct-call-x1|after-return-delay-slot
0x001748C8,0x001A28C8,True,1,False,True,,ida-defined,ida|direct-call-x1|after-return-delay-slot
0x001748D4,0x001A28D4,True,1,False,True,,ida-defined,ida|direct-call-x1|after-return-delay-slot
0x001748E0,0x001A28E0,True,1,False,True,,ida-defined,ida|direct-call-x1|after-return-delay-slot
0x001748EC,0x001A28EC,True,1,False,True,,ida-defined,ida|direct-call-x1|after-return-delay-slot
0x001748F8,0x001A28F8,True,1,False,True,,ida-defined,ida|direct-call-x1|after-return-delay-slot
0x00174904,0x001A2904,True,1,False,True,,ida-defined,ida|direct-call-x1|after-return-delay-slot
0x00174910,0x001A2910,True,0,True,True,,ida-defined,ida|save-prologue|after-return-delay-slot
0x00174A20,0x001A2A20,True,2,True,False,,ida-defined,ida|direct-call-x2|save-prologue
0x00174AFC,0x001A2AFC,False,0,True,False,0x00174A20:sub_174A20,low,save-prologue
0x00174B68,0x001A2B68,True,2,True,False,,ida-defined,ida|direct-call-x2|save-prologue
0x00174CAC,0x001A2CAC,True,2,True,True,,ida-defined,ida|direct-call-x2|save-prologue|after-return-delay-slot
0x00174DF0,0x001A2DF0,True,2,True,True,,ida-defined,ida|direct-call-x2|save-prologue|after-return-delay-slot
0x00175098,0x001A3098,True,2,True,False,,ida-defined,ida|direct-call-x2|save-prologue
0x001751C0,0x001A31C0,False,1,False,False,,low,direct-call-x1
0x00175220,0x001A3220,True,1,True,True,,ida-defined,ida|direct-call-x1|save-prologue|after-return-delay-slot
0x001756C4,0x001A36C4,True,2,True,True,,ida-defined,ida|direct-call-x2|save-prologue|after-return-delay-slot
0x001759F4,0x001A39F4,True,1,True,True,,ida-defined,ida|direct-call-x1|save-prologue|after-return-delay-slot
0x00175A64,0x001A3A64,True,3,True,True,,ida-defined,ida|direct-call-x3|save-prologue|after-return-delay-slot
0x00175AE8,0x001A3AE8,True,1,True,True,,ida-defined,ida|direct-call-x1|save-prologue|after-return-delay-slot
0x00175D00,0x001A3D00,True,1,True,True,,ida-defined,ida|direct-call-x1|save-prologue|after-return-delay-slot
0x00175D48,0x001A3D48,False,1,True,True,,high,direct-call-x1|save-prologue|after-return-delay-slot
0x00176130,0x001A4130,False,1,True,False,,high,direct-call-x1|save-prologue
0x001762A8,0x001A42A8,True,0,True,True,,ida-defined,ida|save-prologue|after-return-delay-slot
0x001763DC,0x001A43DC,False,0,True,True,,medium,save-prologue|after-return-delay-slot
0x00176578,0x001A4578,True,1,False,True,,ida-defined,ida|direct-call-x1|after-return-delay-slot
0x00176580,0x001A4580,True,1,True,True,,ida-defined,ida|direct-call-x1|save-prologue|after-return-delay-slot
0x001766C0,0x001A46C0,True,1,True,False,,ida-defined,ida|direct-call-x1|save-prologue
0x001766E8,0x001A46E8,True,1,False,False,,ida-defined,ida|direct-call-x1
0x001766F0,0x001A46F0,True,2,True,True,,ida-defined,ida|direct-call-x2|save-prologue|after-return-delay-slot
0x001767D8,0x001A47D8,True,1,True,False,,ida-defined,ida|direct-call-x1|save-prologue
0x001767FC,0x001A47FC,True,1,True,False,,ida-defined,ida|direct-call-x1|save-prologue
0x00176A88,0x001A4A88,True,0,True,False,,ida-defined,ida|save-prologue
0x00176AE4,0x001A4AE4,True,33,True,True,,ida-defined,ida|direct-call-x33|save-prologue|after-return-delay-slot
0x00176C1C,0x001A4C1C,True,5,True,True,,ida-defined,ida|direct-call-x5|save-prologue|after-return-delay-slot
0x00176DA8,0x001A4DA8,True,2,False,True,,ida-defined,ida|direct-call-x2|after-return-delay-slot
0x00176E50,0x001A4E50,False,1,True,True,,high,direct-call-x1|save-prologue|after-return-delay-slot
0x00177394,0x001A5394,False,0,True,True,,medium,save-prologue|after-return-delay-slot
0x00177810,0x001A5810,True,5,True,False,,ida-defined,ida|direct-call-x5|save-prologue
0x00177AF8,0x001A5AF8,True,1,True,True,,ida-defined,ida|direct-call-x1|save-prologue|after-return-delay-slot
0x00177BF0,0x001A5BF0,True,3,False,True,,ida-defined,ida|direct-call-x3|after-return-delay-slot
0x00177BFC,0x001A5BFC,False,0,True,True,,medium,save-prologue|after-return-delay-slot
0x00177C2C,0x001A5C2C,False,0,True,True,,medium,save-prologue|after-return-delay-slot
0x00177DE4,0x001A5DE4,True,2,False,True,,ida-defined,ida|direct-call-x2|after-return-delay-slot
0x00177E08,0x001A5E08,False,1,True,False,0x00177DE4:sub_177DE4,high,direct-call-x1|save-prologue
0x00177EAC,0x001A5EAC,True,1,True,True,,ida-defined,ida|direct-call-x1|save-prologue|after-return-delay-slot
0x00177F50,0x001A5F50,True,15,True,True,,ida-defined,ida|direct-call-x15|save-prologue|after-return-delay-slot
0x00178080,0x001A6080,False,1,True,False,,high,direct-call-x1|save-prologue
0x001789D4,0x001A69D4,True,3,True,True,,ida-defined,ida|direct-call-x3|save-prologue|after-return-delay-slot
0x00178AAC,0x001A6AAC,True,4,True,True,,ida-defined,ida|direct-call-x4|save-prologue|after-return-delay-slot
0x00178CC4,0x001A6CC4,True,1,True,True,,ida-defined,ida|direct-call-x1|save-prologue|after-return-delay-slot
0x00178D10,0x001A6D10,True,1,True,True,,ida-defined,ida|direct-call-x1|save-prologue|after-return-delay-slot
0x00178D6C,0x001A6D6C,True,1,False,True,,ida-defined,ida|direct-call-x1|after-return-delay-slot
0x00178E5C,0x001A6E5C,True,0,True,False,,ida-defined,ida|save-prologue
0x00178E9C,0x001A6E9C,True,0,True,True,,ida-defined,ida|save-prologue|after-return-delay-slot
0x00178EF8,0x001A6EF8,True,0,True,True,,ida-defined,ida|save-prologue|after-return-delay-slot
0x00178F54,0x001A6F54,True,0,True,True,,ida-defined,ida|save-prologue|after-return-delay-slot
0x00178FB0,0x001A6FB0,True,0,True,True,,ida-defined,ida|save-prologue|after-return-delay-slot
0x00179024,0x001A7024,True,5,True,True,,ida-defined,ida|direct-call-x5|save-prologue|after-return-delay-slot
0x001791E0,0x001A71E0,True,4,True,True,,ida-defined,ida|direct-call-x4|save-prologue|after-return-delay-slot
0x001792A0,0x001A72A0,True,1,True,True,,ida-defined,ida|direct-call-x1|save-prologue|after-return-delay-slot
0x00179700,0x001A7700,True,0,True,True,,ida-defined,ida|save-prologue|after-return-delay-slot
0x0017976C,0x001A776C,False,0,True,False,0x00179700:sub_179700,low,save-prologue
0x00179794,0x001A7794,False,1,True,False,0x00179700:sub_179700,high,direct-call-x1|save-prologue
0x00179804,0x001A7804,True,2,True,True,,ida-defined,ida|direct-call-x2|save-prologue|after-return-delay-slot
0x00179898,0x001A7898,True,0,True,True,,ida-defined,ida|save-prologue|after-return-delay-slot
0x001798C8,0x001A78C8,True,2,True,True,,ida-defined,ida|direct-call-x2|save-prologue|after-return-delay-slot
0x0017A7A8,0x001A87A8,True,0,True,True,,ida-defined,ida|save-prologue|after-return-delay-slot
0x0017A7E0,0x001A87E0,True,1,True,True,,ida-defined,ida|direct-call-x1|save-prologue|after-return-delay-slot
0x0017A890,0x001A8890,True,4,False,True,,ida-defined,ida|direct-call-x4|after-return-delay-slot
0x0017A8C8,0x001A88C8,True,4,False,True,,ida-defined,ida|direct-call-x4|after-return-delay-slot
0x0017A8FC,0x001A88FC,True,1,True,True,,ida-defined,ida|direct-call-x1|save-prologue|after-return-delay-slot
0x0017A9E8,0x001A89E8,True,2,True,False,,ida-defined,ida|direct-call-x2|save-prologue
0x0017AA7C,0x001A8A7C,True,1,True,False,,ida-defined,ida|direct-call-x1|save-prologue
0x0017AA94,0x001A8A94,False,2,True,False,0x0017AA7C:sub_17AA7C,high,direct-call-x2|save-prologue
0x0017AC68,0x001A8C68,True,18,True,True,,ida-defined,ida|direct-call-x18|save-prologue|after-return-delay-slot
0x0017AD04,0x001A8D04,True,1,True,True,,ida-defined,ida|direct-call-x1|save-prologue|after-return-delay-slot
0x0017ADD8,0x001A8DD8,True,0,True,True,,ida-defined,ida|save-prologue|after-return-delay-slot
0x0017AF24,0x001A8F24,True,0,True,True,,ida-defined,ida|save-prologue|after-return-delay-slot
0x0017AFFC,0x001A8FFC,True,0,True,True,,ida-defined,ida|save-prologue|after-return-delay-slot
0x0017B1B0,0x001A91B0,True,1,True,True,,ida-defined,ida|direct-call-x1|save-prologue|after-return-delay-slot
0x0017B3F4,0x001A93F4,True,1,True,True,,ida-defined,ida|direct-call-x1|save-prologue|after-return-delay-slot
0x0017B5B4,0x001A95B4,True,3,True,True,,ida-defined,ida|direct-call-x3|save-prologue|after-return-delay-slot
0x0017B778,0x001A9778,True,1,True,False,,ida-defined,ida|direct-call-x1|save-prologue
0x0017BFEC,0x001A9FEC,True,0,True,False,,ida-defined,ida|save-prologue
0x0017C00C,0x001AA00C,False,0,True,False,0x0017BFEC:sub_17BFEC,low,save-prologue
0x0017C07C,0x001AA07C,False,0,True,False,0x0017BFEC:sub_17BFEC,low,save-prologue
0x0017C0DC,0x001AA0DC,False,0,True,False,0x0017BFEC:sub_17BFEC,low,save-prologue
0x0017C1D0,0x001AA1D0,True,7,True,False,,ida-defined,ida|direct-call-x7|save-prologue
0x0017C2B8,0x001AA2B8,True,7,False,True,,ida-defined,ida|direct-call-x7|after-return-delay-slot
0x0017C394,0x001AA394,True,14,True,True,,ida-defined,ida|direct-call-x14|save-prologue|after-return-delay-slot
0x0017C47C,0x001AA47C,True,2,False,True,,ida-defined,ida|direct-call-x2|after-return-delay-slot
0x0017C4A4,0x001AA4A4,True,1,True,True,,ida-defined,ida|direct-call-x1|save-prologue|after-return-delay-slot
0x0017D454,0x001AB454,True,17,False,False,,ida-defined,ida|direct-call-x17
0x0017D488,0x001AB488,True,1,False,True,,ida-defined,ida|direct-call-x1|after-return-delay-slot
0x0017D548,0x001AB548,False,4,True,False,,high,direct-call-x4|save-prologue
0x0017D718,0x001AB718,True,4,True,True,,ida-defined,ida|direct-call-x4|save-prologue|after-return-delay-slot
0x0017D8CC,0x001AB8CC,True,1,True,True,,ida-defined,ida|direct-call-x1|save-prologue|after-return-delay-slot
0x0017DA58,0x001ABA58,True,2,True,False,,ida-defined,ida|direct-call-x2|save-prologue
0x0017DB48,0x001ABB48,True,2,True,True,,ida-defined,ida|direct-call-x2|save-prologue|after-return-delay-slot
0x0017DD40,0x001ABD40,True,0,True,True,,ida-defined,ida|save-prologue|after-return-delay-slot
0x0017DE2C,0x001ABE2C,True,0,True,True,,ida-defined,ida|save-prologue|after-return-delay-slot
0x0017DF14,0x001ABF14,True,0,True,True,,ida-defined,ida|save-prologue|after-return-delay-slot
0x0017E010,0x001AC010,True,1,True,True,,ida-defined,ida|direct-call-x1|save-prologue|after-return-delay-slot
0x0017E17C,0x001AC17C,True,13,True,True,,ida-defined,ida|direct-call-x13|save-prologue|after-return-delay-slot
0x0017E464,0x001AC464,True,1,True,True,,ida-defined,ida|direct-call-x1|save-prologue|after-return-delay-slot
0x0017E8A0,0x001AC8A0,True,1,True,True,,ida-defined,ida|direct-call-x1|save-prologue|after-return-delay-slot
0x0017EC80,0x001ACC80,True,1,True,True,,ida-defined,ida|direct-call-x1|save-prologue|after-return-delay-slot
0x0017F078,0x001AD078,True,0,True,True,,ida-defined,ida|save-prologue|after-return-delay-slot
0x0017F130,0x001AD130,True,1,True,True,,ida-defined,ida|direct-call-x1|save-prologue|after-return-delay-slot
0x0017F4E8,0x001AD4E8,True,2,True,True,,ida-defined,ida|direct-call-x2|save-prologue|after-return-delay-slot
0x0017F604,0x001AD604,True,1,True,True,,ida-defined,ida|direct-call-x1|save-prologue|after-return-delay-slot
0x0017F7C8,0x001AD7C8,True,1,True,True,,ida-defined,ida|direct-call-x1|save-prologue|after-return-delay-slot
0x0017F934,0x001AD934,True,2,True,True,,ida-defined,ida|direct-call-x2|save-prologue|after-return-delay-slot
0x0017FA30,0x001ADA30,True,0,True,True,,ida-defined,ida|save-prologue|after-return-delay-slot
0x0017FAA8,0x001ADAA8,True,1,True,True,,ida-defined,ida|direct-call-x1|save-prologue|after-return-delay-slot
0x0017FE28,0x001ADE28,True,2,True,False,,ida-defined,ida|direct-call-x2|save-prologue
0x0017FE44,0x001ADE44,True,6,True,True,,ida-defined,ida|direct-call-x6|save-prologue|after-return-delay-slot
0x0017FE5C,0x001ADE5C,True,2,True,True,,ida-defined,ida|direct-call-x2|save-prologue|after-return-delay-slot
0x0017FF2C,0x001ADF2C,True,11,True,True,,ida-defined,ida|direct-call-x11|save-prologue|after-return-delay-slot
0x0017FF50,0x001ADF50,True,1,False,True,,ida-defined,ida|direct-call-x1|after-return-delay-slot
0x0017FF6C,0x001ADF6C,True,1,False,True,,ida-defined,ida|direct-call-x1|after-return-delay-slot
0x0017FFD8,0x001ADFD8,True,53,False,True,,ida-defined,ida|direct-call-x53|after-return-delay-slot
0x0018003C,0x001AE03C,True,0,True,True,,ida-defined,ida|save-prologue|after-return-delay-slot
0x001800C0,0x001AE0C0,True,0,True,True,,ida-defined,ida|save-prologue|after-return-delay-slot
0x00180144,0x001AE144,True,0,True,True,,ida-defined,ida|save-prologue|after-return-delay-slot
0x001801C8,0x001AE1C8,True,0,True,True,,ida-defined,ida|save-prologue|after-return-delay-slot
0x0018027C,0x001AE27C,True,0,True,True,,ida-defined,ida|save-prologue|after-return-delay-slot
0x00180300,0x001AE300,True,3,True,True,,ida-defined,ida|direct-call-x3|save-prologue|after-return-delay-slot
0x00180710,0x001AE710,True,4,True,True,,ida-defined,ida|direct-call-x4|save-prologue|after-return-delay-slot
0x0018091C,0x001AE91C,True,3,True,True,,ida-defined,ida|direct-call-x3|save-prologue|after-return-delay-slot
0x00180940,0x001AE940,True,3,False,True,,ida-defined,ida|direct-call-x3|after-return-delay-slot
0x00180948,0x001AE948,True,3,True,True,,ida-defined,ida|direct-call-x3|save-prologue|after-return-delay-slot
0x0018096C,0x001AE96C,True,10,True,True,,ida-defined,ida|direct-call-x10|save-prologue|after-return-delay-slot
0x00180A08,0x001AEA08,True,1,True,True,,ida-defined,ida|direct-call-x1|save-prologue|after-return-delay-slot
0x00180A80,0x001AEA80,True,1,True,True,,ida-defined,ida|direct-call-x1|save-prologue|after-return-delay-slot
0x00180B68,0x001AEB68,True,4,False,True,,ida-defined,ida|direct-call-x4|after-return-delay-slot
0x00180B78,0x001AEB78,True,1,True,True,,ida-defined,ida|direct-call-x1|save-prologue|after-return-delay-slot
0x00180B90,0x001AEB90,True,2,True,True,,ida-defined,ida|direct-call-x2|save-prologue|after-return-delay-slot
0x00180BB4,0x001AEBB4,True,12,True,True,,ida-defined,ida|direct-call-x12|save-prologue|after-return-delay-slot
0x00180C1C,0x001AEC1C,True,12,True,True,,ida-defined,ida|direct-call-x12|save-prologue|after-return-delay-slot
0x00180D00,0x001AED00,True,12,True,False,,ida-defined,ida|direct-call-x12|save-prologue
0x0018159C,0x001AF59C,True,12,True,False,,ida-defined,ida|direct-call-x12|save-prologue
0x00181628,0x001AF628,True,2,False,False,,ida-defined,ida|direct-call-x2
0x00181630,0x001AF630,True,2,False,True,,ida-defined,ida|direct-call-x2|after-return-delay-slot
0x00181660,0x001AF660,True,1,False,True,,ida-defined,ida|direct-call-x1|after-return-delay-slot
0x00181690,0x001AF690,True,1,True,True,,ida-defined,ida|direct-call-x1|save-prologue|after-return-delay-slot
0x00181830,0x001AF830,True,1,True,True,,ida-defined,ida|direct-call-x1|save-prologue|after-return-delay-slot
0x001819C8,0x001AF9C8,True,1,True,True,,ida-defined,ida|direct-call-x1|save-prologue|after-return-delay-slot
0x00181B60,0x001AFB60,True,1,False,True,,ida-defined,ida|direct-call-x1|after-return-delay-slot
0x00181B70,0x001AFB70,True,1,False,False,,ida-defined,ida|direct-call-x1
0x00181B80,0x001AFB80,False,0,True,False,0x00181B70:sub_181B70,low,save-prologue
0x00181C04,0x001AFC04,True,0,True,True,,ida-defined,ida|save-prologue|after-return-delay-slot
0x00181C88,0x001AFC88,True,0,True,True,,ida-defined,ida|save-prologue|after-return-delay-slot
0x00181D1C,0x001AFD1C,True,0,True,True,,ida-defined,ida|save-prologue|after-return-delay-slot
0x00181DCC,0x001AFDCC,True,1,True,True,,ida-defined,ida|direct-call-x1|save-prologue|after-return-delay-slot
0x00182028,0x001B0028,True,46,False,True,,ida-defined,ida|direct-call-x46|after-return-delay-slot
0x00182034,0x001B0034,True,3,False,True,,ida-defined,ida|direct-call-x3|after-return-delay-slot
0x00182040,0x001B0040,True,1,False,True,,ida-defined,ida|direct-call-x1|after-return-delay-slot
0x0018204C,0x001B004C,True,2,False,True,,ida-defined,ida|direct-call-x2|after-return-delay-slot
0x00182054,0x001B0054,True,3,False,True,,ida-defined,ida|direct-call-x3|after-return-delay-slot
0x00182088,0x001B0088,True,1,True,True,,ida-defined,ida|direct-call-x1|save-prologue|after-return-delay-slot
0x0018210C,0x001B010C,True,3,False,True,,ida-defined,ida|direct-call-x3|after-return-delay-slot
0x00182118,0x001B0118,True,4,False,True,,ida-defined,ida|direct-call-x4|after-return-delay-slot
0x00182130,0x001B0130,True,6,False,True,,ida-defined,ida|direct-call-x6|after-return-delay-slot
0x00182138,0x001B0138,True,1,True,True,,ida-defined,ida|direct-call-x1|save-prologue|after-return-delay-slot
0x001821C8,0x001B01C8,True,1,False,True,,ida-defined,ida|direct-call-x1|after-return-delay-slot
0x001821D4,0x001B01D4,True,4,False,True,,ida-defined,ida|direct-call-x4|after-return-delay-slot
0x001821DC,0x001B01DC,True,3,False,True,,ida-defined,ida|direct-call-x3|after-return-delay-slot
0x001821E4,0x001B01E4,True,15,False,True,,ida-defined,ida|direct-call-x15|after-return-delay-slot
0x001821EC,0x001B01EC,True,16,False,True,,ida-defined,ida|direct-call-x16|after-return-delay-slot
0x00182204,0x001B0204,True,10,False,True,,ida-defined,ida|direct-call-x10|after-return-delay-slot
0x0018222C,0x001B022C,True,3,False,True,,ida-defined,ida|direct-call-x3|after-return-delay-slot
0x00182248,0x001B0248,True,1,False,True,,ida-defined,ida|direct-call-x1|after-return-delay-slot
0x00182264,0x001B0264,True,2,True,True,,ida-defined,ida|direct-call-x2|save-prologue|after-return-delay-slot
0x001822DC,0x001B02DC,True,1,True,True,,ida-defined,ida|direct-call-x1|save-prologue|after-return-delay-slot
0x00182458,0x001B0458,True,0,True,True,,ida-defined,ida|save-prologue|after-return-delay-slot
0x001824C4,0x001B04C4,True,0,True,True,,ida-defined,ida|save-prologue|after-return-delay-slot
0x0018252C,0x001B052C,True,0,True,True,,ida-defined,ida|save-prologue|after-return-delay-slot
0x00182594,0x001B0594,True,1,True,True,,ida-defined,ida|direct-call-x1|save-prologue|after-return-delay-slot
0x00182604,0x001B0604,True,1,True,True,,ida-defined,ida|direct-call-x1|save-prologue|after-return-delay-slot
0x00182828,0x001B0828,True,1,False,True,,ida-defined,ida|direct-call-x1|after-return-delay-slot
0x00182868,0x001B0868,True,1,False,True,,ida-defined,ida|direct-call-x1|after-return-delay-slot
0x00182900,0x001B0900,True,1,False,True,,ida-defined,ida|direct-call-x1|after-return-delay-slot
0x001829EC,0x001B09EC,True,1,False,True,,ida-defined,ida|direct-call-x1|after-return-delay-slot
0x00182A44,0x001B0A44,True,1,False,True,,ida-defined,ida|direct-call-x1|after-return-delay-slot
0x00182B1C,0x001B0B1C,True,2,False,True,,ida-defined,ida|direct-call-x2|after-return-delay-slot
0x00182C24,0x001B0C24,True,12,True,True,,ida-defined,ida|direct-call-x12|save-prologue|after-return-delay-slot
0x00182EF0,0x001B0EF0,True,30,True,True,,ida-defined,ida|direct-call-x30|save-prologue|after-return-delay-slot
0x00182FF8,0x001B0FF8,True,105,True,True,,ida-defined,ida|direct-call-x105|save-prologue|after-return-delay-slot
0x0018301C,0x001B101C,True,27,True,True,,ida-defined,ida|direct-call-x27|save-prologue|after-return-delay-slot
0x0018319C,0x001B119C,True,138,True,True,,ida-defined,ida|direct-call-x138|save-prologue|after-return-delay-slot
0x001832C4,0x001B12C4,True,0,True,True,,ida-defined,ida|save-prologue|after-return-delay-slot
0x00183328,0x001B1328,True,1,True,True,,ida-defined,ida|direct-call-x1|save-prologue|after-return-delay-slot
0x00183410,0x001B1410,True,1,True,True,,ida-defined,ida|direct-call-x1|save-prologue|after-return-delay-slot
0x00183478,0x001B1478,True,48,True,True,,ida-defined,ida|direct-call-x48|save-prologue|after-return-delay-slot
0x001834BC,0x001B14BC,True,4,True,True,,ida-defined,ida|direct-call-x4|save-prologue|after-return-delay-slot
0x00183694,0x001B1694,True,49,True,True,,ida-defined,ida|direct-call-x49|save-prologue|after-return-delay-slot
0x001836B4,0x001B16B4,True,3,True,True,,ida-defined,ida|direct-call-x3|save-prologue|after-return-delay-slot
0x001836D4,0x001B16D4,True,2,True,True,,ida-defined,ida|direct-call-x2|save-prologue|after-return-delay-slot
0x00183760,0x001B1760,True,1,True,True,,ida-defined,ida|direct-call-x1|save-prologue|after-return-delay-slot
0x001837C8,0x001B17C8,True,19,True,True,,ida-defined,ida|direct-call-x19|save-prologue|after-return-delay-slot
0x001837E8,0x001B17E8,True,16,True,True,,ida-defined,ida|direct-call-x16|save-prologue|after-return-delay-slot
0x0018384C,0x001B184C,True,0,True,True,,ida-defined,ida|save-prologue|after-return-delay-slot
0x001838B0,0x001B18B0,True,0,True,True,,ida-defined,ida|save-prologue|after-return-delay-slot
0x0018391C,0x001B191C,True,25,True,True,,ida-defined,ida|direct-call-x25|save-prologue|after-return-delay-slot
0x001839B8,0x001B19B8,True,3,True,True,,ida-defined,ida|direct-call-x3|save-prologue|after-return-delay-slot
0x001839D0,0x001B19D0,True,17,False,True,,ida-defined,ida|direct-call-x17|after-return-delay-slot
0x001839E8,0x001B19E8,True,12,True,True,,ida-defined,ida|direct-call-x12|save-prologue|after-return-delay-slot
0x00183A0C,0x001B1A0C,True,1,True,True,,ida-defined,ida|direct-call-x1|save-prologue|after-return-delay-slot
0x00183A2C,0x001B1A2C,True,3,True,True,,ida-defined,ida|direct-call-x3|save-prologue|after-return-delay-slot
0x00183A4C,0x001B1A4C,True,21,True,True,,ida-defined,ida|direct-call-x21|save-prologue|after-return-delay-slot
0x00183A64,0x001B1A64,True,0,True,True,,ida-defined,ida|save-prologue|after-return-delay-slot
0x00183A84,0x001B1A84,True,2,True,True,,ida-defined,ida|direct-call-x2|save-prologue|after-return-delay-slot
0x00183A9C,0x001B1A9C,True,1,True,True,,ida-defined,ida|direct-call-x1|save-prologue|after-return-delay-slot
0x00183AB4,0x001B1AB4,True,0,True,True,,ida-defined,ida|save-prologue|after-return-delay-slot
0x00183AF4,0x001B1AF4,True,7,True,True,,ida-defined,ida|direct-call-x7|save-prologue|after-return-delay-slot
0x00183BFC,0x001B1BFC,True,3,True,True,,ida-defined,ida|direct-call-x3|save-prologue|after-return-delay-slot
0x00183D94,0x001B1D94,True,0,True,True,,ida-defined,ida|save-prologue|after-return-delay-slot
0x00183DAC,0x001B1DAC,True,0,True,True,,ida-defined,ida|save-prologue|after-return-delay-slot
0x00183DE8,0x001B1DE8,True,0,True,True,,ida-defined,ida|save-prologue|after-return-delay-slot
0x00183E00,0x001B1E00,True,20,True,True,,ida-defined,ida|direct-call-x20|save-prologue|after-return-delay-slot
0x00183E74,0x001B1E74,True,0,True,True,,ida-defined,ida|save-prologue|after-return-delay-slot
0x00183ED0,0x001B1ED0,True,2,True,True,,ida-defined,ida|direct-call-x2|save-prologue|after-return-delay-slot
0x00183EF4,0x001B1EF4,True,19,True,True,,ida-defined,ida|direct-call-x19|save-prologue|after-return-delay-slot
0x00183F14,0x001B1F14,True,2,True,True,,ida-defined,ida|direct-call-x2|save-prologue|after-return-delay-slot
0x00183F58,0x001B1F58,True,1,True,True,,ida-defined,ida|direct-call-x1|save-prologue|after-return-delay-slot
0x00183FD0,0x001B1FD0,False,0,True,False,0x00183F58:sub_183F58,low,save-prologue
0x00184028,0x001B2028,True,3,True,True,,ida-defined,ida|direct-call-x3|save-prologue|after-return-delay-slot
0x00184044,0x001B2044,True,2,True,True,,ida-defined,ida|direct-call-x2|save-prologue|after-return-delay-slot
0x001841B8,0x001B21B8,True,2,True,True,,ida-defined,ida|direct-call-x2|save-prologue|after-return-delay-slot
0x00184248,0x001B2248,True,2,True,True,,ida-defined,ida|direct-call-x2|save-prologue|after-return-delay-slot
0x001842CC,0x001B22CC,True,0,True,True,,ida-defined,ida|save-prologue|after-return-delay-slot
0x00184378,0x001B2378,True,0,True,True,,ida-defined,ida|save-prologue|after-return-delay-slot
0x001843F0,0x001B23F0,True,0,True,True,,ida-defined,ida|save-prologue|after-return-delay-slot
0x00184468,0x001B2468,True,2,True,True,,ida-defined,ida|direct-call-x2|save-prologue|after-return-delay-slot
0x00184480,0x001B2480,True,0,True,True,,ida-defined,ida|save-prologue|after-return-delay-slot
0x00184498,0x001B2498,True,1,False,True,,ida-defined,ida|direct-call-x1|after-return-delay-slot
0x001844A4,0x001B24A4,True,13,True,True,,ida-defined,ida|direct-call-x13|save-prologue|after-return-delay-slot
0x001844D0,0x001B24D0,True,1,True,True,,ida-defined,ida|direct-call-x1|save-prologue|after-return-delay-slot
0x00185054,0x001B3054,True,1,False,True,,ida-defined,ida|direct-call-x1|after-return-delay-slot
0x00185060,0x001B3060,True,1,True,True,,ida-defined,ida|direct-call-x1|save-prologue|after-return-delay-slot
0x0018508C,0x001B308C,True,1,False,True,,ida-defined,ida|direct-call-x1|after-return-delay-slot
0x00185098,0x001B3098,True,1,False,True,,ida-defined,ida|direct-call-x1|after-return-delay-slot
0x00185144,0x001B3144,True,3,False,True,,ida-defined,ida|direct-call-x3|after-return-delay-slot
0x00185184,0x001B3184,True,2,False,True,,ida-defined,ida|direct-call-x2|after-return-delay-slot
0x001851F8,0x001B31F8,True,0,True,True,,ida-defined,ida|save-prologue|after-return-delay-slot
0x0018526C,0x001B326C,True,1,True,True,,ida-defined,ida|direct-call-x1|save-prologue|after-return-delay-slot
0x001853C8,0x001B33C8,True,1,True,False,,ida-defined,ida|direct-call-x1|save-prologue
0x00185448,0x001B3448,True,1,True,True,,ida-defined,ida|direct-call-x1|save-prologue|after-return-delay-slot
0x00185530,0x001B3530,True,1,True,True,,ida-defined,ida|direct-call-x1|save-prologue|after-return-delay-slot
0x00185610,0x001B3610,True,1,True,True,,ida-defined,ida|direct-call-x1|save-prologue|after-return-delay-slot
0x0018587C,0x001B387C,True,0,True,True,,ida-defined,ida|save-prologue|after-return-delay-slot
0x001858E0,0x001B38E0,True,0,True,True,,ida-defined,ida|save-prologue|after-return-delay-slot
0x0018597C,0x001B397C,True,0,True,True,,ida-defined,ida|save-prologue|after-return-delay-slot
0x001859E4,0x001B39E4,True,0,True,True,,ida-defined,ida|save-prologue|after-return-delay-slot
0x00185A7C,0x001B3A7C,True,0,True,True,,ida-defined,ida|save-prologue|after-return-delay-slot
0x00185AB4,0x001B3AB4,True,0,True,True,,ida-defined,ida|save-prologue|after-return-delay-slot
0x00185AEC,0x001B3AEC,True,0,True,True,,ida-defined,ida|save-prologue|after-return-delay-slot
0x00185B04,0x001B3B04,True,0,True,True,,ida-defined,ida|save-prologue|after-return-delay-slot
0x00185B20,0x001B3B20,False,0,True,False,0x00185B04:sub_185B04,low,save-prologue
0x00185BAC,0x001B3BAC,True,2,True,False,,ida-defined,ida|direct-call-x2|save-prologue
0x00185D4C,0x001B3D4C,True,1,True,True,,ida-defined,ida|direct-call-x1|save-prologue|after-return-delay-slot
0x00185DDC,0x001B3DDC,True,1,True,True,,ida-defined,ida|direct-call-x1|save-prologue|after-return-delay-slot
0x00185FA4,0x001B3FA4,True,0,True,True,,ida-defined,ida|save-prologue|after-return-delay-slot
0x00185FDC,0x001B3FDC,True,0,True,True,,ida-defined,ida|save-prologue|after-return-delay-slot
0x00186038,0x001B4038,True,0,True,True,,ida-defined,ida|save-prologue|after-return-delay-slot
0x00186078,0x001B4078,False,0,True,False,,low,save-prologue
0x00186128,0x001B4128,True,0,True,True,,ida-defined,ida|save-prologue|after-return-delay-slot
0x00186140,0x001B4140,True,0,True,True,,ida-defined,ida|save-prologue|after-return-delay-slot
0x00186180,0x001B4180,True,0,False,False,,ida-defined,ida
0x00186194,0x001B4194,True,0,False,False,,ida-defined,ida
0x001861A8,0x001B41A8,True,0,False,False,,ida-defined,ida
0x001861BC,0x001B41BC,True,0,False,False,,ida-defined,ida
0x001861F0,0x001B41F0,True,0,True,True,,ida-defined,ida|save-prologue|after-return-delay-slot
0x00186220,0x001B4220,True,0,False,False,,ida-defined,ida
0x00186234,0x001B4234,True,0,False,False,,ida-defined,ida
0x00186248,0x001B4248,True,0,False,False,,ida-defined,ida
0x0018625C,0x001B425C,True,0,False,False,,ida-defined,ida
0x00186270,0x001B4270,True,0,False,False,,ida-defined,ida
0x00186280,0x001B4280,True,0,False,False,,ida-defined,ida
0x00186294,0x001B4294,True,0,False,False,,ida-defined,ida
0x001862A0,0x001B42A0,True,0,True,True,,ida-defined,ida|save-prologue|after-return-delay-slot
0x001862A8,0x001B42A8,True,0,False,False,,ida-defined,ida
0x00186350,0x001B4350,True,0,True,True,,ida-defined,ida|save-prologue|after-return-delay-slot
0x00186464,0x001B4464,True,0,True,True,,ida-defined,ida|save-prologue|after-return-delay-slot
0x00186548,0x001B4548,True,0,True,True,,ida-defined,ida|save-prologue|after-return-delay-slot
0x001865E8,0x001B45E8,True,0,True,True,,ida-defined,ida|save-prologue|after-return-delay-slot
0x00186670,0x001B4670,True,0,True,True,,ida-defined,ida|save-prologue|after-return-delay-slot
0x00186728,0x001B4728,True,0,True,True,,ida-defined,ida|save-prologue|after-return-delay-slot
0x001867E0,0x001B47E0,True,1,True,True,,ida-defined,ida|direct-call-x1|save-prologue|after-return-delay-slot
0x001869B0,0x001B49B0,True,1,False,True,,ida-defined,ida|direct-call-x1|after-return-delay-slot
0x001869BC,0x001B49BC,True,2,True,True,,ida-defined,ida|direct-call-x2|save-prologue|after-return-delay-slot
0x00186F4C,0x001B4F4C,True,1,True,True,,ida-defined,ida|direct-call-x1|save-prologue|after-return-delay-slot
0x0018779C,0x001B579C,True,0,True,True,,ida-defined,ida|save-prologue|after-return-delay-slot
0x001877F0,0x001B57F0,True,0,True,True,,ida-defined,ida|save-prologue|after-return-delay-slot
0x00187820,0x001B5820,True,0,True,True,,ida-defined,ida|save-prologue|after-return-delay-slot
0x001879A8,0x001B59A8,True,0,True,True,,ida-defined,ida|save-prologue|after-return-delay-slot
0x001879DC,0x001B59DC,True,0,True,True,,ida-defined,ida|save-prologue|after-return-delay-slot
0x00187A20,0x001B5A20,True,0,True,True,,ida-defined,ida|save-prologue|after-return-delay-slot
0x00187A68,0x001B5A68,True,1,True,True,,ida-defined,ida|direct-call-x1|save-prologue|after-return-delay-slot
0x00187AFC,0x001B5AFC,True,0,True,True,,ida-defined,ida|save-prologue|after-return-delay-slot
0x00187B70,0x001B5B70,False,0,True,False,,low,save-prologue
0x00187BD4,0x001B5BD4,True,0,True,True,,ida-defined,ida|save-prologue|after-return-delay-slot
0x00187C68,0x001B5C68,False,0,True,True,,medium,save-prologue|after-return-delay-slot
0x00187CAC,0x001B5CAC,True,0,True,True,,ida-defined,ida|save-prologue|after-return-delay-slot
0x00187CCC,0x001B5CCC,True,0,True,True,,ida-defined,ida|save-prologue|after-return-delay-slot
0x00187D78,0x001B5D78,True,0,True,True,,ida-defined,ida|save-prologue|after-return-delay-slot
0x00187E24,0x001B5E24,True,0,True,True,,ida-defined,ida|save-prologue|after-return-delay-slot
0x00187ED0,0x001B5ED0,True,0,True,True,,ida-defined,ida|save-prologue|after-return-delay-slot
0x00187FA8,0x001B5FA8,True,0,True,True,,ida-defined,ida|save-prologue|after-return-delay-slot
0x00187FD8,0x001B5FD8,True,0,True,True,,ida-defined,ida|save-prologue|after-return-delay-slot
0x001880A8,0x001B60A8,True,0,True,True,,ida-defined,ida|save-prologue|after-return-delay-slot
0x00188118,0x001B6118,True,0,True,True,,ida-defined,ida|save-prologue|after-return-delay-slot
0x001881CC,0x001B61CC,True,15,True,True,,ida-defined,ida|direct-call-x15|save-prologue|after-return-delay-slot
0x001882AC,0x001B62AC,True,1,True,True,,ida-defined,ida|direct-call-x1|save-prologue|after-return-delay-slot
0x0018A61C,0x001B861C,True,1,True,True,,ida-defined,ida|direct-call-x1|save-prologue|after-return-delay-slot
0x0018A710,0x001B8710,True,5,True,True,,ida-defined,ida|direct-call-x5|save-prologue|after-return-delay-slot
0x0018A830,0x001B8830,True,14,True,False,,ida-defined,ida|direct-call-x14|save-prologue
0x0018A90C,0x001B890C,True,2,True,False,,ida-defined,ida|direct-call-x2|save-prologue
0x0018A938,0x001B8938,False,0,True,False,0x0018A90C:sub_18A90C,low,save-prologue
0x0018A9F0,0x001B89F0,True,1,True,True,,ida-defined,ida|direct-call-x1|save-prologue|after-return-delay-slot
0x0018AAE0,0x001B8AE0,True,2,True,True,,ida-defined,ida|direct-call-x2|save-prologue|after-return-delay-slot
0x0018AC70,0x001B8C70,True,2,True,True,,ida-defined,ida|direct-call-x2|save-prologue|after-return-delay-slot
0x0018AE00,0x001B8E00,True,86,True,True,,ida-defined,ida|direct-call-x86|save-prologue|after-return-delay-slot
0x0018AE20,0x001B8E20,True,2,True,True,,ida-defined,ida|direct-call-x2|save-prologue|after-return-delay-slot
0x0018AEE8,0x001B8EE8,True,4,True,True,,ida-defined,ida|direct-call-x4|save-prologue|after-return-delay-slot
0x0018AF20,0x001B8F20,True,2,True,True,,ida-defined,ida|direct-call-x2|save-prologue|after-return-delay-slot
0x0018B160,0x001B9160,True,2,True,True,,ida-defined,ida|direct-call-x2|save-prologue|after-return-delay-slot
0x0018B284,0x001B9284,True,2,True,False,,ida-defined,ida|direct-call-x2|save-prologue
0x0018B2C4,0x001B92C4,True,2,False,True,,ida-defined,ida|direct-call-x2|after-return-delay-slot
0x0018B2D4,0x001B92D4,True,4,False,False,,ida-defined,ida|direct-call-x4
0x0018B2E4,0x001B92E4,False,0,True,False,0x0018B2D4:sub_18B2D4,low,save-prologue
0x0018B2FC,0x001B92FC,True,7,False,True,,ida-defined,ida|direct-call-x7|after-return-delay-slot
0x0018B30C,0x001B930C,False,80,False,False,0x0018B2FC:sub_18B2FC,high,direct-call-x80
0x0018B31C,0x001B931C,True,24,False,False,,ida-defined,ida|direct-call-x24
0x0018B32C,0x001B932C,True,5,False,False,,ida-defined,ida|direct-call-x5
0x0018B33C,0x001B933C,False,7,False,False,0x0018B32C:sub_18B32C,high,direct-call-x7
0x0018B34C,0x001B934C,False,2,False,False,0x0018B32C:sub_18B32C,medium,direct-call-x2
0x0018B35C,0x001B935C,False,2,False,False,0x0018B32C:sub_18B32C,medium,direct-call-x2
0x0018B36C,0x001B936C,True,28,True,False,,ida-defined,ida|direct-call-x28|save-prologue
0x0018B494,0x001B9494,True,0,True,True,,ida-defined,ida|save-prologue|after-return-delay-slot
0x0018B5BC,0x001B95BC,True,2,True,True,,ida-defined,ida|direct-call-x2|save-prologue|after-return-delay-slot
0x0018B5D8,0x001B95D8,True,9,True,True,,ida-defined,ida|direct-call-x9|save-prologue|after-return-delay-slot
0x0018B648,0x001B9648,True,7,False,True,,ida-defined,ida|direct-call-x7|after-return-delay-slot
0x0018B65C,0x001B965C,True,2,True,True,,ida-defined,ida|direct-call-x2|save-prologue|after-return-delay-slot
0x0018B9E4,0x001B99E4,True,1,False,True,,ida-defined,ida|direct-call-x1|after-return-delay-slot
0x0018B9F4,0x001B99F4,True,1,True,False,,ida-defined,ida|direct-call-x1|save-prologue
0x0018BA48,0x001B9A48,True,1,True,True,,ida-defined,ida|direct-call-x1|save-prologue|after-return-delay-slot
0x0018BA60,0x001B9A60,False,4,True,False,0x0018BA48:sub_18BA48,high,direct-call-x4|save-prologue
0x0018BA94,0x001B9A94,False,1,True,False,0x0018BA48:sub_18BA48,high,direct-call-x1|save-prologue
0x0018BAE8,0x001B9AE8,True,3,False,True,,ida-defined,ida|direct-call-x3|after-return-delay-slot
0x0018BB20,0x001B9B20,True,1,True,True,,ida-defined,ida|direct-call-x1|save-prologue|after-return-delay-slot
0x0018BCD4,0x001B9CD4,True,18,True,True,,ida-defined,ida|direct-call-x18|save-prologue|after-return-delay-slot
0x0018BD48,0x001B9D48,True,0,True,True,,ida-defined,ida|save-prologue|after-return-delay-slot
0x0018BD68,0x001B9D68,True,2,False,True,,ida-defined,ida|direct-call-x2|after-return-delay-slot
0x0018BD78,0x001B9D78,True,1,True,False,,ida-defined,ida|direct-call-x1|save-prologue
0x0018BDCC,0x001B9DCC,True,5,True,True,,ida-defined,ida|direct-call-x5|save-prologue|after-return-delay-slot
0x0018BDE8,0x001B9DE8,True,1,True,True,,ida-defined,ida|direct-call-x1|save-prologue|after-return-delay-slot
0x0018BE40,0x001B9E40,True,11,True,False,,ida-defined,ida|direct-call-x11|save-prologue
0x0018BEEC,0x001B9EEC,False,2,False,False,0x0018BE40:sub_18BE40,medium,direct-call-x2
0x0018BEFC,0x001B9EFC,False,1,True,False,0x0018BE40:sub_18BE40,high,direct-call-x1|save-prologue
0x0018BF14,0x001B9F14,True,4,True,True,,ida-defined,ida|direct-call-x4|save-prologue|after-return-delay-slot
0x0018BF2C,0x001B9F2C,False,2,False,False,0x0018BF14:sub_18BF14,medium,direct-call-x2
0x0018BF3C,0x001B9F3C,True,2,False,False,,ida-defined,ida|direct-call-x2
0x0018BF4C,0x001B9F4C,True,1,False,False,,ida-defined,ida|direct-call-x1
0x0018BF60,0x001B9F60,True,1,False,False,,ida-defined,ida|direct-call-x1
0x0018BF74,0x001B9F74,True,1,False,False,,ida-defined,ida|direct-call-x1
0x0018BF7C,0x001B9F7C,True,1,False,True,,ida-defined,ida|direct-call-x1|after-return-delay-slot
0x0018BF8C,0x001B9F8C,False,1,False,False,0x0018BF7C:sub_18BF7C,low,direct-call-x1
0x0018BF9C,0x001B9F9C,False,1,False,False,0x0018BF7C:sub_18BF7C,low,direct-call-x1
0x0018BFAC,0x001B9FAC,True,7,False,False,,ida-defined,ida|direct-call-x7
0x0018BFC0,0x001B9FC0,True,4,True,False,,ida-defined,ida|direct-call-x4|save-prologue
0x0018C03C,0x001BA03C,True,3,True,True,,ida-defined,ida|direct-call-x3|save-prologue|after-return-delay-slot
0x0018C168,0x001BA168,True,7,True,True,,ida-defined,ida|direct-call-x7|save-prologue|after-return-delay-slot
0x0018C2B0,0x001BA2B0,True,0,True,True,,ida-defined,ida|save-prologue|after-return-delay-slot
0x0018C614,0x001BA614,True,4,True,True,,ida-defined,ida|direct-call-x4|save-prologue|after-return-delay-slot
0x0018C62C,0x001BA62C,True,16,True,True,,ida-defined,ida|direct-call-x16|save-prologue|after-return-delay-slot
0x0018C644,0x001BA644,True,6,True,True,,ida-defined,ida|direct-call-x6|save-prologue|after-return-delay-slot
0x0018C678,0x001BA678,True,75,True,True,,ida-defined,ida|direct-call-x75|save-prologue|after-return-delay-slot
0x0018C6E0,0x001BA6E0,True,16,True,True,,ida-defined,ida|direct-call-x16|save-prologue|after-return-delay-slot
0x0018C73C,0x001BA73C,True,8,True,True,,ida-defined,ida|direct-call-x8|save-prologue|after-return-delay-slot
0x0018C770,0x001BA770,True,39,True,True,,ida-defined,ida|direct-call-x39|save-prologue|after-return-delay-slot
0x0018C7AC,0x001BA7AC,True,1,True,True,,ida-defined,ida|direct-call-x1|save-prologue|after-return-delay-slot
0x0018C874,0x001BA874,True,1,False,True,,ida-defined,ida|direct-call-x1|after-return-delay-slot
0x0018C88C,0x001BA88C,True,3,True,True,,ida-defined,ida|direct-call-x3|save-prologue|after-return-delay-slot
0x0018CA14,0x001BAA14,True,2,False,False,,ida-defined,ida|direct-call-x2
0x0018CA34,0x001BAA34,True,5,False,True,,ida-defined,ida|direct-call-x5|after-return-delay-slot
0x0018CA48,0x001BAA48,True,7,False,True,,ida-defined,ida|direct-call-x7|after-return-delay-slot
0x0018CA5C,0x001BAA5C,True,1,False,True,,ida-defined,ida|direct-call-x1|after-return-delay-slot
0x0018CA70,0x001BAA70,True,3,False,True,,ida-defined,ida|direct-call-x3|after-return-delay-slot
0x0018CA84,0x001BAA84,True,1,True,True,,ida-defined,ida|direct-call-x1|save-prologue|after-return-delay-slot
0x0018CB7C,0x001BAB7C,True,1,True,True,,ida-defined,ida|direct-call-x1|save-prologue|after-return-delay-slot
0x0018CBEC,0x001BABEC,True,1,False,True,,ida-defined,ida|direct-call-x1|after-return-delay-slot
0x0018CC58,0x001BAC58,True,1,False,True,,ida-defined,ida|direct-call-x1|after-return-delay-slot
0x0018CC6C,0x001BAC6C,True,1,False,True,,ida-defined,ida|direct-call-x1|after-return-delay-slot
0x0018CC7C,0x001BAC7C,True,50,False,False,,ida-defined,ida|direct-call-x50
0x0018CC9C,0x001BAC9C,True,53,True,True,,ida-defined,ida|direct-call-x53|save-prologue|after-return-delay-slot
0x0018CD30,0x001BAD30,True,23,False,True,,ida-defined,ida|direct-call-x23|after-return-delay-slot
0x0018CDB8,0x001BADB8,True,21,True,True,,ida-defined,ida|direct-call-x21|save-prologue|after-return-delay-slot
0x0018CEA0,0x001BAEA0,True,4,True,False,,ida-defined,ida|direct-call-x4|save-prologue
0x0018CEC4,0x001BAEC4,True,10,True,True,,ida-defined,ida|direct-call-x10|save-prologue|after-return-delay-slot
0x0018CEE8,0x001BAEE8,True,3,True,True,,ida-defined,ida|direct-call-x3|save-prologue|after-return-delay-slot
0x0018CF08,0x001BAF08,True,1,True,True,,ida-defined,ida|direct-call-x1|save-prologue|after-return-delay-slot
0x0018CF68,0x001BAF68,True,4,True,True,,ida-defined,ida|direct-call-x4|save-prologue|after-return-delay-slot
0x0018CF9C,0x001BAF9C,True,11,True,True,,ida-defined,ida|direct-call-x11|save-prologue|after-return-delay-slot
0x0018D0F4,0x001BB0F4,True,2,False,True,,ida-defined,ida|direct-call-x2|after-return-delay-slot
0x0018D128,0x001BB128,True,1,True,True,,ida-defined,ida|direct-call-x1|save-prologue|after-return-delay-slot
0x0018D160,0x001BB160,False,2,True,False,,high,direct-call-x2|save-prologue
0x0018D1E8,0x001BB1E8,True,0,True,True,,ida-defined,ida|save-prologue|after-return-delay-slot
0x0018D324,0x001BB324,True,0,True,True,,ida-defined,ida|save-prologue|after-return-delay-slot
0x0018D398,0x001BB398,True,0,True,True,,ida-defined,ida|save-prologue|after-return-delay-slot
0x0018D45C,0x001BB45C,True,1,True,True,,ida-defined,ida|direct-call-x1|save-prologue|after-return-delay-slot
0x0018D650,0x001BB650,True,1,True,True,,ida-defined,ida|direct-call-x1|save-prologue|after-return-delay-slot
0x0018D780,0x001BB780,True,1,True,True,,ida-defined,ida|direct-call-x1|save-prologue|after-return-delay-slot
0x0018D800,0x001BB800,True,2,True,True,,ida-defined,ida|direct-call-x2|save-prologue|after-return-delay-slot
0x0018DB0C,0x001BBB0C,True,2,True,True,,ida-defined,ida|direct-call-x2|save-prologue|after-return-delay-slot
0x0018DB74,0x001BBB74,True,0,True,True,,ida-defined,ida|save-prologue|after-return-delay-slot
0x0018DC30,0x001BBC30,True,1,True,True,,ida-defined,ida|direct-call-x1|save-prologue|after-return-delay-slot
0x0018DF50,0x001BBF50,True,0,True,True,,ida-defined,ida|save-prologue|after-return-delay-slot
0x0018DFFC,0x001BBFFC,True,1,True,True,,ida-defined,ida|direct-call-x1|save-prologue|after-return-delay-slot
0x0018E274,0x001BC274,True,1,True,True,,ida-defined,ida|direct-call-x1|save-prologue|after-return-delay-slot
0x0018E410,0x001BC410,True,25,False,True,,ida-defined,ida|direct-call-x25|after-return-delay-slot
0x0018E430,0x001BC430,True,85,False,False,,ida-defined,ida|direct-call-x85
0x0018E450,0x001BC450,True,45,False,False,,ida-defined,ida|direct-call-x45
0x0018E460,0x001BC460,False,3,True,False,0x0018E450:sub_18E450,high,direct-call-x3|save-prologue
0x0018E4B8,0x001BC4B8,True,2,True,True,,ida-defined,ida|direct-call-x2|save-prologue|after-return-delay-slot
0x0018E4E4,0x001BC4E4,True,16,True,True,,ida-defined,ida|direct-call-x16|save-prologue|after-return-delay-slot
0x0018E738,0x001BC738,True,3,True,True,,ida-defined,ida|direct-call-x3|save-prologue|after-return-delay-slot
0x0018E804,0x001BC804,True,9,True,False,,ida-defined,ida|direct-call-x9|save-prologue
0x0018E870,0x001BC870,True,4,True,False,,ida-defined,ida|direct-call-x4|save-prologue
0x0018E99C,0x001BC99C,True,1,True,False,,ida-defined,ida|direct-call-x1|save-prologue
0x0018E9B4,0x001BC9B4,True,4,False,False,,ida-defined,ida|direct-call-x4
0x0018E9F8,0x001BC9F8,False,1,True,False,0x0018E9B4:sub_18E9B4,high,direct-call-x1|save-prologue
0x0018EAF4,0x001BCAF4,True,1,False,True,,ida-defined,ida|direct-call-x1|after-return-delay-slot
0x0018EB00,0x001BCB00,True,1,False,True,,ida-defined,ida|direct-call-x1|after-return-delay-slot
0x0018EB10,0x001BCB10,True,4,False,True,,ida-defined,ida|direct-call-x4|after-return-delay-slot
0x0018EB64,0x001BCB64,True,4,False,True,,ida-defined,ida|direct-call-x4|after-return-delay-slot
0x0018ECF8,0x001BCCF8,True,1,False,True,,ida-defined,ida|direct-call-x1|after-return-delay-slot
0x0018ED14,0x001BCD14,True,1,False,True,,ida-defined,ida|direct-call-x1|after-return-delay-slot
0x0018EDB4,0x001BCDB4,True,0,True,True,,ida-defined,ida|save-prologue|after-return-delay-slot
0x0018EE70,0x001BCE70,True,1,False,True,,ida-defined,ida|direct-call-x1|after-return-delay-slot
0x0018EFAC,0x001BCFAC,True,1,False,False,,ida-defined,ida|direct-call-x1
0x0018EFB4,0x001BCFB4,True,1,True,True,,ida-defined,ida|direct-call-x1|save-prologue|after-return-delay-slot
0x0018F070,0x001BD070,True,1,True,True,,ida-defined,ida|direct-call-x1|save-prologue|after-return-delay-slot
0x0018F0AC,0x001BD0AC,True,26,True,True,,ida-defined,ida|direct-call-x26|save-prologue|after-return-delay-slot
0x0018F1F8,0x001BD1F8,True,1,True,True,,ida-defined,ida|direct-call-x1|save-prologue|after-return-delay-slot
0x0018F60C,0x001BD60C,False,1,False,False,0x0018F1F8:sub_18F1F8,low,direct-call-x1
0x0018F624,0x001BD624,False,1,False,False,0x0018F1F8:sub_18F1F8,low,direct-call-x1
0x0018F63C,0x001BD63C,False,0,True,False,0x0018F1F8:sub_18F1F8,low,save-prologue
0x0018F6B0,0x001BD6B0,True,0,True,True,,ida-defined,ida|save-prologue|after-return-delay-slot
0x0018F778,0x001BD778,True,2,True,True,,ida-defined,ida|direct-call-x2|save-prologue|after-return-delay-slot
0x0018F898,0x001BD898,True,0,True,True,,ida-defined,ida|save-prologue|after-return-delay-slot
0x0018F908,0x001BD908,True,4,True,True,,ida-defined,ida|direct-call-x4|save-prologue|after-return-delay-slot
0x0018FA1C,0x001BDA1C,True,1,True,True,,ida-defined,ida|direct-call-x1|save-prologue|after-return-delay-slot
0x0018FAD8,0x001BDAD8,True,1,True,True,,ida-defined,ida|direct-call-x1|save-prologue|after-return-delay-slot
0x0018FC58,0x001BDC58,True,2,True,True,,ida-defined,ida|direct-call-x2|save-prologue|after-return-delay-slot
0x0018FC8C,0x001BDC8C,False,1,True,False,0x0018FC58:sub_18FC58,high,direct-call-x1|save-prologue
0x0018FD34,0x001BDD34,True,1,True,False,,ida-defined,ida|direct-call-x1|save-prologue
0x0018FD74,0x001BDD74,True,1,False,False,,ida-defined,ida|direct-call-x1
0x0018FD80,0x001BDD80,True,1,False,True,,ida-defined,ida|direct-call-x1|after-return-delay-slot
0x0018FDAC,0x001BDDAC,True,1,True,True,,ida-defined,ida|direct-call-x1|save-prologue|after-return-delay-slot
0x001901DC,0x001BE1DC,True,0,True,True,,ida-defined,ida|save-prologue|after-return-delay-slot
0x0019021C,0x001BE21C,True,2,True,True,,ida-defined,ida|direct-call-x2|save-prologue|after-return-delay-slot
0x00191A3C,0x001BFA3C,True,1,False,False,,ida-defined,ida|direct-call-x1
0x00191A50,0x001BFA50,True,0,True,True,,ida-defined,ida|save-prologue|after-return-delay-slot
0x00191AFC,0x001BFAFC,False,1,True,False,0x00191A50:sub_191A50,high,direct-call-x1|save-prologue
0x00191B94,0x001BFB94,True,1,True,True,,ida-defined,ida|direct-call-x1|save-prologue|after-return-delay-slot
0x00191C38,0x001BFC38,True,2,True,True,,ida-defined,ida|direct-call-x2|save-prologue|after-return-delay-slot
0x00191C80,0x001BFC80,True,0,True,True,,ida-defined,ida|save-prologue|after-return-delay-slot
0x00191ED4,0x001BFED4,True,0,True,True,,ida-defined,ida|save-prologue|after-return-delay-slot
0x00191F94,0x001BFF94,False,0,True,False,0x00191ED4:sub_191ED4,low,save-prologue
0x00192188,0x001C0188,True,0,True,True,,ida-defined,ida|save-prologue|after-return-delay-slot
0x00192200,0x001C0200,False,0,True,False,0x00192188:sub_192188,low,save-prologue
0x0019232C,0x001C032C,True,0,True,True,,ida-defined,ida|save-prologue|after-return-delay-slot
0x0019239C,0x001C039C,False,0,True,False,0x0019232C:sub_19232C,low,save-prologue
0x001924B4,0x001C04B4,True,0,True,True,,ida-defined,ida|save-prologue|after-return-delay-slot
0x00192698,0x001C0698,True,0,True,True,,ida-defined,ida|save-prologue|after-return-delay-slot
0x001927C4,0x001C07C4,True,0,True,True,,ida-defined,ida|save-prologue|after-return-delay-slot
0x001928FC,0x001C08FC,False,0,True,False,0x001927C4:sub_1927C4,low,save-prologue
0x001929C8,0x001C09C8,False,0,True,False,,low,save-prologue
0x001929E8,0x001C09E8,True,0,False,False,,ida-defined,ida
0x001929F0,0x001C09F0,True,0,False,False,,ida-defined,ida
0x00192A98,0x001C0A98,True,0,True,True,,ida-defined,ida|save-prologue|after-return-delay-slot
0x00192AD8,0x001C0AD8,True,0,True,False,,ida-defined,ida|save-prologue
0x00192D10,0x001C0D10,True,0,True,True,,ida-defined,ida|save-prologue|after-return-delay-slot
0x00192DD0,0x001C0DD0,False,0,True,False,0x00192D10:sub_192D10,low,save-prologue
0x00193044,0x001C1044,True,1,True,True,,ida-defined,ida|direct-call-x1|save-prologue|after-return-delay-slot
0x00193114,0x001C1114,True,0,True,True,,ida-defined,ida|save-prologue|after-return-delay-slot
0x001931C0,0x001C11C0,False,0,True,False,0x00193114:sub_193114,low,save-prologue
0x00193260,0x001C1260,False,0,True,False,0x00193114:sub_193114,low,save-prologue
0x0019339C,0x001C139C,False,0,True,False,0x00193114:sub_193114,low,save-prologue
0x00193400,0x001C1400,False,0,True,False,0x00193114:sub_193114,low,save-prologue
0x001934F4,0x001C14F4,False,0,True,False,0x00193114:sub_193114,low,save-prologue
0x001935F4,0x001C15F4,False,0,True,False,0x00193114:sub_193114,low,save-prologue
0x0019373C,0x001C173C,False,0,True,False,0x00193114:sub_193114,low,save-prologue
0x00193818,0x001C1818,False,0,True,False,0x00193114:sub_193114,low,save-prologue
0x001938E0,0x001C18E0,True,0,True,True,,ida-defined,ida|save-prologue|after-return-delay-slot
0x00193960,0x001C1960,False,0,True,False,0x001938E0:sub_1938E0,low,save-prologue
0x00193AA8,0x001C1AA8,True,0,True,True,,ida-defined,ida|save-prologue|after-return-delay-slot
0x00193B1C,0x001C1B1C,False,0,True,False,0x00193AA8:sub_193AA8,low,save-prologue
0x00193B98,0x001C1B98,False,0,True,False,0x00193AA8:sub_193AA8,low,save-prologue
0x00193C08,0x001C1C08,False,0,True,False,0x00193AA8:sub_193AA8,low,save-prologue
0x00193D80,0x001C1D80,True,0,True,True,,ida-defined,ida|save-prologue|after-return-delay-slot
0x00193E38,0x001C1E38,False,0,True,False,0x00193D80:sub_193D80,low,save-prologue
0x00193F50,0x001C1F50,False,0,True,False,0x00193D80:sub_193D80,low,save-prologue
0x0019405C,0x001C205C,True,0,True,True,,ida-defined,ida|save-prologue|after-return-delay-slot
0x00194134,0x001C2134,False,0,True,False,0x0019405C:sub_19405C,low,save-prologue
0x00194404,0x001C2404,True,0,True,True,,ida-defined,ida|save-prologue|after-return-delay-slot
0x00194474,0x001C2474,False,0,True,False,0x00194404:sub_194404,low,save-prologue
0x001945A0,0x001C25A0,True,0,True,True,,ida-defined,ida|save-prologue|after-return-delay-slot
0x00194838,0x001C2838,True,3,True,False,,ida-defined,ida|direct-call-x3|save-prologue
0x001948DC,0x001C28DC,False,0,True,False,0x00194838:sub_194838,low,save-prologue
0x00194A4C,0x001C2A4C,False,0,True,False,0x00194838:sub_194838,low,save-prologue
0x00194D40,0x001C2D40,True,0,True,True,,ida-defined,ida|save-prologue|after-return-delay-slot
0x00194F34,0x001C2F34,False,0,True,False,,low,save-prologue
0x001953D0,0x001C33D0,True,0,True,True,,ida-defined,ida|save-prologue|after-return-delay-slot
0x00195588,0x001C3588,False,0,True,False,,low,save-prologue
0x001955F8,0x001C35F8,False,0,True,False,,low,save-prologue
0x00195724,0x001C3724,True,0,True,True,,ida-defined,ida|save-prologue|after-return-delay-slot
0x00195890,0x001C3890,False,4,True,False,0x00195724:sub_195724,high,direct-call-x4|save-prologue
0x00195980,0x001C3980,False,4,True,False,0x00195724:sub_195724,high,direct-call-x4|save-prologue
0x00195A84,0x001C3A84,True,0,True,True,,ida-defined,ida|save-prologue|after-return-delay-slot
0x00195AF4,0x001C3AF4,False,0,True,False,0x00195A84:sub_195A84,low,save-prologue
0x00195C20,0x001C3C20,True,0,True,True,,ida-defined,ida|save-prologue|after-return-delay-slot
0x00195E70,0x001C3E70,False,0,True,False,0x00195C20:sub_195C20,low,save-prologue
0x001962C8,0x001C42C8,False,0,True,True,,medium,save-prologue|after-return-delay-slot
0x00196338,0x001C4338,False,0,True,False,,low,save-prologue
0x00196464,0x001C4464,True,0,True,True,,ida-defined,ida|save-prologue|after-return-delay-slot
0x00196504,0x001C4504,False,0,True,False,0x00196464:sub_196464,low,save-prologue
0x00196734,0x001C4734,True,0,True,True,,ida-defined,ida|save-prologue|after-return-delay-slot
0x00196798,0x001C4798,False,0,True,False,0x00196734:sub_196734,low,save-prologue
0x00196860,0x001C4860,False,0,True,True,,medium,save-prologue|after-return-delay-slot
0x0019696C,0x001C496C,True,2,True,False,,ida-defined,ida|direct-call-x2|save-prologue
0x001969B4,0x001C49B4,True,0,True,True,,ida-defined,ida|save-prologue|after-return-delay-slot
0x00196A4C,0x001C4A4C,True,1,True,True,,ida-defined,ida|direct-call-x1|save-prologue|after-return-delay-slot
0x00196BD4,0x001C4BD4,True,0,True,True,,ida-defined,ida|save-prologue|after-return-delay-slot
0x00196DB0,0x001C4DB0,True,0,True,True,,ida-defined,ida|save-prologue|after-return-delay-slot
0x00196FDC,0x001C4FDC,True,0,True,True,,ida-defined,ida|save-prologue|after-return-delay-slot
0x001970A8,0x001C50A8,True,0,True,True,,ida-defined,ida|save-prologue|after-return-delay-slot
0x00197274,0x001C5274,True,0,True,True,,ida-defined,ida|save-prologue|after-return-delay-slot
0x00197324,0x001C5324,True,48,True,True,,ida-defined,ida|direct-call-x48|save-prologue|after-return-delay-slot
0x001977D4,0x001C57D4,True,79,True,True,,ida-defined,ida|direct-call-x79|save-prologue|after-return-delay-slot
0x0019792C,0x001C592C,True,15,True,True,,ida-defined,ida|direct-call-x15|save-prologue|after-return-delay-slot
0x00197BD4,0x001C5BD4,True,0,True,True,,ida-defined,ida|save-prologue|after-return-delay-slot
0x00197E94,0x001C5E94,True,0,True,True,,ida-defined,ida|save-prologue|after-return-delay-slot
0x001981C8,0x001C61C8,True,0,True,True,,ida-defined,ida|save-prologue|after-return-delay-slot
0x00198D38,0x001C6D38,True,0,True,True,,ida-defined,ida|save-prologue|after-return-delay-slot
0x00199820,0x001C7820,True,0,True,True,,ida-defined,ida|save-prologue|after-return-delay-slot
0x00199A8C,0x001C7A8C,True,0,True,True,,ida-defined,ida|save-prologue|after-return-delay-slot
0x00199F7C,0x001C7F7C,True,0,True,True,,ida-defined,ida|save-prologue|after-return-delay-slot
0x0019A710,0x001C8710,True,0,True,True,,ida-defined,ida|save-prologue|after-return-delay-slot
0x0019AEBC,0x001C8EBC,True,0,True,True,,ida-defined,ida|save-prologue|after-return-delay-slot
0x0019B4F8,0x001C94F8,True,2,True,True,,ida-defined,ida|direct-call-x2|save-prologue|after-return-delay-slot
0x0019B668,0x001C9668,True,2,True,True,,ida-defined,ida|direct-call-x2|save-prologue|after-return-delay-slot
0x0019B8A4,0x001C98A4,True,2,True,True,,ida-defined,ida|direct-call-x2|save-prologue|after-return-delay-slot
0x0019BA14,0x001C9A14,True,0,True,True,,ida-defined,ida|save-prologue|after-return-delay-slot
0x0019C2A4,0x001CA2A4,True,0,True,True,,ida-defined,ida|save-prologue|after-return-delay-slot
0x0019CA10,0x001CAA10,True,0,True,True,,ida-defined,ida|save-prologue|after-return-delay-slot
0x0019D388,0x001CB388,True,0,True,True,,ida-defined,ida|save-prologue|after-return-delay-slot
0x0019D78C,0x001CB78C,True,0,True,True,,ida-defined,ida|save-prologue|after-return-delay-slot
0x0019DAB4,0x001CBAB4,True,1,True,True,,ida-defined,ida|direct-call-x1|save-prologue|after-return-delay-slot
0x0019DFE4,0x001CBFE4,True,1,False,True,,ida-defined,ida|direct-call-x1|after-return-delay-slot
0x0019DFF0,0x001CBFF0,True,2,True,True,,ida-defined,ida|direct-call-x2|save-prologue|after-return-delay-slot
0x0019E0A8,0x001CC0A8,True,1,True,False,,ida-defined,ida|direct-call-x1|save-prologue
0x0019E18C,0x001CC18C,True,1,True,False,,ida-defined,ida|direct-call-x1|save-prologue
0x0019E334,0x001CC334,True,1,True,True,,ida-defined,ida|direct-call-x1|save-prologue|after-return-delay-slot
0x0019E3B0,0x001CC3B0,True,2,True,False,,ida-defined,ida|direct-call-x2|save-prologue
0x0019E478,0x001CC478,True,21,True,True,,ida-defined,ida|direct-call-x21|save-prologue|after-return-delay-slot
0x0019E490,0x001CC490,True,24,False,True,,ida-defined,ida|direct-call-x24|after-return-delay-slot
0x0019E500,0x001CC500,True,3,True,True,,ida-defined,ida|direct-call-x3|save-prologue|after-return-delay-slot
0x0019E568,0x001CC568,True,0,True,True,,ida-defined,ida|save-prologue|after-return-delay-slot
0x0019E5EC,0x001CC5EC,True,19,True,False,,ida-defined,ida|direct-call-x19|save-prologue
0x0019E638,0x001CC638,True,2,True,True,,ida-defined,ida|direct-call-x2|save-prologue|after-return-delay-slot
0x0019E670,0x001CC670,True,7,True,True,,ida-defined,ida|direct-call-x7|save-prologue|after-return-delay-slot
0x0019E6B0,0x001CC6B0,True,2,True,True,,ida-defined,ida|direct-call-x2|save-prologue|after-return-delay-slot
0x0019E83C,0x001CC83C,True,1,True,True,,ida-defined,ida|direct-call-x1|save-prologue|after-return-delay-slot
0x0019EAD4,0x001CCAD4,True,13,True,True,,ida-defined,ida|direct-call-x13|save-prologue|after-return-delay-slot
0x0019EB70,0x001CCB70,True,3,True,True,,ida-defined,ida|direct-call-x3|save-prologue|after-return-delay-slot
0x0019EBF8,0x001CCBF8,True,3,False,True,,ida-defined,ida|direct-call-x3|after-return-delay-slot
0x0019EC04,0x001CCC04,True,2,False,True,,ida-defined,ida|direct-call-x2|after-return-delay-slot
0x0019ECAC,0x001CCCAC,True,1,True,True,,ida-defined,ida|direct-call-x1|save-prologue|after-return-delay-slot
0x0019EF5C,0x001CCF5C,True,10,True,True,,ida-defined,ida|direct-call-x10|save-prologue|after-return-delay-slot
0x0019F090,0x001CD090,True,6,True,True,,ida-defined,ida|direct-call-x6|save-prologue|after-return-delay-slot
0x0019F560,0x001CD560,True,2,True,True,,ida-defined,ida|direct-call-x2|save-prologue|after-return-delay-slot
0x0019F5C0,0x001CD5C0,True,1,True,True,,ida-defined,ida|direct-call-x1|save-prologue|after-return-delay-slot
0x0019FAF8,0x001CDAF8,True,11,True,False,,ida-defined,ida|direct-call-x11|save-prologue
0x0019FF70,0x001CDF70,True,0,True,True,,ida-defined,ida|save-prologue|after-return-delay-slot
0x0019FFF4,0x001CDFF4,True,10,False,True,,ida-defined,ida|direct-call-x10|after-return-delay-slot
0x001A0050,0x001CE050,True,5,False,True,,ida-defined,ida|direct-call-x5|after-return-delay-slot
0x001A0068,0x001CE068,True,1,False,True,,ida-defined,ida|direct-call-x1|after-return-delay-slot
0x001A00E0,0x001CE0E0,True,2,False,True,,ida-defined,ida|direct-call-x2|after-return-delay-slot
0x001A00F8,0x001CE0F8,True,5,True,True,,ida-defined,ida|direct-call-x5|save-prologue|after-return-delay-slot
0x001A01B8,0x001CE1B8,True,1,True,True,,ida-defined,ida|direct-call-x1|save-prologue|after-return-delay-slot
0x001A021C,0x001CE21C,True,2,False,True,,ida-defined,ida|direct-call-x2|after-return-delay-slot
0x001A0330,0x001CE330,True,2,True,True,,ida-defined,ida|direct-call-x2|save-prologue|after-return-delay-slot
0x001A0390,0x001CE390,True,4,True,True,,ida-defined,ida|direct-call-x4|save-prologue|after-return-delay-slot
0x001A03E0,0x001CE3E0,False,0,True,False,0x001A0390:sub_1A0390,low,save-prologue
0x001A0490,0x001CE490,True,0,True,True,,ida-defined,ida|save-prologue|after-return-delay-slot
0x001A04E8,0x001CE4E8,True,0,True,True,,ida-defined,ida|save-prologue|after-return-delay-slot
0x001A0640,0x001CE640,True,1,True,True,,ida-defined,ida|direct-call-x1|save-prologue|after-return-delay-slot
0x001A0804,0x001CE804,True,0,True,True,,ida-defined,ida|save-prologue|after-return-delay-slot
0x001A088C,0x001CE88C,True,0,True,True,,ida-defined,ida|save-prologue|after-return-delay-slot
0x001A0904,0x001CE904,True,1,True,True,,ida-defined,ida|direct-call-x1|save-prologue|after-return-delay-slot
0x001A0A24,0x001CEA24,True,0,True,True,,ida-defined,ida|save-prologue|after-return-delay-slot
0x001A0A84,0x001CEA84,True,0,True,True,,ida-defined,ida|save-prologue|after-return-delay-slot
0x001A0B78,0x001CEB78,True,2,True,False,,ida-defined,ida|direct-call-x2|save-prologue
0x001A0D90,0x001CED90,True,6,True,False,,ida-defined,ida|direct-call-x6|save-prologue
0x001A0EA4,0x001CEEA4,True,0,True,True,,ida-defined,ida|save-prologue|after-return-delay-slot
0x001A0EE8,0x001CEEE8,True,8,True,True,,ida-defined,ida|direct-call-x8|save-prologue|after-return-delay-slot
0x001A1014,0x001CF014,True,5,True,True,,ida-defined,ida|direct-call-x5|save-prologue|after-return-delay-slot
0x001A105C,0x001CF05C,True,4,True,False,,ida-defined,ida|direct-call-x4|save-prologue
0x001A115C,0x001CF15C,True,1,True,True,,ida-defined,ida|direct-call-x1|save-prologue|after-return-delay-slot
0x001A119C,0x001CF19C,True,8,True,True,,ida-defined,ida|direct-call-x8|save-prologue|after-return-delay-slot
0x001A122C,0x001CF22C,False,1,False,False,0x001A119C:sub_1A119C,low,direct-call-x1
0x001A1238,0x001CF238,True,1,True,True,,ida-defined,ida|direct-call-x1|save-prologue|after-return-delay-slot
0x001A1354,0x001CF354,True,1,True,True,,ida-defined,ida|direct-call-x1|save-prologue|after-return-delay-slot
0x001A14B8,0x001CF4B8,True,6,True,True,,ida-defined,ida|direct-call-x6|save-prologue|after-return-delay-slot
0x001A15FC,0x001CF5FC,True,5,True,True,,ida-defined,ida|direct-call-x5|save-prologue|after-return-delay-slot
0x001A187C,0x001CF87C,True,0,True,True,,ida-defined,ida|save-prologue|after-return-delay-slot
0x001A1894,0x001CF894,True,0,True,True,,ida-defined,ida|save-prologue|after-return-delay-slot
0x001A18DC,0x001CF8DC,True,0,True,True,,ida-defined,ida|save-prologue|after-return-delay-slot
0x001A1978,0x001CF978,True,0,True,True,,ida-defined,ida|save-prologue|after-return-delay-slot
0x001A19C4,0x001CF9C4,True,0,True,True,,ida-defined,ida|save-prologue|after-return-delay-slot
0x001A1A28,0x001CFA28,True,0,True,True,,ida-defined,ida|save-prologue|after-return-delay-slot
0x001A1A74,0x001CFA74,True,1,True,True,,ida-defined,ida|direct-call-x1|save-prologue|after-return-delay-slot
0x001A1C24,0x001CFC24,True,0,True,True,,ida-defined,ida|save-prologue|after-return-delay-slot
0x001A1CE4,0x001CFCE4,True,0,True,True,,ida-defined,ida|save-prologue|after-return-delay-slot
0x001A1DD0,0x001CFDD0,True,0,True,True,,ida-defined,ida|save-prologue|after-return-delay-slot
0x001A1EF0,0x001CFEF0,True,1,True,True,,ida-defined,ida|direct-call-x1|save-prologue|after-return-delay-slot
0x001A21FC,0x001D01FC,True,1,True,True,,ida-defined,ida|direct-call-x1|save-prologue|after-return-delay-slot
0x001A227C,0x001D027C,True,0,True,True,,ida-defined,ida|save-prologue|after-return-delay-slot
0x001A22CC,0x001D02CC,True,1,True,True,,ida-defined,ida|direct-call-x1|save-prologue|after-return-delay-slot
0x001A2480,0x001D0480,True,0,True,True,,ida-defined,ida|save-prologue|after-return-delay-slot
0x001A2568,0x001D0568,True,0,True,True,,ida-defined,ida|save-prologue|after-return-delay-slot
0x001A25E8,0x001D05E8,True,0,True,True,,ida-defined,ida|save-prologue|after-return-delay-slot
0x001A2628,0x001D0628,True,0,True,True,,ida-defined,ida|save-prologue|after-return-delay-slot
0x001A2640,0x001D0640,True,0,True,True,,ida-defined,ida|save-prologue|after-return-delay-slot
0x001A2668,0x001D0668,True,1,True,True,,ida-defined,ida|direct-call-x1|save-prologue|after-return-delay-slot
0x001A26E4,0x001D06E4,True,1,True,True,,ida-defined,ida|direct-call-x1|save-prologue|after-return-delay-slot
0x001A2750,0x001D0750,True,3,True,True,,ida-defined,ida|direct-call-x3|save-prologue|after-return-delay-slot
0x001A292C,0x001D092C,True,0,True,True,,ida-defined,ida|save-prologue|after-return-delay-slot
0x001A2964,0x001D0964,True,0,True,True,,ida-defined,ida|save-prologue|after-return-delay-slot
0x001A2998,0x001D0998,True,6,True,True,,ida-defined,ida|direct-call-x6|save-prologue|after-return-delay-slot
0x001A2A9C,0x001D0A9C,True,2,True,True,,ida-defined,ida|direct-call-x2|save-prologue|after-return-delay-slot
0x001A3098,0x001D1098,True,1,True,False,,ida-defined,ida|direct-call-x1|save-prologue
0x001A310C,0x001D110C,True,7,True,False,,ida-defined,ida|direct-call-x7|save-prologue
0x001A33D8,0x001D13D8,True,6,True,True,,ida-defined,ida|direct-call-x6|save-prologue|after-return-delay-slot
0x001A3650,0x001D1650,True,0,True,True,,ida-defined,ida|save-prologue|after-return-delay-slot
0x001A3A18,0x001D1A18,True,1,True,True,,ida-defined,ida|direct-call-x1|save-prologue|after-return-delay-slot
0x001A3BA4,0x001D1BA4,True,32,True,False,,ida-defined,ida|direct-call-x32|save-prologue
0x001A3EFC,0x001D1EFC,True,3,False,True,,ida-defined,ida|direct-call-x3|after-return-delay-slot
0x001A3F20,0x001D1F20,True,0,True,True,,ida-defined,ida|save-prologue|after-return-delay-slot
0x001A4274,0x001D2274,True,4,False,False,,ida-defined,ida|direct-call-x4
0x001A427C,0x001D227C,True,0,True,True,,ida-defined,ida|save-prologue|after-return-delay-slot
0x001A4334,0x001D2334,True,0,True,True,,ida-defined,ida|save-prologue|after-return-delay-slot
0x001A4498,0x001D2498,True,5,True,True,,ida-defined,ida|direct-call-x5|save-prologue|after-return-delay-slot
0x001A4504,0x001D2504,True,4,True,True,,ida-defined,ida|direct-call-x4|save-prologue|after-return-delay-slot
0x001A4588,0x001D2588,True,1,True,True,,ida-defined,ida|direct-call-x1|save-prologue|after-return-delay-slot
0x001A46F8,0x001D26F8,True,3,True,True,,ida-defined,ida|direct-call-x3|save-prologue|after-return-delay-slot
0x001A4798,0x001D2798,True,1,False,True,,ida-defined,ida|direct-call-x1|after-return-delay-slot
0x001A47B8,0x001D27B8,True,3,True,True,,ida-defined,ida|direct-call-x3|save-prologue|after-return-delay-slot
0x001A4A30,0x001D2A30,True,0,True,True,,ida-defined,ida|save-prologue|after-return-delay-slot
0x001A4AD0,0x001D2AD0,True,0,True,True,,ida-defined,ida|save-prologue|after-return-delay-slot
0x001A4BD0,0x001D2BD0,True,1,True,True,,ida-defined,ida|direct-call-x1|save-prologue|after-return-delay-slot
0x001A4DCC,0x001D2DCC,True,1,False,True,,ida-defined,ida|direct-call-x1|after-return-delay-slot
0x001A4DD8,0x001D2DD8,True,1,False,True,,ida-defined,ida|direct-call-x1|after-return-delay-slot
0x001A4DE4,0x001D2DE4,True,1,False,True,,ida-defined,ida|direct-call-x1|after-return-delay-slot
0x001A4DF0,0x001D2DF0,True,1,False,True,,ida-defined,ida|direct-call-x1|after-return-delay-slot
0x001A4DFC,0x001D2DFC,True,1,False,True,,ida-defined,ida|direct-call-x1|after-return-delay-slot
0x001A4E08,0x001D2E08,True,1,False,True,,ida-defined,ida|direct-call-x1|after-return-delay-slot
0x001A4E14,0x001D2E14,True,1,False,True,,ida-defined,ida|direct-call-x1|after-return-delay-slot
0x001A4E20,0x001D2E20,True,2,False,True,,ida-defined,ida|direct-call-x2|after-return-delay-slot
0x001A4E2C,0x001D2E2C,True,1,False,True,,ida-defined,ida|direct-call-x1|after-return-delay-slot
0x001A4E38,0x001D2E38,True,1,False,True,,ida-defined,ida|direct-call-x1|after-return-delay-slot
0x001A4E50,0x001D2E50,True,1,False,True,,ida-defined,ida|direct-call-x1|after-return-delay-slot
0x001A4E5C,0x001D2E5C,True,1,False,True,,ida-defined,ida|direct-call-x1|after-return-delay-slot
0x001A4E68,0x001D2E68,True,1,False,True,,ida-defined,ida|direct-call-x1|after-return-delay-slot
0x001A4E74,0x001D2E74,True,1,False,True,,ida-defined,ida|direct-call-x1|after-return-delay-slot
0x001A4E80,0x001D2E80,True,1,False,True,,ida-defined,ida|direct-call-x1|after-return-delay-slot
0x001A4E8C,0x001D2E8C,True,1,False,True,,ida-defined,ida|direct-call-x1|after-return-delay-slot
0x001A4E98,0x001D2E98,True,1,False,True,,ida-defined,ida|direct-call-x1|after-return-delay-slot
0x001A4EA4,0x001D2EA4,True,1,False,True,,ida-defined,ida|direct-call-x1|after-return-delay-slot
0x001A4EB0,0x001D2EB0,True,1,False,True,,ida-defined,ida|direct-call-x1|after-return-delay-slot
0x001A4EBC,0x001D2EBC,True,1,False,True,,ida-defined,ida|direct-call-x1|after-return-delay-slot
0x001A4EC8,0x001D2EC8,True,1,False,True,,ida-defined,ida|direct-call-x1|after-return-delay-slot
0x001A4ED4,0x001D2ED4,True,1,False,True,,ida-defined,ida|direct-call-x1|after-return-delay-slot
0x001A4EE0,0x001D2EE0,True,1,False,True,,ida-defined,ida|direct-call-x1|after-return-delay-slot
0x001A4EEC,0x001D2EEC,True,1,False,True,,ida-defined,ida|direct-call-x1|after-return-delay-slot
0x001A4EF8,0x001D2EF8,True,0,True,True,,ida-defined,ida|save-prologue|after-return-delay-slot
0x001A4F24,0x001D2F24,True,3,True,True,,ida-defined,ida|direct-call-x3|save-prologue|after-return-delay-slot
0x001A4F50,0x001D2F50,True,4,True,True,,ida-defined,ida|direct-call-x4|save-prologue|after-return-delay-slot
0x001A4F7C,0x001D2F7C,True,1,True,True,,ida-defined,ida|direct-call-x1|save-prologue|after-return-delay-slot
0x001A4FA8,0x001D2FA8,True,2,True,True,,ida-defined,ida|direct-call-x2|save-prologue|after-return-delay-slot
0x001A4FD4,0x001D2FD4,True,2,True,True,,ida-defined,ida|direct-call-x2|save-prologue|after-return-delay-slot
0x001A5000,0x001D3000,True,1,True,True,,ida-defined,ida|direct-call-x1|save-prologue|after-return-delay-slot
0x001A502C,0x001D302C,True,1,True,True,,ida-defined,ida|direct-call-x1|save-prologue|after-return-delay-slot
0x001A5058,0x001D3058,True,1,True,True,,ida-defined,ida|direct-call-x1|save-prologue|after-return-delay-slot
0x001A5084,0x001D3084,True,1,True,True,,ida-defined,ida|direct-call-x1|save-prologue|after-return-delay-slot
0x001A50B0,0x001D30B0,True,2,True,True,,ida-defined,ida|direct-call-x2|save-prologue|after-return-delay-slot
0x001A50DC,0x001D30DC,True,1,True,True,,ida-defined,ida|direct-call-x1|save-prologue|after-return-delay-slot
0x001A5108,0x001D3108,True,3,True,True,,ida-defined,ida|direct-call-x3|save-prologue|after-return-delay-slot
0x001A5134,0x001D3134,True,4,True,True,,ida-defined,ida|direct-call-x4|save-prologue|after-return-delay-slot
0x001A5160,0x001D3160,True,7,True,True,,ida-defined,ida|direct-call-x7|save-prologue|after-return-delay-slot
0x001A518C,0x001D318C,True,2,True,True,,ida-defined,ida|direct-call-x2|save-prologue|after-return-delay-slot
0x001A51B8,0x001D31B8,True,4,True,True,,ida-defined,ida|direct-call-x4|save-prologue|after-return-delay-slot
0x001A51F0,0x001D31F0,True,2,True,True,,ida-defined,ida|direct-call-x2|save-prologue|after-return-delay-slot
0x001A521C,0x001D321C,True,8,True,True,,ida-defined,ida|direct-call-x8|save-prologue|after-return-delay-slot
0x001A5254,0x001D3254,True,8,True,True,,ida-defined,ida|direct-call-x8|save-prologue|after-return-delay-slot
0x001A5280,0x001D3280,True,4,True,True,,ida-defined,ida|direct-call-x4|save-prologue|after-return-delay-slot
0x001A52B8,0x001D32B8,True,16,True,True,,ida-defined,ida|direct-call-x16|save-prologue|after-return-delay-slot
0x001A52E4,0x001D32E4,True,7,True,True,,ida-defined,ida|direct-call-x7|save-prologue|after-return-delay-slot
0x001A5310,0x001D3310,True,0,True,True,,ida-defined,ida|save-prologue|after-return-delay-slot
0x001A5344,0x001D3344,True,1,True,True,,ida-defined,ida|direct-call-x1|save-prologue|after-return-delay-slot
0x001A5398,0x001D3398,False,1,True,False,0x001A5344:sub_1A5344,high,direct-call-x1|save-prologue
0x001A53D8,0x001D33D8,True,8,False,False,,ida-defined,ida|direct-call-x8
0x001A53E8,0x001D33E8,True,18,False,False,,ida-defined,ida|direct-call-x18
0x001A53F8,0x001D33F8,True,11,True,False,,ida-defined,ida|direct-call-x11|save-prologue
0x001A5430,0x001D3430,True,1,True,False,,ida-defined,ida|direct-call-x1|save-prologue
0x001A5470,0x001D3470,False,1,False,False,0x001A5430:sub_1A5430,low,direct-call-x1
0x001A5480,0x001D3480,False,0,True,False,0x001A5430:sub_1A5430,low,save-prologue
0x001A54BC,0x001D34BC,False,0,True,False,0x001A5430:sub_1A5430,low,save-prologue
0x001A54F8,0x001D34F8,True,3,True,False,,ida-defined,ida|direct-call-x3|save-prologue
0x001A5530,0x001D3530,True,3,True,False,,ida-defined,ida|direct-call-x3|save-prologue
0x001A5574,0x001D3574,True,0,True,True,,ida-defined,ida|save-prologue|after-return-delay-slot
0x001A55AC,0x001D35AC,True,2,True,False,,ida-defined,ida|direct-call-x2|save-prologue
0x001A55E4,0x001D35E4,True,6,True,True,,ida-defined,ida|direct-call-x6|save-prologue|after-return-delay-slot
0x001A561C,0x001D361C,True,1,True,True,,ida-defined,ida|direct-call-x1|save-prologue|after-return-delay-slot
0x001A56BC,0x001D36BC,True,1,True,False,,ida-defined,ida|direct-call-x1|save-prologue
0x001A5700,0x001D3700,True,1,True,False,,ida-defined,ida|direct-call-x1|save-prologue
0x001A577C,0x001D377C,True,11,True,False,,ida-defined,ida|direct-call-x11|save-prologue
0x001A57CC,0x001D37CC,True,27,True,False,,ida-defined,ida|direct-call-x27|save-prologue
0x001A581C,0x001D381C,True,1,True,False,,ida-defined,ida|direct-call-x1|save-prologue
0x001A5870,0x001D3870,True,2,True,False,,ida-defined,ida|direct-call-x2|save-prologue
0x001A58C4,0x001D38C4,True,1,True,False,,ida-defined,ida|direct-call-x1|save-prologue
0x001A5914,0x001D3914,True,7,True,False,,ida-defined,ida|direct-call-x7|save-prologue
0x001A595C,0x001D395C,True,4,True,False,,ida-defined,ida|direct-call-x4|save-prologue
0x001A59A8,0x001D39A8,True,1,True,False,,ida-defined,ida|direct-call-x1|save-prologue
0x001A59FC,0x001D39FC,False,1,True,False,0x001A59A8:sub_1A59A8,high,direct-call-x1|save-prologue
0x001A5AB4,0x001D3AB4,True,3,True,True,,ida-defined,ida|direct-call-x3|save-prologue|after-return-delay-slot
0x001A5AF0,0x001D3AF0,False,0,True,False,0x001A5AB4:sub_1A5AB4,low,save-prologue
0x001A5B34,0x001D3B34,False,1,True,False,0x001A5AB4:sub_1A5AB4,high,direct-call-x1|save-prologue
0x001A5BB4,0x001D3BB4,True,1,True,True,,ida-defined,ida|direct-call-x1|save-prologue|after-return-delay-slot
0x001A5BF0,0x001D3BF0,True,1,False,False,,ida-defined,ida|direct-call-x1
0x001A5C08,0x001D3C08,True,3,True,True,,ida-defined,ida|direct-call-x3|save-prologue|after-return-delay-slot
0x001A5C40,0x001D3C40,False,32,False,False,0x001A5C08:sub_1A5C08,high,direct-call-x32
0x001A5C50,0x001D3C50,False,45,False,False,0x001A5C08:sub_1A5C08,high,direct-call-x45
0x001A5C60,0x001D3C60,False,2,False,False,0x001A5C08:sub_1A5C08,medium,direct-call-x2
0x001A5C74,0x001D3C74,False,9,True,False,0x001A5C08:sub_1A5C08,high,direct-call-x9|save-prologue
0x001A5CAC,0x001D3CAC,True,18,True,False,,ida-defined,ida|direct-call-x18|save-prologue
0x001A5E04,0x001D3E04,True,11,True,True,,ida-defined,ida|direct-call-x11|save-prologue|after-return-delay-slot
0x001A5E7C,0x001D3E7C,False,0,True,False,0x001A5E04:sub_1A5E04,low,save-prologue
0x001A5EF4,0x001D3EF4,True,11,True,False,,ida-defined,ida|direct-call-x11|save-prologue
0x001A5F6C,0x001D3F6C,True,3,True,False,,ida-defined,ida|direct-call-x3|save-prologue
0x001A5FE4,0x001D3FE4,True,1,False,False,,ida-defined,ida|direct-call-x1
0x001A602C,0x001D402C,True,10,True,True,,ida-defined,ida|direct-call-x10|save-prologue|after-return-delay-slot
0x001A608C,0x001D408C,True,2,True,True,,ida-defined,ida|direct-call-x2|save-prologue|after-return-delay-slot
0x001A60D0,0x001D40D0,False,2,True,False,0x001A608C:sub_1A608C,high,direct-call-x2|save-prologue
0x001A610C,0x001D410C,True,2,True,False,,ida-defined,ida|direct-call-x2|save-prologue
0x001A6144,0x001D4144,True,3,True,False,,ida-defined,ida|direct-call-x3|save-prologue
0x001A617C,0x001D417C,True,1,True,False,,ida-defined,ida|direct-call-x1|save-prologue
0x001A61C0,0x001D41C0,True,3,True,True,,ida-defined,ida|direct-call-x3|save-prologue|after-return-delay-slot
0x001A61F8,0x001D41F8,True,1,True,False,,ida-defined,ida|direct-call-x1|save-prologue
0x001A6230,0x001D4230,True,1,True,False,,ida-defined,ida|direct-call-x1|save-prologue
0x001A6270,0x001D4270,True,1,True,False,,ida-defined,ida|direct-call-x1|save-prologue
0x001A62C4,0x001D42C4,True,8,True,False,,ida-defined,ida|direct-call-x8|save-prologue
0x001A6318,0x001D4318,True,16,True,False,,ida-defined,ida|direct-call-x16|save-prologue
0x001A6350,0x001D4350,True,16,True,True,,ida-defined,ida|direct-call-x16|save-prologue|after-return-delay-slot
0x001A6388,0x001D4388,True,7,True,True,,ida-defined,ida|direct-call-x7|save-prologue|after-return-delay-slot
0x001A64B8,0x001D44B8,True,3,True,True,,ida-defined,ida|direct-call-x3|save-prologue|after-return-delay-slot
0x001A6818,0x001D4818,True,2,False,False,,ida-defined,ida|direct-call-x2
0x001A6830,0x001D4830,True,25,True,False,,ida-defined,ida|direct-call-x25|save-prologue
0x001A6994,0x001D4994,True,2,True,False,,ida-defined,ida|direct-call-x2|save-prologue
0x001A69F0,0x001D49F0,False,0,True,False,0x001A6994:sub_1A6994,low,save-prologue
0x001A6A4C,0x001D4A4C,True,0,True,True,,ida-defined,ida|save-prologue|after-return-delay-slot
0x001A6AFC,0x001D4AFC,True,2,True,True,,ida-defined,ida|direct-call-x2|save-prologue|after-return-delay-slot
0x001A6E1C,0x001D4E1C,True,15,True,True,,ida-defined,ida|direct-call-x15|save-prologue|after-return-delay-slot
0x001A6E70,0x001D4E70,True,1,True,True,,ida-defined,ida|direct-call-x1|save-prologue|after-return-delay-slot
0x001A71B8,0x001D51B8,True,3,False,True,,ida-defined,ida|direct-call-x3|after-return-delay-slot
0x001A71C8,0x001D51C8,True,2,True,False,,ida-defined,ida|direct-call-x2|save-prologue
0x001A71F4,0x001D51F4,True,2,True,True,,ida-defined,ida|direct-call-x2|save-prologue|after-return-delay-slot
0x001A7228,0x001D5228,True,2,False,True,,ida-defined,ida|direct-call-x2|after-return-delay-slot
0x001A727C,0x001D527C,True,0,True,True,,ida-defined,ida|save-prologue|after-return-delay-slot
0x001A7334,0x001D5334,True,2,True,True,,ida-defined,ida|direct-call-x2|save-prologue|after-return-delay-slot
0x001A748C,0x001D548C,True,1,True,False,,ida-defined,ida|direct-call-x1|save-prologue
0x001A756C,0x001D556C,True,25,False,True,,ida-defined,ida|direct-call-x25|after-return-delay-slot
0x001A75C4,0x001D55C4,True,4,True,True,,ida-defined,ida|direct-call-x4|save-prologue|after-return-delay-slot
0x001A7638,0x001D5638,True,0,True,True,,ida-defined,ida|save-prologue|after-return-delay-slot
0x001A7690,0x001D5690,True,8,True,True,,ida-defined,ida|direct-call-x8|save-prologue|after-return-delay-slot
0x001A77B8,0x001D57B8,True,1,True,True,,ida-defined,ida|direct-call-x1|save-prologue|after-return-delay-slot
0x001A7D00,0x001D5D00,True,1,True,True,,ida-defined,ida|direct-call-x1|save-prologue|after-return-delay-slot
0x001A7FE0,0x001D5FE0,True,2,True,True,,ida-defined,ida|direct-call-x2|save-prologue|after-return-delay-slot
0x001A8194,0x001D6194,True,1,True,True,,ida-defined,ida|direct-call-x1|save-prologue|after-return-delay-slot
0x001A8480,0x001D6480,True,1,True,True,,ida-defined,ida|direct-call-x1|save-prologue|after-return-delay-slot
0x001A87F8,0x001D67F8,True,19,True,True,,ida-defined,ida|direct-call-x19|save-prologue|after-return-delay-slot
0x001A88C8,0x001D68C8,True,1,True,True,,ida-defined,ida|direct-call-x1|save-prologue|after-return-delay-slot
0x001A89A0,0x001D69A0,True,3,True,True,,ida-defined,ida|direct-call-x3|save-prologue|after-return-delay-slot
0x001A8B1C,0x001D6B1C,True,4,False,True,,ida-defined,ida|direct-call-x4|after-return-delay-slot
0x001A8B40,0x001D6B40,False,1,True,False,0x001A8B1C:sub_1A8B1C,high,direct-call-x1|save-prologue
0x001A8DA4,0x001D6DA4,True,3,False,True,,ida-defined,ida|direct-call-x3|after-return-delay-slot
0x001A8E98,0x001D6E98,True,4,False,True,,ida-defined,ida|direct-call-x4|after-return-delay-slot
0x001A8EA0,0x001D6EA0,False,0,True,True,,medium,save-prologue|after-return-delay-slot
0x001A8F3C,0x001D6F3C,True,9,True,True,,ida-defined,ida|direct-call-x9|save-prologue|after-return-delay-slot
0x001A8FD8,0x001D6FD8,False,0,True,True,,medium,save-prologue|after-return-delay-slot
0x001A9074,0x001D7074,True,1,True,True,,ida-defined,ida|direct-call-x1|save-prologue|after-return-delay-slot
0x001A9114,0x001D7114,True,1,True,True,,ida-defined,ida|direct-call-x1|save-prologue|after-return-delay-slot
0x001A92BC,0x001D72BC,True,2,True,True,,ida-defined,ida|direct-call-x2|save-prologue|after-return-delay-slot
0x001A9358,0x001D7358,True,2,True,True,,ida-defined,ida|direct-call-x2|save-prologue|after-return-delay-slot
0x001A951C,0x001D751C,True,6,True,True,,ida-defined,ida|direct-call-x6|save-prologue|after-return-delay-slot
0x001A9538,0x001D7538,False,2,True,False,0x001A951C:sub_1A951C,high,direct-call-x2|save-prologue
0x001A9554,0x001D7554,False,1,True,False,0x001A951C:sub_1A951C,high,direct-call-x1|save-prologue
0x001A95A0,0x001D75A0,False,1,True,False,0x001A951C:sub_1A951C,high,direct-call-x1|save-prologue
0x001A95BC,0x001D75BC,False,2,True,False,0x001A951C:sub_1A951C,high,direct-call-x2|save-prologue
0x001A96E4,0x001D76E4,True,0,True,True,,ida-defined,ida|save-prologue|after-return-delay-slot
0x001A9730,0x001D7730,True,8,True,True,,ida-defined,ida|direct-call-x8|save-prologue|after-return-delay-slot
0x001A974C,0x001D774C,True,3,False,False,,ida-defined,ida|direct-call-x3
0x001A975C,0x001D775C,False,1,True,False,0x001A974C:sub_1A974C,high,direct-call-x1|save-prologue
0x001A9778,0x001D7778,False,1,True,False,0x001A974C:sub_1A974C,high,direct-call-x1|save-prologue
0x001A9794,0x001D7794,False,1,True,False,0x001A974C:sub_1A974C,high,direct-call-x1|save-prologue
0x001A98EC,0x001D78EC,True,2,False,True,,ida-defined,ida|direct-call-x2|after-return-delay-slot
0x001A98FC,0x001D78FC,False,2,False,False,0x001A98EC:sub_1A98EC,medium,direct-call-x2
0x001A991C,0x001D791C,False,1,True,False,0x001A98EC:sub_1A98EC,high,direct-call-x1|save-prologue
0x001A9968,0x001D7968,False,0,True,False,0x001A98EC:sub_1A98EC,low,save-prologue
0x001A99E8,0x001D79E8,True,1,False,True,,ida-defined,ida|direct-call-x1|after-return-delay-slot
0x001A99F8,0x001D79F8,True,1,False,True,,ida-defined,ida|direct-call-x1|after-return-delay-slot
0x001A9A00,0x001D7A00,True,5,True,True,,ida-defined,ida|direct-call-x5|save-prologue|after-return-delay-slot
0x001A9B50,0x001D7B50,True,2,True,True,,ida-defined,ida|direct-call-x2|save-prologue|after-return-delay-slot
0x001A9D5C,0x001D7D5C,True,1,True,True,,ida-defined,ida|direct-call-x1|save-prologue|after-return-delay-slot
0x001A9EA0,0x001D7EA0,True,0,True,True,,ida-defined,ida|save-prologue|after-return-delay-slot
0x001A9EEC,0x001D7EEC,True,2,True,True,,ida-defined,ida|direct-call-x2|save-prologue|after-return-delay-slot
0x001A9FC4,0x001D7FC4,True,0,True,True,,ida-defined,ida|save-prologue|after-return-delay-slot
0x001AA024,0x001D8024,True,5,True,True,,ida-defined,ida|direct-call-x5|save-prologue|after-return-delay-slot
0x001AA514,0x001D8514,True,0,True,True,,ida-defined,ida|save-prologue|after-return-delay-slot
0x001AA52C,0x001D852C,True,41,True,True,,ida-defined,ida|direct-call-x41|save-prologue|after-return-delay-slot
0x001AA5C0,0x001D85C0,True,1,True,True,,ida-defined,ida|direct-call-x1|save-prologue|after-return-delay-slot
0x001AA9E4,0x001D89E4,True,3,True,True,,ida-defined,ida|direct-call-x3|save-prologue|after-return-delay-slot
0x001AAB6C,0x001D8B6C,True,1,True,True,,ida-defined,ida|direct-call-x1|save-prologue|after-return-delay-slot
0x001AAF38,0x001D8F38,True,0,True,True,,ida-defined,ida|save-prologue|after-return-delay-slot
0x001AB1CC,0x001D91CC,True,1,True,True,,ida-defined,ida|direct-call-x1|save-prologue|after-return-delay-slot
0x001AB658,0x001D9658,True,6,True,True,,ida-defined,ida|direct-call-x6|save-prologue|after-return-delay-slot
0x001AB790,0x001D9790,True,2,True,False,,ida-defined,ida|direct-call-x2|save-prologue
0x001ABB10,0x001D9B10,True,5,True,False,,ida-defined,ida|direct-call-x5|save-prologue
0x001ABBE8,0x001D9BE8,True,5,True,True,,ida-defined,ida|direct-call-x5|save-prologue|after-return-delay-slot
0x001ABDA4,0x001D9DA4,True,0,True,True,,ida-defined,ida|save-prologue|after-return-delay-slot
0x001ABE3C,0x001D9E3C,True,5,True,True,,ida-defined,ida|direct-call-x5|save-prologue|after-return-delay-slot
0x001ABEA0,0x001D9EA0,True,2,True,True,,ida-defined,ida|direct-call-x2|save-prologue|after-return-delay-slot
0x001ABF98,0x001D9F98,True,0,True,True,,ida-defined,ida|save-prologue|after-return-delay-slot
0x001ABFB4,0x001D9FB4,True,4,True,False,,ida-defined,ida|direct-call-x4|save-prologue
0x001AC1F8,0x001DA1F8,True,7,True,True,,ida-defined,ida|direct-call-x7|save-prologue|after-return-delay-slot
0x001AC418,0x001DA418,True,1,True,True,,ida-defined,ida|direct-call-x1|save-prologue|after-return-delay-slot
0x001AC5DC,0x001DA5DC,True,1,True,False,,ida-defined,ida|direct-call-x1|save-prologue
0x001AC664,0x001DA664,True,1,True,True,,ida-defined,ida|direct-call-x1|save-prologue|after-return-delay-slot
0x001AC698,0x001DA698,False,0,True,False,0x001AC664:sub_1AC664,low,save-prologue
0x001AC6D0,0x001DA6D0,True,4,True,True,,ida-defined,ida|direct-call-x4|save-prologue|after-return-delay-slot
0x001ACE94,0x001DAE94,True,4,True,True,,ida-defined,ida|direct-call-x4|save-prologue|after-return-delay-slot
0x001AD010,0x001DB010,True,4,True,True,,ida-defined,ida|direct-call-x4|save-prologue|after-return-delay-slot
0x001AD10C,0x001DB10C,True,1,False,False,,ida-defined,ida|direct-call-x1
0x001AD1A8,0x001DB1A8,True,1,True,True,,ida-defined,ida|direct-call-x1|save-prologue|after-return-delay-slot
0x001AD510,0x001DB510,True,14,True,True,,ida-defined,ida|direct-call-x14|save-prologue|after-return-delay-slot
0x001AD880,0x001DB880,True,1,False,True,,ida-defined,ida|direct-call-x1|after-return-delay-slot
0x001AD890,0x001DB890,False,1,True,False,0x001AD880:sub_1AD880,high,direct-call-x1|save-prologue
0x001AD8E8,0x001DB8E8,False,0,True,False,0x001AD880:sub_1AD880,low,save-prologue
0x001ADA00,0x001DBA00,True,1,True,True,,ida-defined,ida|direct-call-x1|save-prologue|after-return-delay-slot
0x001ADA78,0x001DBA78,True,1,False,False,,ida-defined,ida|direct-call-x1
0x001ADA88,0x001DBA88,True,1,False,True,,ida-defined,ida|direct-call-x1|after-return-delay-slot
0x001ADA98,0x001DBA98,True,1,False,False,,ida-defined,ida|direct-call-x1
0x001ADAAC,0x001DBAAC,True,1,False,True,,ida-defined,ida|direct-call-x1|after-return-delay-slot
0x001ADACC,0x001DBACC,True,18,True,True,,ida-defined,ida|direct-call-x18|save-prologue|after-return-delay-slot
0x001ADDF0,0x001DBDF0,True,1,True,True,,ida-defined,ida|direct-call-x1|save-prologue|after-return-delay-slot
0x001ADE9C,0x001DBE9C,True,5,True,True,,ida-defined,ida|direct-call-x5|save-prologue|after-return-delay-slot
0x001ADF58,0x001DBF58,True,1,True,True,,ida-defined,ida|direct-call-x1|save-prologue|after-return-delay-slot
0x001AE078,0x001DC078,True,1,True,True,,ida-defined,ida|direct-call-x1|save-prologue|after-return-delay-slot
0x001AE0A4,0x001DC0A4,True,1,True,True,,ida-defined,ida|direct-call-x1|save-prologue|after-return-delay-slot
0x001AE174,0x001DC174,True,1,True,True,,ida-defined,ida|direct-call-x1|save-prologue|after-return-delay-slot
0x001AE1AC,0x001DC1AC,True,2,True,True,,ida-defined,ida|direct-call-x2|save-prologue|after-return-delay-slot
0x001AE1EC,0x001DC1EC,True,1,True,True,,ida-defined,ida|direct-call-x1|save-prologue|after-return-delay-slot
0x001AE284,0x001DC284,True,1,True,True,,ida-defined,ida|direct-call-x1|save-prologue|after-return-delay-slot
0x001AE3E0,0x001DC3E0,True,2,True,True,,ida-defined,ida|direct-call-x2|save-prologue|after-return-delay-slot
0x001AE558,0x001DC558,True,1,True,True,,ida-defined,ida|direct-call-x1|save-prologue|after-return-delay-slot
0x001AE5C0,0x001DC5C0,True,1,True,True,,ida-defined,ida|direct-call-x1|save-prologue|after-return-delay-slot
0x001AE62C,0x001DC62C,True,3,True,True,,ida-defined,ida|direct-call-x3|save-prologue|after-return-delay-slot
0x001AE644,0x001DC644,False,2,False,False,0x001AE62C:sub_1AE62C,medium,direct-call-x2
0x001AE658,0x001DC658,False,4,False,False,0x001AE62C:sub_1AE62C,high,direct-call-x4
0x001AE668,0x001DC668,False,3,False,False,0x001AE62C:sub_1AE62C,high,direct-call-x3
0x001AE67C,0x001DC67C,False,3,False,False,0x001AE62C:sub_1AE62C,high,direct-call-x3
0x001AE690,0x001DC690,False,4,False,False,0x001AE62C:sub_1AE62C,high,direct-call-x4
0x001AE6A4,0x001DC6A4,True,1,True,False,,ida-defined,ida|direct-call-x1|save-prologue
0x001AE708,0x001DC708,True,0,True,True,,ida-defined,ida|save-prologue|after-return-delay-slot
0x001AE720,0x001DC720,True,0,True,True,,ida-defined,ida|save-prologue|after-return-delay-slot
0x001AE764,0x001DC764,True,0,True,True,,ida-defined,ida|save-prologue|after-return-delay-slot
0x001AE79C,0x001DC79C,True,1,True,True,,ida-defined,ida|direct-call-x1|save-prologue|after-return-delay-slot
0x001AE814,0x001DC814,True,1,True,True,,ida-defined,ida|direct-call-x1|save-prologue|after-return-delay-slot
0x001AE898,0x001DC898,True,2,True,True,,ida-defined,ida|direct-call-x2|save-prologue|after-return-delay-slot
0x001AE930,0x001DC930,True,3,False,False,,ida-defined,ida|direct-call-x3
0x001AE9B0,0x001DC9B0,True,1,False,False,,ida-defined,ida|direct-call-x1
0x001AE9BC,0x001DC9BC,True,6,True,True,,ida-defined,ida|direct-call-x6|save-prologue|after-return-delay-slot
0x001AEB74,0x001DCB74,True,8,True,True,,ida-defined,ida|direct-call-x8|save-prologue|after-return-delay-slot
0x001AED68,0x001DCD68,True,0,True,True,,ida-defined,ida|save-prologue|after-return-delay-slot
0x001AEE04,0x001DCE04,True,1,True,True,,ida-defined,ida|direct-call-x1|save-prologue|after-return-delay-slot
0x001AF0E8,0x001DD0E8,True,0,True,False,,ida-defined,ida|save-prologue
0x001AF11C,0x001DD11C,True,1,True,True,,ida-defined,ida|direct-call-x1|save-prologue|after-return-delay-slot
0x001AF200,0x001DD200,True,0,True,True,,ida-defined,ida|save-prologue|after-return-delay-slot
0x001AF3F0,0x001DD3F0,True,1,True,False,,ida-defined,ida|direct-call-x1|save-prologue
0x001AF538,0x001DD538,True,14,True,True,,ida-defined,ida|direct-call-x14|save-prologue|after-return-delay-slot
0x001AF580,0x001DD580,True,8,True,True,,ida-defined,ida|direct-call-x8|save-prologue|after-return-delay-slot
0x001AF5C8,0x001DD5C8,True,0,True,True,,ida-defined,ida|save-prologue|after-return-delay-slot
0x001AF664,0x001DD664,True,1,True,True,,ida-defined,ida|direct-call-x1|save-prologue|after-return-delay-slot
0x001AF6D0,0x001DD6D0,True,4,True,True,,ida-defined,ida|direct-call-x4|save-prologue|after-return-delay-slot
0x001AF72C,0x001DD72C,True,0,True,True,,ida-defined,ida|save-prologue|after-return-delay-slot
0x001AF9E4,0x001DD9E4,True,3,True,True,,ida-defined,ida|direct-call-x3|save-prologue|after-return-delay-slot
0x001AFC68,0x001DDC68,True,2,True,True,,ida-defined,ida|direct-call-x2|save-prologue|after-return-delay-slot
0x001AFD98,0x001DDD98,True,0,True,True,,ida-defined,ida|save-prologue|after-return-delay-slot
0x001AFDC4,0x001DDDC4,True,1,False,True,,ida-defined,ida|direct-call-x1|after-return-delay-slot
0x001AFDD0,0x001DDDD0,True,8,True,True,,ida-defined,ida|direct-call-x8|save-prologue|after-return-delay-slot
0x001AFDE8,0x001DDDE8,True,1,True,True,,ida-defined,ida|direct-call-x1|save-prologue|after-return-delay-slot
0x001AFE00,0x001DDE00,True,5,True,True,,ida-defined,ida|direct-call-x5|save-prologue|after-return-delay-slot
0x001AFE18,0x001DDE18,True,15,True,True,,ida-defined,ida|direct-call-x15|save-prologue|after-return-delay-slot
0x001AFE84,0x001DDE84,True,3,True,True,,ida-defined,ida|direct-call-x3|save-prologue|after-return-delay-slot
0x001AFF54,0x001DDF54,True,13,True,True,,ida-defined,ida|direct-call-x13|save-prologue|after-return-delay-slot
0x001B0008,0x001DE008,True,12,True,True,,ida-defined,ida|direct-call-x12|save-prologue|after-return-delay-slot
0x001B0120,0x001DE120,True,1,True,True,,ida-defined,ida|direct-call-x1|save-prologue|after-return-delay-slot
0x001B02C0,0x001DE2C0,True,83,True,True,,ida-defined,ida|direct-call-x83|save-prologue|after-return-delay-slot
0x001B0338,0x001DE338,True,2,True,True,,ida-defined,ida|direct-call-x2|save-prologue|after-return-delay-slot
0x001B048C,0x001DE48C,True,1,False,True,,ida-defined,ida|direct-call-x1|after-return-delay-slot
0x001B04AC,0x001DE4AC,True,2,False,True,,ida-defined,ida|direct-call-x2|after-return-delay-slot
0x001B04C0,0x001DE4C0,True,2,True,True,,ida-defined,ida|direct-call-x2|save-prologue|after-return-delay-slot
0x001B0500,0x001DE500,True,10,True,True,,ida-defined,ida|direct-call-x10|save-prologue|after-return-delay-slot
0x001B085C,0x001DE85C,True,0,True,True,,ida-defined,ida|save-prologue|after-return-delay-slot
0x001B0898,0x001DE898,True,0,True,True,,ida-defined,ida|save-prologue|after-return-delay-slot
0x001B09B4,0x001DE9B4,True,3,False,True,,ida-defined,ida|direct-call-x3|after-return-delay-slot
0x001B09E8,0x001DE9E8,True,0,True,True,,ida-defined,ida|save-prologue|after-return-delay-slot
0x001B0AF0,0x001DEAF0,True,0,True,True,,ida-defined,ida|save-prologue|after-return-delay-slot
0x001B0CA0,0x001DECA0,True,0,True,True,,ida-defined,ida|save-prologue|after-return-delay-slot
0x001B0EBC,0x001DEEBC,True,0,True,True,,ida-defined,ida|save-prologue|after-return-delay-slot
0x001B0F18,0x001DEF18,True,1,True,True,,ida-defined,ida|direct-call-x1|save-prologue|after-return-delay-slot
0x001B13F0,0x001DF3F0,True,1,True,True,,ida-defined,ida|direct-call-x1|save-prologue|after-return-delay-slot
0x001B1618,0x001DF618,True,2,False,True,,ida-defined,ida|direct-call-x2|after-return-delay-slot
0x001B1624,0x001DF624,True,9,True,True,,ida-defined,ida|direct-call-x9|save-prologue|after-return-delay-slot
0x001B167C,0x001DF67C,True,1,True,True,,ida-defined,ida|direct-call-x1|save-prologue|after-return-delay-slot
0x001B1934,0x001DF934,True,1,True,True,,ida-defined,ida|direct-call-x1|save-prologue|after-return-delay-slot
0x001B2254,0x001E0254,True,2,True,True,,ida-defined,ida|direct-call-x2|save-prologue|after-return-delay-slot
0x001B2310,0x001E0310,True,1,True,True,,ida-defined,ida|direct-call-x1|save-prologue|after-return-delay-slot
0x001B23A0,0x001E03A0,True,22,True,True,,ida-defined,ida|direct-call-x22|save-prologue|after-return-delay-slot
0x001B23E0,0x001E03E0,True,2,True,True,,ida-defined,ida|direct-call-x2|save-prologue|after-return-delay-slot
0x001B24D4,0x001E04D4,True,1,False,True,,ida-defined,ida|direct-call-x1|after-return-delay-slot
0x001B24E4,0x001E04E4,True,2,True,False,,ida-defined,ida|direct-call-x2|save-prologue
0x001B2648,0x001E0648,True,3,True,False,,ida-defined,ida|direct-call-x3|save-prologue
0x001B26B0,0x001E06B0,True,11,True,False,,ida-defined,ida|direct-call-x11|save-prologue
0x001B26C8,0x001E06C8,True,9,True,True,,ida-defined,ida|direct-call-x9|save-prologue|after-return-delay-slot
0x001B2770,0x001E0770,True,1,False,True,,ida-defined,ida|direct-call-x1|after-return-delay-slot
0x001B2884,0x001E0884,True,1,True,True,,ida-defined,ida|direct-call-x1|save-prologue|after-return-delay-slot
0x001B299C,0x001E099C,True,4,True,True,,ida-defined,ida|direct-call-x4|save-prologue|after-return-delay-slot
0x001B2AA4,0x001E0AA4,True,1,True,True,,ida-defined,ida|direct-call-x1|save-prologue|after-return-delay-slot
0x001B2AD8,0x001E0AD8,False,0,True,False,0x001B2AA4:sub_1B2AA4,low,save-prologue
0x001B2B20,0x001E0B20,True,0,True,True,,ida-defined,ida|save-prologue|after-return-delay-slot
0x001B2B4C,0x001E0B4C,True,1,False,True,,ida-defined,ida|direct-call-x1|after-return-delay-slot
0x001B2B58,0x001E0B58,True,0,True,True,,ida-defined,ida|save-prologue|after-return-delay-slot
0x001B2BF4,0x001E0BF4,True,7,True,True,,ida-defined,ida|direct-call-x7|save-prologue|after-return-delay-slot
0x001B2D84,0x001E0D84,True,1,True,False,,ida-defined,ida|direct-call-x1|save-prologue
0x001B2E40,0x001E0E40,True,3,True,True,,ida-defined,ida|direct-call-x3|save-prologue|after-return-delay-slot
0x001B2EE8,0x001E0EE8,True,1,True,True,,ida-defined,ida|direct-call-x1|save-prologue|after-return-delay-slot
0x001B306C,0x001E106C,False,0,True,True,,medium,save-prologue|after-return-delay-slot
0x001B312C,0x001E112C,True,1,True,False,,ida-defined,ida|direct-call-x1|save-prologue
0x001B3390,0x001E1390,True,1,False,False,,ida-defined,ida|direct-call-x1
0x001B33A4,0x001E13A4,True,1,False,False,,ida-defined,ida|direct-call-x1
0x001B34F8,0x001E14F8,True,59,False,False,,ida-defined,ida|direct-call-x59
0x001B3610,0x001E1610,True,0,True,True,,ida-defined,ida|save-prologue|after-return-delay-slot
0x001B3774,0x001E1774,True,1,False,True,,ida-defined,ida|direct-call-x1|after-return-delay-slot
0x001B3784,0x001E1784,True,2,True,False,,ida-defined,ida|direct-call-x2|save-prologue
0x001B38B0,0x001E18B0,True,1,True,False,,ida-defined,ida|direct-call-x1|save-prologue
0x001B3A4C,0x001E1A4C,True,0,True,True,,ida-defined,ida|save-prologue|after-return-delay-slot
0x001B3E04,0x001E1E04,True,0,True,False,,ida-defined,ida|save-prologue
0x001B3FB0,0x001E1FB0,True,300,False,True,,ida-defined,ida|direct-call-x300|after-return-delay-slot
0x001B4280,0x001E2280,True,95,True,True,,ida-defined,ida|direct-call-x95|save-prologue|after-return-delay-slot
0x001B42D0,0x001E22D0,True,4,False,True,,ida-defined,ida|direct-call-x4|after-return-delay-slot
0x001B42E0,0x001E22E0,False,2,True,False,0x001B42D0:sub_1B42D0,high,direct-call-x2|save-prologue
0x001B440C,0x001E240C,True,2,True,False,,ida-defined,ida|direct-call-x2|save-prologue
0x001B45A8,0x001E25A8,True,11,True,True,,ida-defined,ida|direct-call-x11|save-prologue|after-return-delay-slot
0x001B46A8,0x001E26A8,True,1,True,False,,ida-defined,ida|direct-call-x1|save-prologue
0x001B471C,0x001E271C,True,0,True,True,,ida-defined,ida|save-prologue|after-return-delay-slot
0x001B477C,0x001E277C,True,3,True,True,,ida-defined,ida|direct-call-x3|save-prologue|after-return-delay-slot
0x001B4870,0x001E2870,True,41,True,False,,ida-defined,ida|direct-call-x41|save-prologue
0x001B48C0,0x001E28C0,True,6,True,True,,ida-defined,ida|direct-call-x6|save-prologue|after-return-delay-slot
0x001B4918,0x001E2918,True,6,True,True,,ida-defined,ida|direct-call-x6|save-prologue|after-return-delay-slot
0x001B4BAC,0x001E2BAC,True,0,True,True,,ida-defined,ida|save-prologue|after-return-delay-slot
0x001B4E40,0x001E2E40,True,1,True,True,,ida-defined,ida|direct-call-x1|save-prologue|after-return-delay-slot
0x001B4FA8,0x001E2FA8,True,2,True,True,,ida-defined,ida|direct-call-x2|save-prologue|after-return-delay-slot
0x001B50F8,0x001E30F8,True,1,True,True,,ida-defined,ida|direct-call-x1|save-prologue|after-return-delay-slot
0x001B54E8,0x001E34E8,True,2,False,False,,ida-defined,ida|direct-call-x2
0x001B5504,0x001E3504,False,2,True,True,,high,direct-call-x2|save-prologue|after-return-delay-slot
0x001B55AC,0x001E35AC,True,2,False,False,,ida-defined,ida|direct-call-x2
0x001B55E4,0x001E35E4,True,1,True,True,,ida-defined,ida|direct-call-x1|save-prologue|after-return-delay-slot
0x001B572C,0x001E372C,True,8,False,True,,ida-defined,ida|direct-call-x8|after-return-delay-slot
0x001B5CE4,0x001E3CE4,True,1661,False,True,,ida-defined,ida|direct-call-x1661|after-return-delay-slot
0x001B5CF8,0x001E3CF8,False,7,False,False,0x001B5CE4:sub_1B5CE4,high,direct-call-x7
0x001B5D0C,0x001E3D0C,False,37,True,False,0x001B5CE4:sub_1B5CE4,high,direct-call-x37|save-prologue
0x001B5D48,0x001E3D48,True,2,False,True,,ida-defined,ida|direct-call-x2|after-return-delay-slot
0x001B5D88,0x001E3D88,True,1,True,True,,ida-defined,ida|direct-call-x1|save-prologue|after-return-delay-slot
0x001B5E78,0x001E3E78,True,9,True,True,,ida-defined,ida|direct-call-x9|save-prologue|after-return-delay-slot
0x001B5ECC,0x001E3ECC,True,20,True,True,,ida-defined,ida|direct-call-x20|save-prologue|after-return-delay-slot
0x001B5F80,0x001E3F80,True,0,False,False,,ida-defined,ida
0x001B5F88,0x001E3F88,True,0,False,False,,ida-defined,ida
0x001B5F90,0x001E3F90,True,0,False,False,,ida-defined,ida
0x001B5F98,0x001E3F98,True,0,False,False,,ida-defined,ida
0x001B5FA0,0x001E3FA0,True,1,True,False,,ida-defined,ida|direct-call-x1|save-prologue
0x001B6178,0x001E4178,True,1,False,True,,ida-defined,ida|direct-call-x1|after-return-delay-slot
0x001B61B0,0x001E41B0,True,0,True,True,,ida-defined,ida|save-prologue|after-return-delay-slot
0x001B61C8,0x001E41C8,True,0,True,True,,ida-defined,ida|save-prologue|after-return-delay-slot
0x001B61E0,0x001E41E0,True,0,True,True,,ida-defined,ida|save-prologue|after-return-delay-slot
0x001B61F8,0x001E41F8,True,0,True,True,,ida-defined,ida|save-prologue|after-return-delay-slot
0x001B6210,0x001E4210,True,0,True,True,,ida-defined,ida|save-prologue|after-return-delay-slot
0x001B6240,0x001E4240,False,0,True,False,,low,save-prologue
0x001B6258,0x001E4258,True,0,True,True,,ida-defined,ida|save-prologue|after-return-delay-slot
0x001B6284,0x001E4284,False,0,True,False,,low,save-prologue
0x001B629C,0x001E429C,True,0,True,True,,ida-defined,ida|save-prologue|after-return-delay-slot
0x001B62D0,0x001E42D0,True,6,True,False,,ida-defined,ida|direct-call-x6|save-prologue
0x001B6500,0x001E4500,True,0,True,True,,ida-defined,ida|save-prologue|after-return-delay-slot
0x001B6544,0x001E4544,True,7,True,True,,ida-defined,ida|direct-call-x7|save-prologue|after-return-delay-slot
0x001B6610,0x001E4610,True,0,True,True,,ida-defined,ida|save-prologue|after-return-delay-slot
0x001B6654,0x001E4654,True,0,True,True,,ida-defined,ida|save-prologue|after-return-delay-slot
0x001B66C8,0x001E46C8,True,1,True,True,,ida-defined,ida|direct-call-x1|save-prologue|after-return-delay-slot
0x001B679C,0x001E479C,True,1,True,False,,ida-defined,ida|direct-call-x1|save-prologue
0x001B686C,0x001E486C,False,0,True,False,0x001B679C:sub_1B679C,low,save-prologue
0x001B6ABC,0x001E4ABC,False,0,True,False,,low,save-prologue
0x001B6D30,0x001E4D30,True,3,True,False,,ida-defined,ida|direct-call-x3|save-prologue
0x001B702C,0x001E502C,True,4,False,False,,ida-defined,ida|direct-call-x4
0x001B7040,0x001E5040,False,4,True,False,0x001B702C:sub_1B702C,high,direct-call-x4|save-prologue
0x001B731C,0x001E531C,True,24,True,False,,ida-defined,ida|direct-call-x24|save-prologue
0x001B7760,0x001E5760,True,10,True,True,,ida-defined,ida|direct-call-x10|save-prologue|after-return-delay-slot
0x001B77AC,0x001E57AC,True,2,True,True,,ida-defined,ida|direct-call-x2|save-prologue|after-return-delay-slot
0x001B7884,0x001E5884,True,15,True,False,,ida-defined,ida|direct-call-x15|save-prologue
0x001B7D74,0x001E5D74,True,18,False,False,,ida-defined,ida|direct-call-x18
0x001B7D84,0x001E5D84,True,7,False,False,,ida-defined,ida|direct-call-x7
0x001B7DA4,0x001E5DA4,True,7,False,False,,ida-defined,ida|direct-call-x7
0x001B7DB4,0x001E5DB4,False,3,False,False,0x001B7DA4:sub_1B7DA4,high,direct-call-x3
0x001B7DEC,0x001E5DEC,True,2,True,False,,ida-defined,ida|direct-call-x2|save-prologue
0x001B7E04,0x001E5E04,True,46,True,True,,ida-defined,ida|direct-call-x46|save-prologue|after-return-delay-slot
0x001B8530,0x001E6530,True,1,False,False,,ida-defined,ida|direct-call-x1
0x001B8540,0x001E6540,True,9,False,False,,ida-defined,ida|direct-call-x9
0x001B8570,0x001E6570,True,6,True,True,,ida-defined,ida|direct-call-x6|save-prologue|after-return-delay-slot
0x001B8620,0x001E6620,True,13,True,False,,ida-defined,ida|direct-call-x13|save-prologue
0x001B86EC,0x001E66EC,True,2,False,False,,ida-defined,ida|direct-call-x2
0x001B8708,0x001E6708,True,2,False,False,,ida-defined,ida|direct-call-x2
0x001B872C,0x001E672C,True,2,False,False,,ida-defined,ida|direct-call-x2
0x001B8750,0x001E6750,True,2,False,False,,ida-defined,ida|direct-call-x2
0x001B8930,0x001E6930,False,1,True,False,0x001B8750:sub_1B8750,high,direct-call-x1|save-prologue
0x001B8AAC,0x001E6AAC,False,1,True,False,,high,direct-call-x1|save-prologue
0x001B8B48,0x001E6B48,True,3,False,True,,ida-defined,ida|direct-call-x3|after-return-delay-slot
0x001B8B88,0x001E6B88,True,6,False,False,,ida-defined,ida|direct-call-x6
0x001B8BC0,0x001E6BC0,False,2,True,False,0x001B8B88:sub_1B8B88,high,direct-call-x2|save-prologue
0x001B8D68,0x001E6D68,True,2,True,False,,ida-defined,ida|direct-call-x2|save-prologue
0x001B9168,0x001E7168,True,1,True,False,,ida-defined,ida|direct-call-x1|save-prologue
0x001B9490,0x001E7490,True,4,True,False,,ida-defined,ida|direct-call-x4|save-prologue
0x001BA308,0x001E8308,True,2,True,True,,ida-defined,ida|direct-call-x2|save-prologue|after-return-delay-slot
0x001BA654,0x001E8654,True,0,True,False,,ida-defined,ida|save-prologue
0x001BBC6C,0x001E9C6C,False,2,False,False,,medium,direct-call-x2
0x001BBD40,0x001E9D40,True,7,True,True,,ida-defined,ida|direct-call-x7|save-prologue|after-return-delay-slot
0x001BBD68,0x001E9D68,True,2,True,False,,ida-defined,ida|direct-call-x2|save-prologue
0x001BBE60,0x001E9E60,True,2,False,True,,ida-defined,ida|direct-call-x2|after-return-delay-slot
0x001BBFB0,0x001E9FB0,True,35,True,True,,ida-defined,ida|direct-call-x35|save-prologue|after-return-delay-slot
0x001BCF54,0x001EAF54,True,4,True,True,,ida-defined,ida|direct-call-x4|save-prologue|after-return-delay-slot
0x001BD288,0x001EB288,True,36,True,False,,ida-defined,ida|direct-call-x36|save-prologue
0x001BD9B0,0x001EB9B0,True,1,False,False,,ida-defined,ida|direct-call-x1
0x001BDA34,0x001EBA34,True,23,True,True,,ida-defined,ida|direct-call-x23|save-prologue|after-return-delay-slot
0x001BDBFC,0x001EBBFC,True,28,True,True,,ida-defined,ida|direct-call-x28|save-prologue|after-return-delay-slot
0x001BDDA8,0x001EBDA8,True,0,True,True,,ida-defined,ida|save-prologue|after-return-delay-slot
0x001BDDC8,0x001EBDC8,True,2,True,True,,ida-defined,ida|direct-call-x2|save-prologue|after-return-delay-slot
0x001BE05C,0x001EC05C,True,3,False,True,,ida-defined,ida|direct-call-x3|after-return-delay-slot
0x001BE0E4,0x001EC0E4,True,6,False,True,,ida-defined,ida|direct-call-x6|after-return-delay-slot
0x001BE12C,0x001EC12C,True,2,True,True,,ida-defined,ida|direct-call-x2|save-prologue|after-return-delay-slot
0x001BE320,0x001EC320,True,0,True,True,,ida-defined,ida|save-prologue|after-return-delay-slot
0x001BE370,0x001EC370,True,4,True,True,,ida-defined,ida|direct-call-x4|save-prologue|after-return-delay-slot
0x001BE524,0x001EC524,True,4,True,True,,ida-defined,ida|direct-call-x4|save-prologue|after-return-delay-slot
0x001BE744,0x001EC744,True,0,True,False,,ida-defined,ida|save-prologue
0x001BE80C,0x001EC80C,True,3,False,True,,ida-defined,ida|direct-call-x3|after-return-delay-slot
0x001BE840,0x001EC840,True,0,True,True,,ida-defined,ida|save-prologue|after-return-delay-slot
0x001BE8DC,0x001EC8DC,True,3,False,True,,ida-defined,ida|direct-call-x3|after-return-delay-slot
0x001BE96C,0x001EC96C,True,5,True,True,,ida-defined,ida|direct-call-x5|save-prologue|after-return-delay-slot
0x001BEA3C,0x001ECA3C,True,0,True,True,,ida-defined,ida|save-prologue|after-return-delay-slot
0x001BEAD0,0x001ECAD0,True,4,True,True,,ida-defined,ida|direct-call-x4|save-prologue|after-return-delay-slot
0x001BF1A0,0x001ED1A0,True,4,True,True,,ida-defined,ida|direct-call-x4|save-prologue|after-return-delay-slot
0x001BF288,0x001ED288,True,1,True,False,,ida-defined,ida|direct-call-x1|save-prologue
0x001BF554,0x001ED554,True,0,True,True,,ida-defined,ida|save-prologue|after-return-delay-slot
0x001BF63C,0x001ED63C,True,0,True,True,,ida-defined,ida|save-prologue|after-return-delay-slot
0x001BF67C,0x001ED67C,True,5,True,False,,ida-defined,ida|direct-call-x5|save-prologue
0x001BFD58,0x001EDD58,True,4,True,True,,ida-defined,ida|direct-call-x4|save-prologue|after-return-delay-slot
0x001BFFC0,0x001EDFC0,True,12,True,True,,ida-defined,ida|direct-call-x12|save-prologue|after-return-delay-slot
0x001C0444,0x001EE444,True,1,True,False,,ida-defined,ida|direct-call-x1|save-prologue
0x001C0508,0x001EE508,True,1,False,True,,ida-defined,ida|direct-call-x1|after-return-delay-slot
0x001C0524,0x001EE524,True,4,True,True,,ida-defined,ida|direct-call-x4|save-prologue|after-return-delay-slot
0x001C0630,0x001EE630,True,86,True,True,,ida-defined,ida|direct-call-x86|save-prologue|after-return-delay-slot
0x001C0A54,0x001EEA54,True,8,True,True,,ida-defined,ida|direct-call-x8|save-prologue|after-return-delay-slot
0x001C0A9C,0x001EEA9C,True,4,True,True,,ida-defined,ida|direct-call-x4|save-prologue|after-return-delay-slot
0x001C0AE0,0x001EEAE0,True,2,True,True,,ida-defined,ida|direct-call-x2|save-prologue|after-return-delay-slot
0x001C0B6C,0x001EEB6C,True,7,True,True,,ida-defined,ida|direct-call-x7|save-prologue|after-return-delay-slot
0x001C0EC8,0x001EEEC8,True,0,True,True,,ida-defined,ida|save-prologue|after-return-delay-slot
0x001C0F30,0x001EEF30,True,0,True,True,,ida-defined,ida|save-prologue|after-return-delay-slot
0x001C0F98,0x001EEF98,True,1,True,True,,ida-defined,ida|direct-call-x1|save-prologue|after-return-delay-slot
0x001C1184,0x001EF184,True,0,True,False,,ida-defined,ida|save-prologue
0x001C11C0,0x001EF1C0,False,0,True,False,0x001C1184:sub_1C1184,low,save-prologue
0x001C11FC,0x001EF1FC,True,3,True,False,,ida-defined,ida|direct-call-x3|save-prologue
0x001C13AC,0x001EF3AC,True,2,True,True,,ida-defined,ida|direct-call-x2|save-prologue|after-return-delay-slot
0x001C1A70,0x001EFA70,True,1,True,True,,ida-defined,ida|direct-call-x1|save-prologue|after-return-delay-slot
0x001C1D20,0x001EFD20,True,2,True,False,,ida-defined,ida|direct-call-x2|save-prologue
0x001C2038,0x001F0038,True,4,True,False,,ida-defined,ida|direct-call-x4|save-prologue
0x001C3154,0x001F1154,True,1,True,True,,ida-defined,ida|direct-call-x1|save-prologue|after-return-delay-slot
0x001C3980,0x001F1980,True,17,True,True,,ida-defined,ida|direct-call-x17|save-prologue|after-return-delay-slot
0x001C4180,0x001F2180,True,3,True,True,,ida-defined,ida|direct-call-x3|save-prologue|after-return-delay-slot
0x001C4B24,0x001F2B24,True,1,True,False,,ida-defined,ida|direct-call-x1|save-prologue
0x001C4F04,0x001F2F04,True,0,True,True,,ida-defined,ida|save-prologue|after-return-delay-slot
0x001C4F74,0x001F2F74,False,0,True,False,0x001C4F04:sub_1C4F04,low,save-prologue
0x001C4FE4,0x001F2FE4,False,1,True,False,0x001C4F04:sub_1C4F04,high,direct-call-x1|save-prologue
0x001C5100,0x001F3100,True,0,True,True,,ida-defined,ida|save-prologue|after-return-delay-slot
0x001C534C,0x001F334C,True,0,True,True,,ida-defined,ida|save-prologue|after-return-delay-slot
0x001C55D8,0x001F35D8,True,0,True,True,,ida-defined,ida|save-prologue|after-return-delay-slot
0x001C58A4,0x001F38A4,True,2,True,True,,ida-defined,ida|direct-call-x2|save-prologue|after-return-delay-slot
0x001C5988,0x001F3988,True,3,True,False,,ida-defined,ida|direct-call-x3|save-prologue
0x001C5DF8,0x001F3DF8,True,14,True,False,,ida-defined,ida|direct-call-x14|save-prologue
0x001C61BC,0x001F41BC,True,25,True,False,,ida-defined,ida|direct-call-x25|save-prologue
0x001C6554,0x001F4554,True,1,False,False,,ida-defined,ida|direct-call-x1
0x001C6704,0x001F4704,False,3,True,False,0x001C6554:sub_1C6554,high,direct-call-x3|save-prologue
0x001C6DE8,0x001F4DE8,True,0,True,True,,ida-defined,ida|save-prologue|after-return-delay-slot
0x001C6F4C,0x001F4F4C,True,5,True,False,,ida-defined,ida|direct-call-x5|save-prologue
0x001C7334,0x001F5334,True,4,True,True,,ida-defined,ida|direct-call-x4|save-prologue|after-return-delay-slot
0x001C73C4,0x001F53C4,True,1,True,True,,ida-defined,ida|direct-call-x1|save-prologue|after-return-delay-slot
0x001C758C,0x001F558C,True,5,True,False,,ida-defined,ida|direct-call-x5|save-prologue
0x001C7AD8,0x001F5AD8,True,1,True,True,,ida-defined,ida|direct-call-x1|save-prologue|after-return-delay-slot
0x001C7B4C,0x001F5B4C,False,0,True,False,0x001C7AD8:sub_1C7AD8,low,save-prologue
0x001C7C34,0x001F5C34,False,0,True,True,,medium,save-prologue|after-return-delay-slot
0x001C7CA8,0x001F5CA8,True,1,True,False,,ida-defined,ida|direct-call-x1|save-prologue
0x001C7CE0,0x001F5CE0,False,0,True,False,0x001C7CA8:sub_1C7CA8,low,save-prologue
0x001C7D50,0x001F5D50,True,0,True,True,,ida-defined,ida|save-prologue|after-return-delay-slot
0x001C7E34,0x001F5E34,True,0,True,True,,ida-defined,ida|save-prologue|after-return-delay-slot
0x001C7F14,0x001F5F14,True,2,True,False,,ida-defined,ida|direct-call-x2|save-prologue
0x001C7F54,0x001F5F54,True,3,True,True,,ida-defined,ida|direct-call-x3|save-prologue|after-return-delay-slot
0x001C814C,0x001F614C,True,1,True,False,,ida-defined,ida|direct-call-x1|save-prologue
0x001C85A0,0x001F65A0,False,0,True,False,,low,save-prologue
0x001C87B8,0x001F67B8,True,0,True,False,,ida-defined,ida|save-prologue
0x001C89A4,0x001F69A4,True,0,True,False,,ida-defined,ida|save-prologue
0x001C89F0,0x001F69F0,True,7,True,False,,ida-defined,ida|direct-call-x7|save-prologue
0x001C919C,0x001F719C,True,3,False,False,,ida-defined,ida|direct-call-x3
0x001C91C4,0x001F71C4,True,3,False,True,,ida-defined,ida|direct-call-x3|after-return-delay-slot
0x001C91CC,0x001F71CC,True,0,True,True,,ida-defined,ida|save-prologue|after-return-delay-slot
0x001C9244,0x001F7244,True,11,False,True,,ida-defined,ida|direct-call-x11|after-return-delay-slot
0x001C92A0,0x001F72A0,False,1,True,True,0x001C9244:sub_1C9244,high,direct-call-x1|save-prologue|after-return-delay-slot
0x001C9304,0x001F7304,False,7,True,False,0x001C9244:sub_1C9244,high,direct-call-x7|save-prologue
0x001C95E8,0x001F75E8,False,2,True,True,0x001C9244:sub_1C9244,high,direct-call-x2|save-prologue|after-return-delay-slot
0x001C995C,0x001F795C,True,1,True,True,,ida-defined,ida|direct-call-x1|save-prologue|after-return-delay-slot
0x001C9B90,0x001F7B90,True,2,True,False,,ida-defined,ida|direct-call-x2|save-prologue
0x001C9C24,0x001F7C24,True,2,True,True,,ida-defined,ida|direct-call-x2|save-prologue|after-return-delay-slot
0x001C9E60,0x001F7E60,True,6,True,True,,ida-defined,ida|direct-call-x6|save-prologue|after-return-delay-slot
0x001CA244,0x001F8244,True,6,True,True,,ida-defined,ida|direct-call-x6|save-prologue|after-return-delay-slot
0x001CA478,0x001F8478,True,1,True,False,,ida-defined,ida|direct-call-x1|save-prologue
0x001CA96C,0x001F896C,True,1,True,True,,ida-defined,ida|direct-call-x1|save-prologue|after-return-delay-slot
0x001CAA70,0x001F8A70,False,1,False,False,0x001CA96C:sub_1CA96C,low,direct-call-x1
0x001CAA78,0x001F8A78,True,0,True,True,,ida-defined,ida|save-prologue|after-return-delay-slot
0x001CAC4C,0x001F8C4C,True,3,True,False,,ida-defined,ida|direct-call-x3|save-prologue
0x001CADBC,0x001F8DBC,True,0,True,True,,ida-defined,ida|save-prologue|after-return-delay-slot
0x001CADE4,0x001F8DE4,True,4,True,True,,ida-defined,ida|direct-call-x4|save-prologue|after-return-delay-slot
0x001CB3BC,0x001F93BC,True,0,True,True,,ida-defined,ida|save-prologue|after-return-delay-slot
0x001CB5A0,0x001F95A0,True,0,True,False,,ida-defined,ida|save-prologue
0x001CB7A4,0x001F97A4,True,0,True,False,,ida-defined,ida|save-prologue
0x001CB814,0x001F9814,True,0,True,True,,ida-defined,ida|save-prologue|after-return-delay-slot
0x001CB968,0x001F9968,False,0,True,True,,medium,save-prologue|after-return-delay-slot
0x001CBB64,0x001F9B64,True,2,True,False,,ida-defined,ida|direct-call-x2|save-prologue
0x001CBBA4,0x001F9BA4,True,4,True,True,,ida-defined,ida|direct-call-x4|save-prologue|after-return-delay-slot
0x001CC020,0x001FA020,True,0,True,True,,ida-defined,ida|save-prologue|after-return-delay-slot
0x001CC038,0x001FA038,False,0,True,False,0x001CC020:sub_1CC020,low,save-prologue
0x001CC0FC,0x001FA0FC,True,1,True,False,,ida-defined,ida|direct-call-x1|save-prologue
0x001CC510,0x001FA510,True,0,True,False,,ida-defined,ida|save-prologue
0x001CC928,0x001FA928,True,0,True,False,,ida-defined,ida|save-prologue
0x001CCA1C,0x001FAA1C,True,2,True,False,,ida-defined,ida|direct-call-x2|save-prologue
0x001CCC30,0x001FAC30,True,2,True,False,,ida-defined,ida|direct-call-x2|save-prologue
0x001CD140,0x001FB140,True,4,True,True,,ida-defined,ida|direct-call-x4|save-prologue|after-return-delay-slot
0x001CD25C,0x001FB25C,True,5,True,True,,ida-defined,ida|direct-call-x5|save-prologue|after-return-delay-slot
0x001CD4A8,0x001FB4A8,False,0,True,False,0x001CD25C:sub_1CD25C,low,save-prologue
0x001CD4FC,0x001FB4FC,True,0,True,True,,ida-defined,ida|save-prologue|after-return-delay-slot
0x001CD560,0x001FB560,False,2,True,False,0x001CD4FC:sub_1CD4FC,high,direct-call-x2|save-prologue
0x001CD6A8,0x001FB6A8,True,1,True,False,,ida-defined,ida|direct-call-x1|save-prologue
0x001CD700,0x001FB700,True,1,True,False,,ida-defined,ida|direct-call-x1|save-prologue
0x001CD834,0x001FB834,True,1,True,False,,ida-defined,ida|direct-call-x1|save-prologue
0x001CD958,0x001FB958,True,1,True,False,,ida-defined,ida|direct-call-x1|save-prologue
0x001CDC70,0x001FBC70,True,2,True,False,,ida-defined,ida|direct-call-x2|save-prologue
0x001CDD60,0x001FBD60,False,1,True,False,0x001CDC70:sub_1CDC70,high,direct-call-x1|save-prologue
0x001CDECC,0x001FBECC,True,1,True,True,,ida-defined,ida|direct-call-x1|save-prologue|after-return-delay-slot
0x001CE09C,0x001FC09C,False,0,True,False,0x001CDECC:sub_1CDECC,low,save-prologue
0x001CE0E4,0x001FC0E4,False,3,True,False,0x001CDECC:sub_1CDECC,high,direct-call-x3|save-prologue
0x001CE2BC,0x001FC2BC,True,3,True,False,,ida-defined,ida|direct-call-x3|save-prologue
0x001CE434,0x001FC434,False,0,True,False,0x001CE2BC:sub_1CE2BC,low,save-prologue
0x001CE4C8,0x001FC4C8,False,0,True,False,0x001CE2BC:sub_1CE2BC,low,save-prologue
0x001CE5EC,0x001FC5EC,True,3,True,False,,ida-defined,ida|direct-call-x3|save-prologue
0x001CE7A4,0x001FC7A4,True,0,True,False,,ida-defined,ida|save-prologue
0x001CE810,0x001FC810,True,2,True,False,,ida-defined,ida|direct-call-x2|save-prologue
0x001CE84C,0x001FC84C,True,3,True,True,,ida-defined,ida|direct-call-x3|save-prologue|after-return-delay-slot
0x001CEF54,0x001FCF54,True,0,True,False,,ida-defined,ida|save-prologue
0x001CF050,0x001FD050,True,0,True,True,,ida-defined,ida|save-prologue|after-return-delay-slot
0x001CF178,0x001FD178,True,2,True,False,,ida-defined,ida|direct-call-x2|save-prologue
0x001CF438,0x001FD438,True,3,True,True,,ida-defined,ida|direct-call-x3|save-prologue|after-return-delay-slot
0x001CF6B8,0x001FD6B8,True,0,True,False,,ida-defined,ida|save-prologue
0x001CF734,0x001FD734,True,1,True,True,,ida-defined,ida|direct-call-x1|save-prologue|after-return-delay-slot
0x001CF9A0,0x001FD9A0,True,0,True,True,,ida-defined,ida|save-prologue|after-return-delay-slot
0x001CFB78,0x001FDB78,True,0,True,True,,ida-defined,ida|save-prologue|after-return-delay-slot
0x001CFDD8,0x001FDDD8,True,0,True,True,,ida-defined,ida|save-prologue|after-return-delay-slot
0x001D02D8,0x001FE2D8,True,0,True,True,,ida-defined,ida|save-prologue|after-return-delay-slot
0x001D07E4,0x001FE7E4,True,2,True,True,,ida-defined,ida|direct-call-x2|save-prologue|after-return-delay-slot
0x001D08D8,0x001FE8D8,True,6,True,False,,ida-defined,ida|direct-call-x6|save-prologue
0x001D0AF0,0x001FEAF0,True,0,True,True,,ida-defined,ida|save-prologue|after-return-delay-slot
0x001D0BE0,0x001FEBE0,True,0,True,True,,ida-defined,ida|save-prologue|after-return-delay-slot
0x001D0C60,0x001FEC60,True,2,False,True,,ida-defined,ida|direct-call-x2|after-return-delay-slot
0x001D0CA4,0x001FECA4,True,0,True,True,,ida-defined,ida|save-prologue|after-return-delay-slot
0x001D0D14,0x001FED14,True,1,True,True,,ida-defined,ida|direct-call-x1|save-prologue|after-return-delay-slot
0x001D1214,0x001FF214,True,4,True,True,,ida-defined,ida|direct-call-x4|save-prologue|after-return-delay-slot
0x001D16FC,0x001FF6FC,False,0,True,False,,low,save-prologue
0x001D1828,0x001FF828,False,0,True,False,,low,save-prologue
0x001D1970,0x001FF970,False,0,True,False,,low,save-prologue
0x001D1AA8,0x001FFAA8,False,0,True,False,,low,save-prologue
0x001D1C34,0x001FFC34,False,0,True,True,,medium,save-prologue|after-return-delay-slot
0x001D1C9C,0x001FFC9C,False,0,True,False,,low,save-prologue
0x001D1D14,0x001FFD14,False,0,True,False,,low,save-prologue
0x001D1D88,0x001FFD88,False,0,True,False,,low,save-prologue
0x001D1E00,0x001FFE00,False,0,True,False,,low,save-prologue
0x001D1E74,0x001FFE74,True,2,True,False,,ida-defined,ida|direct-call-x2|save-prologue
0x001D2018,0x00200018,True,2,True,False,,ida-defined,ida|direct-call-x2|save-prologue
0x001D24B8,0x002004B8,True,8,True,True,,ida-defined,ida|direct-call-x8|save-prologue|after-return-delay-slot
0x001D2858,0x00200858,True,1,True,False,,ida-defined,ida|direct-call-x1|save-prologue
0x001D2A7C,0x00200A7C,True,0,True,False,,ida-defined,ida|save-prologue
0x001D2BC8,0x00200BC8,True,3,True,False,,ida-defined,ida|direct-call-x3|save-prologue
0x001D2F50,0x00200F50,True,0,True,True,,ida-defined,ida|save-prologue|after-return-delay-slot
0x001D2FD8,0x00200FD8,True,0,True,False,,ida-defined,ida|save-prologue
0x001D3000,0x00201000,True,0,True,True,,ida-defined,ida|save-prologue|after-return-delay-slot
0x001D3024,0x00201024,False,2,True,True,,high,direct-call-x2|save-prologue|after-return-delay-slot
0x001D3310,0x00201310,True,2,True,False,,ida-defined,ida|direct-call-x2|save-prologue
0x001D3420,0x00201420,True,13,True,False,,ida-defined,ida|direct-call-x13|save-prologue
0x001D3670,0x00201670,True,1,True,True,,ida-defined,ida|direct-call-x1|save-prologue|after-return-delay-slot
0x001D3C34,0x00201C34,False,1,True,False,0x001D3670:sub_1D3670,high,direct-call-x1|save-prologue
0x001D3CF0,0x00201CF0,True,1,True,True,,ida-defined,ida|direct-call-x1|save-prologue|after-return-delay-slot
0x001D3E0C,0x00201E0C,True,1,True,True,,ida-defined,ida|direct-call-x1|save-prologue|after-return-delay-slot
0x001D3ECC,0x00201ECC,True,1,True,True,,ida-defined,ida|direct-call-x1|save-prologue|after-return-delay-slot
0x001D3FE8,0x00201FE8,True,0,True,True,,ida-defined,ida|save-prologue|after-return-delay-slot
0x001D4044,0x00202044,False,0,True,False,0x001D3FE8:sub_1D3FE8,low,save-prologue
0x001D40B8,0x002020B8,False,0,True,False,0x001D3FE8:sub_1D3FE8,low,save-prologue
0x001D4130,0x00202130,True,1,True,False,,ida-defined,ida|direct-call-x1|save-prologue
0x001D42E8,0x002022E8,True,0,True,False,,ida-defined,ida|save-prologue
0x001D4454,0x00202454,False,0,True,False,0x001D42E8:sub_1D42E8,low,save-prologue
0x001D4634,0x00202634,True,0,True,True,,ida-defined,ida|save-prologue|after-return-delay-slot
0x001D48FC,0x002028FC,True,0,True,False,,ida-defined,ida|save-prologue
0x001D4B9C,0x00202B9C,True,0,True,True,,ida-defined,ida|save-prologue|after-return-delay-slot
0x001D4D3C,0x00202D3C,True,24,False,False,,ida-defined,ida|direct-call-x24
0x001D4D4C,0x00202D4C,True,1,False,False,,ida-defined,ida|direct-call-x1
0x001D4DE0,0x00202DE0,True,1,False,True,,ida-defined,ida|direct-call-x1|after-return-delay-slot
0x001D4DF8,0x00202DF8,False,1,False,False,0x001D4DE0:sub_1D4DE0,low,direct-call-x1
0x001D4E10,0x00202E10,True,5,False,False,,ida-defined,ida|direct-call-x5
0x001D4E20,0x00202E20,False,1,False,False,0x001D4E10:sub_1D4E10,low,direct-call-x1
0x001D4E40,0x00202E40,False,1,True,False,0x001D4E10:sub_1D4E10,high,direct-call-x1|save-prologue
0x001D4EDC,0x00202EDC,True,4,True,False,,ida-defined,ida|direct-call-x4|save-prologue
0x001D4FC0,0x00202FC0,True,7,True,False,,ida-defined,ida|direct-call-x7|save-prologue
0x001D51B0,0x002031B0,True,6,True,True,,ida-defined,ida|direct-call-x6|save-prologue|after-return-delay-slot
0x001D5330,0x00203330,True,4,True,True,,ida-defined,ida|direct-call-x4|save-prologue|after-return-delay-slot
0x001D5390,0x00203390,True,2,True,False,,ida-defined,ida|direct-call-x2|save-prologue
0x001D5450,0x00203450,True,3,True,False,,ida-defined,ida|direct-call-x3|save-prologue
0x001D5578,0x00203578,True,1,True,False,,ida-defined,ida|direct-call-x1|save-prologue
0x001D55EC,0x002035EC,True,20,True,True,,ida-defined,ida|direct-call-x20|save-prologue|after-return-delay-slot
0x001D57E8,0x002037E8,True,23,True,False,,ida-defined,ida|direct-call-x23|save-prologue
0x001D58C8,0x002038C8,True,65,True,False,,ida-defined,ida|direct-call-x65|save-prologue
0x001D59AC,0x002039AC,False,0,True,False,0x001D58C8:sub_1D58C8,low,save-prologue
0x001D5A94,0x00203A94,True,1,True,False,,ida-defined,ida|direct-call-x1|save-prologue
0x001D5CF0,0x00203CF0,True,1,True,True,,ida-defined,ida|direct-call-x1|save-prologue|after-return-delay-slot
0x001D5EB4,0x00203EB4,True,2,True,True,,ida-defined,ida|direct-call-x2|save-prologue|after-return-delay-slot
0x001D5F58,0x00203F58,True,3,True,False,,ida-defined,ida|direct-call-x3|save-prologue
0x001D6018,0x00204018,True,3,True,True,,ida-defined,ida|direct-call-x3|save-prologue|after-return-delay-slot
0x001D60D8,0x002040D8,True,3,True,True,,ida-defined,ida|direct-call-x3|save-prologue|after-return-delay-slot
0x001D6198,0x00204198,True,1,True,True,,ida-defined,ida|direct-call-x1|save-prologue|after-return-delay-slot
0x001D6298,0x00204298,True,1,True,True,,ida-defined,ida|direct-call-x1|save-prologue|after-return-delay-slot
0x001D6304,0x00204304,True,1,True,True,,ida-defined,ida|direct-call-x1|save-prologue|after-return-delay-slot
0x001D6370,0x00204370,True,1,True,True,,ida-defined,ida|direct-call-x1|save-prologue|after-return-delay-slot
0x001D6404,0x00204404,True,1,False,True,,ida-defined,ida|direct-call-x1|after-return-delay-slot
0x001D6424,0x00204424,True,1,True,False,,ida-defined,ida|direct-call-x1|save-prologue
0x001D6640,0x00204640,True,2,True,False,,ida-defined,ida|direct-call-x2|save-prologue
0x001D6744,0x00204744,True,1,True,False,,ida-defined,ida|direct-call-x1|save-prologue
0x001D67DC,0x002047DC,True,1,False,True,,ida-defined,ida|direct-call-x1|after-return-delay-slot
0x001D67FC,0x002047FC,True,1,False,False,,ida-defined,ida|direct-call-x1
0x001D681C,0x0020481C,True,2,False,False,,ida-defined,ida|direct-call-x2
0x001D685C,0x0020485C,True,1,False,False,,ida-defined,ida|direct-call-x1
0x001D686C,0x0020486C,False,4,False,False,0x001D685C:sub_1D685C,high,direct-call-x4
0x001D6880,0x00204880,False,1,False,False,0x001D685C:sub_1D685C,low,direct-call-x1
0x001D68CC,0x002048CC,True,1,False,True,,ida-defined,ida|direct-call-x1|after-return-delay-slot
0x001D68EC,0x002048EC,True,2,False,False,,ida-defined,ida|direct-call-x2
0x001D690C,0x0020490C,True,1,False,False,,ida-defined,ida|direct-call-x1
0x001D692C,0x0020492C,False,2,False,False,0x001D690C:sub_1D690C,medium,direct-call-x2
0x001D694C,0x0020494C,True,15,False,False,,ida-defined,ida|direct-call-x15
0x001D696C,0x0020496C,True,18,False,False,,ida-defined,ida|direct-call-x18
0x001D6984,0x00204984,True,1,False,False,,ida-defined,ida|direct-call-x1
0x001D699C,0x0020499C,True,1,False,False,,ida-defined,ida|direct-call-x1
0x001D69B4,0x002049B4,True,1,True,False,,ida-defined,ida|direct-call-x1|save-prologue
0x001D69D4,0x002049D4,True,1,False,False,,ida-defined,ida|direct-call-x1
0x001D69EC,0x002049EC,True,3,False,False,,ida-defined,ida|direct-call-x3
0x001D6A04,0x00204A04,True,3,False,False,,ida-defined,ida|direct-call-x3
0x001D6A1C,0x00204A1C,True,3,False,False,,ida-defined,ida|direct-call-x3
0x001D6A34,0x00204A34,True,1,False,False,,ida-defined,ida|direct-call-x1
0x001D6A4C,0x00204A4C,False,1,False,False,0x001D6A34:sub_1D6A34,low,direct-call-x1
0x001D6A64,0x00204A64,False,1,False,False,0x001D6A34:sub_1D6A34,low,direct-call-x1
0x001D6A7C,0x00204A7C,False,2,False,False,0x001D6A34:sub_1D6A34,medium,direct-call-x2
0x001D6AAC,0x00204AAC,False,2,True,False,0x001D6A34:sub_1D6A34,high,direct-call-x2|save-prologue
0x001D6ED0,0x00204ED0,True,1,True,True,,ida-defined,ida|direct-call-x1|save-prologue|after-return-delay-slot
0x001D6FE8,0x00204FE8,True,2,True,True,,ida-defined,ida|direct-call-x2|save-prologue|after-return-delay-slot
0x001D70E0,0x002050E0,True,2,False,True,,ida-defined,ida|direct-call-x2|after-return-delay-slot
0x001D712C,0x0020512C,True,4,False,False,,ida-defined,ida|direct-call-x4
0x001D7170,0x00205170,False,2,True,False,0x001D712C:sub_1D712C,high,direct-call-x2|save-prologue
0x001D71D0,0x002051D0,False,1,False,False,0x001D712C:sub_1D712C,low,direct-call-x1
0x001D7214,0x00205214,True,4,True,False,,ida-defined,ida|direct-call-x4|save-prologue
0x001D72EC,0x002052EC,True,0,True,True,,ida-defined,ida|save-prologue|after-return-delay-slot
0x001D73D4,0x002053D4,True,5,True,True,,ida-defined,ida|direct-call-x5|save-prologue|after-return-delay-slot
0x001D75EC,0x002055EC,True,1,True,True,,ida-defined,ida|direct-call-x1|save-prologue|after-return-delay-slot
0x001D7654,0x00205654,True,1,True,True,,ida-defined,ida|direct-call-x1|save-prologue|after-return-delay-slot
0x001D7D5C,0x00205D5C,True,2,True,True,,ida-defined,ida|direct-call-x2|save-prologue|after-return-delay-slot
0x001D7ED8,0x00205ED8,True,0,True,True,,ida-defined,ida|save-prologue|after-return-delay-slot
0x001D7F2C,0x00205F2C,True,7,True,True,,ida-defined,ida|direct-call-x7|save-prologue|after-return-delay-slot
0x001D7F44,0x00205F44,True,1,True,True,,ida-defined,ida|direct-call-x1|save-prologue|after-return-delay-slot
0x001D8048,0x00206048,True,1,True,False,,ida-defined,ida|direct-call-x1|save-prologue
0x001D8164,0x00206164,True,0,True,True,,ida-defined,ida|save-prologue|after-return-delay-slot
0x001D8230,0x00206230,True,1,True,True,,ida-defined,ida|direct-call-x1|save-prologue|after-return-delay-slot
0x001D83D0,0x002063D0,True,4,True,True,,ida-defined,ida|direct-call-x4|save-prologue|after-return-delay-slot
0x001D866C,0x0020666C,True,1,True,True,,ida-defined,ida|direct-call-x1|save-prologue|after-return-delay-slot
0x001D8878,0x00206878,True,3,True,True,,ida-defined,ida|direct-call-x3|save-prologue|after-return-delay-slot
0x001D8B44,0x00206B44,True,3,True,True,,ida-defined,ida|direct-call-x3|save-prologue|after-return-delay-slot
0x001D8D2C,0x00206D2C,True,0,True,True,,ida-defined,ida|save-prologue|after-return-delay-slot
0x001D8D88,0x00206D88,True,3,True,True,,ida-defined,ida|direct-call-x3|save-prologue|after-return-delay-slot
0x001D8EB4,0x00206EB4,True,1,True,True,,ida-defined,ida|direct-call-x1|save-prologue|after-return-delay-slot
0x001D9008,0x00207008,True,3,True,False,,ida-defined,ida|direct-call-x3|save-prologue
0x001D9138,0x00207138,True,4,True,True,,ida-defined,ida|direct-call-x4|save-prologue|after-return-delay-slot
0x001D9470,0x00207470,True,0,True,True,,ida-defined,ida|save-prologue|after-return-delay-slot
0x001D95D4,0x002075D4,False,0,True,False,0x001D9470:sub_1D9470,low,save-prologue
0x001D9750,0x00207750,False,0,True,False,0x001D9470:sub_1D9470,low,save-prologue
0x001D9788,0x00207788,True,1,True,True,,ida-defined,ida|direct-call-x1|save-prologue|after-return-delay-slot
0x001D98C0,0x002078C0,True,0,True,True,,ida-defined,ida|save-prologue|after-return-delay-slot
0x001D9930,0x00207930,True,0,True,True,,ida-defined,ida|save-prologue|after-return-delay-slot
0x001D99C0,0x002079C0,True,6,True,True,,ida-defined,ida|direct-call-x6|save-prologue|after-return-delay-slot
0x001D9B60,0x00207B60,True,0,True,True,,ida-defined,ida|save-prologue|after-return-delay-slot
0x001D9C88,0x00207C88,True,0,True,True,,ida-defined,ida|save-prologue|after-return-delay-slot
0x001D9D08,0x00207D08,True,0,True,True,,ida-defined,ida|save-prologue|after-return-delay-slot
0x001DA128,0x00208128,True,0,True,True,,ida-defined,ida|save-prologue|after-return-delay-slot
0x001DA530,0x00208530,True,0,True,True,,ida-defined,ida|save-prologue|after-return-delay-slot
0x001DA96C,0x0020896C,True,0,True,True,,ida-defined,ida|save-prologue|after-return-delay-slot
0x001DABD4,0x00208BD4,True,1,True,True,,ida-defined,ida|direct-call-x1|save-prologue|after-return-delay-slot
0x001DB098,0x00209098,True,0,True,True,,ida-defined,ida|save-prologue|after-return-delay-slot
0x001DB1A4,0x002091A4,False,0,True,False,0x001DB098:sub_1DB098,low,save-prologue
0x001DB7CC,0x002097CC,True,0,True,True,,ida-defined,ida|save-prologue|after-return-delay-slot
0x001DB8A8,0x002098A8,True,2,True,True,,ida-defined,ida|direct-call-x2|save-prologue|after-return-delay-slot
0x001DB94C,0x0020994C,True,3,True,True,,ida-defined,ida|direct-call-x3|save-prologue|after-return-delay-slot
0x001DC24C,0x0020A24C,True,2,True,True,,ida-defined,ida|direct-call-x2|save-prologue|after-return-delay-slot
0x001DC8D0,0x0020A8D0,True,0,True,False,,ida-defined,ida|save-prologue
0x001DC8E8,0x0020A8E8,True,11,True,True,,ida-defined,ida|direct-call-x11|save-prologue|after-return-delay-slot
0x001DD140,0x0020B140,True,7,True,True,,ida-defined,ida|direct-call-x7|save-prologue|after-return-delay-slot
0x001DE510,0x0020C510,True,13,False,False,,ida-defined,ida|direct-call-x13
0x001DE52C,0x0020C52C,False,0,True,False,0x001DE510:sub_1DE510,low,save-prologue
0x001DE560,0x0020C560,True,19,True,True,,ida-defined,ida|direct-call-x19|save-prologue|after-return-delay-slot
0x001DE5A4,0x0020C5A4,False,0,True,False,0x001DE560:sub_1DE560,low,save-prologue
0x001DE5BC,0x0020C5BC,True,6,False,True,,ida-defined,ida|direct-call-x6|after-return-delay-slot
0x001DE5D8,0x0020C5D8,True,218,False,False,,ida-defined,ida|direct-call-x218
0x001DE5F4,0x0020C5F4,True,195,False,False,,ida-defined,ida|direct-call-x195
0x001DE610,0x0020C610,True,55,False,False,,ida-defined,ida|direct-call-x55
0x001DE62C,0x0020C62C,True,46,False,False,,ida-defined,ida|direct-call-x46
0x001DE648,0x0020C648,True,163,False,False,,ida-defined,ida|direct-call-x163
0x001DE660,0x0020C660,True,1,False,False,,ida-defined,ida|direct-call-x1
0x001DE678,0x0020C678,True,418,False,False,,ida-defined,ida|direct-call-x418
0x001DE690,0x0020C690,True,62,False,False,,ida-defined,ida|direct-call-x62
0x001DE6AC,0x0020C6AC,True,26,False,False,,ida-defined,ida|direct-call-x26
0x001DE6CC,0x0020C6CC,True,54,False,False,,ida-defined,ida|direct-call-x54
0x001DE6DC,0x0020C6DC,True,45,False,False,,ida-defined,ida|direct-call-x45
0x001DE6EC,0x0020C6EC,False,42,False,False,0x001DE6DC:sub_1DE6DC,high,direct-call-x42
0x001DE6FC,0x0020C6FC,True,26,False,False,,ida-defined,ida|direct-call-x26
0x001DE70C,0x0020C70C,False,2,False,False,0x001DE6FC:sub_1DE6FC,medium,direct-call-x2
0x001DE780,0x0020C780,True,0,True,True,,ida-defined,ida|save-prologue|after-return-delay-slot
0x001DE8EC,0x0020C8EC,True,5,True,True,,ida-defined,ida|direct-call-x5|save-prologue|after-return-delay-slot
0x001DED1C,0x0020CD1C,True,7,True,True,,ida-defined,ida|direct-call-x7|save-prologue|after-return-delay-slot
0x001DF008,0x0020D008,True,17,True,True,,ida-defined,ida|direct-call-x17|save-prologue|after-return-delay-slot
0x001DF094,0x0020D094,True,6,True,True,,ida-defined,ida|direct-call-x6|save-prologue|after-return-delay-slot
0x001DF130,0x0020D130,True,0,True,True,,ida-defined,ida|save-prologue|after-return-delay-slot
0x001DF168,0x0020D168,False,0,True,False,0x001DF130:sub_1DF130,low,save-prologue
0x001DF1A8,0x0020D1A8,True,4,False,False,,ida-defined,ida|direct-call-x4
0x001DF274,0x0020D274,True,116,True,False,,ida-defined,ida|direct-call-x116|save-prologue
0x001DF290,0x0020D290,True,5,True,True,,ida-defined,ida|direct-call-x5|save-prologue|after-return-delay-slot
0x001DF2AC,0x0020D2AC,True,3,False,True,,ida-defined,ida|direct-call-x3|after-return-delay-slot
0x001DF2C4,0x0020D2C4,True,3,True,False,,ida-defined,ida|direct-call-x3|save-prologue
0x001DF2E0,0x0020D2E0,True,6,True,True,,ida-defined,ida|direct-call-x6|save-prologue|after-return-delay-slot
0x001DF2FC,0x0020D2FC,True,3,True,True,,ida-defined,ida|direct-call-x3|save-prologue|after-return-delay-slot
0x001DF318,0x0020D318,True,5,True,True,,ida-defined,ida|direct-call-x5|save-prologue|after-return-delay-slot
0x001DF3B8,0x0020D3B8,True,6,False,False,,ida-defined,ida|direct-call-x6
0x001DF3CC,0x0020D3CC,True,2,True,True,,ida-defined,ida|direct-call-x2|save-prologue|after-return-delay-slot
0x001DF44C,0x0020D44C,True,7,True,True,,ida-defined,ida|direct-call-x7|save-prologue|after-return-delay-slot
0x001DF4A0,0x0020D4A0,True,1,True,True,,ida-defined,ida|direct-call-x1|save-prologue|after-return-delay-slot
0x001DF55C,0x0020D55C,True,7,True,True,,ida-defined,ida|direct-call-x7|save-prologue|after-return-delay-slot
0x001DF5F8,0x0020D5F8,True,2,True,True,,ida-defined,ida|direct-call-x2|save-prologue|after-return-delay-slot
0x001DF61C,0x0020D61C,True,4,True,True,,ida-defined,ida|direct-call-x4|save-prologue|after-return-delay-slot
0x001DF640,0x0020D640,True,0,True,True,,ida-defined,ida|save-prologue|after-return-delay-slot
0x001DF68C,0x0020D68C,True,0,True,True,,ida-defined,ida|save-prologue|after-return-delay-slot
0x001DF6D8,0x0020D6D8,True,1,False,True,,ida-defined,ida|direct-call-x1|after-return-delay-slot
0x001DF6E8,0x0020D6E8,False,0,True,False,0x001DF6D8:sub_1DF6D8,low,save-prologue
0x001DF718,0x0020D718,False,0,True,False,0x001DF6D8:sub_1DF6D8,low,save-prologue
0x001DF750,0x0020D750,True,5,True,True,,ida-defined,ida|direct-call-x5|save-prologue|after-return-delay-slot
0x001DF7E8,0x0020D7E8,True,4,True,True,,ida-defined,ida|direct-call-x4|save-prologue|after-return-delay-slot
0x001DF924,0x0020D924,True,39,True,True,,ida-defined,ida|direct-call-x39|save-prologue|after-return-delay-slot
0x001DFA0C,0x0020DA0C,True,3,True,False,,ida-defined,ida|direct-call-x3|save-prologue
0x001DFB10,0x0020DB10,True,3,True,False,,ida-defined,ida|direct-call-x3|save-prologue
0x001DFB64,0x0020DB64,True,2,True,False,,ida-defined,ida|direct-call-x2|save-prologue
0x001DFBC4,0x0020DBC4,False,2,False,False,0x001DFB64:sub_1DFB64,medium,direct-call-x2
0x001DFBEC,0x0020DBEC,False,2,True,False,0x001DFB64:sub_1DFB64,high,direct-call-x2|save-prologue
0x001DFDB0,0x0020DDB0,True,1,True,False,,ida-defined,ida|direct-call-x1|save-prologue
0x001DFE18,0x0020DE18,True,1,True,False,,ida-defined,ida|direct-call-x1|save-prologue
0x001E0100,0x0020E100,True,0,True,True,,ida-defined,ida|save-prologue|after-return-delay-slot
0x001E015C,0x0020E15C,False,0,True,False,0x001E0100:sub_1E0100,low,save-prologue
0x001E01C0,0x0020E1C0,False,0,True,False,0x001E0100:sub_1E0100,low,save-prologue
0x001E021C,0x0020E21C,False,1,True,False,0x001E0100:sub_1E0100,high,direct-call-x1|save-prologue
0x001E03DC,0x0020E3DC,True,3,True,False,,ida-defined,ida|direct-call-x3|save-prologue
0x001E0648,0x0020E648,True,0,True,True,,ida-defined,ida|save-prologue|after-return-delay-slot
0x001E06CC,0x0020E6CC,True,2,True,True,,ida-defined,ida|direct-call-x2|save-prologue|after-return-delay-slot
0x001E07F0,0x0020E7F0,True,0,True,True,,ida-defined,ida|save-prologue|after-return-delay-slot
0x001E08D0,0x0020E8D0,True,0,True,True,,ida-defined,ida|save-prologue|after-return-delay-slot
0x001E0928,0x0020E928,True,245,True,True,,ida-defined,ida|direct-call-x245|save-prologue|after-return-delay-slot
0x001E0AFC,0x0020EAFC,False,33,True,False,0x001E0928:sub_1E0928,high,direct-call-x33|save-prologue
0x001E0B54,0x0020EB54,True,2,True,True,,ida-defined,ida|direct-call-x2|save-prologue|after-return-delay-slot
0x001E0BAC,0x0020EBAC,True,40,True,False,,ida-defined,ida|direct-call-x40|save-prologue
0x001E0D28,0x0020ED28,True,6,True,True,,ida-defined,ida|direct-call-x6|save-prologue|after-return-delay-slot
0x001E0EB8,0x0020EEB8,True,2,True,True,,ida-defined,ida|direct-call-x2|save-prologue|after-return-delay-slot
0x001E1110,0x0020F110,True,0,True,True,,ida-defined,ida|save-prologue|after-return-delay-slot
0x001E120C,0x0020F20C,True,33,True,True,,ida-defined,ida|direct-call-x33|save-prologue|after-return-delay-slot
0x001E14EC,0x0020F4EC,True,0,True,True,,ida-defined,ida|save-prologue|after-return-delay-slot
0x001E176C,0x0020F76C,True,0,True,True,,ida-defined,ida|save-prologue|after-return-delay-slot
0x001E1880,0x0020F880,True,4,True,True,,ida-defined,ida|direct-call-x4|save-prologue|after-return-delay-slot
0x001E19C0,0x0020F9C0,True,1,True,True,,ida-defined,ida|direct-call-x1|save-prologue|after-return-delay-slot
0x001E1A20,0x0020FA20,True,2,True,False,,ida-defined,ida|direct-call-x2|save-prologue
0x001E1AE4,0x0020FAE4,True,0,True,True,,ida-defined,ida|save-prologue|after-return-delay-slot
0x001E1BF8,0x0020FBF8,True,1,True,True,,ida-defined,ida|direct-call-x1|save-prologue|after-return-delay-slot
0x001E1DC8,0x0020FDC8,True,1,True,True,,ida-defined,ida|direct-call-x1|save-prologue|after-return-delay-slot
0x001E1F44,0x0020FF44,True,1,True,True,,ida-defined,ida|direct-call-x1|save-prologue|after-return-delay-slot
0x001E1FA4,0x0020FFA4,True,2,True,False,,ida-defined,ida|direct-call-x2|save-prologue
0x001E2058,0x00210058,True,0,True,True,,ida-defined,ida|save-prologue|after-return-delay-slot
0x001E2154,0x00210154,True,1,True,True,,ida-defined,ida|direct-call-x1|save-prologue|after-return-delay-slot
0x001E2304,0x00210304,True,1,True,True,,ida-defined,ida|direct-call-x1|save-prologue|after-return-delay-slot
0x001E2464,0x00210464,True,1,True,True,,ida-defined,ida|direct-call-x1|save-prologue|after-return-delay-slot
0x001E24C4,0x002104C4,True,2,True,False,,ida-defined,ida|direct-call-x2|save-prologue
0x001E2578,0x00210578,True,0,True,True,,ida-defined,ida|save-prologue|after-return-delay-slot
0x001E2674,0x00210674,True,1,True,True,,ida-defined,ida|direct-call-x1|save-prologue|after-return-delay-slot
0x001E2824,0x00210824,True,1,True,True,,ida-defined,ida|direct-call-x1|save-prologue|after-return-delay-slot
0x001E2984,0x00210984,True,1,True,True,,ida-defined,ida|direct-call-x1|save-prologue|after-return-delay-slot
0x001E29E4,0x002109E4,True,2,True,False,,ida-defined,ida|direct-call-x2|save-prologue
0x001E2A98,0x00210A98,True,0,True,True,,ida-defined,ida|save-prologue|after-return-delay-slot
0x001E2B94,0x00210B94,True,1,True,True,,ida-defined,ida|direct-call-x1|save-prologue|after-return-delay-slot
0x001E2D44,0x00210D44,True,1,True,True,,ida-defined,ida|direct-call-x1|save-prologue|after-return-delay-slot
0x001E2EA4,0x00210EA4,True,1,True,True,,ida-defined,ida|direct-call-x1|save-prologue|after-return-delay-slot
0x001E2F04,0x00210F04,True,2,True,False,,ida-defined,ida|direct-call-x2|save-prologue
0x001E2FB8,0x00210FB8,True,0,True,True,,ida-defined,ida|save-prologue|after-return-delay-slot
0x001E30B4,0x002110B4,True,1,True,True,,ida-defined,ida|direct-call-x1|save-prologue|after-return-delay-slot
0x001E3264,0x00211264,True,1,True,True,,ida-defined,ida|direct-call-x1|save-prologue|after-return-delay-slot
0x001E3428,0x00211428,True,0,True,True,,ida-defined,ida|save-prologue|after-return-delay-slot
0x001E35B0,0x002115B0,True,1,True,True,,ida-defined,ida|direct-call-x1|save-prologue|after-return-delay-slot
0x001E37C0,0x002117C0,True,1,True,True,,ida-defined,ida|direct-call-x1|save-prologue|after-return-delay-slot
0x001E39F0,0x002119F0,True,5,True,True,,ida-defined,ida|direct-call-x5|save-prologue|after-return-delay-slot
0x001E3BB0,0x00211BB0,True,1,True,True,,ida-defined,ida|direct-call-x1|save-prologue|after-return-delay-slot
0x001E3C94,0x00211C94,True,1,True,True,,ida-defined,ida|direct-call-x1|save-prologue|after-return-delay-slot
0x001E3D78,0x00211D78,True,1,True,True,,ida-defined,ida|direct-call-x1|save-prologue|after-return-delay-slot
0x001E3E5C,0x00211E5C,True,1,True,True,,ida-defined,ida|direct-call-x1|save-prologue|after-return-delay-slot
0x001E415C,0x0021215C,True,24,True,False,,ida-defined,ida|direct-call-x24|save-prologue
0x001E4478,0x00212478,True,1,False,True,,ida-defined,ida|direct-call-x1|after-return-delay-slot
0x001E4508,0x00212508,True,2,False,False,,ida-defined,ida|direct-call-x2
0x001E4510,0x00212510,True,0,True,True,,ida-defined,ida|save-prologue|after-return-delay-slot
0x001E4550,0x00212550,True,1,True,True,,ida-defined,ida|direct-call-x1|save-prologue|after-return-delay-slot
0x001E45D4,0x002125D4,True,0,True,True,,ida-defined,ida|save-prologue|after-return-delay-slot
0x001E4664,0x00212664,True,1,True,True,,ida-defined,ida|direct-call-x1|save-prologue|after-return-delay-slot
0x001E46A4,0x002126A4,True,1,True,False,,ida-defined,ida|direct-call-x1|save-prologue
0x001E4830,0x00212830,True,1,False,True,,ida-defined,ida|direct-call-x1|after-return-delay-slot
0x001E4838,0x00212838,True,0,True,True,,ida-defined,ida|save-prologue|after-return-delay-slot
0x001E4864,0x00212864,True,1,True,True,,ida-defined,ida|direct-call-x1|save-prologue|after-return-delay-slot
0x001E4924,0x00212924,True,0,True,True,,ida-defined,ida|save-prologue|after-return-delay-slot
0x001E4950,0x00212950,False,2,True,True,,high,direct-call-x2|save-prologue|after-return-delay-slot
0x001E4AD0,0x00212AD0,True,1,True,True,,ida-defined,ida|direct-call-x1|save-prologue|after-return-delay-slot
0x001E4B74,0x00212B74,True,2,True,False,,ida-defined,ida|direct-call-x2|save-prologue
0x001E4C38,0x00212C38,True,3,True,True,,ida-defined,ida|direct-call-x3|save-prologue|after-return-delay-slot
0x001E4E68,0x00212E68,True,4,True,True,,ida-defined,ida|direct-call-x4|save-prologue|after-return-delay-slot
0x001E4F70,0x00212F70,False,0,True,False,,low,save-prologue
0x001E4FF4,0x00212FF4,False,0,True,False,,low,save-prologue
0x001E5118,0x00213118,False,0,True,False,,low,save-prologue
0x001E518C,0x0021318C,True,1,True,True,,ida-defined,ida|direct-call-x1|save-prologue|after-return-delay-slot
0x001E522C,0x0021322C,True,1,True,True,,ida-defined,ida|direct-call-x1|save-prologue|after-return-delay-slot
0x001E5238,0x00213238,True,1,True,True,,ida-defined,ida|direct-call-x1|save-prologue|after-return-delay-slot
0x001E52F4,0x002132F4,True,1,True,True,,ida-defined,ida|direct-call-x1|save-prologue|after-return-delay-slot
0x001E5498,0x00213498,True,1,True,True,,ida-defined,ida|direct-call-x1|save-prologue|after-return-delay-slot
0x001E5598,0x00213598,True,2,True,True,,ida-defined,ida|direct-call-x2|save-prologue|after-return-delay-slot
0x001E55F4,0x002135F4,True,1,True,True,,ida-defined,ida|direct-call-x1|save-prologue|after-return-delay-slot
0x001E5650,0x00213650,True,6,True,True,,ida-defined,ida|direct-call-x6|save-prologue|after-return-delay-slot
0x001E56AC,0x002136AC,True,13,True,True,,ida-defined,ida|direct-call-x13|save-prologue|after-return-delay-slot
0x001E56F8,0x002136F8,True,12,True,True,,ida-defined,ida|direct-call-x12|save-prologue|after-return-delay-slot
0x001E5A4C,0x00213A4C,True,2,True,True,,ida-defined,ida|direct-call-x2|save-prologue|after-return-delay-slot
0x001E5C7C,0x00213C7C,True,23,True,True,,ida-defined,ida|direct-call-x23|save-prologue|after-return-delay-slot
0x001E5CC8,0x00213CC8,True,2,True,True,,ida-defined,ida|direct-call-x2|save-prologue|after-return-delay-slot
0x001E5D20,0x00213D20,True,24,True,True,,ida-defined,ida|direct-call-x24|save-prologue|after-return-delay-slot
0x001E5F08,0x00213F08,True,23,True,True,,ida-defined,ida|direct-call-x23|save-prologue|after-return-delay-slot
0x001E6068,0x00214068,True,2,True,True,,ida-defined,ida|direct-call-x2|save-prologue|after-return-delay-slot
0x001E60CC,0x002140CC,True,1,True,True,,ida-defined,ida|direct-call-x1|save-prologue|after-return-delay-slot
0x001E6130,0x00214130,True,63,True,True,,ida-defined,ida|direct-call-x63|save-prologue|after-return-delay-slot
0x001E61DC,0x002141DC,True,2,True,True,,ida-defined,ida|direct-call-x2|save-prologue|after-return-delay-slot
0x001E6280,0x00214280,True,10,True,True,,ida-defined,ida|direct-call-x10|save-prologue|after-return-delay-slot
0x001E62D0,0x002142D0,True,2,True,True,,ida-defined,ida|direct-call-x2|save-prologue|after-return-delay-slot
0x001E659C,0x0021459C,True,19,True,True,,ida-defined,ida|direct-call-x19|save-prologue|after-return-delay-slot
0x001E65EC,0x002145EC,True,9,True,True,,ida-defined,ida|direct-call-x9|save-prologue|after-return-delay-slot
0x001E6648,0x00214648,True,25,True,True,,ida-defined,ida|direct-call-x25|save-prologue|after-return-delay-slot
0x001E69A0,0x002149A0,True,7,True,True,,ida-defined,ida|direct-call-x7|save-prologue|after-return-delay-slot
0x001E6BA0,0x00214BA0,True,8,True,True,,ida-defined,ida|direct-call-x8|save-prologue|after-return-delay-slot
0x001E6C04,0x00214C04,True,2,True,True,,ida-defined,ida|direct-call-x2|save-prologue|after-return-delay-slot
0x001E6C68,0x00214C68,True,9,True,True,,ida-defined,ida|direct-call-x9|save-prologue|after-return-delay-slot
0x001E6CCC,0x00214CCC,True,20,True,True,,ida-defined,ida|direct-call-x20|save-prologue|after-return-delay-slot
0x001E6DD0,0x00214DD0,True,10,True,True,,ida-defined,ida|direct-call-x10|save-prologue|after-return-delay-slot
0x001E6E6C,0x00214E6C,True,1,True,True,,ida-defined,ida|direct-call-x1|save-prologue|after-return-delay-slot
0x001E6E98,0x00214E98,True,2,True,True,,ida-defined,ida|direct-call-x2|save-prologue|after-return-delay-slot
0x001E6EF8,0x00214EF8,True,3,False,True,,ida-defined,ida|direct-call-x3|after-return-delay-slot
0x001E6F00,0x00214F00,False,2,False,False,0x001E6EF8:sub_1E6EF8,medium,direct-call-x2
0x001E71A8,0x002151A8,True,5,True,True,,ida-defined,ida|direct-call-x5|save-prologue|after-return-delay-slot
0x001E7278,0x00215278,True,6,False,True,,ida-defined,ida|direct-call-x6|after-return-delay-slot
0x001E73C0,0x002153C0,True,14,False,True,,ida-defined,ida|direct-call-x14|after-return-delay-slot
0x001E7498,0x00215498,True,2,False,True,,ida-defined,ida|direct-call-x2|after-return-delay-slot
0x001E75BC,0x002155BC,True,1,True,True,,ida-defined,ida|direct-call-x1|save-prologue|after-return-delay-slot
0x001E75D8,0x002155D8,True,6,True,True,,ida-defined,ida|direct-call-x6|save-prologue|after-return-delay-slot
0x001E77D8,0x002157D8,True,20,True,True,,ida-defined,ida|direct-call-x20|save-prologue|after-return-delay-slot
0x001E790C,0x0021590C,True,5,False,True,,ida-defined,ida|direct-call-x5|after-return-delay-slot
0x001E7A80,0x00215A80,True,11,False,True,,ida-defined,ida|direct-call-x11|after-return-delay-slot
0x001E7B68,0x00215B68,True,21,False,True,,ida-defined,ida|direct-call-x21|after-return-delay-slot
0x001E7C18,0x00215C18,True,0,True,True,,ida-defined,ida|save-prologue|after-return-delay-slot
0x001E7C80,0x00215C80,True,4,True,True,,ida-defined,ida|direct-call-x4|save-prologue|after-return-delay-slot
0x001E7CF0,0x00215CF0,True,0,True,True,,ida-defined,ida|save-prologue|after-return-delay-slot
0x001E7D4C,0x00215D4C,True,75,True,True,,ida-defined,ida|direct-call-x75|save-prologue|after-return-delay-slot
0x001E7DB0,0x00215DB0,True,5,False,True,,ida-defined,ida|direct-call-x5|after-return-delay-slot
0x001E7F78,0x00215F78,True,28,True,False,,ida-defined,ida|direct-call-x28|save-prologue
0x001E7FB8,0x00215FB8,True,8,True,True,,ida-defined,ida|direct-call-x8|save-prologue|after-return-delay-slot
0x001E9B4C,0x00217B4C,True,1,True,False,,ida-defined,ida|direct-call-x1|save-prologue
0x001E9BB0,0x00217BB0,True,0,True,True,,ida-defined,ida|save-prologue|after-return-delay-slot
0x001E9C10,0x00217C10,True,4,True,True,,ida-defined,ida|direct-call-x4|save-prologue|after-return-delay-slot
0x001E9C8C,0x00217C8C,True,3,True,False,,ida-defined,ida|direct-call-x3|save-prologue
0x001E9D98,0x00217D98,True,0,True,True,,ida-defined,ida|save-prologue|after-return-delay-slot
0x001E9DC8,0x00217DC8,True,1,True,False,,ida-defined,ida|direct-call-x1|save-prologue
0x001EA248,0x00218248,True,2,True,True,,ida-defined,ida|direct-call-x2|save-prologue|after-return-delay-slot
0x001EA398,0x00218398,True,2,True,False,,ida-defined,ida|direct-call-x2|save-prologue
0x001EA590,0x00218590,True,1,True,True,,ida-defined,ida|direct-call-x1|save-prologue|after-return-delay-slot
0x001EB858,0x00219858,True,5,True,True,,ida-defined,ida|direct-call-x5|save-prologue|after-return-delay-slot
0x001EB9C0,0x002199C0,True,3,True,True,,ida-defined,ida|direct-call-x3|save-prologue|after-return-delay-slot
0x001EBA50,0x00219A50,True,1,True,True,,ida-defined,ida|direct-call-x1|save-prologue|after-return-delay-slot
0x001EBAB0,0x00219AB0,True,5,True,True,,ida-defined,ida|direct-call-x5|save-prologue|after-return-delay-slot
0x001EBB1C,0x00219B1C,True,1,False,False,,ida-defined,ida|direct-call-x1
0x001EBB4C,0x00219B4C,True,5,False,False,,ida-defined,ida|direct-call-x5
0x001EBB64,0x00219B64,True,7,False,False,,ida-defined,ida|direct-call-x7
0x001EBB7C,0x00219B7C,False,0,True,False,0x001EBB64:sub_1EBB64,low,save-prologue
0x001EBC90,0x00219C90,True,0,True,True,,ida-defined,ida|save-prologue|after-return-delay-slot
0x001EBCB4,0x00219CB4,True,0,True,True,,ida-defined,ida|save-prologue|after-return-delay-slot
0x001EBCD8,0x00219CD8,True,0,True,True,,ida-defined,ida|save-prologue|after-return-delay-slot
0x001EBCF8,0x00219CF8,False,0,True,False,0x001EBCD8:sub_1EBCD8,low,save-prologue
0x001EBD1C,0x00219D1C,True,1,True,False,,ida-defined,ida|direct-call-x1|save-prologue
0x001EBE18,0x00219E18,True,10,True,True,,ida-defined,ida|direct-call-x10|save-prologue|after-return-delay-slot
0x001EC09C,0x0021A09C,True,1,True,True,,ida-defined,ida|direct-call-x1|save-prologue|after-return-delay-slot
0x001EC4D4,0x0021A4D4,True,4,True,True,,ida-defined,ida|direct-call-x4|save-prologue|after-return-delay-slot
0x001EC5B0,0x0021A5B0,True,0,True,True,,ida-defined,ida|save-prologue|after-return-delay-slot
0x001EC690,0x0021A690,True,1,True,True,,ida-defined,ida|direct-call-x1|save-prologue|after-return-delay-slot
0x001EC70C,0x0021A70C,True,1,False,True,,ida-defined,ida|direct-call-x1|after-return-delay-slot
0x001EC73C,0x0021A73C,True,1,False,False,,ida-defined,ida|direct-call-x1
0x001EC754,0x0021A754,True,1,True,False,,ida-defined,ida|direct-call-x1|save-prologue
0x001EC8B4,0x0021A8B4,True,6,True,True,,ida-defined,ida|direct-call-x6|save-prologue|after-return-delay-slot
0x001ECFA8,0x0021AFA8,True,3,True,True,,ida-defined,ida|direct-call-x3|save-prologue|after-return-delay-slot
0x001ED080,0x0021B080,True,5,False,True,,ida-defined,ida|direct-call-x5|after-return-delay-slot
0x001ED1AC,0x0021B1AC,True,4,False,True,,ida-defined,ida|direct-call-x4|after-return-delay-slot
0x001ED1C4,0x0021B1C4,True,9,False,False,,ida-defined,ida|direct-call-x9
0x001ED1DC,0x0021B1DC,False,10,True,False,0x001ED1C4:sub_1ED1C4,high,direct-call-x10|save-prologue
0x001ED280,0x0021B280,True,10,False,True,,ida-defined,ida|direct-call-x10|after-return-delay-slot
0x001ED2AC,0x0021B2AC,True,11,True,True,,ida-defined,ida|direct-call-x11|save-prologue|after-return-delay-slot
0x001ED388,0x0021B388,True,0,True,True,,ida-defined,ida|save-prologue|after-return-delay-slot
0x001ED450,0x0021B450,True,3,False,True,,ida-defined,ida|direct-call-x3|after-return-delay-slot
0x001ED4D0,0x0021B4D0,True,2,False,True,,ida-defined,ida|direct-call-x2|after-return-delay-slot
0x001ED5A0,0x0021B5A0,True,3,True,True,,ida-defined,ida|direct-call-x3|save-prologue|after-return-delay-slot
0x001ED5C4,0x0021B5C4,True,3,True,True,,ida-defined,ida|direct-call-x3|save-prologue|after-return-delay-slot
0x001ED7E0,0x0021B7E0,True,3,True,True,,ida-defined,ida|direct-call-x3|save-prologue|after-return-delay-slot
0x001ED908,0x0021B908,True,6,True,True,,ida-defined,ida|direct-call-x6|save-prologue|after-return-delay-slot
0x001EDA1C,0x0021BA1C,True,8,False,True,,ida-defined,ida|direct-call-x8|after-return-delay-slot
0x001EDA84,0x0021BA84,True,1,True,True,,ida-defined,ida|direct-call-x1|save-prologue|after-return-delay-slot
0x001EDC58,0x0021BC58,True,2,True,True,,ida-defined,ida|direct-call-x2|save-prologue|after-return-delay-slot
0x001EDD48,0x0021BD48,True,1,True,True,,ida-defined,ida|direct-call-x1|save-prologue|after-return-delay-slot
0x001EDE70,0x0021BE70,True,0,True,True,,ida-defined,ida|save-prologue|after-return-delay-slot
0x001EDEEC,0x0021BEEC,True,0,True,True,,ida-defined,ida|save-prologue|after-return-delay-slot
0x001EDF3C,0x0021BF3C,True,1,True,True,,ida-defined,ida|direct-call-x1|save-prologue|after-return-delay-slot
0x001EE42C,0x0021C42C,True,2,False,True,,ida-defined,ida|direct-call-x2|after-return-delay-slot
0x001EE464,0x0021C464,True,1,False,True,,ida-defined,ida|direct-call-x1|after-return-delay-slot
0x001EE490,0x0021C490,True,5,True,True,,ida-defined,ida|direct-call-x5|save-prologue|after-return-delay-slot
0x001EE4C8,0x0021C4C8,True,0,True,True,,ida-defined,ida|save-prologue|after-return-delay-slot
0x001EE514,0x0021C514,True,0,True,True,,ida-defined,ida|save-prologue|after-return-delay-slot
0x001EE58C,0x0021C58C,False,0,True,False,0x001EE514:sub_1EE514,low,save-prologue
0x001EE5FC,0x0021C5FC,True,6,False,False,,ida-defined,ida|direct-call-x6
0x001EE6B8,0x0021C6B8,True,2,True,True,,ida-defined,ida|direct-call-x2|save-prologue|after-return-delay-slot
0x001EE6F8,0x0021C6F8,True,2,True,True,,ida-defined,ida|direct-call-x2|save-prologue|after-return-delay-slot
0x001EE7A8,0x0021C7A8,True,1,True,True,,ida-defined,ida|direct-call-x1|save-prologue|after-return-delay-slot
0x001EE7E0,0x0021C7E0,True,1,True,True,,ida-defined,ida|direct-call-x1|save-prologue|after-return-delay-slot
0x001EE98C,0x0021C98C,True,1,True,False,,ida-defined,ida|direct-call-x1|save-prologue
0x001EE9C8,0x0021C9C8,True,2,True,True,,ida-defined,ida|direct-call-x2|save-prologue|after-return-delay-slot
0x001EEA08,0x0021CA08,True,1,True,True,,ida-defined,ida|direct-call-x1|save-prologue|after-return-delay-slot
0x001EEA48,0x0021CA48,True,1,False,True,,ida-defined,ida|direct-call-x1|after-return-delay-slot
0x001EEA50,0x0021CA50,False,1,False,False,0x001EEA48:sub_1EEA48,low,direct-call-x1
0x001EECF8,0x0021CCF8,True,5,True,True,,ida-defined,ida|direct-call-x5|save-prologue|after-return-delay-slot
0x001EED5C,0x0021CD5C,True,3,True,True,,ida-defined,ida|direct-call-x3|save-prologue|after-return-delay-slot
0x001EEDC0,0x0021CDC0,True,1,False,True,,ida-defined,ida|direct-call-x1|after-return-delay-slot
0x001EEDC8,0x0021CDC8,True,1,False,True,,ida-defined,ida|direct-call-x1|after-return-delay-slot
0x001EEDDC,0x0021CDDC,True,1,False,True,,ida-defined,ida|direct-call-x1|after-return-delay-slot
0x001EEDE4,0x0021CDE4,True,1,True,True,,ida-defined,ida|direct-call-x1|save-prologue|after-return-delay-slot
0x001EEE00,0x0021CE00,True,1,True,True,,ida-defined,ida|direct-call-x1|save-prologue|after-return-delay-slot
0x001EEE68,0x0021CE68,True,1,False,True,,ida-defined,ida|direct-call-x1|after-return-delay-slot
0x001EEE98,0x0021CE98,True,1,True,True,,ida-defined,ida|direct-call-x1|save-prologue|after-return-delay-slot
0x001EEF10,0x0021CF10,True,3,False,True,,ida-defined,ida|direct-call-x3|after-return-delay-slot
0x001EEF58,0x0021CF58,True,1,False,True,,ida-defined,ida|direct-call-x1|after-return-delay-slot
0x001EEF8C,0x0021CF8C,True,3,True,True,,ida-defined,ida|direct-call-x3|save-prologue|after-return-delay-slot
0x001EEFC0,0x0021CFC0,True,2,True,True,,ida-defined,ida|direct-call-x2|save-prologue|after-return-delay-slot
0x001EEFF0,0x0021CFF0,True,8,True,True,,ida-defined,ida|direct-call-x8|save-prologue|after-return-delay-slot
0x001EF020,0x0021D020,True,0,True,True,,ida-defined,ida|save-prologue|after-return-delay-slot
0x001EF050,0x0021D050,True,12,True,True,,ida-defined,ida|direct-call-x12|save-prologue|after-return-delay-slot
0x001EF080,0x0021D080,True,3,True,True,,ida-defined,ida|direct-call-x3|save-prologue|after-return-delay-slot
0x001EF0B0,0x0021D0B0,True,3,True,True,,ida-defined,ida|direct-call-x3|save-prologue|after-return-delay-slot
0x001EF0E0,0x0021D0E0,True,3,True,True,,ida-defined,ida|direct-call-x3|save-prologue|after-return-delay-slot
0x001EF114,0x0021D114,True,1,False,True,,ida-defined,ida|direct-call-x1|after-return-delay-slot
